scheduled_shipping_days,actual_shipping_days,delay_days,late_delivery_risk,shipping_mode,order_item_quantity,product_price,product_category,order_region
5,10.1,5.1,1,Standard Class,7,264.47,Chemicals,South Asia
1,2.3,1.3,1,Same Day,4,163.33,Industrial Parts,East Asia
3,5.2,2.2,1,Second Class,2,356.85,Chemicals,North America
2,4.0,2.0,1,First Class,5,364.53,Industrial Parts,Europe
5,8.5,3.5,1,Standard Class,3,172.73,Electronics,Europe
5,9.3,4.3,1,Standard Class,9,337.87,Apparel,Latin America
5,8.5,3.5,1,Standard Class,6,136.75,Apparel,East Asia
3,5.0,2.0,1,Second Class,1,366.32,Apparel,North America
2,3.9,1.9,1,First Class,3,17.88,Industrial Parts,South Asia
3,6.0,3.0,1,Second Class,4,84.29,Automotive,South Asia
5,9.3,4.3,1,Standard Class,9,130.05,Automotive,North America
1,2.1,1.1,1,Same Day,6,388.74,Electronics,East Asia
3,5.1,2.1,1,Second Class,4,42.52,Automotive,East Asia
5,8.6,3.6,1,Standard Class,1,102.15,Electronics,South Asia
5,9.5,4.5,1,Standard Class,8,185.73,Chemicals,North America
5,8.2,3.2,1,Standard Class,2,14.5,Apparel,North America
5,10.2,5.2,1,Standard Class,8,383.44,Industrial Parts,South Asia
2,3.6,1.6,1,First Class,6,284.45,Electronics,North America
5,9.7,4.7,1,Standard Class,8,451.33,Industrial Parts,North America
5,8.8,3.8,1,Standard Class,6,25.21,Industrial Parts,Europe
2,3.7,1.7,1,First Class,5,142.98,Apparel,Europe
5,9.2,4.2,1,Standard Class,5,368.31,Chemicals,Latin America
5,10.0,5.0,1,Standard Class,8,340.82,Chemicals,Latin America
5,9.2,4.2,1,Standard Class,7,129.1,Automotive,East Asia
5,9.3,4.3,1,Standard Class,8,301.89,Chemicals,Europe
3,6.1,3.1,1,Second Class,8,398.94,Apparel,Europe
5,9.0,4.0,1,Standard Class,7,26.36,Industrial Parts,Europe
2,3.6,1.6,1,First Class,2,361.64,Electronics,Europe
2,4.4,2.4,1,First Class,9,133.53,Electronics,East Asia
5,9.9,4.9,1,Standard Class,7,474.45,Chemicals,South Asia
2,4.0,2.0,1,First Class,6,273.73,Automotive,East Asia
5,9.9,4.9,1,Standard Class,9,26.36,Electronics,South Asia
5,9.4,4.4,1,Standard Class,1,207.68,Automotive,Latin America
1,2.2,1.2,1,Same Day,2,483.49,Electronics,Europe
1,2.1,1.1,1,Same Day,1,367.88,Automotive,South Asia
3,6.0,3.0,1,Second Class,3,157.23,Automotive,East Asia
5,9.7,4.7,1,Standard Class,5,291.88,Industrial Parts,South Asia
5,7.9,2.9,1,Standard Class,1,303.56,Apparel,North America
2,4.3,2.3,1,First Class,4,21.44,Electronics,Latin America
5,9.9,4.9,1,Standard Class,8,97.63,Chemicals,Latin America
5,9.0,4.0,1,Standard Class,6,280.37,Apparel,Europe
5,8.6,3.6,1,Standard Class,1,207.35,Industrial Parts,Europe
5,8.4,3.4,1,Standard Class,1,103.12,Industrial Parts,East Asia
1,2.0,1.0,1,Same Day,3,388.61,Industrial Parts,South Asia
5,8.9,3.9,1,Standard Class,8,249.61,Chemicals,North America
2,4.4,2.4,1,First Class,8,161.89,Electronics,Latin America
5,9.7,4.7,1,Standard Class,3,89.22,Electronics,South Asia
2,4.2,2.2,1,First Class,7,309.47,Automotive,North America
2,4.2,2.2,1,First Class,3,336.47,Automotive,South Asia
5,8.7,3.7,1,Standard Class,4,338.1,Automotive,Europe
1,3.1,2.1,1,Same Day,9,117.94,Chemicals,Latin America
3,5.1,2.1,1,Second Class,4,301.72,Apparel,North America
1,2.3,1.3,1,Same Day,3,453.65,Electronics,Europe
3,6.1,3.1,1,Second Class,5,183.06,Automotive,East Asia
2,4.3,2.3,1,First Class,7,113.28,Chemicals,East Asia
1,2.2,1.2,1,Same Day,5,388.35,Chemicals,Europe
5,8.6,3.6,1,Standard Class,4,96.67,Automotive,North America
5,9.5,4.5,1,Standard Class,8,134.34,Industrial Parts,North America
5,9.1,4.1,1,Standard Class,4,59.32,Industrial Parts,Latin America
5,8.4,3.4,1,Standard Class,2,141.26,Industrial Parts,Europe
5,8.8,3.8,1,Standard Class,6,211.06,Automotive,East Asia
5,8.2,3.2,1,Standard Class,2,41.44,Chemicals,Europe
3,5.9,2.9,1,Second Class,3,437.14,Chemicals,South Asia
5,7.8,2.8,1,Standard Class,1,261.7,Electronics,North America
5,9.6,4.6,1,Standard Class,5,298.17,Industrial Parts,South Asia
2,3.8,1.8,1,First Class,9,191.93,Automotive,East Asia
5,8.7,3.7,1,Standard Class,2,338.22,Electronics,North America
3,5.8,2.8,1,Second Class,7,221.57,Chemicals,East Asia
5,8.8,3.8,1,Standard Class,5,383.04,Electronics,East Asia
1,2.0,1.0,1,Same Day,2,412.49,Industrial Parts,East Asia
3,6.5,3.5,1,Second Class,8,339.21,Apparel,Latin America
5,8.8,3.8,1,Standard Class,6,250.75,Industrial Parts,East Asia
5,8.8,3.8,1,Standard Class,4,393.31,Industrial Parts,East Asia
3,6.7,3.7,1,Second Class,4,252.2,Automotive,South Asia
3,6.0,3.0,1,Second Class,2,64.64,Apparel,South Asia
3,5.7,2.7,1,Second Class,3,67.01,Apparel,South Asia
3,5.8,2.8,1,Second Class,7,474.81,Apparel,North America
5,8.9,3.9,1,Standard Class,3,114.65,Chemicals,Latin America
5,8.5,3.5,1,Standard Class,5,409.8,Electronics,North America
5,9.7,4.7,1,Standard Class,6,130.89,Chemicals,Latin America
3,6.2,3.2,1,Second Class,6,221.08,Apparel,Latin America
2,3.7,1.7,1,First Class,4,330.92,Automotive,Europe
5,8.2,3.2,1,Standard Class,6,87.84,Industrial Parts,Europe
5,8.8,3.8,1,Standard Class,3,371.25,Industrial Parts,Europe
5,9.5,4.5,1,Standard Class,7,348.06,Chemicals,Latin America
5,9.3,4.3,1,Standard Class,7,276.11,Chemicals,Latin America
3,5.1,2.1,1,Second Class,4,287.29,Automotive,North America
2,3.5,1.5,1,First Class,2,61.83,Industrial Parts,Latin America
3,5.8,2.8,1,Second Class,7,223.62,Chemicals,East Asia
5,8.8,3.8,1,Standard Class,3,52.42,Electronics,East Asia
5,8.6,3.6,1,Standard Class,1,160.85,Chemicals,Latin America
3,5.5,2.5,1,Second Class,2,451.15,Chemicals,East Asia
3,6.8,3.8,1,Second Class,9,291.52,Apparel,Latin America
2,4.7,2.7,1,First Class,8,373.92,Electronics,Europe
3,6.1,3.1,1,Second Class,6,291.2,Electronics,Latin America
5,9.1,4.1,1,Standard Class,6,105.18,Automotive,Europe
2,4.1,2.1,1,First Class,1,301.46,Apparel,South Asia
5,8.6,3.6,1,Standard Class,2,380.14,Electronics,East Asia
5,9.2,4.2,1,Standard Class,4,77.82,Apparel,South Asia
5,8.4,3.4,1,Standard Class,3,410.28,Apparel,East Asia
5,8.2,3.2,1,Standard Class,1,282.14,Industrial Parts,South Asia
2,4.6,2.6,1,First Class,8,12.09,Electronics,Latin America
5,9.4,4.4,1,Standard Class,7,264.69,Industrial Parts,South Asia
2,3.4,1.4,1,First Class,4,203.88,Chemicals,East Asia
1,2.9,1.9,1,Same Day,9,155.26,Chemicals,North America
5,8.2,3.2,1,Standard Class,4,387.92,Industrial Parts,East Asia
5,8.0,3.0,1,Standard Class,1,450.75,Chemicals,North America
3,5.6,2.6,1,Second Class,1,383.7,Industrial Parts,Latin America
5,7.9,2.9,1,Standard Class,1,424.92,Automotive,East Asia
5,8.8,3.8,1,Standard Class,1,455.3,Apparel,South Asia
5,8.8,3.8,1,Standard Class,4,457.19,Automotive,Latin America
5,8.4,3.4,1,Standard Class,1,66.17,Electronics,East Asia
1,2.5,1.5,1,Same Day,2,233.63,Automotive,Latin America
3,5.9,2.9,1,Second Class,4,10.14,Automotive,North America
2,4.9,2.9,1,First Class,7,258.17,Chemicals,Latin America
3,5.8,2.8,1,Second Class,2,462.88,Industrial Parts,South Asia
3,5.6,2.6,1,Second Class,8,107.56,Electronics,East Asia
5,9.2,4.2,1,Standard Class,7,323.5,Chemicals,North America
3,6.9,3.9,1,Second Class,9,325.75,Electronics,Latin America
2,3.9,1.9,1,First Class,6,88.57,Apparel,Europe
3,6.0,3.0,1,Second Class,4,126.88,Industrial Parts,North America
3,6.2,3.2,1,Second Class,6,236.39,Chemicals,North America
5,9.3,4.3,1,Standard Class,4,102.22,Automotive,South Asia
5,9.9,4.9,1,Standard Class,7,296.65,Apparel,South Asia
5,9.5,4.5,1,Standard Class,9,247.43,Automotive,Latin America
5,8.6,3.6,1,Standard Class,3,264.41,Electronics,Europe
3,5.0,2.0,1,Second Class,3,75.89,Apparel,North America
3,5.6,2.6,1,Second Class,2,263.45,Chemicals,Latin America
5,8.0,3.0,1,Standard Class,1,34.24,Automotive,Europe
2,3.4,1.4,1,First Class,1,441.95,Automotive,Latin America
5,8.3,3.3,1,Standard Class,3,178.19,Electronics,North America
5,9.5,4.5,1,Standard Class,7,429.61,Electronics,Latin America
5,9.8,4.8,1,Standard Class,9,353.81,Industrial Parts,South Asia
5,9.1,4.1,1,Standard Class,2,385.42,Industrial Parts,South Asia
1,2.5,1.5,1,Same Day,7,164.13,Electronics,East Asia
5,8.2,3.2,1,Standard Class,1,121.59,Industrial Parts,Europe
2,3.4,1.4,1,First Class,2,209.3,Automotive,North America
3,5.9,2.9,1,Second Class,6,21.87,Electronics,Europe
5,9.1,4.1,1,Standard Class,5,460.19,Apparel,South Asia
1,2.7,1.7,1,Same Day,8,199.64,Electronics,North America
1,1.9,0.9,1,Same Day,2,494.39,Chemicals,East Asia
5,8.5,3.5,1,Standard Class,1,383.11,Chemicals,South Asia
5,9.4,4.4,1,Standard Class,7,49.45,Electronics,South Asia
5,8.6,3.6,1,Standard Class,6,333.49,Apparel,Europe
5,9.8,4.8,1,Standard Class,8,142.71,Electronics,Latin America
5,9.2,4.2,1,Standard Class,8,129.42,Apparel,Europe
2,3.8,1.8,1,First Class,2,135.72,Automotive,South Asia
2,3.7,1.7,1,First Class,8,458.88,Automotive,Europe
5,9.5,4.5,1,Standard Class,6,254.99,Apparel,Latin America
5,9.5,4.5,1,Standard Class,9,338.04,Industrial Parts,East Asia
1,2.7,1.7,1,Same Day,7,147.66,Automotive,North America
5,9.4,4.4,1,Standard Class,2,266.25,Chemicals,South Asia
5,9.1,4.1,1,Standard Class,8,181.55,Electronics,Europe
5,10.2,5.2,1,Standard Class,9,167.36,Industrial Parts,South Asia
1,2.7,1.7,1,Same Day,7,131.01,Chemicals,North America
5,8.8,3.8,1,Standard Class,4,210.41,Electronics,Europe
2,4.3,2.3,1,First Class,9,333.41,Chemicals,East Asia
3,5.7,2.7,1,Second Class,4,118.8,Industrial Parts,North America
5,9.0,4.0,1,Standard Class,4,483.07,Apparel,Latin America
3,6.6,3.6,1,Second Class,9,71.06,Electronics,Latin America
5,9.8,4.8,1,Standard Class,8,245.3,Chemicals,South Asia
2,4.0,2.0,1,First Class,4,51.66,Chemicals,Latin America
2,4.3,2.3,1,First Class,8,21.11,Industrial Parts,Europe
2,4.8,2.8,1,First Class,8,462.11,Industrial Parts,Latin America
5,9.2,4.2,1,Standard Class,7,407.09,Industrial Parts,East Asia
3,6.2,3.2,1,Second Class,6,350.14,Apparel,Europe
5,9.8,4.8,1,Standard Class,8,433.94,Automotive,South Asia
5,10.0,5.0,1,Standard Class,7,403.4,Chemicals,South Asia
5,9.0,4.0,1,Standard Class,5,327.15,Apparel,Latin America
2,4.0,2.0,1,First Class,4,425.2,Chemicals,Latin America
2,3.8,1.8,1,First Class,2,201.49,Apparel,South Asia
5,8.9,3.9,1,Standard Class,8,280.85,Electronics,Europe
2,4.4,2.4,1,First Class,9,390.39,Automotive,North America
5,9.3,4.3,1,Standard Class,4,51.55,Chemicals,South Asia
2,3.8,1.8,1,First Class,4,430.74,Industrial Parts,East Asia
5,9.0,4.0,1,Standard Class,5,86.85,Automotive,Europe
2,2.9,0.9,1,First Class,2,433.63,Chemicals,North America
5,9.5,4.5,1,Standard Class,7,162.55,Electronics,North America
1,2.2,1.2,1,Same Day,5,170.12,Chemicals,Europe
5,9.4,4.4,1,Standard Class,6,46.23,Chemicals,South Asia
5,8.8,3.8,1,Standard Class,4,444.09,Chemicals,North America
5,9.6,4.6,1,Standard Class,8,95.51,Automotive,East Asia
1,2.6,1.6,1,Same Day,8,318.72,Chemicals,Europe
3,6.1,3.1,1,Second Class,5,325.54,Industrial Parts,Latin America
5,9.8,4.8,1,Standard Class,6,147.76,Apparel,South Asia
2,3.2,1.2,1,First Class,3,492.97,Industrial Parts,Europe
3,4.2,1.2,1,Second Class,1,41.44,Electronics,East Asia
2,4.5,2.5,1,First Class,9,307.86,Automotive,North America
2,5.2,3.2,1,First Class,9,244.98,Apparel,South Asia
5,8.6,3.6,1,Standard Class,3,130.29,Automotive,South Asia
5,8.7,3.7,1,Standard Class,4,90.14,Automotive,Europe
3,5.8,2.8,1,Second Class,7,371.17,Chemicals,Europe
1,1.9,0.9,1,Same Day,2,458.99,Industrial Parts,East Asia
2,3.3,1.3,1,First Class,3,62.7,Apparel,Latin America
5,8.6,3.6,1,Standard Class,6,105.05,Chemicals,Europe
5,9.4,4.4,1,Standard Class,8,493.27,Apparel,Europe
3,5.0,2.0,1,Second Class,1,17.36,Industrial Parts,Europe
3,6.0,3.0,1,Second Class,4,259.04,Chemicals,East Asia
3,5.2,2.2,1,Second Class,1,262.9,Apparel,North America
3,5.4,2.4,1,Second Class,2,138.95,Chemicals,Latin America
2,4.4,2.4,1,First Class,8,334.88,Automotive,East Asia
5,9.5,4.5,1,Standard Class,6,473.02,Electronics,Europe
5,9.4,4.4,1,Standard Class,9,230.6,Apparel,North America
3,5.3,2.3,1,Second Class,2,377.22,Industrial Parts,Europe
2,3.7,1.7,1,First Class,3,326.57,Apparel,East Asia
5,10.0,5.0,1,Standard Class,9,241.74,Electronics,South Asia
5,8.8,3.8,1,Standard Class,9,34.41,Apparel,Europe
2,4.1,2.1,1,First Class,6,373.46,Apparel,North America
5,9.3,4.3,1,Standard Class,3,187.99,Apparel,Latin America
5,9.8,4.8,1,Standard Class,5,120.0,Industrial Parts,South Asia
2,3.0,1.0,1,First Class,2,474.65,Electronics,Europe
2,3.7,1.7,1,First Class,7,389.02,Electronics,Europe
2,4.0,2.0,1,First Class,8,481.51,Industrial Parts,North America
5,9.5,4.5,1,Standard Class,6,135.55,Apparel,South Asia
3,6.8,3.8,1,Second Class,8,419.54,Apparel,South Asia
5,8.6,3.6,1,Standard Class,2,307.78,Electronics,South Asia
5,8.8,3.8,1,Standard Class,3,490.94,Apparel,Europe
3,6.8,3.8,1,Second Class,7,473.7,Automotive,South Asia
2,3.4,1.4,1,First Class,1,486.75,Apparel,Europe
3,5.9,2.9,1,Second Class,7,476.37,Apparel,Europe
2,3.8,1.8,1,First Class,6,13.75,Chemicals,South Asia
2,4.7,2.7,1,First Class,8,373.13,Electronics,East Asia
5,9.5,4.5,1,Standard Class,7,143.25,Electronics,Latin America
5,9.4,4.4,1,Standard Class,4,355.46,Automotive,Latin America
5,8.6,3.6,1,Standard Class,3,490.5,Automotive,East Asia
5,9.4,4.4,1,Standard Class,3,29.29,Automotive,South Asia
1,2.1,1.1,1,Same Day,4,287.82,Electronics,Europe
5,9.5,4.5,1,Standard Class,9,370.13,Chemicals,North America
3,6.3,3.3,1,Second Class,9,134.15,Chemicals,East Asia
2,3.9,1.9,1,First Class,2,120.31,Industrial Parts,Latin America
3,5.8,2.8,1,Second Class,5,39.57,Electronics,Latin America
2,3.7,1.7,1,First Class,1,56.02,Industrial Parts,Europe
2,4.1,2.1,1,First Class,4,331.81,Apparel,Latin America
5,9.1,4.1,1,Standard Class,2,257.55,Automotive,Latin America
5,9.8,4.8,1,Standard Class,8,24.74,Industrial Parts,Europe
3,6.1,3.1,1,Second Class,4,485.13,Industrial Parts,South Asia
5,9.0,4.0,1,Standard Class,5,331.46,Electronics,Latin America
5,9.0,4.0,1,Standard Class,4,262.58,Automotive,South Asia
2,3.6,1.6,1,First Class,5,143.63,Automotive,North America
5,9.5,4.5,1,Standard Class,5,332.47,Chemicals,South Asia
1,2.4,1.4,1,Same Day,5,188.44,Industrial Parts,Europe
1,2.3,1.3,1,Same Day,3,354.22,Chemicals,Europe
1,2.1,1.1,1,Same Day,7,344.46,Industrial Parts,Europe
5,9.1,4.1,1,Standard Class,3,55.44,Electronics,Latin America
5,8.6,3.6,1,Standard Class,2,455.54,Electronics,East Asia
1,2.7,1.7,1,Same Day,3,248.62,Apparel,Latin America
5,8.4,3.4,1,Standard Class,3,202.54,Industrial Parts,South Asia
1,2.6,1.6,1,Same Day,8,478.18,Industrial Parts,North America
1,2.4,1.4,1,Same Day,4,224.72,Automotive,North America
3,5.1,2.1,1,Second Class,3,363.4,Automotive,North America
5,8.5,3.5,1,Standard Class,5,331.02,Chemicals,North America
5,8.9,3.9,1,Standard Class,4,90.92,Apparel,East Asia
3,6.3,3.3,1,Second Class,9,495.66,Electronics,North America
5,9.8,4.8,1,Standard Class,8,237.17,Industrial Parts,Latin America
5,9.0,4.0,1,Standard Class,7,203.44,Chemicals,North America
2,3.8,1.8,1,First Class,8,460.61,Apparel,Europe
1,3.1,2.1,1,Same Day,5,269.33,Automotive,South Asia
2,5.1,3.1,1,First Class,4,355.49,Apparel,Latin America
2,3.6,1.6,1,First Class,7,424.66,Chemicals,East Asia
5,9.0,4.0,1,Standard Class,1,125.39,Electronics,Latin America
2,3.8,1.8,1,First Class,6,93.04,Automotive,Europe
1,2.8,1.8,1,Same Day,8,43.57,Automotive,North America
5,9.1,4.1,1,Standard Class,7,449.6,Electronics,North America
2,4.0,2.0,1,First Class,2,108.18,Automotive,East Asia
3,6.3,3.3,1,Second Class,7,160.8,Chemicals,South Asia
3,5.6,2.6,1,Second Class,6,150.05,Automotive,North America
2,3.8,1.8,1,First Class,5,159.25,Industrial Parts,East Asia
3,5.7,2.7,1,Second Class,4,337.35,Apparel,North America
5,9.1,4.1,1,Standard Class,1,477.52,Chemicals,Latin America
5,8.5,3.5,1,Standard Class,2,171.43,Electronics,East Asia
3,6.0,3.0,1,Second Class,7,209.75,Chemicals,East Asia
3,5.2,2.2,1,Second Class,3,387.86,Industrial Parts,East Asia
3,5.8,2.8,1,Second Class,5,221.85,Automotive,North America
1,2.5,1.5,1,Same Day,8,463.76,Automotive,East Asia
2,4.7,2.7,1,First Class,8,256.58,Chemicals,Latin America
2,4.4,2.4,1,First Class,6,180.39,Automotive,South Asia
3,5.9,2.9,1,Second Class,5,486.07,Automotive,South Asia
2,3.8,1.8,1,First Class,2,218.63,Industrial Parts,Europe
3,6.4,3.4,1,Second Class,9,123.28,Electronics,Latin America
3,5.4,2.4,1,Second Class,1,97.07,Apparel,Latin America
3,4.7,1.7,1,Second Class,2,497.64,Chemicals,East Asia
5,8.2,3.2,1,Standard Class,1,378.96,Electronics,Europe
5,9.3,4.3,1,Standard Class,4,210.24,Apparel,Latin America
5,8.9,3.9,1,Standard Class,4,414.92,Electronics,Latin America
2,3.7,1.7,1,First Class,5,277.94,Chemicals,Latin America
5,8.7,3.7,1,Standard Class,5,165.52,Industrial Parts,North America
5,9.7,4.7,1,Standard Class,8,374.26,Industrial Parts,Latin America
2,3.4,1.4,1,First Class,3,375.49,Industrial Parts,North America
5,10.0,5.0,1,Standard Class,6,255.08,Electronics,Latin America
2,4.1,2.1,1,First Class,3,32.13,Chemicals,South Asia
5,8.5,3.5,1,Standard Class,2,47.74,Automotive,North America
5,9.4,4.4,1,Standard Class,8,396.49,Automotive,North America
3,5.1,2.1,1,Second Class,1,413.5,Industrial Parts,East Asia
5,9.8,4.8,1,Standard Class,9,342.36,Electronics,Latin America
5,8.9,3.9,1,Standard Class,7,421.14,Automotive,Europe
2,4.3,2.3,1,First Class,4,362.55,Electronics,Europe
3,5.3,2.3,1,Second Class,3,449.5,Chemicals,Europe
5,9.0,4.0,1,Standard Class,6,83.7,Industrial Parts,Europe
2,4.9,2.9,1,First Class,9,199.99,Apparel,South Asia
5,9.2,4.2,1,Standard Class,9,237.41,Industrial Parts,Europe
5,8.8,3.8,1,Standard Class,4,155.86,Apparel,East Asia
2,3.4,1.4,1,First Class,5,365.43,Automotive,Europe
2,4.6,2.6,1,First Class,9,457.1,Apparel,East Asia
2,3.2,1.2,1,First Class,2,212.12,Electronics,North America
3,6.0,3.0,1,Second Class,2,471.36,Apparel,Latin America
1,2.5,1.5,1,Same Day,5,263.22,Automotive,Europe
2,3.3,1.3,1,First Class,1,266.03,Automotive,East Asia
5,9.1,4.1,1,Standard Class,8,304.11,Industrial Parts,East Asia
3,6.2,3.2,1,Second Class,5,141.48,Automotive,Latin America
5,8.6,3.6,1,Standard Class,2,197.85,Electronics,North America
5,9.5,4.5,1,Standard Class,9,281.09,Apparel,Europe
5,8.0,3.0,1,Standard Class,2,471.57,Chemicals,East Asia
5,9.4,4.4,1,Standard Class,7,324.92,Automotive,Europe
1,3.5,2.5,1,Same Day,8,173.23,Apparel,South Asia
3,5.3,2.3,1,Second Class,6,15.13,Industrial Parts,East Asia
2,4.1,2.1,1,First Class,7,491.02,Chemicals,North America
5,9.0,4.0,1,Standard Class,1,251.56,Industrial Parts,Latin America
5,8.5,3.5,1,Standard Class,4,469.86,Electronics,East Asia
5,9.3,4.3,1,Standard Class,7,279.18,Industrial Parts,South Asia
5,8.4,3.4,1,Standard Class,1,306.68,Apparel,Latin America
2,3.1,1.1,1,First Class,1,358.84,Chemicals,North America
3,6.1,3.1,1,Second Class,6,167.28,Industrial Parts,Europe
2,3.3,1.3,1,First Class,4,352.5,Industrial Parts,Europe
5,8.2,3.2,1,Standard Class,3,268.13,Electronics,East Asia
1,2.7,1.7,1,Same Day,5,339.52,Apparel,Latin America
3,7.0,4.0,1,Second Class,9,419.56,Industrial Parts,South Asia
2,4.5,2.5,1,First Class,3,100.27,Apparel,South Asia
2,3.8,1.8,1,First Class,5,310.64,Automotive,North America
5,9.1,4.1,1,Standard Class,5,35.53,Electronics,Latin America
5,9.7,4.7,1,Standard Class,9,60.04,Electronics,Latin America
5,9.1,4.1,1,Standard Class,4,340.55,Electronics,Europe
3,4.7,1.7,1,Second Class,1,44.76,Apparel,North America
5,8.9,3.9,1,Standard Class,5,301.73,Industrial Parts,North America
5,8.6,3.6,1,Standard Class,1,117.81,Industrial Parts,North America
5,9.4,4.4,1,Standard Class,6,159.0,Apparel,Latin America
5,8.8,3.8,1,Standard Class,7,73.52,Apparel,Europe
3,5.2,2.2,1,Second Class,1,131.85,Automotive,North America
3,5.5,2.5,1,Second Class,4,412.43,Chemicals,Europe
5,9.6,4.6,1,Standard Class,9,323.05,Chemicals,North America
5,8.9,3.9,1,Standard Class,1,475.38,Electronics,Latin America
5,9.6,4.6,1,Standard Class,9,33.88,Industrial Parts,Europe
5,9.4,4.4,1,Standard Class,8,398.28,Electronics,East Asia
5,9.1,4.1,1,Standard Class,5,352.55,Industrial Parts,North America
5,9.9,4.9,1,Standard Class,6,137.84,Industrial Parts,Latin America
5,8.9,3.9,1,Standard Class,7,367.29,Automotive,Europe
2,4.1,2.1,1,First Class,4,361.11,Apparel,South Asia
2,4.6,2.6,1,First Class,6,235.08,Apparel,Latin America
5,9.6,4.6,1,Standard Class,7,347.43,Apparel,Latin America
5,9.2,4.2,1,Standard Class,6,227.84,Chemicals,South Asia
2,4.6,2.6,1,First Class,6,174.42,Apparel,South Asia
2,3.2,1.2,1,First Class,2,238.58,Chemicals,East Asia
3,6.3,3.3,1,Second Class,5,448.61,Electronics,East Asia
2,3.7,1.7,1,First Class,3,198.45,Chemicals,East Asia
5,10.0,5.0,1,Standard Class,7,207.81,Industrial Parts,Latin America
5,9.2,4.2,1,Standard Class,4,308.12,Automotive,Latin America
2,3.7,1.7,1,First Class,1,378.97,Automotive,Latin America
5,8.9,3.9,1,Standard Class,6,369.96,Industrial Parts,East Asia
2,3.6,1.6,1,First Class,6,19.7,Electronics,Europe
1,2.8,1.8,1,Same Day,7,346.83,Automotive,Latin America
2,5.3,3.3,1,First Class,8,230.77,Industrial Parts,Latin America
5,9.1,4.1,1,Standard Class,3,266.8,Automotive,Latin America
2,3.5,1.5,1,First Class,6,285.22,Chemicals,East Asia
5,8.7,3.7,1,Standard Class,2,368.54,Automotive,North America
2,5.1,3.1,1,First Class,9,417.35,Chemicals,East Asia
1,1.4,0.4,0,Same Day,2,326.67,Chemicals,North America
5,8.7,3.7,1,Standard Class,3,286.31,Automotive,East Asia
1,1.5,0.5,0,Same Day,2,193.15,Automotive,Europe
1,3.2,2.2,1,Same Day,9,77.56,Chemicals,Europe
5,8.1,3.1,1,Standard Class,1,479.7,Automotive,Latin America
5,8.9,3.9,1,Standard Class,5,236.3,Electronics,East Asia
5,8.4,3.4,1,Standard Class,1,287.44,Apparel,North America
5,8.4,3.4,1,Standard Class,5,378.03,Apparel,North America
5,9.4,4.4,1,Standard Class,8,43.52,Industrial Parts,Europe
2,4.5,2.5,1,First Class,8,428.96,Apparel,Latin America
5,9.8,4.8,1,Standard Class,8,400.54,Electronics,North America
5,8.0,3.0,1,Standard Class,2,389.47,Apparel,East Asia
3,6.9,3.9,1,Second Class,8,20.77,Apparel,Latin America
5,8.8,3.8,1,Standard Class,5,267.99,Electronics,East Asia
3,5.4,2.4,1,Second Class,1,36.59,Chemicals,East Asia
5,9.5,4.5,1,Standard Class,7,279.93,Apparel,Europe
5,8.9,3.9,1,Standard Class,6,362.04,Industrial Parts,East Asia
2,4.3,2.3,1,First Class,5,69.71,Apparel,South Asia
2,3.9,1.9,1,First Class,1,350.49,Apparel,Latin America
3,5.8,2.8,1,Second Class,1,230.27,Electronics,South Asia
3,5.8,2.8,1,Second Class,6,407.66,Electronics,East Asia
3,5.7,2.7,1,Second Class,7,271.46,Industrial Parts,East Asia
5,8.4,3.4,1,Standard Class,1,174.7,Automotive,Europe
5,9.1,4.1,1,Standard Class,9,172.68,Electronics,Europe
3,5.7,2.7,1,Second Class,4,449.77,Automotive,Europe
3,6.0,3.0,1,Second Class,5,231.91,Industrial Parts,Europe
1,1.6,0.6,1,Same Day,2,208.82,Apparel,North America
5,9.2,4.2,1,Standard Class,8,29.54,Apparel,Europe
5,8.2,3.2,1,Standard Class,2,188.52,Automotive,East Asia
3,5.7,2.7,1,Second Class,3,426.32,Industrial Parts,East Asia
5,9.9,4.9,1,Standard Class,9,382.88,Industrial Parts,Latin America
1,2.3,1.3,1,Same Day,2,118.25,Electronics,South Asia
3,6.0,3.0,1,Second Class,6,212.4,Automotive,North America
5,8.6,3.6,1,Standard Class,4,106.32,Electronics,North America
3,6.4,3.4,1,Second Class,7,477.57,Automotive,Latin America
3,5.9,2.9,1,Second Class,6,303.08,Electronics,Latin America
5,9.7,4.7,1,Standard Class,9,379.63,Electronics,Europe
1,3.1,2.1,1,Same Day,9,359.77,Industrial Parts,Latin America
2,4.0,2.0,1,First Class,4,438.11,Industrial Parts,North America
3,5.7,2.7,1,Second Class,1,475.17,Apparel,South Asia
5,8.9,3.9,1,Standard Class,2,25.9,Apparel,South Asia
3,6.1,3.1,1,Second Class,8,487.9,Industrial Parts,North America
5,9.8,4.8,1,Standard Class,8,436.57,Industrial Parts,Europe
5,8.6,3.6,1,Standard Class,2,197.64,Electronics,South Asia
1,2.3,1.3,1,Same Day,4,420.16,Apparel,South Asia
5,8.5,3.5,1,Standard Class,1,370.91,Industrial Parts,Europe
5,9.4,4.4,1,Standard Class,7,398.63,Automotive,South Asia
1,1.9,0.9,1,Same Day,4,118.14,Automotive,East Asia
1,2.6,1.6,1,Same Day,8,327.8,Apparel,North America
2,5.2,3.2,1,First Class,9,22.7,Automotive,South Asia
2,5.2,3.2,1,First Class,9,425.63,Electronics,South Asia
5,8.5,3.5,1,Standard Class,3,476.01,Apparel,Europe
5,9.5,4.5,1,Standard Class,5,334.44,Industrial Parts,South Asia
5,9.1,4.1,1,Standard Class,6,261.21,Automotive,Europe
2,3.6,1.6,1,First Class,6,365.61,Electronics,North America
3,5.8,2.8,1,Second Class,8,169.92,Industrial Parts,East Asia
3,5.7,2.7,1,Second Class,6,316.93,Chemicals,Latin America
3,6.2,3.2,1,Second Class,6,362.3,Electronics,North America
5,9.1,4.1,1,Standard Class,4,79.91,Automotive,South Asia
5,9.2,4.2,1,Standard Class,7,78.63,Electronics,East Asia
5,9.9,4.9,1,Standard Class,8,360.91,Chemicals,Latin America
2,3.6,1.6,1,First Class,3,221.57,Chemicals,Latin America
5,9.5,4.5,1,Standard Class,7,445.71,Electronics,South Asia
3,5.6,2.6,1,Second Class,3,162.85,Industrial Parts,Latin America
5,8.9,3.9,1,Standard Class,8,30.79,Industrial Parts,Latin America
5,8.2,3.2,1,Standard Class,1,328.44,Chemicals,North America
5,9.0,4.0,1,Standard Class,1,345.28,Apparel,North America
3,6.1,3.1,1,Second Class,6,281.26,Apparel,Latin America
2,4.2,2.2,1,First Class,9,344.83,Industrial Parts,Europe
5,9.1,4.1,1,Standard Class,4,266.64,Apparel,South Asia
5,9.1,4.1,1,Standard Class,6,349.39,Industrial Parts,Europe
3,5.9,2.9,1,Second Class,5,31.53,Automotive,Europe
5,8.5,3.5,1,Standard Class,1,190.51,Industrial Parts,Latin America
3,6.5,3.5,1,Second Class,6,113.3,Automotive,South Asia
3,6.2,3.2,1,Second Class,9,58.67,Chemicals,Europe
5,8.6,3.6,1,Standard Class,3,124.71,Apparel,North America
5,8.7,3.7,1,Standard Class,3,103.74,Chemicals,North America
1,2.1,1.1,1,Same Day,2,486.83,Electronics,South Asia
5,8.5,3.5,1,Standard Class,4,150.41,Electronics,Europe
5,8.7,3.7,1,Standard Class,3,123.17,Chemicals,East Asia
3,5.2,2.2,1,Second Class,2,419.09,Industrial Parts,East Asia
1,2.5,1.5,1,Same Day,1,215.37,Industrial Parts,South Asia
1,2.5,1.5,1,Same Day,3,216.52,Apparel,South Asia
3,6.1,3.1,1,Second Class,6,227.36,Chemicals,East Asia
5,8.9,3.9,1,Standard Class,9,214.1,Electronics,Europe
5,8.9,3.9,1,Standard Class,5,170.02,Chemicals,Europe
3,5.4,2.4,1,Second Class,3,150.31,Chemicals,Latin America
2,4.6,2.6,1,First Class,5,442.16,Apparel,South Asia
5,8.8,3.8,1,Standard Class,5,89.24,Industrial Parts,Europe
1,2.2,1.2,1,Same Day,5,98.72,Electronics,East Asia
5,8.9,3.9,1,Standard Class,7,290.14,Apparel,East Asia
5,9.0,4.0,1,Standard Class,5,178.39,Electronics,North America
5,9.3,4.3,1,Standard Class,7,216.55,Electronics,Europe
5,9.8,4.8,1,Standard Class,9,405.21,Industrial Parts,Latin America
5,9.5,4.5,1,Standard Class,5,452.78,Industrial Parts,Latin America
5,9.0,4.0,1,Standard Class,2,397.37,Apparel,South Asia
5,8.9,3.9,1,Standard Class,5,125.11,Automotive,North America
2,4.4,2.4,1,First Class,8,490.19,Apparel,East Asia
3,6.0,3.0,1,Second Class,4,187.96,Apparel,East Asia
2,3.9,1.9,1,First Class,2,92.84,Automotive,South Asia
1,2.6,1.6,1,Same Day,3,254.75,Electronics,Latin America
5,10.2,5.2,1,Standard Class,9,365.39,Chemicals,Latin America
5,9.2,4.2,1,Standard Class,9,50.8,Automotive,East Asia
3,6.6,3.6,1,Second Class,8,320.8,Chemicals,South Asia
5,9.2,4.2,1,Standard Class,8,430.46,Electronics,Europe
1,2.8,1.8,1,Same Day,8,138.27,Automotive,North America
5,9.8,4.8,1,Standard Class,8,349.63,Industrial Parts,Latin America
1,3.8,2.8,1,Same Day,8,205.96,Apparel,Latin America
5,9.2,4.2,1,Standard Class,1,212.93,Automotive,Latin America
3,5.3,2.3,1,Second Class,6,147.6,Automotive,Europe
2,4.5,2.5,1,First Class,9,315.95,Electronics,Europe
1,3.0,2.0,1,Same Day,8,186.89,Industrial Parts,North America
5,9.1,4.1,1,Standard Class,3,417.14,Automotive,Latin America
2,3.0,1.0,1,First Class,1,481.82,Industrial Parts,East Asia
1,2.7,1.7,1,Same Day,2,468.19,Chemicals,Latin America
2,3.4,1.4,1,First Class,2,89.93,Automotive,North America
2,3.7,1.7,1,First Class,7,16.95,Industrial Parts,North America
2,4.2,2.2,1,First Class,6,224.85,Apparel,East Asia
5,8.5,3.5,1,Standard Class,2,367.15,Electronics,Europe
2,4.0,2.0,1,First Class,8,488.95,Industrial Parts,East Asia
2,4.1,2.1,1,First Class,9,393.88,Electronics,North America
1,2.4,1.4,1,Same Day,7,294.47,Automotive,East Asia
5,9.5,4.5,1,Standard Class,4,22.91,Automotive,Latin America
5,8.4,3.4,1,Standard Class,1,414.51,Chemicals,North America
1,2.4,1.4,1,Same Day,4,96.8,Electronics,Europe
3,5.6,2.6,1,Second Class,4,37.25,Apparel,Europe
5,9.1,4.1,1,Standard Class,8,426.68,Apparel,East Asia
2,3.4,1.4,1,First Class,4,287.46,Industrial Parts,East Asia
5,9.0,4.0,1,Standard Class,4,72.99,Apparel,East Asia
5,9.0,4.0,1,Standard Class,2,199.41,Electronics,Latin America
5,9.1,4.1,1,Standard Class,7,51.92,Automotive,Europe
5,8.7,3.7,1,Standard Class,4,322.63,Electronics,North America
2,4.2,2.2,1,First Class,6,148.39,Electronics,North America
5,8.7,3.7,1,Standard Class,3,434.39,Automotive,Europe
1,2.6,1.6,1,Same Day,7,185.32,Electronics,East Asia
1,3.0,2.0,1,Same Day,6,252.37,Apparel,South Asia
2,3.3,1.3,1,First Class,3,41.13,Industrial Parts,East Asia
2,3.6,1.6,1,First Class,4,145.04,Industrial Parts,Europe
5,9.2,4.2,1,Standard Class,5,341.62,Electronics,Latin America
3,6.2,3.2,1,Second Class,9,370.77,Automotive,East Asia
2,3.7,1.7,1,First Class,6,128.98,Chemicals,North America
5,8.8,3.8,1,Standard Class,4,256.87,Electronics,Latin America
1,2.9,1.9,1,Same Day,7,410.59,Electronics,Europe
3,5.9,2.9,1,Second Class,2,196.16,Chemicals,South Asia
1,2.1,1.1,1,Same Day,4,75.55,Industrial Parts,East Asia
3,6.0,3.0,1,Second Class,5,221.62,Industrial Parts,Latin America
2,3.7,1.7,1,First Class,4,304.31,Chemicals,Latin America
5,9.0,4.0,1,Standard Class,4,13.63,Automotive,North America
1,3.3,2.3,1,Same Day,9,180.8,Electronics,East Asia
3,5.7,2.7,1,Second Class,2,307.64,Apparel,South Asia
5,9.6,4.6,1,Standard Class,6,476.44,Industrial Parts,Latin America
5,9.0,4.0,1,Standard Class,8,210.19,Industrial Parts,North America
5,9.3,4.3,1,Standard Class,8,89.86,Industrial Parts,East Asia
3,5.7,2.7,1,Second Class,7,271.77,Automotive,East Asia
1,2.5,1.5,1,Same Day,4,150.02,Chemicals,South Asia
5,9.1,4.1,1,Standard Class,7,115.24,Automotive,North America
2,4.3,2.3,1,First Class,6,299.3,Industrial Parts,South Asia
5,9.4,4.4,1,Standard Class,6,458.78,Electronics,Latin America
1,2.2,1.2,1,Same Day,2,419.26,Industrial Parts,Europe
3,5.5,2.5,1,Second Class,8,99.32,Electronics,Europe
3,6.5,3.5,1,Second Class,8,385.28,Electronics,South Asia
5,9.9,4.9,1,Standard Class,7,122.64,Industrial Parts,South Asia
5,9.5,4.5,1,Standard Class,9,152.44,Industrial Parts,Europe
5,9.5,4.5,1,Standard Class,8,460.83,Electronics,Latin America
5,10.6,5.6,1,Standard Class,9,456.41,Automotive,South Asia
3,7.5,4.5,1,Second Class,9,92.63,Automotive,Latin America
3,6.3,3.3,1,Second Class,6,41.45,Automotive,Latin America
1,1.6,0.6,1,Same Day,2,153.63,Apparel,North America
1,3.0,2.0,1,Same Day,7,295.07,Electronics,Latin America
2,3.1,1.1,1,First Class,3,439.68,Apparel,East Asia
3,6.1,3.1,1,Second Class,7,68.23,Apparel,Europe
1,3.1,2.1,1,Same Day,9,213.33,Electronics,Europe
3,6.1,3.1,1,Second Class,2,143.16,Apparel,South Asia
5,9.7,4.7,1,Standard Class,6,17.32,Electronics,South Asia
5,9.1,4.1,1,Standard Class,6,396.34,Chemicals,North America
5,9.1,4.1,1,Standard Class,9,408.51,Chemicals,North America
1,2.5,1.5,1,Same Day,9,118.4,Electronics,East Asia
2,3.7,1.7,1,First Class,5,84.11,Electronics,South Asia
5,8.9,3.9,1,Standard Class,5,80.83,Electronics,Europe
2,4.6,2.6,1,First Class,9,237.33,Automotive,East Asia
2,5.1,3.1,1,First Class,8,130.78,Electronics,South Asia
5,9.4,4.4,1,Standard Class,7,260.56,Industrial Parts,East Asia
5,9.7,4.7,1,Standard Class,8,198.58,Chemicals,Latin America
2,4.9,2.9,1,First Class,6,113.34,Chemicals,Latin America
2,3.2,1.2,1,First Class,3,378.08,Electronics,East Asia
3,6.2,3.2,1,Second Class,7,83.68,Chemicals,South Asia
2,4.9,2.9,1,First Class,8,401.46,Electronics,Latin America
3,7.0,4.0,1,Second Class,8,285.11,Electronics,Latin America
2,3.7,1.7,1,First Class,1,417.7,Chemicals,East Asia
2,4.8,2.8,1,First Class,7,12.33,Chemicals,Latin America
3,5.6,2.6,1,Second Class,3,377.1,Industrial Parts,Europe
5,9.1,4.1,1,Standard Class,2,35.24,Apparel,Latin America
5,8.3,3.3,1,Standard Class,2,475.55,Industrial Parts,East Asia
5,9.5,4.5,1,Standard Class,8,354.34,Industrial Parts,Latin America
3,6.8,3.8,1,Second Class,9,166.88,Chemicals,Latin America
2,2.9,0.9,1,First Class,3,166.73,Industrial Parts,North America
3,5.3,2.3,1,Second Class,3,432.13,Chemicals,East Asia
5,8.8,3.8,1,Standard Class,6,452.39,Automotive,East Asia
5,8.4,3.4,1,Standard Class,1,446.87,Electronics,North America
5,9.1,4.1,1,Standard Class,6,406.28,Apparel,North America
5,9.0,4.0,1,Standard Class,3,411.33,Automotive,Europe
2,4.3,2.3,1,First Class,4,290.66,Electronics,Latin America
5,9.8,4.8,1,Standard Class,9,23.83,Electronics,South Asia
5,9.3,4.3,1,Standard Class,3,52.52,Apparel,South Asia
1,1.2,0.2,0,Same Day,1,328.28,Industrial Parts,North America
5,8.8,3.8,1,Standard Class,3,206.57,Electronics,East Asia
2,3.8,1.8,1,First Class,7,287.98,Apparel,East Asia
3,5.8,2.8,1,Second Class,7,123.23,Chemicals,Europe
5,9.8,4.8,1,Standard Class,5,328.21,Electronics,South Asia
2,3.3,1.3,1,First Class,1,128.99,Electronics,East Asia
3,6.0,3.0,1,Second Class,8,235.8,Industrial Parts,Europe
1,3.1,2.1,1,Same Day,8,244.57,Industrial Parts,Europe
5,8.8,3.8,1,Standard Class,2,97.06,Chemicals,North America
1,2.3,1.3,1,Same Day,3,439.34,Electronics,South Asia
5,8.5,3.5,1,Standard Class,4,267.65,Industrial Parts,Europe
5,8.5,3.5,1,Standard Class,1,434.72,Apparel,Europe
5,8.8,3.8,1,Standard Class,4,138.64,Electronics,Europe
1,2.3,1.3,1,Same Day,5,94.44,Apparel,South Asia
5,9.1,4.1,1,Standard Class,3,18.83,Automotive,North America
5,8.7,3.7,1,Standard Class,2,55.99,Chemicals,Latin America
2,3.6,1.6,1,First Class,6,82.26,Industrial Parts,East Asia
5,9.9,4.9,1,Standard Class,8,48.64,Automotive,South Asia
5,10.0,5.0,1,Standard Class,7,449.47,Industrial Parts,South Asia
5,9.2,4.2,1,Standard Class,1,456.6,Automotive,South Asia
5,9.2,4.2,1,Standard Class,4,469.31,Industrial Parts,Latin America
5,9.3,4.3,1,Standard Class,3,480.33,Chemicals,East Asia
5,9.8,4.8,1,Standard Class,6,251.0,Electronics,East Asia
2,4.5,2.5,1,First Class,9,269.71,Apparel,Europe
5,9.4,4.4,1,Standard Class,9,74.11,Automotive,Europe
5,9.0,4.0,1,Standard Class,7,77.16,Apparel,North America
3,6.8,3.8,1,Second Class,9,388.65,Apparel,South Asia
5,9.7,4.7,1,Standard Class,8,429.31,Industrial Parts,North America
2,4.4,2.4,1,First Class,5,394.51,Electronics,South Asia
5,9.7,4.7,1,Standard Class,9,418.94,Industrial Parts,East Asia
5,9.4,4.4,1,Standard Class,7,145.52,Apparel,North America
5,9.0,4.0,1,Standard Class,5,238.37,Chemicals,East Asia
5,9.6,4.6,1,Standard Class,8,235.01,Electronics,Europe
5,9.4,4.4,1,Standard Class,7,497.69,Electronics,East Asia
5,10.1,5.1,1,Standard Class,9,475.1,Apparel,Latin America
5,8.8,3.8,1,Standard Class,1,303.26,Industrial Parts,North America
5,9.6,4.6,1,Standard Class,9,77.61,Chemicals,South Asia
5,9.2,4.2,1,Standard Class,7,136.71,Automotive,East Asia
5,8.1,3.1,1,Standard Class,1,188.24,Industrial Parts,North America
5,9.1,4.1,1,Standard Class,1,437.87,Electronics,South Asia
2,3.3,1.3,1,First Class,5,93.61,Industrial Parts,North America
2,4.3,2.3,1,First Class,8,117.68,Automotive,North America
5,10.1,5.1,1,Standard Class,9,181.2,Chemicals,Latin America
3,6.2,3.2,1,Second Class,6,464.19,Chemicals,East Asia
2,4.6,2.6,1,First Class,8,256.87,Automotive,Latin America
5,9.8,4.8,1,Standard Class,6,326.95,Automotive,Europe
3,5.6,2.6,1,Second Class,6,199.74,Apparel,North America
1,1.8,0.8,1,Same Day,4,102.38,Electronics,East Asia
5,9.0,4.0,1,Standard Class,5,119.17,Apparel,Europe
5,8.4,3.4,1,Standard Class,2,403.31,Industrial Parts,Europe
3,6.4,3.4,1,Second Class,3,447.81,Automotive,Latin America
3,4.9,1.9,1,Second Class,3,251.61,Apparel,Europe
5,9.4,4.4,1,Standard Class,5,184.93,Electronics,South Asia
5,9.7,4.7,1,Standard Class,5,405.84,Electronics,South Asia
5,9.4,4.4,1,Standard Class,6,339.82,Automotive,South Asia
5,8.4,3.4,1,Standard Class,5,30.03,Apparel,Europe
2,4.3,2.3,1,First Class,6,181.86,Chemicals,North America
5,9.0,4.0,1,Standard Class,8,344.26,Automotive,East Asia
5,9.3,4.3,1,Standard Class,2,291.1,Industrial Parts,South Asia
3,5.8,2.8,1,Second Class,4,489.25,Apparel,South Asia
5,9.5,4.5,1,Standard Class,6,434.4,Apparel,South Asia
5,9.6,4.6,1,Standard Class,5,39.27,Automotive,Latin America
3,5.6,2.6,1,Second Class,1,365.63,Apparel,Latin America
3,6.5,3.5,1,Second Class,9,174.8,Apparel,South Asia
2,4.2,2.2,1,First Class,3,344.22,Industrial Parts,South Asia
2,3.1,1.1,1,First Class,2,312.44,Industrial Parts,Latin America
5,9.1,4.1,1,Standard Class,9,256.49,Chemicals,East Asia
5,9.7,4.7,1,Standard Class,7,427.95,Industrial Parts,North America
2,3.7,1.7,1,First Class,5,357.26,Chemicals,East Asia
5,9.2,4.2,1,Standard Class,6,445.88,Industrial Parts,North America
5,8.9,3.9,1,Standard Class,4,147.99,Chemicals,Europe
5,8.1,3.1,1,Standard Class,1,180.58,Industrial Parts,Europe
5,8.7,3.7,1,Standard Class,4,314.76,Industrial Parts,East Asia
5,9.6,4.6,1,Standard Class,9,483.57,Automotive,Latin America
5,8.8,3.8,1,Standard Class,1,192.08,Industrial Parts,South Asia
5,8.4,3.4,1,Standard Class,3,25.82,Chemicals,Europe
5,10.0,5.0,1,Standard Class,5,228.49,Automotive,Latin America
3,6.2,3.2,1,Second Class,7,276.53,Chemicals,Latin America
2,4.5,2.5,1,First Class,9,402.48,Industrial Parts,North America
2,3.8,1.8,1,First Class,6,367.01,Industrial Parts,Europe
3,5.6,2.6,1,Second Class,3,482.68,Chemicals,East Asia
5,9.2,4.2,1,Standard Class,7,393.51,Apparel,Latin America
5,8.7,3.7,1,Standard Class,4,156.33,Automotive,East Asia
2,3.6,1.6,1,First Class,3,324.28,Automotive,East Asia
2,4.1,2.1,1,First Class,7,339.4,Industrial Parts,Europe
3,6.1,3.1,1,Second Class,7,499.03,Automotive,East Asia
5,8.5,3.5,1,Standard Class,4,77.98,Chemicals,East Asia
5,9.6,4.6,1,Standard Class,7,103.75,Industrial Parts,South Asia
5,8.4,3.4,1,Standard Class,2,86.2,Automotive,East Asia
5,9.0,4.0,1,Standard Class,1,298.64,Electronics,South Asia
2,3.7,1.7,1,First Class,2,76.3,Automotive,Europe
2,3.0,1.0,1,First Class,4,331.44,Chemicals,East Asia
5,9.7,4.7,1,Standard Class,8,403.85,Automotive,Latin America
1,1.8,0.8,1,Same Day,3,222.07,Apparel,East Asia
2,4.2,2.2,1,First Class,6,284.74,Apparel,South Asia
5,9.6,4.6,1,Standard Class,6,457.23,Industrial Parts,Latin America
5,9.5,4.5,1,Standard Class,9,289.09,Apparel,Europe
5,9.1,4.1,1,Standard Class,9,112.22,Chemicals,North America
5,8.3,3.3,1,Standard Class,4,178.16,Electronics,North America
5,10.1,5.1,1,Standard Class,9,269.62,Electronics,South Asia
5,8.7,3.7,1,Standard Class,6,85.9,Industrial Parts,Europe
5,8.2,3.2,1,Standard Class,2,310.13,Industrial Parts,Europe
5,9.3,4.3,1,Standard Class,6,499.63,Apparel,East Asia
3,5.3,2.3,1,Second Class,2,329.74,Chemicals,North America
5,9.8,4.8,1,Standard Class,8,192.48,Apparel,East Asia
2,3.6,1.6,1,First Class,4,172.56,Chemicals,Europe
5,10.1,5.1,1,Standard Class,5,466.49,Chemicals,South Asia
1,3.3,2.3,1,Same Day,8,437.04,Electronics,South Asia
5,10.1,5.1,1,Standard Class,8,241.46,Chemicals,Latin America
5,9.3,4.3,1,Standard Class,6,183.17,Automotive,South Asia
1,2.0,1.0,1,Same Day,4,358.13,Chemicals,North America
3,6.0,3.0,1,Second Class,1,164.11,Electronics,Latin America
3,5.7,2.7,1,Second Class,7,68.51,Apparel,North America
5,9.2,4.2,1,Standard Class,8,161.97,Chemicals,East Asia
5,9.3,4.3,1,Standard Class,9,222.81,Automotive,East Asia
2,4.2,2.2,1,First Class,2,135.15,Industrial Parts,South Asia
1,1.8,0.8,1,Same Day,1,116.24,Apparel,Latin America
2,4.0,2.0,1,First Class,4,13.01,Industrial Parts,North America
2,3.8,1.8,1,First Class,5,319.11,Automotive,North America
5,8.3,3.3,1,Standard Class,1,311.08,Electronics,Europe
3,6.2,3.2,1,Second Class,5,102.13,Electronics,South Asia
5,9.4,4.4,1,Standard Class,6,472.39,Apparel,East Asia
5,8.5,3.5,1,Standard Class,3,210.69,Chemicals,Europe
5,8.9,3.9,1,Standard Class,7,22.48,Chemicals,East Asia
2,4.1,2.1,1,First Class,6,117.69,Industrial Parts,East Asia
5,8.7,3.7,1,Standard Class,4,349.11,Electronics,North America
5,9.1,4.1,1,Standard Class,3,108.79,Chemicals,East Asia
2,4.5,2.5,1,First Class,5,36.42,Chemicals,Latin America
5,8.7,3.7,1,Standard Class,3,312.68,Electronics,East Asia
2,5.3,3.3,1,First Class,9,263.99,Electronics,Latin America
5,9.0,4.0,1,Standard Class,9,383.02,Automotive,East Asia
5,9.2,4.2,1,Standard Class,6,388.59,Industrial Parts,Europe
2,3.9,1.9,1,First Class,6,480.37,Electronics,North America
5,8.6,3.6,1,Standard Class,4,37.94,Automotive,Europe
5,8.6,3.6,1,Standard Class,4,29.1,Electronics,North America
5,8.7,3.7,1,Standard Class,2,493.73,Apparel,Europe
5,8.7,3.7,1,Standard Class,4,325.98,Apparel,South Asia
1,2.9,1.9,1,Same Day,8,360.53,Apparel,East Asia
5,8.0,3.0,1,Standard Class,2,57.28,Electronics,East Asia
3,6.7,3.7,1,Second Class,9,44.21,Chemicals,South Asia
5,8.8,3.8,1,Standard Class,1,88.52,Chemicals,South Asia
2,4.3,2.3,1,First Class,2,219.33,Apparel,Latin America
3,5.0,2.0,1,Second Class,2,63.99,Industrial Parts,Europe
2,3.9,1.9,1,First Class,6,228.7,Automotive,East Asia
5,9.3,4.3,1,Standard Class,7,285.15,Apparel,Latin America
5,8.7,3.7,1,Standard Class,3,10.16,Automotive,East Asia
5,9.6,4.6,1,Standard Class,9,65.98,Automotive,South Asia
1,2.2,1.2,1,Same Day,5,193.85,Apparel,Latin America
3,5.7,2.7,1,Second Class,5,36.13,Chemicals,Latin America
1,2.5,1.5,1,Same Day,4,75.43,Industrial Parts,Latin America
5,9.4,4.4,1,Standard Class,9,123.58,Apparel,Europe
3,6.9,3.9,1,Second Class,8,220.5,Automotive,Latin America
1,2.6,1.6,1,Same Day,4,360.27,Electronics,East Asia
5,9.1,4.1,1,Standard Class,4,75.02,Electronics,Europe
5,8.7,3.7,1,Standard Class,2,371.6,Automotive,East Asia
3,7.4,4.4,1,Second Class,9,428.98,Apparel,Latin America
2,4.1,2.1,1,First Class,3,329.22,Chemicals,Latin America
3,5.6,2.6,1,Second Class,4,31.43,Apparel,East Asia
5,9.7,4.7,1,Standard Class,7,225.92,Industrial Parts,North America
3,6.2,3.2,1,Second Class,8,333.43,Electronics,Latin America
5,10.1,5.1,1,Standard Class,8,489.47,Automotive,Latin America
5,8.7,3.7,1,Standard Class,4,476.39,Chemicals,Europe
5,9.5,4.5,1,Standard Class,7,203.89,Apparel,East Asia
3,5.9,2.9,1,Second Class,1,311.81,Industrial Parts,Latin America
2,3.9,1.9,1,First Class,6,446.5,Apparel,East Asia
2,3.5,1.5,1,First Class,6,417.21,Industrial Parts,Europe
5,9.4,4.4,1,Standard Class,6,244.92,Apparel,East Asia
3,5.1,2.1,1,Second Class,2,138.01,Chemicals,East Asia
5,9.3,4.3,1,Standard Class,8,77.18,Chemicals,Europe
3,5.8,2.8,1,Second Class,5,249.11,Automotive,Latin America
5,8.7,3.7,1,Standard Class,5,364.19,Chemicals,East Asia
5,8.7,3.7,1,Standard Class,2,485.19,Industrial Parts,North America
5,9.3,4.3,1,Standard Class,4,432.29,Automotive,Latin America
5,9.2,4.2,1,Standard Class,9,110.08,Chemicals,Europe
3,6.2,3.2,1,Second Class,9,362.69,Electronics,South Asia
2,4.1,2.1,1,First Class,6,151.66,Industrial Parts,North America
5,9.8,4.8,1,Standard Class,9,344.9,Automotive,Latin America
3,5.6,2.6,1,Second Class,4,336.24,Industrial Parts,Europe
5,8.2,3.2,1,Standard Class,1,143.49,Automotive,North America
2,3.7,1.7,1,First Class,2,124.85,Industrial Parts,Latin America
1,2.4,1.4,1,Same Day,1,60.93,Electronics,South Asia
2,4.4,2.4,1,First Class,8,34.76,Chemicals,Latin America
5,10.1,5.1,1,Standard Class,9,430.64,Apparel,South Asia
1,3.1,2.1,1,Same Day,6,34.43,Apparel,South Asia
2,3.7,1.7,1,First Class,2,53.48,Apparel,East Asia
5,9.0,4.0,1,Standard Class,6,127.04,Automotive,Europe
5,9.1,4.1,1,Standard Class,9,444.95,Chemicals,East Asia
3,6.1,3.1,1,Second Class,3,173.14,Automotive,South Asia
2,4.1,2.1,1,First Class,9,103.98,Automotive,Europe
2,3.1,1.1,1,First Class,2,360.62,Automotive,Europe
3,5.5,2.5,1,Second Class,5,166.34,Automotive,Europe
3,5.1,2.1,1,Second Class,2,173.35,Chemicals,North America
5,10.0,5.0,1,Standard Class,7,372.1,Apparel,Latin America
5,10.2,5.2,1,Standard Class,9,133.31,Industrial Parts,South Asia
5,8.8,3.8,1,Standard Class,7,449.41,Automotive,Europe
3,6.1,3.1,1,Second Class,5,285.1,Chemicals,North America
5,9.0,4.0,1,Standard Class,4,273.54,Electronics,North America
2,4.3,2.3,1,First Class,4,139.73,Industrial Parts,South Asia
3,5.4,2.4,1,Second Class,8,419.2,Automotive,East Asia
3,4.8,1.8,1,Second Class,1,290.65,Automotive,North America
5,9.4,4.4,1,Standard Class,5,86.2,Industrial Parts,South Asia
3,5.7,2.7,1,Second Class,2,111.09,Industrial Parts,North America
5,10.4,5.4,1,Standard Class,9,239.45,Automotive,South Asia
3,5.7,2.7,1,Second Class,7,392.02,Chemicals,Europe
5,8.8,3.8,1,Standard Class,8,470.25,Electronics,East Asia
5,8.9,3.9,1,Standard Class,6,335.11,Chemicals,North America
3,6.3,3.3,1,Second Class,9,258.01,Apparel,North America
5,8.6,3.6,1,Standard Class,6,132.86,Apparel,North America
5,9.4,4.4,1,Standard Class,7,339.71,Apparel,Latin America
3,7.1,4.1,1,Second Class,7,491.3,Automotive,Latin America
3,6.1,3.1,1,Second Class,9,243.35,Electronics,Europe
2,4.1,2.1,1,First Class,8,89.45,Electronics,North America
2,4.0,2.0,1,First Class,1,60.64,Automotive,East Asia
2,4.0,2.0,1,First Class,4,141.94,Automotive,Latin America
5,9.4,4.4,1,Standard Class,7,289.03,Automotive,South Asia
5,9.6,4.6,1,Standard Class,8,473.93,Electronics,South Asia
5,9.8,4.8,1,Standard Class,7,156.59,Automotive,South Asia
1,1.9,0.9,1,Same Day,3,159.64,Industrial Parts,Europe
2,3.6,1.6,1,First Class,4,245.78,Industrial Parts,North America
5,9.1,4.1,1,Standard Class,7,460.09,Industrial Parts,North America
5,10.7,5.7,1,Standard Class,8,215.34,Automotive,Latin America
1,3.4,2.4,1,Same Day,7,119.38,Industrial Parts,South Asia
5,8.7,3.7,1,Standard Class,6,89.93,Automotive,Europe
2,4.3,2.3,1,First Class,9,233.94,Industrial Parts,East Asia
2,4.6,2.6,1,First Class,9,402.33,Automotive,North America
2,4.4,2.4,1,First Class,7,152.76,Chemicals,North America
5,8.8,3.8,1,Standard Class,8,261.14,Apparel,Europe
3,5.9,2.9,1,Second Class,6,305.47,Chemicals,Latin America
1,1.8,0.8,1,Same Day,1,230.73,Apparel,Europe
2,3.4,1.4,1,First Class,1,103.93,Apparel,Latin America
2,3.7,1.7,1,First Class,6,461.66,Industrial Parts,North America
1,2.4,1.4,1,Same Day,2,287.07,Apparel,Latin America
3,6.8,3.8,1,Second Class,8,367.28,Apparel,Latin America
5,8.7,3.7,1,Standard Class,1,321.66,Chemicals,Latin America
2,3.2,1.2,1,First Class,2,499.04,Apparel,Latin America
2,4.6,2.6,1,First Class,8,233.59,Automotive,South Asia
5,9.2,4.2,1,Standard Class,6,218.24,Automotive,South Asia
3,5.9,2.9,1,Second Class,2,186.47,Industrial Parts,South Asia
1,3.0,2.0,1,Same Day,2,187.2,Chemicals,South Asia
1,2.7,1.7,1,Same Day,7,145.13,Electronics,Europe
5,9.0,4.0,1,Standard Class,5,490.51,Chemicals,East Asia
5,9.6,4.6,1,Standard Class,5,436.68,Electronics,Latin America
1,3.2,2.2,1,Same Day,8,165.17,Apparel,Europe
3,6.3,3.3,1,Second Class,7,159.56,Electronics,South Asia
5,9.9,4.9,1,Standard Class,9,60.73,Apparel,Latin America
1,2.4,1.4,1,Same Day,4,439.75,Chemicals,East Asia
3,5.7,2.7,1,Second Class,4,192.17,Chemicals,Latin America
2,2.8,0.8,1,First Class,2,290.58,Industrial Parts,North America
2,3.3,1.3,1,First Class,3,451.19,Industrial Parts,North America
5,8.6,3.6,1,Standard Class,1,209.97,Apparel,Europe
5,8.3,3.3,1,Standard Class,1,405.37,Apparel,East Asia
5,9.0,4.0,1,Standard Class,7,220.84,Automotive,Europe
3,6.4,3.4,1,Second Class,5,353.46,Automotive,Latin America
5,8.7,3.7,1,Standard Class,3,221.28,Automotive,East Asia
5,8.9,3.9,1,Standard Class,7,202.45,Chemicals,Europe
5,8.8,3.8,1,Standard Class,2,495.45,Electronics,Latin America
2,3.7,1.7,1,First Class,3,310.05,Apparel,South Asia
1,2.2,1.2,1,Same Day,1,190.02,Industrial Parts,Latin America
5,9.5,4.5,1,Standard Class,8,136.33,Apparel,Europe
5,7.7,2.7,1,Standard Class,2,29.49,Electronics,East Asia
3,5.6,2.6,1,Second Class,7,356.22,Apparel,East Asia
5,10.5,5.5,1,Standard Class,9,192.36,Industrial Parts,South Asia
5,8.9,3.9,1,Standard Class,6,412.41,Industrial Parts,Europe
5,9.5,4.5,1,Standard Class,2,188.3,Electronics,South Asia
5,8.0,3.0,1,Standard Class,2,192.93,Industrial Parts,North America
5,9.8,4.8,1,Standard Class,9,391.8,Chemicals,Latin America
5,9.4,4.4,1,Standard Class,8,249.84,Industrial Parts,North America
5,9.4,4.4,1,Standard Class,9,443.6,Electronics,North America
1,3.1,2.1,1,Same Day,4,299.17,Electronics,South Asia
5,9.2,4.2,1,Standard Class,4,127.92,Apparel,South Asia
2,4.0,2.0,1,First Class,2,288.45,Industrial Parts,Latin America
2,3.4,1.4,1,First Class,1,11.96,Industrial Parts,South Asia
5,9.3,4.3,1,Standard Class,4,163.07,Electronics,South Asia
2,4.7,2.7,1,First Class,8,111.9,Apparel,South Asia
5,8.7,3.7,1,Standard Class,2,330.55,Apparel,South Asia
1,3.4,2.4,1,Same Day,8,76.66,Chemicals,South Asia
5,8.7,3.7,1,Standard Class,1,152.15,Chemicals,North America
5,8.1,3.1,1,Standard Class,1,172.34,Electronics,North America
5,9.3,4.3,1,Standard Class,4,11.61,Apparel,Latin America
1,2.5,1.5,1,Same Day,7,32.92,Apparel,East Asia
2,4.9,2.9,1,First Class,9,162.45,Chemicals,Latin America
2,4.0,2.0,1,First Class,5,118.95,Chemicals,Europe
5,9.3,4.3,1,Standard Class,2,67.28,Electronics,Latin America
3,6.8,3.8,1,Second Class,7,85.54,Apparel,Latin America
5,8.7,3.7,1,Standard Class,2,419.41,Electronics,South Asia
3,6.4,3.4,1,Second Class,9,344.83,Chemicals,South Asia
5,9.4,4.4,1,Standard Class,9,247.22,Industrial Parts,South Asia
5,8.7,3.7,1,Standard Class,3,455.35,Chemicals,East Asia
5,9.7,4.7,1,Standard Class,8,24.48,Apparel,South Asia
5,9.0,4.0,1,Standard Class,4,179.02,Electronics,Europe
2,3.1,1.1,1,First Class,3,413.46,Apparel,North America
5,8.4,3.4,1,Standard Class,1,317.86,Chemicals,Europe
3,5.1,2.1,1,Second Class,5,491.03,Chemicals,East Asia
5,9.4,4.4,1,Standard Class,4,472.81,Automotive,South Asia
2,3.7,1.7,1,First Class,1,93.27,Chemicals,Latin America
5,9.0,4.0,1,Standard Class,8,486.27,Apparel,North America
5,9.4,4.4,1,Standard Class,8,473.31,Electronics,East Asia
2,4.8,2.8,1,First Class,8,193.07,Electronics,Europe
5,9.3,4.3,1,Standard Class,3,491.61,Automotive,South Asia
5,9.9,4.9,1,Standard Class,6,27.56,Apparel,East Asia
3,6.0,3.0,1,Second Class,7,333.77,Chemicals,East Asia
1,3.6,2.6,1,Same Day,9,140.41,Industrial Parts,Latin America
5,9.2,4.2,1,Standard Class,5,73.44,Electronics,Latin America
5,10.0,5.0,1,Standard Class,9,292.99,Apparel,Latin America
2,3.6,1.6,1,First Class,6,160.11,Automotive,Europe
5,9.5,4.5,1,Standard Class,4,336.74,Industrial Parts,Latin America
5,8.0,3.0,1,Standard Class,1,274.59,Apparel,East Asia
5,8.7,3.7,1,Standard Class,1,202.37,Chemicals,East Asia
3,5.2,2.2,1,Second Class,5,99.09,Electronics,East Asia
2,3.4,1.4,1,First Class,3,304.61,Chemicals,North America
5,8.8,3.8,1,Standard Class,5,416.32,Automotive,North America
5,8.5,3.5,1,Standard Class,5,304.0,Electronics,Europe
5,8.8,3.8,1,Standard Class,1,309.16,Industrial Parts,Latin America
2,4.0,2.0,1,First Class,8,260.8,Electronics,East Asia
5,9.8,4.8,1,Standard Class,5,200.24,Chemicals,Latin America
5,8.6,3.6,1,Standard Class,5,234.15,Apparel,East Asia
3,6.4,3.4,1,Second Class,9,494.88,Apparel,North America
5,9.3,4.3,1,Standard Class,8,377.34,Apparel,East Asia
2,3.1,1.1,1,First Class,1,220.97,Automotive,Europe
5,9.1,4.1,1,Standard Class,3,234.08,Automotive,South Asia
5,9.4,4.4,1,Standard Class,7,254.82,Apparel,East Asia
5,7.7,2.7,1,Standard Class,1,333.06,Industrial Parts,Europe
3,5.1,2.1,1,Second Class,1,238.32,Chemicals,North America
3,5.4,2.4,1,Second Class,5,346.23,Industrial Parts,North America
3,6.6,3.6,1,Second Class,9,171.3,Apparel,South Asia
5,9.6,4.6,1,Standard Class,6,211.21,Chemicals,Latin America
2,4.1,2.1,1,First Class,2,433.39,Automotive,Latin America
5,9.9,4.9,1,Standard Class,9,171.16,Electronics,East Asia
5,8.8,3.8,1,Standard Class,6,482.57,Electronics,North America
3,4.8,1.8,1,Second Class,5,94.53,Chemicals,Europe
5,9.4,4.4,1,Standard Class,5,128.42,Industrial Parts,South Asia
5,8.5,3.5,1,Standard Class,3,237.2,Chemicals,Latin America
5,9.1,4.1,1,Standard Class,6,400.73,Industrial Parts,East Asia
5,8.4,3.4,1,Standard Class,4,368.47,Industrial Parts,East Asia
5,8.5,3.5,1,Standard Class,2,95.49,Electronics,North America
2,3.2,1.2,1,First Class,3,125.98,Automotive,Europe
5,9.1,4.1,1,Standard Class,9,291.88,Apparel,Europe
3,6.4,3.4,1,Second Class,9,154.63,Automotive,Latin America
3,5.9,2.9,1,Second Class,6,216.94,Apparel,East Asia
5,9.1,4.1,1,Standard Class,9,248.43,Electronics,North America
5,8.9,3.9,1,Standard Class,4,301.18,Apparel,Europe
5,9.4,4.4,1,Standard Class,5,133.02,Industrial Parts,East Asia
2,4.4,2.4,1,First Class,6,89.94,Chemicals,Europe
5,9.5,4.5,1,Standard Class,9,205.3,Apparel,South Asia
2,3.3,1.3,1,First Class,5,50.19,Automotive,Europe
5,9.4,4.4,1,Standard Class,8,268.11,Electronics,Europe
2,2.8,0.8,1,First Class,1,421.41,Electronics,East Asia
5,9.0,4.0,1,Standard Class,5,68.3,Chemicals,Europe
5,7.7,2.7,1,Standard Class,1,65.24,Industrial Parts,Europe
1,3.0,2.0,1,Same Day,6,49.31,Industrial Parts,South Asia
3,6.2,3.2,1,Second Class,7,425.45,Electronics,Europe
5,8.4,3.4,1,Standard Class,5,49.55,Industrial Parts,Europe
3,5.0,2.0,1,Second Class,1,491.9,Chemicals,East Asia
5,9.0,4.0,1,Standard Class,6,185.58,Electronics,North America
3,6.4,3.4,1,Second Class,5,171.09,Industrial Parts,South Asia
3,5.6,2.6,1,Second Class,6,54.9,Apparel,Europe
5,8.7,3.7,1,Standard Class,7,296.96,Apparel,North America
5,8.4,3.4,1,Standard Class,7,297.08,Industrial Parts,East Asia
5,9.4,4.4,1,Standard Class,2,251.96,Apparel,South Asia
2,3.7,1.7,1,First Class,3,162.4,Chemicals,East Asia
2,3.9,1.9,1,First Class,6,190.6,Automotive,North America
5,9.1,4.1,1,Standard Class,3,167.05,Chemicals,South Asia
5,8.5,3.5,1,Standard Class,2,218.81,Chemicals,Europe
3,5.8,2.8,1,Second Class,4,177.48,Industrial Parts,North America
1,1.7,0.7,1,Same Day,5,341.0,Chemicals,East Asia
2,4.4,2.4,1,First Class,9,154.94,Industrial Parts,South Asia
5,8.0,3.0,1,Standard Class,3,181.91,Electronics,North America
5,8.4,3.4,1,Standard Class,3,223.38,Industrial Parts,North America
5,9.1,4.1,1,Standard Class,6,11.94,Industrial Parts,East Asia
1,2.6,1.6,1,Same Day,5,251.12,Electronics,East Asia
5,8.1,3.1,1,Standard Class,6,135.35,Automotive,Europe
2,3.6,1.6,1,First Class,7,37.51,Electronics,Europe
5,8.6,3.6,1,Standard Class,3,456.4,Industrial Parts,North America
2,3.8,1.8,1,First Class,5,167.99,Apparel,East Asia
2,4.1,2.1,1,First Class,8,218.78,Industrial Parts,North America
3,5.6,2.6,1,Second Class,4,415.4,Electronics,Latin America
5,8.2,3.2,1,Standard Class,2,91.73,Industrial Parts,East Asia
5,9.1,4.1,1,Standard Class,4,426.65,Electronics,Latin America
5,8.4,3.4,1,Standard Class,2,128.4,Chemicals,Latin America
1,1.7,0.7,1,Same Day,3,298.63,Automotive,East Asia
3,5.1,2.1,1,Second Class,4,345.98,Automotive,Europe
2,3.8,1.8,1,First Class,4,453.46,Electronics,North America
2,4.6,2.6,1,First Class,9,307.74,Automotive,South Asia
2,4.1,2.1,1,First Class,6,232.08,Apparel,South Asia
5,9.3,4.3,1,Standard Class,9,290.41,Apparel,East Asia
1,2.4,1.4,1,Same Day,4,109.02,Automotive,Europe
5,9.4,4.4,1,Standard Class,9,347.65,Electronics,Europe
5,9.8,4.8,1,Standard Class,9,101.57,Apparel,Europe
2,4.7,2.7,1,First Class,6,283.05,Automotive,South Asia
5,9.1,4.1,1,Standard Class,5,327.33,Industrial Parts,Latin America
5,9.2,4.2,1,Standard Class,3,450.31,Apparel,South Asia
3,6.0,3.0,1,Second Class,5,230.59,Chemicals,Europe
5,9.0,4.0,1,Standard Class,3,389.91,Apparel,South Asia
2,4.4,2.4,1,First Class,5,92.09,Automotive,South Asia
5,8.6,3.6,1,Standard Class,5,86.54,Automotive,North America
5,8.3,3.3,1,Standard Class,2,267.15,Automotive,East Asia
5,9.9,4.9,1,Standard Class,9,302.21,Electronics,Latin America
5,9.3,4.3,1,Standard Class,7,319.85,Electronics,North America
3,5.7,2.7,1,Second Class,6,375.38,Industrial Parts,East Asia
5,8.9,3.9,1,Standard Class,5,154.52,Industrial Parts,Europe
2,3.7,1.7,1,First Class,4,315.08,Apparel,North America
5,9.1,4.1,1,Standard Class,8,102.19,Automotive,East Asia
2,3.2,1.2,1,First Class,2,117.31,Industrial Parts,North America
1,3.4,2.4,1,Same Day,8,42.98,Automotive,South Asia
3,6.2,3.2,1,Second Class,1,376.03,Apparel,South Asia
5,7.9,2.9,1,Standard Class,1,258.43,Electronics,North America
5,8.7,3.7,1,Standard Class,3,126.71,Industrial Parts,North America
5,9.7,4.7,1,Standard Class,5,282.56,Chemicals,Latin America
2,3.9,1.9,1,First Class,6,183.58,Chemicals,Europe
5,9.0,4.0,1,Standard Class,4,420.23,Chemicals,South Asia
5,9.1,4.1,1,Standard Class,7,268.79,Chemicals,North America
2,3.8,1.8,1,First Class,7,24.61,Chemicals,East Asia
5,8.2,3.2,1,Standard Class,2,492.7,Chemicals,Europe
3,5.3,2.3,1,Second Class,2,46.41,Chemicals,East Asia
5,8.4,3.4,1,Standard Class,2,351.02,Industrial Parts,Europe
5,8.5,3.5,1,Standard Class,2,224.26,Chemicals,East Asia
3,6.5,3.5,1,Second Class,9,132.17,Chemicals,South Asia
5,8.7,3.7,1,Standard Class,5,341.46,Apparel,North America
2,4.4,2.4,1,First Class,8,71.69,Industrial Parts,North America
5,8.8,3.8,1,Standard Class,5,430.54,Apparel,Latin America
5,8.5,3.5,1,Standard Class,5,132.8,Automotive,North America
3,5.5,2.5,1,Second Class,1,187.11,Chemicals,South Asia
3,5.6,2.6,1,Second Class,6,320.0,Electronics,Europe
2,3.8,1.8,1,First Class,4,10.5,Chemicals,Europe
5,7.8,2.8,1,Standard Class,3,241.65,Chemicals,North America
2,3.9,1.9,1,First Class,6,448.18,Apparel,East Asia
5,8.8,3.8,1,Standard Class,2,343.4,Automotive,North America
5,9.4,4.4,1,Standard Class,8,200.07,Apparel,Europe
1,1.7,0.7,1,Same Day,1,333.61,Industrial Parts,Latin America
5,10.2,5.2,1,Standard Class,9,468.92,Automotive,Europe
1,2.6,1.6,1,Same Day,8,102.02,Automotive,East Asia
5,7.5,2.5,1,Standard Class,1,270.59,Automotive,East Asia
5,10.2,5.2,1,Standard Class,9,125.02,Apparel,Latin America
2,3.1,1.1,1,First Class,2,428.57,Chemicals,East Asia
3,5.9,2.9,1,Second Class,3,363.31,Chemicals,North America
3,5.4,2.4,1,Second Class,2,402.53,Chemicals,North America
3,6.7,3.7,1,Second Class,8,472.08,Chemicals,Europe
2,3.5,1.5,1,First Class,2,123.83,Chemicals,South Asia
2,3.7,1.7,1,First Class,2,33.87,Industrial Parts,North America
3,4.8,1.8,1,Second Class,1,152.54,Electronics,North America
5,9.7,4.7,1,Standard Class,7,205.58,Automotive,Latin America
5,8.5,3.5,1,Standard Class,2,316.33,Electronics,North America
5,9.3,4.3,1,Standard Class,5,400.88,Industrial Parts,Europe
1,3.0,2.0,1,Same Day,5,181.4,Chemicals,Latin America
1,1.9,0.9,1,Same Day,3,242.01,Industrial Parts,North America
5,8.9,3.9,1,Standard Class,3,394.88,Industrial Parts,Europe
3,5.8,2.8,1,Second Class,3,120.41,Electronics,Latin America
1,3.2,2.2,1,Same Day,6,116.39,Automotive,South Asia
5,8.8,3.8,1,Standard Class,4,298.72,Apparel,Europe
2,3.4,1.4,1,First Class,3,223.67,Apparel,North America
1,1.9,0.9,1,Same Day,2,474.96,Automotive,Latin America
5,9.2,4.2,1,Standard Class,3,184.94,Chemicals,South Asia
2,3.4,1.4,1,First Class,4,382.18,Industrial Parts,Europe
5,9.2,4.2,1,Standard Class,6,295.72,Chemicals,South Asia
1,2.4,1.4,1,Same Day,4,36.74,Industrial Parts,Europe
1,2.6,1.6,1,Same Day,8,51.35,Apparel,North America
1,1.5,0.5,0,Same Day,3,109.55,Automotive,Europe
5,8.6,3.6,1,Standard Class,3,80.14,Electronics,North America
3,5.3,2.3,1,Second Class,3,171.39,Electronics,Europe
3,6.6,3.6,1,Second Class,8,293.7,Automotive,Latin America
5,8.7,3.7,1,Standard Class,4,305.16,Apparel,Europe
3,4.7,1.7,1,Second Class,1,298.01,Industrial Parts,Europe
5,8.3,3.3,1,Standard Class,2,67.63,Electronics,East Asia
2,3.6,1.6,1,First Class,2,304.11,Apparel,East Asia
5,8.8,3.8,1,Standard Class,3,210.78,Automotive,Europe
5,8.9,3.9,1,Standard Class,6,452.5,Chemicals,East Asia
5,9.5,4.5,1,Standard Class,8,456.87,Apparel,North America
2,3.2,1.2,1,First Class,1,386.41,Apparel,East Asia
5,9.4,4.4,1,Standard Class,9,354.52,Chemicals,Europe
3,6.0,3.0,1,Second Class,1,66.33,Apparel,South Asia
5,8.7,3.7,1,Standard Class,2,51.5,Electronics,South Asia
5,8.6,3.6,1,Standard Class,3,422.01,Electronics,Europe
2,3.6,1.6,1,First Class,7,219.24,Electronics,Europe
3,6.9,3.9,1,Second Class,9,231.17,Apparel,South Asia
5,8.8,3.8,1,Standard Class,3,425.42,Apparel,Latin America
2,4.1,2.1,1,First Class,8,314.5,Apparel,East Asia
3,6.6,3.6,1,Second Class,9,97.91,Automotive,Latin America
2,3.4,1.4,1,First Class,7,113.4,Chemicals,North America
5,8.8,3.8,1,Standard Class,4,13.12,Apparel,South Asia
5,9.5,4.5,1,Standard Class,4,358.23,Chemicals,South Asia
3,6.0,3.0,1,Second Class,4,247.95,Industrial Parts,Latin America
5,9.4,4.4,1,Standard Class,6,475.48,Electronics,North America
3,5.6,2.6,1,Second Class,4,359.87,Automotive,Latin America
2,4.0,2.0,1,First Class,5,60.54,Chemicals,North America
1,3.0,2.0,1,Same Day,9,89.16,Electronics,Europe
3,6.3,3.3,1,Second Class,7,255.85,Automotive,Europe
1,3.3,2.3,1,Same Day,8,463.19,Electronics,South Asia
5,8.9,3.9,1,Standard Class,5,131.15,Apparel,Europe
3,5.9,2.9,1,Second Class,5,414.53,Apparel,Latin America
5,9.1,4.1,1,Standard Class,7,163.01,Electronics,North America
5,9.7,4.7,1,Standard Class,8,142.25,Automotive,South Asia
2,4.0,2.0,1,First Class,9,451.68,Electronics,Europe
3,5.8,2.8,1,Second Class,2,33.15,Industrial Parts,South Asia
1,2.8,1.8,1,Same Day,3,333.76,Automotive,South Asia
3,5.6,2.6,1,Second Class,2,31.15,Automotive,North America
5,9.4,4.4,1,Standard Class,7,402.37,Electronics,Latin America
5,8.9,3.9,1,Standard Class,2,416.41,Chemicals,Latin America
3,5.2,2.2,1,Second Class,2,447.74,Electronics,East Asia
5,9.3,4.3,1,Standard Class,2,101.18,Chemicals,Latin America
5,9.2,4.2,1,Standard Class,4,71.0,Automotive,Europe
5,7.9,2.9,1,Standard Class,1,256.73,Apparel,East Asia
5,8.5,3.5,1,Standard Class,2,143.1,Apparel,East Asia
5,8.7,3.7,1,Standard Class,3,307.09,Electronics,East Asia
5,9.1,4.1,1,Standard Class,7,261.74,Chemicals,East Asia
5,8.4,3.4,1,Standard Class,1,80.98,Electronics,Latin America
5,9.2,4.2,1,Standard Class,6,372.24,Industrial Parts,East Asia
1,2.4,1.4,1,Same Day,3,403.85,Electronics,Europe
5,8.4,3.4,1,Standard Class,3,481.89,Electronics,Europe
5,9.6,4.6,1,Standard Class,4,203.81,Electronics,South Asia
2,3.6,1.6,1,First Class,4,175.49,Electronics,Europe
5,10.1,5.1,1,Standard Class,7,104.21,Chemicals,South Asia
1,2.4,1.4,1,Same Day,3,98.62,Chemicals,Europe
3,6.1,3.1,1,Second Class,8,167.32,Chemicals,East Asia
5,9.4,4.4,1,Standard Class,8,491.09,Industrial Parts,North America
5,8.9,3.9,1,Standard Class,7,55.21,Industrial Parts,East Asia
3,5.2,2.2,1,Second Class,2,137.09,Electronics,Latin America
1,2.9,1.9,1,Same Day,5,52.13,Chemicals,South Asia
5,8.6,3.6,1,Standard Class,6,144.08,Industrial Parts,North America
2,4.2,2.2,1,First Class,4,55.28,Apparel,Europe
5,9.2,4.2,1,Standard Class,5,259.07,Electronics,East Asia
1,3.4,2.4,1,Same Day,9,224.79,Automotive,South Asia
5,10.5,5.5,1,Standard Class,7,95.28,Chemicals,South Asia
1,1.7,0.7,1,Same Day,2,95.66,Electronics,Europe
2,3.6,1.6,1,First Class,1,316.79,Electronics,South Asia
2,3.2,1.2,1,First Class,2,199.69,Automotive,Europe
2,3.4,1.4,1,First Class,3,37.54,Apparel,Europe
5,8.3,3.3,1,Standard Class,2,460.89,Industrial Parts,East Asia
5,9.2,4.2,1,Standard Class,3,208.43,Industrial Parts,South Asia
5,9.6,4.6,1,Standard Class,9,299.61,Automotive,Latin America
5,9.2,4.2,1,Standard Class,4,443.85,Automotive,Latin America
3,6.1,3.1,1,Second Class,9,207.06,Industrial Parts,East Asia
5,8.6,3.6,1,Standard Class,3,412.12,Apparel,East Asia
5,7.9,2.9,1,Standard Class,1,458.23,Apparel,Europe
1,2.5,1.5,1,Same Day,5,95.29,Electronics,Latin America
3,6.4,3.4,1,Second Class,2,447.32,Automotive,South Asia
1,2.4,1.4,1,Same Day,4,68.72,Automotive,Latin America
1,2.0,1.0,1,Same Day,2,144.81,Automotive,East Asia
5,8.2,3.2,1,Standard Class,2,406.02,Industrial Parts,East Asia
5,8.2,3.2,1,Standard Class,3,451.34,Industrial Parts,Europe
3,6.2,3.2,1,Second Class,5,345.23,Industrial Parts,South Asia
2,3.3,1.3,1,First Class,4,61.36,Apparel,East Asia
5,9.1,4.1,1,Standard Class,2,266.27,Industrial Parts,South Asia
3,5.6,2.6,1,Second Class,2,290.59,Electronics,Latin America
5,9.4,4.4,1,Standard Class,6,148.11,Industrial Parts,Europe
5,9.2,4.2,1,Standard Class,7,495.73,Apparel,Latin America
2,4.0,2.0,1,First Class,6,174.46,Automotive,East Asia
2,4.2,2.2,1,First Class,7,113.02,Electronics,East Asia
2,3.4,1.4,1,First Class,1,63.97,Apparel,South Asia
5,8.8,3.8,1,Standard Class,6,195.47,Chemicals,East Asia
3,5.5,2.5,1,Second Class,3,349.38,Automotive,South Asia
5,7.8,2.8,1,Standard Class,1,123.39,Industrial Parts,North America
5,9.3,4.3,1,Standard Class,8,387.08,Apparel,East Asia
3,6.2,3.2,1,Second Class,4,76.35,Chemicals,Latin America
1,3.2,2.2,1,Same Day,8,225.83,Apparel,Latin America
3,6.0,3.0,1,Second Class,4,354.16,Industrial Parts,South Asia
3,5.1,2.1,1,Second Class,4,76.3,Apparel,North America
2,3.0,1.0,1,First Class,4,302.94,Chemicals,East Asia
2,4.0,2.0,1,First Class,6,401.49,Apparel,Europe
5,9.3,4.3,1,Standard Class,9,301.82,Electronics,Europe
5,8.8,3.8,1,Standard Class,5,260.62,Electronics,Latin America
5,9.1,4.1,1,Standard Class,8,420.77,Industrial Parts,East Asia
5,9.4,4.4,1,Standard Class,8,492.86,Chemicals,Europe
3,6.2,3.2,1,Second Class,4,98.84,Chemicals,South Asia
5,9.5,4.5,1,Standard Class,9,348.76,Chemicals,East Asia
5,9.7,4.7,1,Standard Class,9,49.52,Chemicals,Latin America
5,9.0,4.0,1,Standard Class,5,30.99,Chemicals,North America
2,4.5,2.5,1,First Class,6,147.6,Automotive,South Asia
5,9.1,4.1,1,Standard Class,5,485.75,Apparel,South Asia
3,5.0,2.0,1,Second Class,3,280.58,Chemicals,East Asia
5,9.4,4.4,1,Standard Class,8,141.45,Electronics,North America
5,10.3,5.3,1,Standard Class,9,74.97,Apparel,South Asia
2,3.8,1.8,1,First Class,4,460.89,Industrial Parts,North America
3,6.8,3.8,1,Second Class,9,187.56,Industrial Parts,Latin America
5,10.2,5.2,1,Standard Class,9,160.28,Chemicals,South Asia
2,4.8,2.8,1,First Class,7,430.4,Automotive,Europe
2,4.8,2.8,1,First Class,8,306.16,Automotive,Latin America
5,9.1,4.1,1,Standard Class,3,92.63,Apparel,Latin America
3,6.4,3.4,1,Second Class,5,216.54,Automotive,South Asia
3,5.6,2.6,1,Second Class,3,464.83,Industrial Parts,Europe
2,3.6,1.6,1,First Class,7,451.59,Chemicals,North America
3,5.9,2.9,1,Second Class,6,44.35,Electronics,Europe
3,6.1,3.1,1,Second Class,3,141.62,Industrial Parts,Latin America
3,7.3,4.3,1,Second Class,9,85.72,Industrial Parts,South Asia
3,5.1,2.1,1,Second Class,1,271.57,Apparel,Europe
2,3.3,1.3,1,First Class,3,377.49,Automotive,Europe
2,4.6,2.6,1,First Class,7,154.82,Electronics,Latin America
2,3.3,1.3,1,First Class,3,381.42,Electronics,North America
3,5.8,2.8,1,Second Class,3,337.67,Automotive,Europe
5,8.5,3.5,1,Standard Class,2,366.83,Chemicals,Europe
3,6.2,3.2,1,Second Class,9,474.64,Automotive,East Asia
3,6.3,3.3,1,Second Class,4,218.06,Chemicals,Latin America
5,8.7,3.7,1,Standard Class,6,177.86,Electronics,East Asia
3,5.1,2.1,1,Second Class,2,345.09,Apparel,Latin America
5,10.1,5.1,1,Standard Class,9,405.7,Industrial Parts,Latin America
5,9.5,4.5,1,Standard Class,7,103.81,Electronics,East Asia
3,5.6,2.6,1,Second Class,5,424.93,Electronics,North America
5,8.9,3.9,1,Standard Class,7,38.35,Electronics,North America
3,5.7,2.7,1,Second Class,4,13.13,Industrial Parts,Latin America
3,5.6,2.6,1,Second Class,7,87.63,Chemicals,East Asia
2,3.5,1.5,1,First Class,2,489.55,Apparel,Europe
5,9.9,4.9,1,Standard Class,7,266.55,Apparel,Latin America
5,9.5,4.5,1,Standard Class,4,32.82,Apparel,Latin America
2,4.2,2.2,1,First Class,4,498.62,Chemicals,South Asia
1,1.4,0.4,0,Same Day,1,375.01,Automotive,North America
2,3.2,1.2,1,First Class,3,420.62,Automotive,East Asia
5,9.0,4.0,1,Standard Class,5,114.34,Apparel,Europe
2,3.4,1.4,1,First Class,5,61.67,Electronics,Europe
2,3.7,1.7,1,First Class,2,262.39,Electronics,Latin America
3,5.2,2.2,1,Second Class,4,388.37,Industrial Parts,Europe
5,8.0,3.0,1,Standard Class,1,322.51,Automotive,Europe
3,6.4,3.4,1,Second Class,9,319.22,Electronics,Latin America
2,3.2,1.2,1,First Class,1,380.98,Apparel,North America
1,2.6,1.6,1,Same Day,6,121.24,Industrial Parts,South Asia
5,8.9,3.9,1,Standard Class,7,334.14,Automotive,North America
2,3.7,1.7,1,First Class,3,202.13,Industrial Parts,North America
1,2.6,1.6,1,Same Day,1,44.18,Electronics,South Asia
5,9.8,4.8,1,Standard Class,7,109.05,Apparel,Latin America
1,2.4,1.4,1,Same Day,3,399.06,Apparel,North America
2,3.5,1.5,1,First Class,6,449.01,Apparel,East Asia
5,9.0,4.0,1,Standard Class,6,148.58,Electronics,East Asia
5,9.3,4.3,1,Standard Class,4,103.28,Chemicals,South Asia
3,6.4,3.4,1,Second Class,6,23.1,Apparel,East Asia
5,9.1,4.1,1,Standard Class,4,474.37,Chemicals,Latin America
2,4.4,2.4,1,First Class,8,345.09,Apparel,Europe
5,10.4,5.4,1,Standard Class,9,478.94,Chemicals,Latin America
2,3.9,1.9,1,First Class,2,433.29,Automotive,South Asia
5,9.0,4.0,1,Standard Class,7,176.83,Automotive,Europe
3,6.1,3.1,1,Second Class,9,65.21,Apparel,East Asia
1,2.4,1.4,1,Same Day,9,254.54,Industrial Parts,North America
1,2.2,1.2,1,Same Day,5,23.14,Industrial Parts,East Asia
3,5.1,2.1,1,Second Class,1,83.46,Electronics,Latin America
5,9.7,4.7,1,Standard Class,6,124.38,Automotive,Latin America
3,6.2,3.2,1,Second Class,8,336.17,Automotive,South Asia
5,8.4,3.4,1,Standard Class,1,259.84,Industrial Parts,North America
5,8.7,3.7,1,Standard Class,2,158.19,Apparel,North America
5,8.5,3.5,1,Standard Class,1,286.74,Electronics,Europe
5,8.7,3.7,1,Standard Class,5,71.35,Automotive,Europe
3,5.9,2.9,1,Second Class,2,380.3,Electronics,Latin America
2,4.2,2.2,1,First Class,4,358.9,Automotive,South Asia
5,8.6,3.6,1,Standard Class,1,116.09,Chemicals,Latin America
5,9.0,4.0,1,Standard Class,7,307.13,Chemicals,North America
1,2.9,1.9,1,Same Day,8,256.62,Electronics,North America
5,8.9,3.9,1,Standard Class,5,39.8,Industrial Parts,Latin America
5,8.2,3.2,1,Standard Class,2,146.3,Industrial Parts,North America
5,9.4,4.4,1,Standard Class,8,499.75,Automotive,Europe
3,4.9,1.9,1,Second Class,1,58.77,Chemicals,North America
2,3.7,1.7,1,First Class,7,258.14,Chemicals,Europe
5,8.0,3.0,1,Standard Class,1,426.17,Electronics,East Asia
5,9.6,4.6,1,Standard Class,6,157.32,Electronics,South Asia
2,4.6,2.6,1,First Class,6,137.75,Industrial Parts,South Asia
2,4.1,2.1,1,First Class,5,446.49,Industrial Parts,North America
5,9.2,4.2,1,Standard Class,2,159.37,Industrial Parts,South Asia
1,2.1,1.1,1,Same Day,2,329.23,Apparel,East Asia
5,8.9,3.9,1,Standard Class,9,372.75,Chemicals,North America
5,9.1,4.1,1,Standard Class,5,396.42,Chemicals,Europe
1,2.1,1.1,1,Same Day,5,497.43,Electronics,East Asia
5,8.7,3.7,1,Standard Class,7,403.56,Chemicals,East Asia
2,4.6,2.6,1,First Class,6,331.94,Electronics,South Asia
5,8.5,3.5,1,Standard Class,2,448.78,Apparel,Europe
5,9.0,4.0,1,Standard Class,1,453.81,Industrial Parts,Latin America
1,2.1,1.1,1,Same Day,5,486.85,Apparel,East Asia
5,9.3,4.3,1,Standard Class,4,390.47,Industrial Parts,South Asia
3,4.8,1.8,1,Second Class,3,105.51,Industrial Parts,East Asia
5,9.0,4.0,1,Standard Class,2,357.8,Electronics,Europe
5,8.0,3.0,1,Standard Class,2,46.81,Industrial Parts,Europe
5,8.5,3.5,1,Standard Class,4,165.8,Apparel,North America
2,3.5,1.5,1,First Class,2,66.75,Automotive,Latin America
5,9.2,4.2,1,Standard Class,4,475.47,Electronics,Latin America
3,5.7,2.7,1,Second Class,3,175.99,Industrial Parts,South Asia
5,10.3,5.3,1,Standard Class,9,359.48,Industrial Parts,Latin America
1,2.7,1.7,1,Same Day,7,289.95,Chemicals,Europe
5,8.6,3.6,1,Standard Class,3,62.68,Electronics,Latin America
3,6.9,3.9,1,Second Class,8,285.06,Electronics,South Asia
3,6.5,3.5,1,Second Class,9,333.9,Apparel,East Asia
3,6.2,3.2,1,Second Class,7,441.94,Automotive,Latin America
3,5.9,2.9,1,Second Class,6,44.34,Apparel,Latin America
3,5.6,2.6,1,Second Class,4,154.86,Apparel,Europe
2,3.9,1.9,1,First Class,5,349.25,Apparel,Europe
5,9.0,4.0,1,Standard Class,8,26.82,Automotive,East Asia
5,8.8,3.8,1,Standard Class,3,109.74,Apparel,North America
1,2.2,1.2,1,Same Day,2,117.15,Electronics,Latin America
2,3.8,1.8,1,First Class,3,337.97,Automotive,Europe
3,5.5,2.5,1,Second Class,7,150.12,Industrial Parts,North America
5,9.6,4.6,1,Standard Class,8,303.8,Chemicals,Latin America
5,8.7,3.7,1,Standard Class,1,483.02,Chemicals,Latin America
5,8.9,3.9,1,Standard Class,7,398.69,Electronics,North America
2,4.3,2.3,1,First Class,9,173.12,Chemicals,Europe
5,8.4,3.4,1,Standard Class,3,241.48,Chemicals,East Asia
5,9.0,4.0,1,Standard Class,3,108.33,Chemicals,Latin America
5,9.7,4.7,1,Standard Class,8,17.7,Industrial Parts,South Asia
5,8.9,3.9,1,Standard Class,4,151.96,Chemicals,South Asia
2,4.8,2.8,1,First Class,8,191.01,Apparel,South Asia
5,8.8,3.8,1,Standard Class,5,286.54,Electronics,East Asia
3,5.5,2.5,1,Second Class,3,472.59,Electronics,Latin America
5,9.1,4.1,1,Standard Class,4,474.45,Electronics,Europe
5,8.8,3.8,1,Standard Class,4,44.35,Industrial Parts,Europe
5,9.5,4.5,1,Standard Class,8,311.18,Industrial Parts,East Asia
5,9.2,4.2,1,Standard Class,6,30.75,Chemicals,Latin America
5,8.5,3.5,1,Standard Class,7,327.56,Apparel,North America
5,10.0,5.0,1,Standard Class,9,67.67,Chemicals,North America
2,4.4,2.4,1,First Class,6,473.74,Electronics,Latin America
5,9.1,4.1,1,Standard Class,3,433.53,Apparel,Latin America
2,3.5,1.5,1,First Class,3,20.94,Electronics,Europe
3,5.5,2.5,1,Second Class,3,393.24,Apparel,East Asia
3,4.9,1.9,1,Second Class,2,321.59,Automotive,East Asia
5,7.9,2.9,1,Standard Class,1,252.73,Industrial Parts,Europe
5,8.5,3.5,1,Standard Class,1,305.29,Industrial Parts,South Asia
5,8.9,3.9,1,Standard Class,4,342.34,Electronics,North America
5,8.7,3.7,1,Standard Class,3,443.38,Electronics,Latin America
1,1.8,0.8,1,Same Day,5,386.01,Automotive,North America
5,9.3,4.3,1,Standard Class,9,291.94,Chemicals,North America
5,9.2,4.2,1,Standard Class,8,414.06,Apparel,East Asia
2,4.3,2.3,1,First Class,9,493.59,Automotive,Europe
3,6.1,3.1,1,Second Class,5,157.09,Automotive,South Asia
2,4.9,2.9,1,First Class,8,68.03,Electronics,South Asia
5,9.1,4.1,1,Standard Class,4,368.41,Electronics,Europe
5,8.9,3.9,1,Standard Class,5,489.51,Chemicals,North America
2,3.8,1.8,1,First Class,3,67.19,Chemicals,Europe
5,9.0,4.0,1,Standard Class,5,221.54,Electronics,Europe
5,8.7,3.7,1,Standard Class,3,40.51,Industrial Parts,Latin America
5,9.1,4.1,1,Standard Class,5,390.5,Chemicals,Latin America
5,8.6,3.6,1,Standard Class,5,474.87,Automotive,North America
5,8.9,3.9,1,Standard Class,6,254.51,Electronics,East Asia
5,9.9,4.9,1,Standard Class,9,210.67,Apparel,South Asia
2,3.8,1.8,1,First Class,1,454.78,Apparel,Latin America
2,3.9,1.9,1,First Class,6,75.36,Industrial Parts,North America
3,5.1,2.1,1,Second Class,1,446.88,Electronics,Europe
5,9.1,4.1,1,Standard Class,6,202.14,Automotive,Latin America
5,8.5,3.5,1,Standard Class,2,284.11,Industrial Parts,Europe
5,9.2,4.2,1,Standard Class,8,268.86,Automotive,Europe
2,3.8,1.8,1,First Class,3,311.83,Apparel,Latin America
3,5.6,2.6,1,Second Class,6,471.64,Automotive,North America
5,10.0,5.0,1,Standard Class,6,476.05,Apparel,South Asia
1,1.8,0.8,1,Same Day,4,417.26,Chemicals,North America
5,9.1,4.1,1,Standard Class,5,103.86,Apparel,East Asia
2,3.3,1.3,1,First Class,2,173.42,Apparel,East Asia
3,6.3,3.3,1,Second Class,8,249.03,Industrial Parts,South Asia
3,5.9,2.9,1,Second Class,7,453.68,Industrial Parts,East Asia
3,5.1,2.1,1,Second Class,6,265.22,Electronics,Europe
3,6.5,3.5,1,Second Class,7,488.94,Electronics,East Asia
5,8.6,3.6,1,Standard Class,1,492.08,Apparel,Latin America
3,6.0,3.0,1,Second Class,5,303.31,Chemicals,Europe
5,9.6,4.6,1,Standard Class,7,439.97,Electronics,North America
3,5.4,2.4,1,Second Class,1,499.62,Apparel,South Asia
2,3.8,1.8,1,First Class,2,426.36,Industrial Parts,Latin America
3,6.8,3.8,1,Second Class,9,331.89,Electronics,Latin America
5,9.7,4.7,1,Standard Class,3,424.12,Electronics,South Asia
2,3.8,1.8,1,First Class,6,50.5,Apparel,East Asia
2,4.6,2.6,1,First Class,7,321.06,Apparel,South Asia
3,6.4,3.4,1,Second Class,9,116.1,Automotive,South Asia
5,8.6,3.6,1,Standard Class,5,66.87,Automotive,East Asia
5,8.6,3.6,1,Standard Class,4,447.51,Chemicals,North America
5,9.4,4.4,1,Standard Class,2,323.43,Electronics,South Asia
5,9.1,4.1,1,Standard Class,3,129.34,Automotive,East Asia
3,6.3,3.3,1,Second Class,5,199.52,Apparel,Latin America
5,9.1,4.1,1,Standard Class,2,486.91,Electronics,South Asia
1,2.9,1.9,1,Same Day,4,432.47,Automotive,South Asia
5,8.0,3.0,1,Standard Class,1,17.64,Chemicals,North America
5,9.1,4.1,1,Standard Class,4,490.1,Chemicals,North America
3,6.0,3.0,1,Second Class,7,190.58,Chemicals,Latin America
2,3.3,1.3,1,First Class,3,350.75,Chemicals,North America
5,10.0,5.0,1,Standard Class,8,359.21,Apparel,Latin America
2,4.3,2.3,1,First Class,6,456.73,Chemicals,South Asia
3,6.5,3.5,1,Second Class,6,443.68,Industrial Parts,East Asia
5,8.5,3.5,1,Standard Class,1,148.05,Chemicals,North America
1,3.1,2.1,1,Same Day,5,325.33,Automotive,Latin America
1,1.8,0.8,1,Same Day,3,202.92,Electronics,North America
2,3.4,1.4,1,First Class,1,267.52,Automotive,North America
5,9.5,4.5,1,Standard Class,8,281.79,Electronics,Europe
2,5.1,3.1,1,First Class,7,204.21,Apparel,South Asia
5,8.5,3.5,1,Standard Class,7,237.31,Electronics,North America
5,8.5,3.5,1,Standard Class,4,112.09,Industrial Parts,East Asia
5,9.1,4.1,1,Standard Class,6,307.75,Chemicals,Europe
5,10.0,5.0,1,Standard Class,9,381.89,Automotive,Latin America
3,5.8,2.8,1,Second Class,3,220.57,Electronics,Latin America
3,5.8,2.8,1,Second Class,9,489.06,Automotive,East Asia
3,5.6,2.6,1,Second Class,4,38.04,Chemicals,East Asia
5,9.5,4.5,1,Standard Class,5,298.69,Apparel,South Asia
5,9.1,4.1,1,Standard Class,7,295.96,Chemicals,East Asia
5,9.5,4.5,1,Standard Class,6,27.79,Apparel,Latin America
1,3.6,2.6,1,Same Day,8,120.04,Automotive,South Asia
5,9.3,4.3,1,Standard Class,8,453.72,Apparel,East Asia
3,5.7,2.7,1,Second Class,8,276.81,Apparel,East Asia
2,4.4,2.4,1,First Class,3,223.83,Apparel,Latin America
5,10.0,5.0,1,Standard Class,6,213.59,Apparel,South Asia
3,5.9,2.9,1,Second Class,7,445.2,Apparel,Europe
5,9.7,4.7,1,Standard Class,9,189.85,Electronics,Europe
3,5.6,2.6,1,Second Class,4,430.99,Apparel,South Asia
1,2.3,1.3,1,Same Day,5,161.5,Apparel,East Asia
5,8.8,3.8,1,Standard Class,8,270.44,Chemicals,East Asia
5,9.1,4.1,1,Standard Class,1,80.47,Chemicals,South Asia
2,3.5,1.5,1,First Class,6,414.26,Chemicals,Europe
1,2.0,1.0,1,Same Day,4,370.63,Apparel,North America
5,9.4,4.4,1,Standard Class,5,269.75,Chemicals,Latin America
2,4.6,2.6,1,First Class,5,22.69,Electronics,South Asia
2,3.5,1.5,1,First Class,2,245.82,Automotive,North America
3,6.9,3.9,1,Second Class,8,120.35,Chemicals,Latin America
5,8.6,3.6,1,Standard Class,2,212.55,Chemicals,North America
3,5.9,2.9,1,Second Class,4,429.65,Electronics,North America
1,2.3,1.3,1,Same Day,5,387.11,Industrial Parts,Latin America
5,8.1,3.1,1,Standard Class,1,128.56,Industrial Parts,North America
5,9.1,4.1,1,Standard Class,6,492.63,Electronics,Europe
1,2.9,1.9,1,Same Day,2,452.57,Chemicals,South Asia
5,8.7,3.7,1,Standard Class,5,269.05,Automotive,Europe
3,6.4,3.4,1,Second Class,6,269.77,Chemicals,Europe
5,9.9,4.9,1,Standard Class,8,451.62,Electronics,Latin America
5,9.7,4.7,1,Standard Class,9,321.71,Electronics,Latin America
3,5.9,2.9,1,Second Class,6,272.98,Apparel,Latin America
5,9.1,4.1,1,Standard Class,5,377.08,Electronics,North America
2,3.4,1.4,1,First Class,4,125.2,Apparel,North America
5,8.9,3.9,1,Standard Class,2,440.4,Electronics,South Asia
2,3.3,1.3,1,First Class,2,270.39,Apparel,North America
5,9.8,4.8,1,Standard Class,7,305.71,Apparel,South Asia
5,9.4,4.4,1,Standard Class,5,54.07,Chemicals,Europe
1,3.3,2.3,1,Same Day,7,161.66,Apparel,South Asia
5,8.6,3.6,1,Standard Class,1,219.1,Industrial Parts,South Asia
2,3.4,1.4,1,First Class,1,212.82,Electronics,Latin America
5,9.4,4.4,1,Standard Class,5,391.36,Automotive,North America
3,5.0,2.0,1,Second Class,2,148.34,Electronics,East Asia
5,9.5,4.5,1,Standard Class,8,99.23,Chemicals,East Asia
1,2.5,1.5,1,Same Day,3,295.48,Chemicals,Latin America
5,8.4,3.4,1,Standard Class,1,311.36,Apparel,Europe
5,8.8,3.8,1,Standard Class,2,69.58,Chemicals,Europe
5,9.2,4.2,1,Standard Class,7,11.21,Chemicals,Europe
5,9.8,4.8,1,Standard Class,6,459.65,Electronics,South Asia
2,4.3,2.3,1,First Class,8,49.02,Industrial Parts,North America
5,9.0,4.0,1,Standard Class,7,449.95,Industrial Parts,Europe
3,6.2,3.2,1,Second Class,8,205.62,Apparel,East Asia
5,8.9,3.9,1,Standard Class,3,330.0,Chemicals,South Asia
5,8.7,3.7,1,Standard Class,6,100.95,Chemicals,Europe
2,4.2,2.2,1,First Class,7,413.72,Industrial Parts,Europe
3,5.2,2.2,1,Second Class,1,98.29,Apparel,North America
5,8.4,3.4,1,Standard Class,1,199.39,Chemicals,North America
5,9.7,4.7,1,Standard Class,7,126.63,Apparel,South Asia
5,8.5,3.5,1,Standard Class,3,420.38,Electronics,East Asia
3,5.5,2.5,1,Second Class,3,430.58,Chemicals,Latin America
2,3.2,1.2,1,First Class,5,192.29,Chemicals,East Asia
5,9.3,4.3,1,Standard Class,6,160.62,Chemicals,North America
3,5.5,2.5,1,Second Class,2,389.05,Industrial Parts,North America
3,5.8,2.8,1,Second Class,3,440.47,Industrial Parts,Latin America
2,4.3,2.3,1,First Class,6,315.77,Chemicals,East Asia
3,5.5,2.5,1,Second Class,3,464.43,Chemicals,East Asia
5,9.4,4.4,1,Standard Class,5,197.69,Electronics,Latin America
5,10.1,5.1,1,Standard Class,9,84.42,Electronics,North America
5,8.7,3.7,1,Standard Class,3,98.03,Apparel,South Asia
5,9.0,4.0,1,Standard Class,6,338.22,Apparel,East Asia
2,3.5,1.5,1,First Class,5,209.69,Industrial Parts,Europe
1,2.2,1.2,1,Same Day,5,86.59,Automotive,East Asia
5,9.0,4.0,1,Standard Class,6,153.19,Electronics,East Asia
5,9.0,4.0,1,Standard Class,6,270.0,Apparel,East Asia
5,7.9,2.9,1,Standard Class,1,69.51,Electronics,North America
1,2.9,1.9,1,Same Day,9,11.69,Electronics,Europe
5,8.6,3.6,1,Standard Class,5,459.48,Automotive,East Asia
2,4.1,2.1,1,First Class,1,159.38,Electronics,South Asia
5,9.5,4.5,1,Standard Class,8,118.53,Automotive,Europe
5,9.7,4.7,1,Standard Class,7,352.26,Automotive,Latin America
1,3.0,2.0,1,Same Day,7,428.17,Electronics,South Asia
1,2.8,1.8,1,Same Day,5,319.82,Electronics,Latin America
5,8.5,3.5,1,Standard Class,1,134.7,Apparel,East Asia
1,2.8,1.8,1,Same Day,9,432.2,Electronics,North America
2,3.9,1.9,1,First Class,9,260.11,Electronics,East Asia
3,6.3,3.3,1,Second Class,8,196.78,Electronics,East Asia
5,9.5,4.5,1,Standard Class,5,306.32,Apparel,Latin America
2,3.5,1.5,1,First Class,3,353.3,Automotive,East Asia
5,9.6,4.6,1,Standard Class,8,300.98,Apparel,South Asia
2,3.4,1.4,1,First Class,1,460.92,Electronics,North America
5,9.4,4.4,1,Standard Class,3,317.73,Chemicals,Latin America
5,9.2,4.2,1,Standard Class,7,440.5,Electronics,Europe
5,8.6,3.6,1,Standard Class,4,297.61,Apparel,East Asia
3,6.3,3.3,1,Second Class,7,171.54,Apparel,Latin America
5,8.7,3.7,1,Standard Class,5,270.83,Industrial Parts,East Asia
2,3.8,1.8,1,First Class,6,52.3,Chemicals,East Asia
1,3.0,2.0,1,Same Day,7,122.79,Apparel,Latin America
5,9.8,4.8,1,Standard Class,7,385.45,Automotive,South Asia
2,4.3,2.3,1,First Class,7,334.12,Electronics,Europe
5,9.6,4.6,1,Standard Class,7,91.59,Automotive,East Asia
3,6.2,3.2,1,Second Class,7,224.63,Apparel,South Asia
5,8.3,3.3,1,Standard Class,3,79.58,Apparel,East Asia
2,3.7,1.7,1,First Class,3,429.35,Automotive,East Asia
3,6.2,3.2,1,Second Class,7,63.49,Automotive,South Asia
1,1.5,0.5,0,Same Day,2,330.58,Industrial Parts,East Asia
2,3.0,1.0,1,First Class,2,307.43,Electronics,Europe
5,9.0,4.0,1,Standard Class,3,241.66,Automotive,Latin America
2,4.7,2.7,1,First Class,4,146.33,Electronics,South Asia
3,5.8,2.8,1,Second Class,6,207.94,Chemicals,North America
2,4.3,2.3,1,First Class,8,405.13,Apparel,East Asia
5,9.3,4.3,1,Standard Class,7,383.16,Automotive,Latin America
1,2.5,1.5,1,Same Day,4,372.02,Chemicals,Europe
2,3.6,1.6,1,First Class,2,377.41,Apparel,Europe
2,3.2,1.2,1,First Class,2,80.5,Industrial Parts,North America
5,8.5,3.5,1,Standard Class,4,58.56,Apparel,Europe
2,4.7,2.7,1,First Class,6,432.13,Automotive,Latin America
5,8.5,3.5,1,Standard Class,3,420.22,Chemicals,North America
2,4.3,2.3,1,First Class,6,343.85,Chemicals,South Asia
5,8.7,3.7,1,Standard Class,5,306.89,Chemicals,North America
2,4.4,2.4,1,First Class,5,189.77,Apparel,South Asia
1,2.1,1.1,1,Same Day,2,119.8,Electronics,Europe
5,9.9,4.9,1,Standard Class,8,337.15,Electronics,Latin America
1,2.4,1.4,1,Same Day,5,457.39,Apparel,East Asia
5,8.3,3.3,1,Standard Class,2,224.13,Automotive,North America
3,6.0,3.0,1,Second Class,7,158.57,Apparel,Europe
3,6.6,3.6,1,Second Class,9,142.66,Electronics,Latin America
2,4.3,2.3,1,First Class,9,21.62,Apparel,East Asia
3,5.5,2.5,1,Second Class,1,264.96,Chemicals,North America
3,6.4,3.4,1,Second Class,7,494.24,Automotive,Latin America
5,9.3,4.3,1,Standard Class,9,409.47,Automotive,Europe
5,8.8,3.8,1,Standard Class,6,449.76,Industrial Parts,North America
2,2.5,0.5,0,First Class,1,314.37,Apparel,North America
3,6.4,3.4,1,Second Class,2,245.91,Chemicals,South Asia
3,6.7,3.7,1,Second Class,4,495.32,Apparel,South Asia
3,5.7,2.7,1,Second Class,4,229.11,Industrial Parts,North America
5,8.6,3.6,1,Standard Class,2,459.25,Industrial Parts,Latin America
3,6.9,3.9,1,Second Class,8,383.3,Apparel,Europe
5,8.0,3.0,1,Standard Class,2,172.18,Apparel,East Asia
2,4.1,2.1,1,First Class,3,256.5,Apparel,South Asia
5,8.2,3.2,1,Standard Class,4,198.32,Electronics,Europe
5,8.8,3.8,1,Standard Class,9,76.75,Industrial Parts,North America
5,8.3,3.3,1,Standard Class,1,184.82,Automotive,Europe
5,9.4,4.4,1,Standard Class,8,445.6,Electronics,Europe
2,3.8,1.8,1,First Class,5,378.79,Chemicals,Europe
5,9.6,4.6,1,Standard Class,7,146.01,Automotive,North America
5,9.8,4.8,1,Standard Class,8,190.28,Automotive,South Asia
5,9.1,4.1,1,Standard Class,5,312.05,Automotive,East Asia
5,9.5,4.5,1,Standard Class,8,213.91,Industrial Parts,Latin America
5,10.2,5.2,1,Standard Class,8,256.49,Chemicals,South Asia
5,9.9,4.9,1,Standard Class,9,352.1,Electronics,East Asia
2,3.2,1.2,1,First Class,2,238.95,Chemicals,North America
2,3.6,1.6,1,First Class,3,103.58,Electronics,East Asia
2,2.9,0.9,1,First Class,1,265.08,Industrial Parts,North America
5,8.6,3.6,1,Standard Class,4,184.5,Chemicals,East Asia
5,9.6,4.6,1,Standard Class,5,152.46,Automotive,South Asia
3,5.2,2.2,1,Second Class,1,170.77,Chemicals,North America
2,3.7,1.7,1,First Class,8,225.11,Industrial Parts,Europe
5,8.1,3.1,1,Standard Class,2,444.44,Industrial Parts,North America
5,8.1,3.1,1,Standard Class,1,369.69,Industrial Parts,North America
5,8.5,3.5,1,Standard Class,2,337.26,Electronics,East Asia
5,8.6,3.6,1,Standard Class,5,240.92,Chemicals,North America
5,9.0,4.0,1,Standard Class,9,10.9,Automotive,East Asia
2,4.1,2.1,1,First Class,9,176.87,Automotive,South Asia
2,3.9,1.9,1,First Class,2,408.46,Apparel,North America
2,3.4,1.4,1,First Class,2,200.2,Industrial Parts,Europe
3,4.9,1.9,1,Second Class,3,286.27,Automotive,Europe
3,6.8,3.8,1,Second Class,7,110.32,Industrial Parts,South Asia
3,5.8,2.8,1,Second Class,3,458.77,Automotive,Europe
1,1.8,0.8,1,Same Day,1,462.35,Chemicals,East Asia
5,9.2,4.2,1,Standard Class,6,81.57,Apparel,North America
5,9.4,4.4,1,Standard Class,3,364.84,Industrial Parts,Latin America
5,8.4,3.4,1,Standard Class,1,46.87,Electronics,North America
2,3.8,1.8,1,First Class,4,303.29,Electronics,North America
3,5.1,2.1,1,Second Class,1,97.54,Automotive,Latin America
5,7.4,2.4,1,Standard Class,1,81.4,Chemicals,Europe
1,2.1,1.1,1,Same Day,2,12.02,Industrial Parts,Europe
5,9.2,4.2,1,Standard Class,8,471.02,Apparel,North America
1,1.7,0.7,1,Same Day,2,416.33,Chemicals,Europe
5,8.7,3.7,1,Standard Class,2,47.96,Automotive,East Asia
5,9.0,4.0,1,Standard Class,8,303.69,Chemicals,East Asia
5,9.5,4.5,1,Standard Class,6,124.12,Apparel,Latin America
5,8.7,3.7,1,Standard Class,4,139.37,Chemicals,North America
5,8.8,3.8,1,Standard Class,3,438.34,Industrial Parts,East Asia
5,8.9,3.9,1,Standard Class,1,66.02,Automotive,South Asia
3,5.5,2.5,1,Second Class,3,304.73,Apparel,Europe
2,4.2,2.2,1,First Class,9,206.62,Automotive,North America
5,8.7,3.7,1,Standard Class,5,103.49,Industrial Parts,East Asia
2,4.5,2.5,1,First Class,6,231.44,Apparel,Latin America
3,5.5,2.5,1,Second Class,5,470.84,Apparel,East Asia
5,8.6,3.6,1,Standard Class,1,392.99,Automotive,South Asia
5,8.6,3.6,1,Standard Class,1,74.73,Chemicals,East Asia
5,8.5,3.5,1,Standard Class,4,426.22,Chemicals,North America
5,8.9,3.9,1,Standard Class,3,469.35,Electronics,Latin America
2,5.0,3.0,1,First Class,8,145.71,Electronics,Latin America
5,9.5,4.5,1,Standard Class,7,173.38,Apparel,South Asia
2,4.1,2.1,1,First Class,7,71.89,Automotive,North America
3,6.8,3.8,1,Second Class,8,179.02,Apparel,South Asia
5,9.7,4.7,1,Standard Class,7,339.84,Automotive,South Asia
2,3.7,1.7,1,First Class,2,143.36,Industrial Parts,South Asia
5,8.4,3.4,1,Standard Class,4,13.34,Electronics,East Asia
1,2.6,1.6,1,Same Day,6,175.89,Apparel,Europe
5,8.9,3.9,1,Standard Class,3,232.06,Industrial Parts,East Asia
3,5.6,2.6,1,Second Class,3,287.51,Chemicals,North America
2,4.6,2.6,1,First Class,6,345.07,Electronics,South Asia
5,8.2,3.2,1,Standard Class,1,40.27,Automotive,South Asia
2,3.4,1.4,1,First Class,1,240.18,Chemicals,Europe
1,2.7,1.7,1,Same Day,5,140.52,Chemicals,Latin America
2,3.5,1.5,1,First Class,1,474.51,Industrial Parts,South Asia
3,6.3,3.3,1,Second Class,8,186.35,Apparel,East Asia
3,5.8,2.8,1,Second Class,2,59.06,Apparel,South Asia
5,9.3,4.3,1,Standard Class,6,30.33,Industrial Parts,North America
5,9.0,4.0,1,Standard Class,5,140.05,Chemicals,Europe
2,4.0,2.0,1,First Class,4,97.65,Electronics,Latin America
5,8.1,3.1,1,Standard Class,1,328.4,Chemicals,North America
3,5.5,2.5,1,Second Class,3,425.01,Industrial Parts,East Asia
1,1.7,0.7,1,Same Day,4,163.15,Chemicals,North America
5,8.8,3.8,1,Standard Class,2,293.12,Chemicals,South Asia
5,7.7,2.7,1,Standard Class,2,367.85,Chemicals,Europe
3,5.9,2.9,1,Second Class,2,205.26,Chemicals,South Asia
5,8.4,3.4,1,Standard Class,1,42.5,Electronics,Europe
3,5.0,2.0,1,Second Class,2,122.3,Automotive,East Asia
5,8.7,3.7,1,Standard Class,6,442.7,Automotive,North America
2,3.7,1.7,1,First Class,3,414.0,Apparel,Europe
5,8.6,3.6,1,Standard Class,5,52.4,Automotive,North America
2,3.3,1.3,1,First Class,1,119.73,Automotive,Europe
5,9.9,4.9,1,Standard Class,8,386.89,Automotive,South Asia
2,3.4,1.4,1,First Class,4,248.09,Chemicals,Europe
5,9.6,4.6,1,Standard Class,9,382.38,Chemicals,Europe
3,6.0,3.0,1,Second Class,4,113.44,Electronics,Latin America
3,5.6,2.6,1,Second Class,2,476.82,Chemicals,East Asia
5,8.9,3.9,1,Standard Class,3,393.97,Chemicals,South Asia
5,9.0,4.0,1,Standard Class,5,106.75,Automotive,South Asia
5,9.0,4.0,1,Standard Class,6,283.64,Electronics,North America
2,4.2,2.2,1,First Class,7,65.42,Electronics,Europe
2,3.5,1.5,1,First Class,4,187.1,Automotive,Europe
2,4.6,2.6,1,First Class,7,333.21,Automotive,Europe
5,9.5,4.5,1,Standard Class,3,171.76,Electronics,South Asia
5,9.5,4.5,1,Standard Class,7,331.81,Industrial Parts,Latin America
2,3.6,1.6,1,First Class,4,129.94,Automotive,North America
5,8.8,3.8,1,Standard Class,8,363.39,Automotive,Europe
1,3.7,2.7,1,Same Day,9,186.2,Electronics,Latin America
5,8.9,3.9,1,Standard Class,7,397.34,Industrial Parts,East Asia
2,4.8,2.8,1,First Class,8,76.98,Industrial Parts,South Asia
5,9.2,4.2,1,Standard Class,8,187.37,Apparel,East Asia
5,8.5,3.5,1,Standard Class,2,237.33,Industrial Parts,South Asia
3,6.5,3.5,1,Second Class,9,217.68,Automotive,North America
2,3.6,1.6,1,First Class,6,222.22,Chemicals,East Asia
1,2.0,1.0,1,Same Day,4,227.95,Electronics,North America
5,9.1,4.1,1,Standard Class,5,494.51,Automotive,North America
5,8.6,3.6,1,Standard Class,5,104.65,Electronics,North America
3,6.4,3.4,1,Second Class,7,386.65,Industrial Parts,East Asia
2,4.1,2.1,1,First Class,9,280.38,Electronics,East Asia
5,8.8,3.8,1,Standard Class,7,212.68,Automotive,East Asia
5,9.5,4.5,1,Standard Class,9,320.43,Chemicals,Europe
5,9.2,4.2,1,Standard Class,4,428.23,Automotive,North America
3,5.5,2.5,1,Second Class,4,238.65,Apparel,Europe
5,9.9,4.9,1,Standard Class,6,433.75,Electronics,South Asia
5,8.9,3.9,1,Standard Class,8,55.96,Automotive,East Asia
5,9.8,4.8,1,Standard Class,9,330.01,Industrial Parts,Latin America
5,8.7,3.7,1,Standard Class,1,173.26,Industrial Parts,South Asia
5,7.9,2.9,1,Standard Class,1,199.49,Automotive,North America
2,3.7,1.7,1,First Class,8,289.8,Apparel,North America
5,9.1,4.1,1,Standard Class,7,245.16,Electronics,Europe
3,6.7,3.7,1,Second Class,9,197.07,Apparel,East Asia
5,8.6,3.6,1,Standard Class,3,161.08,Chemicals,East Asia
2,4.1,2.1,1,First Class,5,312.97,Automotive,South Asia
3,5.3,2.3,1,Second Class,3,257.73,Apparel,South Asia
2,4.2,2.2,1,First Class,5,168.42,Chemicals,South Asia
2,3.5,1.5,1,First Class,1,110.43,Apparel,Latin America
5,9.3,4.3,1,Standard Class,4,389.49,Chemicals,Latin America
5,8.9,3.9,1,Standard Class,6,401.86,Industrial Parts,North America
2,3.5,1.5,1,First Class,2,114.76,Industrial Parts,North America
1,2.8,1.8,1,Same Day,7,138.21,Automotive,North America
2,4.2,2.2,1,First Class,8,127.18,Apparel,East Asia
2,3.1,1.1,1,First Class,1,443.44,Industrial Parts,North America
3,5.5,2.5,1,Second Class,4,389.32,Electronics,Europe
5,8.7,3.7,1,Standard Class,4,46.54,Industrial Parts,South Asia
5,9.1,4.1,1,Standard Class,5,418.01,Industrial Parts,East Asia
2,4.6,2.6,1,First Class,4,28.06,Apparel,Latin America
1,3.5,2.5,1,Same Day,9,134.07,Chemicals,South Asia
5,8.9,3.9,1,Standard Class,7,460.31,Electronics,North America
2,3.8,1.8,1,First Class,2,433.52,Electronics,Latin America
5,8.6,3.6,1,Standard Class,1,392.9,Chemicals,Latin America
2,4.8,2.8,1,First Class,9,234.2,Apparel,Latin America
5,8.7,3.7,1,Standard Class,1,167.49,Industrial Parts,South Asia
5,8.4,3.4,1,Standard Class,6,441.96,Chemicals,East Asia
3,5.8,2.8,1,Second Class,2,331.97,Electronics,South Asia
5,9.4,4.4,1,Standard Class,4,154.8,Electronics,Europe
2,3.5,1.5,1,First Class,6,236.97,Industrial Parts,North America
3,6.0,3.0,1,Second Class,5,441.94,Industrial Parts,East Asia
1,2.6,1.6,1,Same Day,6,452.69,Automotive,East Asia
5,8.3,3.3,1,Standard Class,3,333.06,Chemicals,North America
5,8.4,3.4,1,Standard Class,5,368.95,Industrial Parts,Europe
5,9.0,4.0,1,Standard Class,2,29.26,Automotive,Latin America
1,2.7,1.7,1,Same Day,7,306.25,Apparel,North America
1,2.0,1.0,1,Same Day,3,347.61,Electronics,Latin America
2,3.4,1.4,1,First Class,1,19.98,Chemicals,North America
3,6.5,3.5,1,Second Class,8,423.49,Apparel,South Asia
2,4.3,2.3,1,First Class,8,464.86,Chemicals,Europe
2,3.7,1.7,1,First Class,3,126.59,Chemicals,Europe
5,9.4,4.4,1,Standard Class,7,424.44,Industrial Parts,North America
3,6.0,3.0,1,Second Class,9,336.1,Automotive,Europe
5,10.4,5.4,1,Standard Class,8,294.54,Chemicals,Latin America
3,5.1,2.1,1,Second Class,3,423.13,Apparel,Europe
3,5.5,2.5,1,Second Class,2,149.95,Chemicals,Europe
3,5.8,2.8,1,Second Class,7,397.52,Automotive,Europe
5,9.2,4.2,1,Standard Class,7,164.12,Electronics,East Asia
5,9.4,4.4,1,Standard Class,9,395.85,Chemicals,North America
5,9.6,4.6,1,Standard Class,5,231.02,Apparel,South Asia
5,9.6,4.6,1,Standard Class,4,67.3,Electronics,South Asia
5,9.1,4.1,1,Standard Class,8,196.94,Electronics,East Asia
1,1.9,0.9,1,Same Day,4,124.41,Industrial Parts,East Asia
2,3.5,1.5,1,First Class,4,59.26,Industrial Parts,South Asia
5,8.9,3.9,1,Standard Class,2,64.04,Chemicals,Latin America
5,8.8,3.8,1,Standard Class,1,392.23,Apparel,South Asia
5,9.3,4.3,1,Standard Class,4,441.88,Industrial Parts,South Asia
2,4.0,2.0,1,First Class,7,464.29,Automotive,North America
2,5.1,3.1,1,First Class,9,428.43,Automotive,South Asia
1,3.3,2.3,1,Same Day,9,416.81,Electronics,South Asia
5,8.4,3.4,1,Standard Class,1,43.73,Electronics,Europe
1,2.3,1.3,1,Same Day,5,397.16,Electronics,East Asia
3,6.2,3.2,1,Second Class,7,393.81,Automotive,South Asia
5,9.5,4.5,1,Standard Class,7,74.33,Industrial Parts,South Asia
1,3.2,2.2,1,Same Day,6,334.38,Industrial Parts,Latin America
5,9.5,4.5,1,Standard Class,4,231.73,Chemicals,South Asia
3,5.6,2.6,1,Second Class,3,451.01,Apparel,North America
5,9.9,4.9,1,Standard Class,9,350.75,Automotive,Latin America
3,5.4,2.4,1,Second Class,4,475.98,Electronics,South Asia
3,5.6,2.6,1,Second Class,8,61.41,Apparel,North America
3,5.0,2.0,1,Second Class,1,29.9,Electronics,East Asia
3,6.1,3.1,1,Second Class,7,487.05,Apparel,South Asia
5,9.3,4.3,1,Standard Class,6,49.29,Apparel,East Asia
5,8.6,3.6,1,Standard Class,1,199.24,Industrial Parts,South Asia
5,9.1,4.1,1,Standard Class,4,328.49,Chemicals,Latin America
5,9.9,4.9,1,Standard Class,5,441.23,Chemicals,Latin America
2,4.5,2.5,1,First Class,8,134.74,Electronics,North America
5,8.8,3.8,1,Standard Class,4,24.24,Automotive,Europe
1,2.1,1.1,1,Same Day,3,265.43,Chemicals,North America
2,3.6,1.6,1,First Class,2,240.84,Automotive,South Asia
3,5.7,2.7,1,Second Class,4,160.38,Electronics,East Asia
5,8.8,3.8,1,Standard Class,4,438.21,Automotive,East Asia
3,6.2,3.2,1,Second Class,5,377.17,Apparel,South Asia
1,2.8,1.8,1,Same Day,7,430.48,Apparel,Europe
5,9.6,4.6,1,Standard Class,9,89.29,Electronics,Europe
2,3.0,1.0,1,First Class,2,349.28,Automotive,Europe
3,6.5,3.5,1,Second Class,5,487.8,Automotive,South Asia
5,9.9,4.9,1,Standard Class,9,309.84,Electronics,Latin America
2,4.0,2.0,1,First Class,3,93.97,Chemicals,Latin America
5,8.4,3.4,1,Standard Class,1,497.93,Industrial Parts,South Asia
5,8.5,3.5,1,Standard Class,2,268.88,Chemicals,Latin America
5,8.6,3.6,1,Standard Class,6,421.63,Industrial Parts,Europe
5,10.0,5.0,1,Standard Class,5,83.19,Automotive,Latin America
5,9.5,4.5,1,Standard Class,1,336.39,Industrial Parts,South Asia
5,8.2,3.2,1,Standard Class,1,457.18,Industrial Parts,Latin America
1,2.2,1.2,1,Same Day,4,270.69,Automotive,Latin America
2,3.9,1.9,1,First Class,4,151.44,Apparel,Latin America
1,3.3,2.3,1,Same Day,6,72.44,Industrial Parts,Latin America
5,9.7,4.7,1,Standard Class,6,155.01,Electronics,South Asia
5,9.7,4.7,1,Standard Class,6,183.89,Chemicals,North America
2,3.5,1.5,1,First Class,1,357.88,Automotive,Latin America
5,9.2,4.2,1,Standard Class,9,97.52,Automotive,North America
5,9.7,4.7,1,Standard Class,7,61.99,Industrial Parts,South Asia
2,4.0,2.0,1,First Class,7,199.6,Apparel,East Asia
5,9.1,4.1,1,Standard Class,7,234.74,Apparel,North America
2,3.9,1.9,1,First Class,2,317.91,Chemicals,South Asia
2,3.9,1.9,1,First Class,2,356.69,Chemicals,East Asia
5,9.5,4.5,1,Standard Class,6,445.75,Apparel,Latin America
5,9.4,4.4,1,Standard Class,7,151.59,Apparel,South Asia
3,5.3,2.3,1,Second Class,3,269.02,Apparel,Europe
5,8.9,3.9,1,Standard Class,4,189.36,Industrial Parts,East Asia
5,8.7,3.7,1,Standard Class,3,10.7,Electronics,Europe
1,3.2,2.2,1,Same Day,7,293.92,Chemicals,Latin America
5,9.1,4.1,1,Standard Class,7,409.74,Automotive,Latin America
2,3.1,1.1,1,First Class,4,27.86,Apparel,North America
1,3.0,2.0,1,Same Day,7,11.71,Apparel,Latin America
5,9.0,4.0,1,Standard Class,5,366.63,Electronics,North America
5,8.0,3.0,1,Standard Class,1,345.09,Apparel,East Asia
5,9.1,4.1,1,Standard Class,4,208.87,Chemicals,Europe
5,9.3,4.3,1,Standard Class,7,334.19,Apparel,East Asia
5,8.2,3.2,1,Standard Class,2,477.16,Electronics,Europe
2,4.7,2.7,1,First Class,2,131.45,Industrial Parts,South Asia
5,8.1,3.1,1,Standard Class,1,130.5,Chemicals,East Asia
2,3.7,1.7,1,First Class,2,101.25,Industrial Parts,South Asia
1,2.6,1.6,1,Same Day,8,364.75,Automotive,Europe
3,6.1,3.1,1,Second Class,8,183.06,Electronics,North America
2,3.9,1.9,1,First Class,8,494.46,Automotive,East Asia
5,8.5,3.5,1,Standard Class,1,360.18,Automotive,East Asia
2,3.4,1.4,1,First Class,1,190.01,Automotive,North America
2,3.8,1.8,1,First Class,4,83.1,Automotive,North America
5,9.3,4.3,1,Standard Class,6,300.09,Electronics,Latin America
5,9.6,4.6,1,Standard Class,8,154.5,Industrial Parts,Latin America
3,5.4,2.4,1,Second Class,2,453.7,Apparel,Europe
5,8.6,3.6,1,Standard Class,3,226.29,Automotive,East Asia
5,8.8,3.8,1,Standard Class,6,153.4,Apparel,North America
5,8.1,3.1,1,Standard Class,4,298.39,Apparel,North America
5,8.8,3.8,1,Standard Class,2,77.12,Automotive,South Asia
3,6.6,3.6,1,Second Class,7,285.16,Chemicals,Latin America
3,6.2,3.2,1,Second Class,4,37.49,Apparel,South Asia
3,5.6,2.6,1,Second Class,8,307.38,Chemicals,North America
5,9.6,4.6,1,Standard Class,8,269.78,Industrial Parts,East Asia
5,9.7,4.7,1,Standard Class,7,265.18,Apparel,East Asia
5,9.9,4.9,1,Standard Class,9,345.24,Electronics,South Asia
5,9.1,4.1,1,Standard Class,4,31.78,Industrial Parts,Latin America
5,9.0,4.0,1,Standard Class,7,235.27,Industrial Parts,Europe
3,4.9,1.9,1,Second Class,1,227.58,Chemicals,East Asia
5,9.1,4.1,1,Standard Class,4,235.29,Automotive,Europe
2,3.5,1.5,1,First Class,2,490.15,Electronics,Latin America
5,10.1,5.1,1,Standard Class,9,78.25,Electronics,South Asia
5,9.2,4.2,1,Standard Class,5,348.31,Chemicals,Latin America
5,8.6,3.6,1,Standard Class,3,206.98,Chemicals,North America
1,2.5,1.5,1,Same Day,4,260.75,Industrial Parts,Latin America
3,6.6,3.6,1,Second Class,6,383.57,Chemicals,South Asia
1,2.6,1.6,1,Same Day,1,87.11,Automotive,South Asia
5,9.7,4.7,1,Standard Class,7,384.16,Industrial Parts,Latin America
5,9.8,4.8,1,Standard Class,8,44.46,Industrial Parts,South Asia
2,4.3,2.3,1,First Class,7,246.82,Industrial Parts,North America
5,8.9,3.9,1,Standard Class,7,373.61,Electronics,Europe
3,6.9,3.9,1,Second Class,9,104.35,Electronics,Latin America
5,9.1,4.1,1,Standard Class,4,387.75,Industrial Parts,South Asia
5,9.2,4.2,1,Standard Class,7,91.74,Automotive,Europe
5,9.2,4.2,1,Standard Class,9,401.63,Apparel,North America
5,9.7,4.7,1,Standard Class,5,239.78,Industrial Parts,Latin America
3,5.4,2.4,1,Second Class,2,345.47,Chemicals,South Asia
5,8.8,3.8,1,Standard Class,5,459.53,Apparel,Europe
5,8.3,3.3,1,Standard Class,4,210.13,Electronics,North America
5,9.6,4.6,1,Standard Class,8,124.15,Electronics,East Asia
5,9.9,4.9,1,Standard Class,5,434.91,Apparel,South Asia
3,5.9,2.9,1,Second Class,9,89.19,Chemicals,North America
3,6.3,3.3,1,Second Class,9,319.42,Electronics,Europe
1,2.4,1.4,1,Same Day,3,462.39,Electronics,Latin America
3,6.0,3.0,1,Second Class,6,340.45,Industrial Parts,Europe
5,10.0,5.0,1,Standard Class,6,105.88,Automotive,Latin America
2,3.7,1.7,1,First Class,4,84.62,Chemicals,North America
5,8.3,3.3,1,Standard Class,3,133.63,Industrial Parts,North America
5,8.0,3.0,1,Standard Class,1,201.79,Automotive,Europe
3,5.8,2.8,1,Second Class,7,87.99,Electronics,Europe
5,9.1,4.1,1,Standard Class,5,400.93,Automotive,Latin America
1,3.4,2.4,1,Same Day,7,184.95,Electronics,South Asia
5,8.5,3.5,1,Standard Class,1,468.68,Industrial Parts,Europe
2,5.1,3.1,1,First Class,8,422.82,Electronics,South Asia
2,3.9,1.9,1,First Class,3,455.32,Automotive,South Asia
3,6.9,3.9,1,Second Class,7,154.3,Industrial Parts,South Asia
2,4.0,2.0,1,First Class,3,291.13,Automotive,North America
2,3.1,1.1,1,First Class,3,167.51,Automotive,North America
5,9.9,4.9,1,Standard Class,9,135.9,Apparel,South Asia
2,3.8,1.8,1,First Class,2,307.47,Electronics,South Asia
5,8.9,3.9,1,Standard Class,4,410.82,Electronics,North America
3,6.7,3.7,1,Second Class,6,55.86,Automotive,Latin America
2,2.9,0.9,1,First Class,3,145.13,Electronics,East Asia
2,3.8,1.8,1,First Class,7,110.52,Chemicals,Europe
5,10.1,5.1,1,Standard Class,7,401.19,Electronics,South Asia
5,8.6,3.6,1,Standard Class,5,467.35,Industrial Parts,North America
3,6.1,3.1,1,Second Class,3,49.17,Electronics,South Asia
5,9.1,4.1,1,Standard Class,2,195.81,Chemicals,South Asia
5,9.5,4.5,1,Standard Class,4,458.11,Automotive,South Asia
5,9.5,4.5,1,Standard Class,4,178.87,Electronics,South Asia
1,3.1,2.1,1,Same Day,8,359.2,Industrial Parts,Latin America
3,6.0,3.0,1,Second Class,8,59.33,Chemicals,Europe
5,8.7,3.7,1,Standard Class,5,227.75,Apparel,Europe
5,9.1,4.1,1,Standard Class,6,256.62,Automotive,North America
5,9.1,4.1,1,Standard Class,8,381.26,Automotive,Latin America
3,5.7,2.7,1,Second Class,1,151.52,Automotive,Latin America
2,4.3,2.3,1,First Class,5,139.45,Chemicals,Europe
5,8.8,3.8,1,Standard Class,4,158.45,Electronics,North America
5,9.1,4.1,1,Standard Class,4,282.29,Electronics,Latin America
5,8.4,3.4,1,Standard Class,2,439.24,Electronics,North America
2,3.3,1.3,1,First Class,1,417.16,Electronics,Europe
3,6.7,3.7,1,Second Class,6,38.39,Automotive,South Asia
5,9.6,4.6,1,Standard Class,7,440.69,Apparel,Latin America
5,8.8,3.8,1,Standard Class,5,56.6,Automotive,North America
5,9.4,4.4,1,Standard Class,8,213.52,Apparel,South Asia
1,2.9,1.9,1,Same Day,9,385.05,Apparel,Europe
5,8.0,3.0,1,Standard Class,2,49.94,Electronics,East Asia
3,5.8,2.8,1,Second Class,4,29.8,Industrial Parts,Latin America
2,5.1,3.1,1,First Class,9,171.7,Chemicals,Latin America
5,9.2,4.2,1,Standard Class,5,367.66,Industrial Parts,North America
5,8.7,3.7,1,Standard Class,3,265.66,Apparel,Europe
5,9.4,4.4,1,Standard Class,6,214.33,Industrial Parts,Europe
2,3.4,1.4,1,First Class,3,408.41,Apparel,Latin America
3,6.6,3.6,1,Second Class,5,385.69,Automotive,Latin America
2,3.2,1.2,1,First Class,3,395.16,Automotive,North America
2,4.0,2.0,1,First Class,6,235.27,Electronics,North America
5,8.7,3.7,1,Standard Class,5,19.53,Chemicals,East Asia
1,3.6,2.6,1,Same Day,9,94.35,Automotive,South Asia
3,5.4,2.4,1,Second Class,3,373.24,Chemicals,North America
5,9.9,4.9,1,Standard Class,6,379.06,Electronics,South Asia
1,4.0,3.0,1,Same Day,8,486.43,Chemicals,Latin America
2,4.3,2.3,1,First Class,7,103.19,Automotive,East Asia
2,3.9,1.9,1,First Class,6,70.23,Automotive,East Asia
3,5.7,2.7,1,Second Class,2,78.01,Industrial Parts,East Asia
3,5.4,2.4,1,Second Class,7,100.55,Industrial Parts,Europe
2,4.5,2.5,1,First Class,8,268.95,Industrial Parts,Latin America
5,8.2,3.2,1,Standard Class,1,487.85,Chemicals,Europe
5,9.4,4.4,1,Standard Class,9,298.82,Automotive,Europe
1,1.9,0.9,1,Same Day,4,266.12,Electronics,East Asia
5,9.5,4.5,1,Standard Class,8,339.94,Apparel,Europe
5,9.6,4.6,1,Standard Class,7,46.23,Automotive,Latin America
5,9.6,4.6,1,Standard Class,7,409.52,Industrial Parts,Latin America
5,8.8,3.8,1,Standard Class,2,326.97,Industrial Parts,Europe
2,3.5,1.5,1,First Class,1,93.88,Chemicals,Latin America
1,3.0,2.0,1,Same Day,4,319.05,Industrial Parts,South Asia
5,8.3,3.3,1,Standard Class,2,302.14,Chemicals,Europe
5,9.2,4.2,1,Standard Class,8,41.78,Electronics,East Asia
5,8.9,3.9,1,Standard Class,7,140.8,Industrial Parts,East Asia
3,6.1,3.1,1,Second Class,8,201.56,Chemicals,Latin America
2,4.2,2.2,1,First Class,6,130.0,Industrial Parts,Latin America
5,7.7,2.7,1,Standard Class,1,129.15,Chemicals,East Asia
3,6.9,3.9,1,Second Class,9,290.74,Automotive,South Asia
3,5.7,2.7,1,Second Class,6,240.72,Chemicals,East Asia
3,5.4,2.4,1,Second Class,1,336.97,Apparel,Europe
1,1.5,0.5,0,Same Day,1,478.64,Electronics,East Asia
5,9.2,4.2,1,Standard Class,8,333.67,Automotive,North America
3,6.7,3.7,1,Second Class,6,295.23,Electronics,South Asia
5,10.1,5.1,1,Standard Class,8,425.3,Automotive,South Asia
3,6.1,3.1,1,Second Class,8,319.72,Industrial Parts,East Asia
3,5.8,2.8,1,Second Class,8,91.13,Chemicals,North America
3,6.1,3.1,1,Second Class,7,164.23,Industrial Parts,Europe
2,4.0,2.0,1,First Class,7,369.35,Electronics,East Asia
5,8.5,3.5,1,Standard Class,4,371.81,Electronics,Europe
2,4.7,2.7,1,First Class,9,493.63,Automotive,North America
1,2.3,1.3,1,Same Day,2,317.22,Electronics,East Asia
1,2.6,1.6,1,Same Day,9,450.78,Chemicals,East Asia
5,9.1,4.1,1,Standard Class,3,36.74,Electronics,Europe
5,8.4,3.4,1,Standard Class,2,287.45,Industrial Parts,East Asia
5,8.9,3.9,1,Standard Class,4,460.73,Chemicals,North America
3,6.2,3.2,1,Second Class,5,150.75,Electronics,East Asia
3,5.6,2.6,1,Second Class,2,85.89,Apparel,Latin America
5,8.3,3.3,1,Standard Class,1,181.75,Apparel,North America
2,4.5,2.5,1,First Class,5,398.2,Industrial Parts,South Asia
3,6.7,3.7,1,Second Class,9,51.5,Automotive,Europe
3,5.7,2.7,1,Second Class,5,304.17,Automotive,North America
2,5.2,3.2,1,First Class,9,76.46,Electronics,South Asia
2,4.2,2.2,1,First Class,6,223.41,Chemicals,South Asia
2,3.0,1.0,1,First Class,3,483.33,Automotive,North America
5,9.1,4.1,1,Standard Class,4,105.62,Apparel,South Asia
2,4.0,2.0,1,First Class,4,26.67,Automotive,South Asia
2,3.9,1.9,1,First Class,1,219.33,Apparel,Latin America
3,5.3,2.3,1,Second Class,3,293.07,Automotive,East Asia
2,3.7,1.7,1,First Class,3,155.78,Industrial Parts,Latin America
3,4.8,1.8,1,Second Class,1,275.47,Chemicals,East Asia
5,9.9,4.9,1,Standard Class,9,477.17,Electronics,South Asia
5,8.5,3.5,1,Standard Class,1,162.77,Apparel,East Asia
5,9.7,4.7,1,Standard Class,9,161.62,Automotive,Latin America
5,8.2,3.2,1,Standard Class,1,246.56,Electronics,Europe
3,5.1,2.1,1,Second Class,2,262.51,Apparel,Europe
1,2.0,1.0,1,Same Day,2,10.67,Apparel,East Asia
5,9.6,4.6,1,Standard Class,6,311.78,Industrial Parts,Europe
5,9.0,4.0,1,Standard Class,7,498.71,Automotive,North America
3,5.1,2.1,1,Second Class,1,153.08,Electronics,Europe
5,8.5,3.5,1,Standard Class,3,319.1,Automotive,East Asia
2,3.7,1.7,1,First Class,2,12.26,Automotive,South Asia
3,6.6,3.6,1,Second Class,8,306.12,Chemicals,Latin America
2,4.9,2.9,1,First Class,9,229.06,Apparel,Europe
5,8.4,3.4,1,Standard Class,2,269.84,Apparel,East Asia
5,8.9,3.9,1,Standard Class,2,276.51,Chemicals,Latin America
3,6.1,3.1,1,Second Class,9,96.71,Chemicals,North America
2,4.3,2.3,1,First Class,4,387.28,Automotive,South Asia
5,9.0,4.0,1,Standard Class,5,282.18,Apparel,Latin America
3,6.8,3.8,1,Second Class,9,142.4,Electronics,Latin America
5,9.1,4.1,1,Standard Class,6,469.32,Industrial Parts,East Asia
3,6.0,3.0,1,Second Class,9,16.26,Chemicals,North America
5,9.9,4.9,1,Standard Class,9,365.71,Electronics,Europe
1,3.1,2.1,1,Same Day,7,196.81,Electronics,North America
5,10.7,5.7,1,Standard Class,9,266.05,Automotive,South Asia
5,9.0,4.0,1,Standard Class,5,152.84,Chemicals,Europe
5,9.0,4.0,1,Standard Class,5,167.41,Electronics,North America
5,9.8,4.8,1,Standard Class,8,17.43,Industrial Parts,South Asia
3,6.0,3.0,1,Second Class,4,367.62,Electronics,Latin America
1,3.7,2.7,1,Same Day,9,358.29,Industrial Parts,Latin America
5,9.6,4.6,1,Standard Class,7,330.64,Industrial Parts,Latin America
5,9.6,4.6,1,Standard Class,7,440.2,Industrial Parts,Latin America
3,5.5,2.5,1,Second Class,3,451.62,Chemicals,Europe
3,5.8,2.8,1,Second Class,4,282.66,Industrial Parts,Latin America
2,4.5,2.5,1,First Class,7,345.56,Chemicals,Europe
5,8.9,3.9,1,Standard Class,5,15.39,Electronics,Europe
5,8.8,3.8,1,Standard Class,3,424.71,Industrial Parts,North America
2,3.4,1.4,1,First Class,1,410.04,Apparel,Latin America
5,9.1,4.1,1,Standard Class,7,19.92,Electronics,East Asia
2,4.3,2.3,1,First Class,6,275.98,Apparel,Latin America
5,9.0,4.0,1,Standard Class,7,454.26,Apparel,East Asia
3,5.3,2.3,1,Second Class,2,98.88,Automotive,Latin America
5,9.0,4.0,1,Standard Class,4,182.8,Chemicals,Europe
2,3.9,1.9,1,First Class,2,172.22,Automotive,Latin America
5,9.4,4.4,1,Standard Class,8,184.41,Chemicals,Latin America
2,4.5,2.5,1,First Class,7,30.52,Automotive,Latin America
5,8.7,3.7,1,Standard Class,1,146.72,Electronics,Latin America
2,3.4,1.4,1,First Class,2,154.48,Apparel,North America
2,3.3,1.3,1,First Class,2,434.28,Electronics,North America
2,3.9,1.9,1,First Class,4,182.54,Chemicals,Europe
2,3.7,1.7,1,First Class,3,229.14,Apparel,Europe
2,3.8,1.8,1,First Class,1,196.56,Apparel,East Asia
3,4.5,1.5,1,Second Class,2,69.13,Chemicals,Europe
5,9.9,4.9,1,Standard Class,9,495.27,Electronics,North America
3,5.3,2.3,1,Second Class,1,414.65,Apparel,Europe
5,9.4,4.4,1,Standard Class,9,275.05,Electronics,East Asia
5,9.1,4.1,1,Standard Class,7,243.42,Electronics,East Asia
5,8.4,3.4,1,Standard Class,2,328.13,Electronics,North America
5,8.5,3.5,1,Standard Class,2,169.95,Apparel,Europe
3,5.5,2.5,1,Second Class,5,34.64,Industrial Parts,East Asia
3,5.2,2.2,1,Second Class,5,208.12,Automotive,Europe
3,5.3,2.3,1,Second Class,4,492.15,Chemicals,Europe
2,3.4,1.4,1,First Class,3,99.35,Electronics,North America
5,8.9,3.9,1,Standard Class,4,268.58,Apparel,North America
5,8.3,3.3,1,Standard Class,4,14.18,Chemicals,Europe
5,9.1,4.1,1,Standard Class,2,69.8,Industrial Parts,Latin America
5,9.0,4.0,1,Standard Class,5,297.72,Industrial Parts,Latin America
5,9.5,4.5,1,Standard Class,5,155.73,Apparel,South Asia
5,9.6,4.6,1,Standard Class,5,453.79,Electronics,South Asia
2,3.7,1.7,1,First Class,1,209.02,Industrial Parts,South Asia
3,5.8,2.8,1,Second Class,6,111.94,Industrial Parts,North America
1,2.1,1.1,1,Same Day,2,277.34,Industrial Parts,Europe
1,2.4,1.4,1,Same Day,7,399.54,Apparel,East Asia
2,3.7,1.7,1,First Class,4,19.52,Chemicals,Europe
5,8.7,3.7,1,Standard Class,5,257.7,Automotive,Europe
2,4.8,2.8,1,First Class,5,388.98,Apparel,South Asia
3,5.8,2.8,1,Second Class,5,60.76,Electronics,Europe
5,8.6,3.6,1,Standard Class,2,452.37,Apparel,South Asia
5,9.4,4.4,1,Standard Class,5,139.61,Apparel,Europe
3,5.7,2.7,1,Second Class,3,93.6,Automotive,East Asia
5,8.8,3.8,1,Standard Class,4,298.74,Automotive,Latin America
2,3.3,1.3,1,First Class,2,95.77,Automotive,Latin America
2,3.2,1.2,1,First Class,4,343.05,Chemicals,North America
5,9.2,4.2,1,Standard Class,9,250.15,Apparel,East Asia
5,9.3,4.3,1,Standard Class,8,63.88,Electronics,Europe
5,8.6,3.6,1,Standard Class,3,457.12,Automotive,East Asia
5,8.5,3.5,1,Standard Class,1,339.87,Automotive,Europe
5,8.2,3.2,1,Standard Class,1,277.54,Apparel,East Asia
3,5.7,2.7,1,Second Class,6,193.43,Electronics,East Asia
5,9.1,4.1,1,Standard Class,3,76.08,Automotive,Latin America
2,3.9,1.9,1,First Class,4,356.68,Apparel,East Asia
5,7.7,2.7,1,Standard Class,1,408.69,Industrial Parts,North America
1,2.7,1.7,1,Same Day,8,71.65,Chemicals,Europe
5,9.2,4.2,1,Standard Class,1,252.34,Apparel,South Asia
5,8.9,3.9,1,Standard Class,5,247.57,Automotive,East Asia
3,6.3,3.3,1,Second Class,6,181.46,Electronics,South Asia
3,5.4,2.4,1,Second Class,2,396.78,Industrial Parts,Latin America
5,10.0,5.0,1,Standard Class,7,58.77,Electronics,South Asia
3,5.8,2.8,1,Second Class,7,110.46,Electronics,North America
5,8.1,3.1,1,Standard Class,1,10.79,Electronics,North America
5,9.6,4.6,1,Standard Class,4,192.76,Apparel,Latin America
5,8.4,3.4,1,Standard Class,4,152.68,Apparel,North America
5,9.3,4.3,1,Standard Class,5,434.83,Chemicals,Europe
3,5.1,2.1,1,Second Class,1,375.45,Industrial Parts,North America
5,8.3,3.3,1,Standard Class,1,51.39,Electronics,East Asia
5,9.2,4.2,1,Standard Class,7,373.07,Automotive,North America
3,6.3,3.3,1,Second Class,9,340.95,Electronics,Europe
3,5.4,2.4,1,Second Class,1,148.04,Industrial Parts,Latin America
5,8.5,3.5,1,Standard Class,2,17.58,Electronics,North America
2,3.8,1.8,1,First Class,6,66.43,Apparel,Europe
5,9.1,4.1,1,Standard Class,6,132.47,Apparel,East Asia
3,6.5,3.5,1,Second Class,2,410.14,Industrial Parts,South Asia
2,5.1,3.1,1,First Class,9,238.0,Chemicals,South Asia
1,2.6,1.6,1,Same Day,4,460.01,Electronics,Latin America
5,9.7,4.7,1,Standard Class,7,396.68,Industrial Parts,Latin America
5,9.5,4.5,1,Standard Class,6,150.68,Automotive,South Asia
5,9.1,4.1,1,Standard Class,3,424.23,Automotive,South Asia
5,9.7,4.7,1,Standard Class,8,67.2,Chemicals,Latin America
5,9.9,4.9,1,Standard Class,7,27.7,Apparel,South Asia
1,3.2,2.2,1,Same Day,9,308.18,Industrial Parts,North America
5,9.2,4.2,1,Standard Class,3,177.45,Electronics,Europe
5,8.9,3.9,1,Standard Class,1,171.42,Industrial Parts,Latin America
3,4.9,1.9,1,Second Class,2,346.73,Chemicals,Europe
5,7.9,2.9,1,Standard Class,1,426.55,Industrial Parts,East Asia
3,5.6,2.6,1,Second Class,5,167.87,Chemicals,East Asia
5,8.7,3.7,1,Standard Class,2,169.26,Chemicals,North America
5,8.5,3.5,1,Standard Class,3,271.59,Chemicals,East Asia
5,9.7,4.7,1,Standard Class,8,330.06,Industrial Parts,Latin America
5,9.1,4.1,1,Standard Class,5,109.42,Automotive,North America
1,2.1,1.1,1,Same Day,4,457.21,Electronics,North America
5,9.6,4.6,1,Standard Class,5,330.66,Chemicals,Latin America
2,4.0,2.0,1,First Class,6,316.33,Apparel,South Asia
5,9.3,4.3,1,Standard Class,7,453.06,Chemicals,Europe
5,9.4,4.4,1,Standard Class,9,454.56,Industrial Parts,Latin America
3,5.7,2.7,1,Second Class,1,76.42,Chemicals,South Asia
5,9.5,4.5,1,Standard Class,4,81.09,Apparel,South Asia
2,3.9,1.9,1,First Class,9,383.35,Automotive,East Asia
1,1.6,0.6,1,Same Day,5,478.87,Industrial Parts,North America
2,4.5,2.5,1,First Class,8,336.59,Industrial Parts,North America
1,1.8,0.8,1,Same Day,1,211.55,Industrial Parts,East Asia
5,8.4,3.4,1,Standard Class,4,344.9,Apparel,East Asia
5,9.5,4.5,1,Standard Class,9,122.12,Industrial Parts,North America
5,8.6,3.6,1,Standard Class,1,499.0,Automotive,Latin America
3,5.5,2.5,1,Second Class,1,221.23,Electronics,Latin America
1,2.5,1.5,1,Same Day,4,466.53,Electronics,Latin America
5,8.6,3.6,1,Standard Class,3,221.09,Chemicals,Latin America
2,4.3,2.3,1,First Class,7,464.79,Electronics,East Asia
5,8.2,3.2,1,Standard Class,3,174.49,Apparel,Europe
2,3.2,1.2,1,First Class,1,382.67,Electronics,Europe
5,8.6,3.6,1,Standard Class,2,475.99,Apparel,North America
1,1.9,0.9,1,Same Day,4,326.53,Apparel,Europe
2,3.5,1.5,1,First Class,1,342.01,Chemicals,Latin America
5,8.1,3.1,1,Standard Class,1,60.41,Electronics,East Asia
5,10.3,5.3,1,Standard Class,8,242.37,Chemicals,Latin America
5,10.0,5.0,1,Standard Class,7,444.51,Industrial Parts,South Asia
5,9.5,4.5,1,Standard Class,8,128.05,Automotive,East Asia
5,9.9,4.9,1,Standard Class,4,396.3,Electronics,South Asia
3,6.5,3.5,1,Second Class,6,341.1,Industrial Parts,South Asia
2,3.3,1.3,1,First Class,3,119.26,Industrial Parts,North America
2,4.3,2.3,1,First Class,8,148.57,Chemicals,South Asia
5,8.5,3.5,1,Standard Class,4,219.5,Chemicals,Europe
3,5.4,2.4,1,Second Class,3,71.31,Automotive,Europe
3,6.3,3.3,1,Second Class,4,457.55,Automotive,South Asia
5,8.8,3.8,1,Standard Class,6,372.29,Automotive,North America
3,7.0,4.0,1,Second Class,7,188.83,Automotive,South Asia
2,3.6,1.6,1,First Class,7,156.84,Chemicals,East Asia
5,8.6,3.6,1,Standard Class,4,347.89,Apparel,East Asia
5,9.4,4.4,1,Standard Class,8,217.87,Chemicals,East Asia
5,9.2,4.2,1,Standard Class,7,122.37,Apparel,East Asia
5,9.1,4.1,1,Standard Class,2,220.77,Chemicals,South Asia
1,3.3,2.3,1,Same Day,8,436.94,Chemicals,Latin America
3,6.9,3.9,1,Second Class,9,43.62,Automotive,Latin America
2,3.7,1.7,1,First Class,5,190.5,Apparel,East Asia
5,8.6,3.6,1,Standard Class,4,481.55,Industrial Parts,North America
5,8.5,3.5,1,Standard Class,4,17.27,Industrial Parts,North America
2,4.8,2.8,1,First Class,4,446.41,Industrial Parts,South Asia
2,4.4,2.4,1,First Class,6,193.67,Automotive,Latin America
5,9.4,4.4,1,Standard Class,4,102.86,Industrial Parts,South Asia
2,4.0,2.0,1,First Class,7,17.34,Chemicals,Europe
3,6.4,3.4,1,Second Class,7,44.56,Automotive,East Asia
5,8.8,3.8,1,Standard Class,5,94.2,Industrial Parts,Europe
5,8.9,3.9,1,Standard Class,5,22.45,Automotive,Europe
3,5.8,2.8,1,Second Class,8,174.57,Chemicals,North America
5,10.2,5.2,1,Standard Class,7,32.0,Automotive,Latin America
5,9.2,4.2,1,Standard Class,7,349.19,Industrial Parts,East Asia
5,10.1,5.1,1,Standard Class,6,411.26,Automotive,South Asia
5,9.0,4.0,1,Standard Class,7,444.86,Electronics,East Asia
3,6.4,3.4,1,Second Class,7,279.07,Industrial Parts,South Asia
2,3.7,1.7,1,First Class,2,473.79,Chemicals,South Asia
5,8.8,3.8,1,Standard Class,2,12.77,Apparel,Latin America
3,6.2,3.2,1,Second Class,7,75.67,Automotive,Europe
3,5.9,2.9,1,Second Class,7,153.65,Automotive,South Asia
3,6.4,3.4,1,Second Class,7,396.62,Industrial Parts,Latin America
5,8.6,3.6,1,Standard Class,5,443.84,Industrial Parts,Europe
5,8.0,3.0,1,Standard Class,1,312.89,Electronics,Europe
1,2.0,1.0,1,Same Day,2,197.79,Chemicals,East Asia
3,6.3,3.3,1,Second Class,9,336.26,Automotive,East Asia
5,9.6,4.6,1,Standard Class,8,98.64,Automotive,East Asia
5,9.4,4.4,1,Standard Class,8,234.36,Apparel,North America
5,8.3,3.3,1,Standard Class,1,258.7,Automotive,Europe
1,2.3,1.3,1,Same Day,6,61.39,Automotive,North America
2,4.1,2.1,1,First Class,9,26.6,Electronics,East Asia
5,10.0,5.0,1,Standard Class,8,377.55,Apparel,Latin America
5,8.5,3.5,1,Standard Class,3,272.01,Automotive,East Asia
2,4.3,2.3,1,First Class,4,172.8,Automotive,South Asia
3,5.8,2.8,1,Second Class,3,224.24,Chemicals,Latin America
5,8.9,3.9,1,Standard Class,6,479.27,Automotive,Latin America
3,6.4,3.4,1,Second Class,9,198.61,Electronics,Europe
1,2.6,1.6,1,Same Day,8,60.7,Automotive,North America
5,9.5,4.5,1,Standard Class,4,237.17,Automotive,South Asia
2,3.2,1.2,1,First Class,2,327.54,Industrial Parts,Latin America
5,9.9,4.9,1,Standard Class,8,15.94,Automotive,North America
3,5.9,2.9,1,Second Class,8,172.85,Apparel,North America
2,4.6,2.6,1,First Class,6,202.82,Industrial Parts,South Asia
2,4.5,2.5,1,First Class,8,237.22,Apparel,South Asia
3,6.1,3.1,1,Second Class,9,157.83,Apparel,East Asia
5,8.5,3.5,1,Standard Class,1,336.79,Electronics,East Asia
1,3.3,2.3,1,Same Day,9,472.91,Automotive,Latin America
2,3.7,1.7,1,First Class,2,457.86,Apparel,Latin America
5,9.0,4.0,1,Standard Class,1,335.55,Automotive,Latin America
2,4.3,2.3,1,First Class,8,258.37,Automotive,East Asia
3,6.7,3.7,1,Second Class,8,414.65,Electronics,Latin America
5,9.0,4.0,1,Standard Class,4,419.61,Electronics,Latin America
3,6.3,3.3,1,Second Class,8,416.49,Apparel,East Asia
1,2.6,1.6,1,Same Day,7,87.34,Apparel,East Asia
5,9.0,4.0,1,Standard Class,2,22.46,Industrial Parts,Latin America
1,2.9,1.9,1,Same Day,5,491.76,Automotive,Latin America
5,9.0,4.0,1,Standard Class,4,480.23,Automotive,North America
5,8.7,3.7,1,Standard Class,3,286.55,Electronics,Europe
5,7.9,2.9,1,Standard Class,1,496.6,Electronics,East Asia
3,5.5,2.5,1,Second Class,5,387.57,Apparel,Europe
2,4.3,2.3,1,First Class,8,263.52,Industrial Parts,East Asia
5,9.6,4.6,1,Standard Class,9,200.77,Industrial Parts,North America
5,8.8,3.8,1,Standard Class,7,300.5,Electronics,Europe
2,2.9,0.9,1,First Class,1,262.74,Electronics,North America
5,9.1,4.1,1,Standard Class,1,496.96,Industrial Parts,South Asia
3,5.6,2.6,1,Second Class,1,250.33,Industrial Parts,Europe
3,4.7,1.7,1,Second Class,2,419.6,Apparel,Europe
2,3.2,1.2,1,First Class,1,408.68,Industrial Parts,Europe
1,2.7,1.7,1,Same Day,4,44.99,Automotive,South Asia
5,10.3,5.3,1,Standard Class,9,52.63,Industrial Parts,South Asia
1,2.3,1.3,1,Same Day,4,333.31,Chemicals,North America
2,4.4,2.4,1,First Class,4,136.96,Industrial Parts,South Asia
2,3.4,1.4,1,First Class,7,332.19,Electronics,East Asia
5,9.9,4.9,1,Standard Class,9,80.87,Electronics,Latin America
3,5.7,2.7,1,Second Class,7,204.56,Chemicals,Europe
5,8.0,3.0,1,Standard Class,1,60.21,Automotive,North America
5,7.9,2.9,1,Standard Class,1,148.23,Industrial Parts,North America
5,8.8,3.8,1,Standard Class,4,53.27,Industrial Parts,North America
2,3.7,1.7,1,First Class,4,485.58,Chemicals,North America
2,3.3,1.3,1,First Class,1,203.58,Apparel,Europe
3,5.7,2.7,1,Second Class,6,451.58,Apparel,North America
3,5.6,2.6,1,Second Class,2,485.87,Automotive,Europe
5,8.6,3.6,1,Standard Class,5,455.69,Industrial Parts,North America
3,5.7,2.7,1,Second Class,8,232.93,Industrial Parts,North America
5,9.1,4.1,1,Standard Class,3,391.66,Industrial Parts,Latin America
3,6.0,3.0,1,Second Class,9,85.31,Electronics,East Asia
3,6.7,3.7,1,Second Class,7,56.47,Apparel,South Asia
2,4.7,2.7,1,First Class,9,439.68,Chemicals,South Asia
3,5.4,2.4,1,Second Class,1,25.25,Electronics,South Asia
5,8.7,3.7,1,Standard Class,5,486.44,Electronics,East Asia
5,8.3,3.3,1,Standard Class,3,339.35,Apparel,Europe
3,6.1,3.1,1,Second Class,4,215.61,Industrial Parts,South Asia
5,9.3,4.3,1,Standard Class,4,79.27,Automotive,South Asia
5,9.5,4.5,1,Standard Class,7,364.38,Chemicals,South Asia
5,8.9,3.9,1,Standard Class,8,285.92,Apparel,Europe
3,5.8,2.8,1,Second Class,5,358.45,Automotive,East Asia
5,9.3,4.3,1,Standard Class,7,214.78,Apparel,East Asia
5,8.8,3.8,1,Standard Class,3,42.47,Apparel,Europe
3,5.5,2.5,1,Second Class,3,164.34,Apparel,Latin America
3,5.1,2.1,1,Second Class,3,164.36,Apparel,North America
5,8.9,3.9,1,Standard Class,4,14.25,Industrial Parts,Europe
5,9.3,4.3,1,Standard Class,6,14.69,Electronics,North America
5,8.7,3.7,1,Standard Class,5,172.07,Apparel,East Asia
5,9.0,4.0,1,Standard Class,8,366.54,Automotive,North America
5,9.2,4.2,1,Standard Class,5,315.78,Automotive,South Asia
3,5.4,2.4,1,Second Class,5,127.12,Automotive,North America
2,3.5,1.5,1,First Class,2,305.35,Electronics,North America
2,4.0,2.0,1,First Class,5,327.22,Electronics,East Asia
5,9.7,4.7,1,Standard Class,7,266.06,Automotive,Latin America
3,5.0,2.0,1,Second Class,2,265.46,Industrial Parts,North America
5,8.7,3.7,1,Standard Class,6,191.18,Electronics,East Asia
1,3.0,2.0,1,Same Day,7,70.46,Electronics,South Asia
2,3.5,1.5,1,First Class,5,198.89,Industrial Parts,North America
5,9.5,4.5,1,Standard Class,9,179.21,Apparel,North America
2,4.4,2.4,1,First Class,4,300.07,Electronics,South Asia
5,8.5,3.5,1,Standard Class,1,429.57,Automotive,Europe
2,4.4,2.4,1,First Class,8,193.93,Automotive,Latin America
5,9.7,4.7,1,Standard Class,8,357.77,Industrial Parts,South Asia
5,9.5,4.5,1,Standard Class,7,407.8,Automotive,South Asia
3,7.0,4.0,1,Second Class,8,113.76,Chemicals,South Asia
5,8.0,3.0,1,Standard Class,2,451.81,Automotive,Europe
3,5.9,2.9,1,Second Class,3,44.52,Industrial Parts,South Asia
5,9.2,4.2,1,Standard Class,9,451.84,Industrial Parts,Europe
2,3.6,1.6,1,First Class,1,90.18,Industrial Parts,Latin America
2,4.4,2.4,1,First Class,8,175.21,Chemicals,Europe
2,4.6,2.6,1,First Class,8,306.57,Electronics,Latin America
5,9.4,4.4,1,Standard Class,7,453.78,Apparel,Latin America
5,9.6,4.6,1,Standard Class,5,135.29,Automotive,Latin America
5,8.7,3.7,1,Standard Class,4,384.15,Electronics,East Asia
5,9.6,4.6,1,Standard Class,6,358.11,Industrial Parts,Latin America
2,3.2,1.2,1,First Class,1,88.26,Electronics,Europe
1,1.9,0.9,1,Same Day,5,244.94,Electronics,East Asia
3,6.5,3.5,1,Second Class,4,245.94,Chemicals,South Asia
3,6.0,3.0,1,Second Class,4,159.26,Industrial Parts,South Asia
3,6.2,3.2,1,Second Class,7,392.16,Industrial Parts,North America
2,4.7,2.7,1,First Class,9,463.71,Automotive,Latin America
5,9.5,4.5,1,Standard Class,8,361.12,Automotive,North America
1,3.5,2.5,1,Same Day,8,486.75,Automotive,Latin America
2,4.5,2.5,1,First Class,5,34.73,Automotive,Latin America
2,3.9,1.9,1,First Class,6,28.24,Electronics,Europe
5,8.3,3.3,1,Standard Class,2,447.99,Electronics,Europe
5,8.7,3.7,1,Standard Class,3,449.92,Automotive,South Asia
5,8.5,3.5,1,Standard Class,5,62.49,Automotive,East Asia
3,6.1,3.1,1,Second Class,2,185.15,Automotive,South Asia
2,3.7,1.7,1,First Class,3,419.34,Apparel,Latin America
5,8.9,3.9,1,Standard Class,4,72.98,Automotive,East Asia
1,2.7,1.7,1,Same Day,6,141.04,Apparel,North America
5,9.5,4.5,1,Standard Class,5,343.69,Automotive,Latin America
5,8.8,3.8,1,Standard Class,4,491.13,Industrial Parts,Europe
5,8.6,3.6,1,Standard Class,2,400.6,Chemicals,South Asia
3,5.8,2.8,1,Second Class,5,390.89,Electronics,South Asia
1,2.1,1.1,1,Same Day,5,177.9,Industrial Parts,North America
5,10.2,5.2,1,Standard Class,7,334.06,Chemicals,South Asia
3,6.0,3.0,1,Second Class,1,65.41,Apparel,South Asia
5,8.7,3.7,1,Standard Class,4,496.21,Electronics,East Asia
1,3.2,2.2,1,Same Day,5,245.49,Apparel,Latin America
3,5.8,2.8,1,Second Class,8,323.02,Apparel,East Asia
3,6.0,3.0,1,Second Class,8,439.32,Electronics,East Asia
5,9.3,4.3,1,Standard Class,1,10.47,Chemicals,South Asia
1,3.4,2.4,1,Same Day,5,488.23,Electronics,Latin America
3,5.8,2.8,1,Second Class,1,185.99,Automotive,South Asia
5,8.3,3.3,1,Standard Class,1,176.4,Apparel,South Asia
3,5.6,2.6,1,Second Class,2,81.08,Automotive,East Asia
5,8.3,3.3,1,Standard Class,2,430.51,Electronics,Europe
3,6.5,3.5,1,Second Class,9,436.71,Electronics,Europe
5,8.7,3.7,1,Standard Class,4,19.79,Chemicals,East Asia
3,5.7,2.7,1,Second Class,3,37.31,Apparel,East Asia
2,3.7,1.7,1,First Class,1,459.99,Industrial Parts,South Asia
5,9.7,4.7,1,Standard Class,2,70.21,Electronics,Latin America
5,9.8,4.8,1,Standard Class,6,314.25,Industrial Parts,South Asia
5,9.6,4.6,1,Standard Class,9,313.63,Apparel,South Asia
5,8.3,3.3,1,Standard Class,5,436.17,Automotive,North America
5,8.8,3.8,1,Standard Class,4,290.6,Apparel,South Asia
2,4.4,2.4,1,First Class,5,222.67,Chemicals,Latin America
5,10.3,5.3,1,Standard Class,9,487.45,Industrial Parts,South Asia
5,8.4,3.4,1,Standard Class,7,122.12,Industrial Parts,East Asia
3,6.9,3.9,1,Second Class,8,138.73,Automotive,Latin America
5,8.8,3.8,1,Standard Class,4,51.54,Automotive,East Asia
1,3.2,2.2,1,Same Day,8,487.91,Electronics,North America
3,5.5,2.5,1,Second Class,6,356.12,Apparel,North America
2,4.3,2.3,1,First Class,5,15.93,Chemicals,Latin America
2,4.1,2.1,1,First Class,7,355.11,Electronics,Europe
3,5.6,2.6,1,Second Class,6,208.03,Apparel,Europe
5,8.6,3.6,1,Standard Class,3,484.1,Automotive,Latin America
5,9.6,4.6,1,Standard Class,5,145.92,Chemicals,Latin America
5,9.5,4.5,1,Standard Class,9,358.04,Automotive,East Asia
3,6.1,3.1,1,Second Class,7,317.44,Automotive,North America
5,9.6,4.6,1,Standard Class,4,15.9,Industrial Parts,Latin America
2,4.6,2.6,1,First Class,7,443.76,Apparel,South Asia
1,2.4,1.4,1,Same Day,5,78.41,Electronics,East Asia
3,5.3,2.3,1,Second Class,2,335.16,Industrial Parts,North America
2,4.0,2.0,1,First Class,6,390.02,Apparel,East Asia
5,8.7,3.7,1,Standard Class,7,319.15,Apparel,North America
3,6.7,3.7,1,Second Class,8,57.59,Apparel,South Asia
2,4.2,2.2,1,First Class,6,487.84,Chemicals,North America
5,9.3,4.3,1,Standard Class,8,126.04,Industrial Parts,East Asia
5,9.0,4.0,1,Standard Class,7,317.65,Electronics,North America
1,2.1,1.1,1,Same Day,2,400.62,Industrial Parts,East Asia
2,4.4,2.4,1,First Class,6,470.23,Automotive,Latin America
3,6.6,3.6,1,Second Class,9,305.97,Apparel,South Asia
3,5.5,2.5,1,Second Class,6,136.94,Automotive,East Asia
2,3.6,1.6,1,First Class,4,419.95,Industrial Parts,Europe
2,3.9,1.9,1,First Class,7,89.98,Electronics,Europe
5,8.8,3.8,1,Standard Class,3,20.92,Automotive,North America
5,9.1,4.1,1,Standard Class,5,454.99,Automotive,Latin America
5,8.8,3.8,1,Standard Class,1,291.94,Chemicals,Latin America
3,5.5,2.5,1,Second Class,3,44.12,Industrial Parts,Europe
2,4.4,2.4,1,First Class,8,294.07,Automotive,North America
3,7.2,4.2,1,Second Class,9,81.06,Industrial Parts,Latin America
5,9.5,4.5,1,Standard Class,9,25.38,Electronics,Latin America
2,3.5,1.5,1,First Class,2,67.1,Automotive,North America
2,3.8,1.8,1,First Class,4,389.8,Electronics,East Asia
2,3.4,1.4,1,First Class,5,380.27,Automotive,Europe
3,5.9,2.9,1,Second Class,3,306.12,Apparel,Latin America
5,8.1,3.1,1,Standard Class,1,112.57,Chemicals,East Asia
2,4.3,2.3,1,First Class,6,372.09,Chemicals,East Asia
5,8.2,3.2,1,Standard Class,2,209.94,Chemicals,East Asia
5,9.4,4.4,1,Standard Class,9,260.27,Electronics,East Asia
5,8.7,3.7,1,Standard Class,1,449.84,Industrial Parts,South Asia
2,4.7,2.7,1,First Class,9,234.35,Chemicals,South Asia
1,2.1,1.1,1,Same Day,7,316.92,Automotive,North America
2,3.1,1.1,1,First Class,2,481.26,Automotive,Europe
3,5.8,2.8,1,Second Class,6,231.18,Apparel,North America
2,4.8,2.8,1,First Class,8,284.76,Electronics,South Asia
2,3.5,1.5,1,First Class,2,296.36,Automotive,North America
5,9.2,4.2,1,Standard Class,5,127.95,Automotive,North America
5,9.1,4.1,1,Standard Class,6,371.09,Apparel,East Asia
5,9.3,4.3,1,Standard Class,3,366.05,Apparel,Latin America
5,9.1,4.1,1,Standard Class,2,114.64,Industrial Parts,South Asia
5,9.2,4.2,1,Standard Class,6,16.54,Industrial Parts,South Asia
5,8.7,3.7,1,Standard Class,3,499.48,Industrial Parts,North America
5,8.9,3.9,1,Standard Class,2,294.98,Automotive,Latin America
1,1.5,0.5,0,Same Day,1,98.71,Apparel,North America
5,9.3,4.3,1,Standard Class,8,148.95,Electronics,Europe
5,8.9,3.9,1,Standard Class,1,312.72,Industrial Parts,South Asia
5,8.8,3.8,1,Standard Class,5,77.43,Chemicals,East Asia
2,4.2,2.2,1,First Class,6,28.27,Automotive,East Asia
5,8.7,3.7,1,Standard Class,3,401.26,Electronics,East Asia
5,10.0,5.0,1,Standard Class,7,360.76,Automotive,South Asia
2,4.2,2.2,1,First Class,2,161.7,Industrial Parts,South Asia
5,9.0,4.0,1,Standard Class,7,38.66,Automotive,East Asia
5,8.8,3.8,1,Standard Class,2,248.27,Industrial Parts,South Asia
5,9.2,4.2,1,Standard Class,5,145.33,Automotive,East Asia
5,8.9,3.9,1,Standard Class,7,204.91,Industrial Parts,Europe
5,8.5,3.5,1,Standard Class,3,144.24,Apparel,Europe
5,8.6,3.6,1,Standard Class,4,95.88,Apparel,Europe
3,4.8,1.8,1,Second Class,1,199.62,Apparel,North America
2,3.6,1.6,1,First Class,3,482.8,Apparel,North America
2,4.7,2.7,1,First Class,9,140.45,Apparel,Latin America
5,9.1,4.1,1,Standard Class,5,174.62,Chemicals,Latin America
1,3.5,2.5,1,Same Day,8,171.33,Automotive,Latin America
5,8.0,3.0,1,Standard Class,2,245.34,Apparel,Europe
5,8.5,3.5,1,Standard Class,3,423.32,Chemicals,Europe
2,4.3,2.3,1,First Class,7,207.04,Chemicals,Europe
5,9.5,4.5,1,Standard Class,4,405.01,Automotive,South Asia
5,10.1,5.1,1,Standard Class,9,66.36,Automotive,South Asia
2,3.8,1.8,1,First Class,7,448.5,Industrial Parts,Europe
3,5.1,2.1,1,Second Class,1,100.8,Industrial Parts,East Asia
5,9.3,4.3,1,Standard Class,4,29.21,Apparel,Latin America
3,5.7,2.7,1,Second Class,6,87.59,Electronics,North America
1,3.0,2.0,1,Same Day,6,103.47,Industrial Parts,Latin America
5,8.6,3.6,1,Standard Class,6,259.17,Electronics,East Asia
5,8.9,3.9,1,Standard Class,5,230.47,Industrial Parts,South Asia
5,8.4,3.4,1,Standard Class,3,360.78,Chemicals,Europe
5,9.2,4.2,1,Standard Class,2,34.97,Chemicals,South Asia
5,9.4,4.4,1,Standard Class,3,253.88,Chemicals,South Asia
1,2.5,1.5,1,Same Day,9,172.91,Electronics,East Asia
3,6.4,3.4,1,Second Class,3,319.05,Apparel,South Asia
2,4.0,2.0,1,First Class,3,31.41,Industrial Parts,South Asia
5,8.3,3.3,1,Standard Class,1,27.12,Industrial Parts,Latin America
3,5.8,2.8,1,Second Class,2,219.35,Electronics,Latin America
1,2.4,1.4,1,Same Day,3,407.56,Chemicals,East Asia
3,5.1,2.1,1,Second Class,2,338.84,Apparel,Europe
5,10.1,5.1,1,Standard Class,8,18.19,Industrial Parts,Latin America
2,4.9,2.9,1,First Class,6,97.45,Apparel,South Asia
5,9.2,4.2,1,Standard Class,7,121.1,Apparel,North America
5,8.5,3.5,1,Standard Class,1,217.3,Automotive,Latin America
5,9.4,4.4,1,Standard Class,6,297.49,Apparel,North America
2,3.7,1.7,1,First Class,2,116.07,Automotive,Europe
2,4.1,2.1,1,First Class,6,197.43,Electronics,South Asia
5,9.0,4.0,1,Standard Class,3,296.13,Chemicals,Latin America
5,9.4,4.4,1,Standard Class,7,197.88,Automotive,Europe
5,8.8,3.8,1,Standard Class,3,80.15,Apparel,East Asia
5,9.4,4.4,1,Standard Class,9,250.91,Chemicals,Europe
5,8.3,3.3,1,Standard Class,3,168.76,Apparel,East Asia
5,9.6,4.6,1,Standard Class,7,433.45,Apparel,East Asia
3,6.0,3.0,1,Second Class,4,390.06,Automotive,Latin America
5,9.2,4.2,1,Standard Class,8,103.23,Electronics,North America
5,8.2,3.2,1,Standard Class,2,84.79,Apparel,East Asia
5,9.8,4.8,1,Standard Class,8,180.36,Automotive,South Asia
1,2.9,1.9,1,Same Day,9,211.97,Apparel,Latin America
2,4.5,2.5,1,First Class,8,466.69,Chemicals,East Asia
2,4.3,2.3,1,First Class,6,157.79,Electronics,Latin America
5,8.2,3.2,1,Standard Class,1,435.12,Apparel,South Asia
2,4.2,2.2,1,First Class,7,257.6,Electronics,Latin America
5,9.0,4.0,1,Standard Class,1,443.96,Electronics,Latin America
2,4.0,2.0,1,First Class,7,353.96,Chemicals,East Asia
1,1.6,0.6,1,Same Day,2,357.11,Chemicals,Europe
2,4.7,2.7,1,First Class,8,264.21,Industrial Parts,Latin America
3,5.1,2.1,1,Second Class,2,421.75,Electronics,East Asia
3,5.9,2.9,1,Second Class,3,134.67,Apparel,South Asia
5,9.2,4.2,1,Standard Class,3,454.6,Chemicals,South Asia
1,1.5,0.5,0,Same Day,1,322.02,Apparel,Europe
5,9.2,4.2,1,Standard Class,5,224.97,Electronics,South Asia
2,3.5,1.5,1,First Class,5,491.27,Chemicals,East Asia
5,8.6,3.6,1,Standard Class,5,432.39,Industrial Parts,Europe
5,9.3,4.3,1,Standard Class,9,388.29,Electronics,East Asia
5,8.9,3.9,1,Standard Class,6,144.21,Apparel,Europe
5,8.8,3.8,1,Standard Class,6,487.13,Industrial Parts,Europe
5,8.6,3.6,1,Standard Class,3,374.06,Electronics,East Asia
2,3.7,1.7,1,First Class,5,306.56,Chemicals,Europe
5,8.9,3.9,1,Standard Class,7,461.68,Electronics,East Asia
5,8.5,3.5,1,Standard Class,3,89.47,Automotive,South Asia
2,3.6,1.6,1,First Class,2,78.12,Apparel,South Asia
5,9.2,4.2,1,Standard Class,5,286.22,Chemicals,Latin America
3,5.6,2.6,1,Second Class,3,37.79,Chemicals,North America
2,3.7,1.7,1,First Class,5,335.35,Automotive,North America
3,6.4,3.4,1,Second Class,9,127.96,Industrial Parts,South Asia
2,3.7,1.7,1,First Class,1,68.32,Chemicals,Latin America
5,8.6,3.6,1,Standard Class,4,210.65,Industrial Parts,North America
2,3.9,1.9,1,First Class,5,238.32,Industrial Parts,East Asia
5,8.0,3.0,1,Standard Class,2,93.54,Industrial Parts,East Asia
5,8.8,3.8,1,Standard Class,2,30.35,Electronics,Europe
3,5.2,2.2,1,Second Class,1,212.89,Automotive,North America
5,9.2,4.2,1,Standard Class,8,382.17,Apparel,East Asia
3,4.7,1.7,1,Second Class,2,438.36,Automotive,North America
3,4.9,1.9,1,Second Class,3,57.8,Chemicals,Europe
3,6.0,3.0,1,Second Class,2,267.09,Automotive,South Asia
1,2.9,1.9,1,Same Day,4,139.07,Apparel,Latin America
5,8.6,3.6,1,Standard Class,1,193.57,Electronics,Europe
5,9.1,4.1,1,Standard Class,3,467.39,Chemicals,Europe
2,4.0,2.0,1,First Class,5,182.52,Electronics,Europe
5,8.9,3.9,1,Standard Class,1,189.02,Chemicals,Latin America
2,4.3,2.3,1,First Class,4,112.6,Apparel,East Asia
3,5.6,2.6,1,Second Class,6,480.41,Electronics,North America
2,4.1,2.1,1,First Class,4,233.68,Apparel,South Asia
5,9.2,4.2,1,Standard Class,7,289.49,Apparel,South Asia
5,9.8,4.8,1,Standard Class,7,232.05,Automotive,Latin America
5,9.5,4.5,1,Standard Class,6,133.93,Chemicals,South Asia
5,9.7,4.7,1,Standard Class,9,407.1,Industrial Parts,Latin America
3,5.5,2.5,1,Second Class,2,23.95,Industrial Parts,Latin America
5,9.1,4.1,1,Standard Class,8,348.22,Electronics,North America
5,9.2,4.2,1,Standard Class,8,301.19,Apparel,North America
5,8.7,3.7,1,Standard Class,4,80.7,Automotive,Latin America
2,3.5,1.5,1,First Class,6,91.29,Chemicals,North America
2,3.6,1.6,1,First Class,6,333.02,Electronics,East Asia
5,8.7,3.7,1,Standard Class,5,162.95,Apparel,Europe
5,8.7,3.7,1,Standard Class,1,140.21,Industrial Parts,South Asia
5,8.5,3.5,1,Standard Class,3,38.99,Industrial Parts,South Asia
5,9.6,4.6,1,Standard Class,7,385.58,Chemicals,South Asia
2,4.5,2.5,1,First Class,8,442.51,Chemicals,South Asia
2,3.5,1.5,1,First Class,2,411.72,Chemicals,East Asia
5,8.3,3.3,1,Standard Class,3,238.36,Electronics,East Asia
5,9.0,4.0,1,Standard Class,4,271.64,Chemicals,Europe
1,3.3,2.3,1,Same Day,5,128.72,Electronics,Latin America
5,8.9,3.9,1,Standard Class,3,94.7,Automotive,North America
2,3.5,1.5,1,First Class,5,413.27,Apparel,Europe
5,10.0,5.0,1,Standard Class,8,401.19,Industrial Parts,South Asia
5,9.0,4.0,1,Standard Class,8,390.91,Electronics,North America
5,8.2,3.2,1,Standard Class,2,237.05,Apparel,Europe
2,4.2,2.2,1,First Class,6,433.61,Chemicals,South Asia
1,2.2,1.2,1,Same Day,4,463.85,Industrial Parts,Europe
5,9.7,4.7,1,Standard Class,9,170.89,Electronics,South Asia
5,9.0,4.0,1,Standard Class,2,120.1,Chemicals,South Asia
5,9.7,4.7,1,Standard Class,8,237.49,Apparel,East Asia
5,8.5,3.5,1,Standard Class,1,97.87,Automotive,South Asia
5,8.5,3.5,1,Standard Class,6,443.16,Apparel,Europe
5,8.1,3.1,1,Standard Class,1,175.62,Electronics,North America
3,5.6,2.6,1,Second Class,2,292.32,Automotive,East Asia
5,8.8,3.8,1,Standard Class,3,301.41,Automotive,North America
5,9.7,4.7,1,Standard Class,9,262.34,Chemicals,Latin America
1,2.0,1.0,1,Same Day,5,86.7,Apparel,North America
5,9.0,4.0,1,Standard Class,2,495.59,Electronics,Latin America
1,2.8,1.8,1,Same Day,5,94.58,Automotive,Latin America
5,9.0,4.0,1,Standard Class,5,378.24,Chemicals,East Asia
3,4.7,1.7,1,Second Class,1,397.77,Automotive,North America
2,4.0,2.0,1,First Class,3,81.13,Apparel,South Asia
3,5.9,2.9,1,Second Class,5,467.25,Industrial Parts,East Asia
1,3.2,2.2,1,Same Day,9,249.0,Electronics,East Asia
5,8.4,3.4,1,Standard Class,1,318.15,Industrial Parts,South Asia
1,2.7,1.7,1,Same Day,8,324.67,Apparel,North America
5,8.2,3.2,1,Standard Class,1,257.43,Industrial Parts,East Asia
5,9.7,4.7,1,Standard Class,9,79.59,Apparel,Latin America
5,9.3,4.3,1,Standard Class,6,378.36,Apparel,South Asia
2,3.3,1.3,1,First Class,1,295.08,Chemicals,Europe
5,9.1,4.1,1,Standard Class,8,68.15,Industrial Parts,East Asia
2,4.2,2.2,1,First Class,5,353.16,Automotive,Latin America
2,4.2,2.2,1,First Class,7,354.35,Apparel,North America
3,6.5,3.5,1,Second Class,7,278.76,Industrial Parts,North America
3,6.6,3.6,1,Second Class,7,54.37,Automotive,South Asia
5,9.7,4.7,1,Standard Class,6,182.8,Electronics,Latin America
5,9.9,4.9,1,Standard Class,8,34.95,Automotive,South Asia
5,9.4,4.4,1,Standard Class,9,244.02,Industrial Parts,East Asia
5,8.9,3.9,1,Standard Class,2,454.16,Industrial Parts,South Asia
5,9.1,4.1,1,Standard Class,7,11.1,Automotive,Europe
5,8.3,3.3,1,Standard Class,2,140.65,Automotive,South Asia
5,9.5,4.5,1,Standard Class,6,401.93,Apparel,South Asia
1,2.0,1.0,1,Same Day,2,14.83,Industrial Parts,East Asia
2,4.2,2.2,1,First Class,6,14.98,Apparel,Latin America
5,8.8,3.8,1,Standard Class,2,309.3,Apparel,Europe
2,3.7,1.7,1,First Class,1,396.71,Electronics,South Asia
5,9.1,4.1,1,Standard Class,7,390.49,Industrial Parts,East Asia
5,8.8,3.8,1,Standard Class,3,391.99,Apparel,East Asia
2,3.8,1.8,1,First Class,4,186.89,Electronics,East Asia
5,9.8,4.8,1,Standard Class,6,442.53,Apparel,Latin America
5,9.8,4.8,1,Standard Class,5,16.29,Apparel,South Asia
1,2.6,1.6,1,Same Day,4,162.97,Industrial Parts,North America
3,6.4,3.4,1,Second Class,9,175.22,Automotive,Europe
2,3.6,1.6,1,First Class,6,91.13,Automotive,North America
2,4.3,2.3,1,First Class,6,174.75,Industrial Parts,Latin America
2,4.4,2.4,1,First Class,2,297.08,Automotive,South Asia
5,9.1,4.1,1,Standard Class,6,264.94,Chemicals,North America
5,9.0,4.0,1,Standard Class,7,166.52,Automotive,North America
5,9.1,4.1,1,Standard Class,8,377.17,Apparel,North America
5,9.0,4.0,1,Standard Class,8,360.25,Apparel,Europe
2,5.2,3.2,1,First Class,9,147.54,Electronics,South Asia
5,8.4,3.4,1,Standard Class,3,168.38,Industrial Parts,East Asia
1,2.9,1.9,1,Same Day,7,150.88,Electronics,South Asia
1,2.3,1.3,1,Same Day,7,73.14,Apparel,North America
3,4.8,1.8,1,Second Class,1,378.86,Apparel,South Asia
2,4.4,2.4,1,First Class,8,32.68,Electronics,East Asia
3,5.4,2.4,1,Second Class,4,83.78,Chemicals,Europe
5,9.0,4.0,1,Standard Class,5,61.6,Automotive,South Asia
3,6.8,3.8,1,Second Class,6,414.42,Chemicals,South Asia
5,8.6,3.6,1,Standard Class,3,31.56,Chemicals,Europe
3,5.0,2.0,1,Second Class,5,335.67,Chemicals,Europe
5,9.1,4.1,1,Standard Class,5,31.79,Chemicals,North America
3,4.7,1.7,1,Second Class,1,395.36,Automotive,North America
1,2.2,1.2,1,Same Day,3,457.23,Industrial Parts,Europe
5,8.7,3.7,1,Standard Class,3,248.55,Electronics,East Asia
5,8.3,3.3,1,Standard Class,1,404.23,Chemicals,North America
1,2.2,1.2,1,Same Day,7,356.14,Chemicals,East Asia
5,7.9,2.9,1,Standard Class,1,399.86,Electronics,Europe
3,6.5,3.5,1,Second Class,7,385.72,Electronics,South Asia
2,3.3,1.3,1,First Class,4,110.63,Industrial Parts,Europe
5,9.8,4.8,1,Standard Class,9,254.78,Apparel,Europe
5,9.6,4.6,1,Standard Class,7,480.6,Industrial Parts,Latin America
5,8.5,3.5,1,Standard Class,5,178.33,Apparel,Europe
3,6.2,3.2,1,Second Class,7,485.54,Automotive,North America
5,9.4,4.4,1,Standard Class,9,295.75,Industrial Parts,South Asia
2,3.9,1.9,1,First Class,6,236.19,Automotive,East Asia
5,8.9,3.9,1,Standard Class,1,332.3,Electronics,Latin America
2,3.6,1.6,1,First Class,6,409.76,Industrial Parts,North America
3,5.5,2.5,1,Second Class,1,203.16,Electronics,South Asia
1,1.9,0.9,1,Same Day,4,26.15,Chemicals,East Asia
5,9.5,4.5,1,Standard Class,8,357.32,Electronics,South Asia
3,5.7,2.7,1,Second Class,5,478.52,Chemicals,North America
3,6.5,3.5,1,Second Class,5,316.24,Apparel,South Asia
2,4.8,2.8,1,First Class,8,102.32,Chemicals,Europe
1,3.5,2.5,1,Same Day,8,131.64,Apparel,South Asia
5,8.2,3.2,1,Standard Class,1,455.78,Chemicals,Europe
5,9.2,4.2,1,Standard Class,5,16.65,Chemicals,North America
3,5.8,2.8,1,Second Class,5,278.89,Automotive,Latin America
5,9.1,4.1,1,Standard Class,8,87.75,Automotive,Europe
3,5.9,2.9,1,Second Class,1,148.55,Electronics,South Asia
3,6.3,3.3,1,Second Class,7,160.42,Automotive,South Asia
5,9.7,4.7,1,Standard Class,7,117.45,Apparel,South Asia
3,6.0,3.0,1,Second Class,9,398.25,Automotive,North America
5,8.3,3.3,1,Standard Class,2,172.78,Electronics,East Asia
2,4.0,2.0,1,First Class,3,179.29,Industrial Parts,South Asia
2,4.3,2.3,1,First Class,4,231.97,Apparel,South Asia
1,1.7,0.7,1,Same Day,1,452.12,Industrial Parts,Europe
5,9.8,4.8,1,Standard Class,7,347.2,Apparel,Latin America
5,9.2,4.2,1,Standard Class,3,40.26,Electronics,South Asia
2,3.4,1.4,1,First Class,3,29.24,Automotive,North America
3,5.2,2.2,1,Second Class,3,287.53,Industrial Parts,East Asia
2,3.9,1.9,1,First Class,8,444.66,Industrial Parts,East Asia
5,8.6,3.6,1,Standard Class,9,168.39,Automotive,East Asia
5,8.4,3.4,1,Standard Class,2,131.41,Electronics,North America
5,7.9,2.9,1,Standard Class,1,376.61,Automotive,East Asia
3,6.0,3.0,1,Second Class,9,305.02,Chemicals,East Asia
5,8.9,3.9,1,Standard Class,6,286.86,Chemicals,Europe
5,9.3,4.3,1,Standard Class,9,83.16,Chemicals,East Asia
1,2.6,1.6,1,Same Day,6,96.22,Industrial Parts,Europe
5,8.4,3.4,1,Standard Class,2,148.08,Industrial Parts,Europe
1,2.2,1.2,1,Same Day,1,111.35,Electronics,Europe
2,4.9,2.9,1,First Class,8,486.01,Apparel,North America
3,5.8,2.8,1,Second Class,3,19.12,Automotive,South Asia
5,8.5,3.5,1,Standard Class,1,316.77,Apparel,Latin America
5,8.8,3.8,1,Standard Class,8,263.62,Industrial Parts,East Asia
3,6.1,3.1,1,Second Class,1,168.39,Automotive,Latin America
3,6.4,3.4,1,Second Class,8,444.92,Industrial Parts,South Asia
3,4.9,1.9,1,Second Class,1,338.38,Electronics,Europe
5,9.2,4.2,1,Standard Class,9,499.19,Automotive,Europe
3,6.2,3.2,1,Second Class,9,92.64,Industrial Parts,Europe
3,6.1,3.1,1,Second Class,9,53.06,Chemicals,Europe
2,3.7,1.7,1,First Class,3,78.3,Chemicals,East Asia
3,5.2,2.2,1,Second Class,4,141.95,Industrial Parts,South Asia
3,6.2,3.2,1,Second Class,5,214.23,Apparel,South Asia
2,4.7,2.7,1,First Class,6,432.68,Electronics,South Asia
5,9.7,4.7,1,Standard Class,9,148.96,Electronics,Latin America
5,8.9,3.9,1,Standard Class,4,458.47,Industrial Parts,Europe
5,9.0,4.0,1,Standard Class,6,236.82,Electronics,North America
5,8.6,3.6,1,Standard Class,1,327.06,Automotive,South Asia
5,8.3,3.3,1,Standard Class,2,139.56,Electronics,Latin America
5,9.4,4.4,1,Standard Class,8,86.45,Chemicals,East Asia
5,8.8,3.8,1,Standard Class,4,436.03,Industrial Parts,Europe
5,9.4,4.4,1,Standard Class,7,63.66,Automotive,Latin America
3,5.7,2.7,1,Second Class,4,389.27,Electronics,North America
1,2.8,1.8,1,Same Day,9,294.68,Chemicals,North America
5,9.8,4.8,1,Standard Class,9,431.96,Apparel,East Asia
1,2.8,1.8,1,Same Day,4,361.73,Electronics,South Asia
2,5.2,3.2,1,First Class,8,148.02,Chemicals,South Asia
5,9.6,4.6,1,Standard Class,6,291.47,Chemicals,Latin America
5,8.7,3.7,1,Standard Class,1,16.41,Chemicals,Latin America
2,4.0,2.0,1,First Class,7,242.86,Chemicals,South Asia
3,5.6,2.6,1,Second Class,1,52.15,Apparel,South Asia
3,5.8,2.8,1,Second Class,3,220.18,Industrial Parts,Latin America
5,9.8,4.8,1,Standard Class,8,63.71,Chemicals,Europe
5,9.5,4.5,1,Standard Class,9,478.19,Industrial Parts,North America
5,8.8,3.8,1,Standard Class,3,266.3,Apparel,North America
5,8.7,3.7,1,Standard Class,1,457.48,Apparel,East Asia
5,8.7,3.7,1,Standard Class,1,20.96,Automotive,North America
5,9.6,4.6,1,Standard Class,7,322.45,Automotive,Latin America
3,6.3,3.3,1,Second Class,5,160.41,Chemicals,Europe
1,2.0,1.0,1,Same Day,1,221.6,Industrial Parts,Latin America
5,10.0,5.0,1,Standard Class,6,437.81,Apparel,South Asia
1,2.8,1.8,1,Same Day,6,490.21,Electronics,South Asia
5,9.0,4.0,1,Standard Class,4,130.78,Automotive,North America
5,8.9,3.9,1,Standard Class,7,474.64,Automotive,Europe
5,9.3,4.3,1,Standard Class,7,347.48,Electronics,East Asia
2,4.6,2.6,1,First Class,9,476.19,Industrial Parts,Latin America
1,1.4,0.4,0,Same Day,1,285.56,Industrial Parts,East Asia
2,3.5,1.5,1,First Class,5,480.77,Industrial Parts,East Asia
5,8.7,3.7,1,Standard Class,3,447.3,Chemicals,East Asia
2,4.2,2.2,1,First Class,7,73.01,Chemicals,East Asia
5,9.3,4.3,1,Standard Class,4,162.29,Electronics,Latin America
3,6.1,3.1,1,Second Class,4,129.1,Apparel,South Asia
2,3.5,1.5,1,First Class,1,290.33,Electronics,Latin America
5,8.6,3.6,1,Standard Class,1,403.37,Apparel,South Asia
2,3.5,1.5,1,First Class,2,382.11,Electronics,South Asia
2,3.5,1.5,1,First Class,2,366.11,Chemicals,Latin America
5,9.1,4.1,1,Standard Class,1,193.88,Industrial Parts,Latin America
2,4.4,2.4,1,First Class,8,78.42,Automotive,Latin America
5,9.3,4.3,1,Standard Class,6,113.19,Electronics,South Asia
3,6.0,3.0,1,Second Class,6,373.42,Electronics,Latin America
3,5.9,2.9,1,Second Class,9,82.29,Automotive,Europe
3,5.7,2.7,1,Second Class,5,119.24,Electronics,North America
2,3.4,1.4,1,First Class,4,218.03,Industrial Parts,North America
2,3.9,1.9,1,First Class,6,45.34,Automotive,Europe
5,9.3,4.3,1,Standard Class,8,114.22,Automotive,North America
3,5.7,2.7,1,Second Class,1,83.39,Industrial Parts,South Asia
5,9.7,4.7,1,Standard Class,7,476.15,Industrial Parts,Latin America
5,10.1,5.1,1,Standard Class,8,103.85,Automotive,Latin America
5,9.7,4.7,1,Standard Class,9,432.27,Industrial Parts,Latin America
5,9.1,4.1,1,Standard Class,8,66.25,Industrial Parts,Europe
2,4.0,2.0,1,First Class,7,436.14,Industrial Parts,Europe
5,9.1,4.1,1,Standard Class,3,303.72,Automotive,South Asia
3,4.8,1.8,1,Second Class,2,426.36,Electronics,Europe
5,8.6,3.6,1,Standard Class,3,435.0,Apparel,Latin America
5,9.2,4.2,1,Standard Class,4,302.22,Automotive,South Asia
2,4.6,2.6,1,First Class,4,459.67,Apparel,South Asia
5,9.9,4.9,1,Standard Class,6,296.87,Industrial Parts,Latin America
5,8.8,3.8,1,Standard Class,7,359.16,Industrial Parts,East Asia
3,5.9,2.9,1,Second Class,4,213.88,Electronics,Latin America
5,9.6,4.6,1,Standard Class,6,457.89,Industrial Parts,South Asia
3,6.3,3.3,1,Second Class,9,413.84,Apparel,East Asia
5,9.2,4.2,1,Standard Class,6,91.69,Automotive,Latin America
5,9.5,4.5,1,Standard Class,3,292.43,Automotive,Latin America
3,4.9,1.9,1,Second Class,1,449.45,Electronics,East Asia
5,9.0,4.0,1,Standard Class,5,398.6,Apparel,East Asia
5,8.5,3.5,1,Standard Class,3,481.65,Industrial Parts,North America
5,9.2,4.2,1,Standard Class,8,123.34,Chemicals,East Asia
5,8.5,3.5,1,Standard Class,1,190.06,Electronics,Europe
3,5.5,2.5,1,Second Class,2,258.52,Electronics,East Asia
5,9.3,4.3,1,Standard Class,3,124.01,Chemicals,South Asia
3,5.1,2.1,1,Second Class,3,203.08,Automotive,East Asia
3,6.2,3.2,1,Second Class,8,273.39,Automotive,Latin America
5,9.6,4.6,1,Standard Class,5,103.76,Automotive,Europe
1,2.8,1.8,1,Same Day,8,135.78,Chemicals,East Asia
5,8.7,3.7,1,Standard Class,6,71.17,Industrial Parts,Europe
1,2.1,1.1,1,Same Day,2,359.56,Industrial Parts,North America
5,8.4,3.4,1,Standard Class,4,187.16,Apparel,Europe
2,5.4,3.4,1,First Class,9,117.93,Apparel,Latin America
5,8.6,3.6,1,Standard Class,4,258.59,Automotive,North America
5,9.1,4.1,1,Standard Class,5,43.44,Chemicals,East Asia
2,3.7,1.7,1,First Class,5,462.47,Electronics,Europe
3,5.6,2.6,1,Second Class,8,154.29,Industrial Parts,North America
5,8.7,3.7,1,Standard Class,6,444.37,Chemicals,East Asia
5,8.9,3.9,1,Standard Class,7,253.83,Apparel,East Asia
3,5.6,2.6,1,Second Class,6,426.57,Industrial Parts,Europe
2,3.8,1.8,1,First Class,5,131.06,Industrial Parts,Europe
1,1.6,0.6,1,Same Day,5,95.88,Chemicals,North America
3,5.4,2.4,1,Second Class,3,426.21,Apparel,Europe
1,2.0,1.0,1,Same Day,7,114.33,Chemicals,East Asia
3,6.2,3.2,1,Second Class,5,375.64,Electronics,Latin America
5,8.9,3.9,1,Standard Class,7,178.85,Industrial Parts,North America
5,8.9,3.9,1,Standard Class,2,376.61,Chemicals,Latin America
3,6.3,3.3,1,Second Class,9,454.75,Chemicals,Latin America
2,4.0,2.0,1,First Class,8,491.0,Electronics,East Asia
5,8.7,3.7,1,Standard Class,5,186.31,Chemicals,Latin America
5,8.6,3.6,1,Standard Class,2,190.09,Industrial Parts,South Asia
1,2.9,1.9,1,Same Day,6,490.88,Automotive,North America
2,4.6,2.6,1,First Class,8,432.15,Automotive,East Asia
5,8.8,3.8,1,Standard Class,7,32.1,Apparel,Europe
5,9.2,4.2,1,Standard Class,8,290.99,Electronics,East Asia
5,8.8,3.8,1,Standard Class,4,98.81,Apparel,Europe
5,8.6,3.6,1,Standard Class,3,497.07,Automotive,East Asia
5,9.5,4.5,1,Standard Class,7,78.07,Electronics,South Asia
5,7.9,2.9,1,Standard Class,2,284.08,Chemicals,North America
3,6.4,3.4,1,Second Class,5,335.95,Chemicals,Latin America
5,9.0,4.0,1,Standard Class,7,469.16,Industrial Parts,East Asia
3,4.6,1.6,1,Second Class,1,425.16,Automotive,North America
3,5.5,2.5,1,Second Class,4,130.42,Chemicals,North America
5,8.3,3.3,1,Standard Class,2,290.59,Electronics,North America
2,3.7,1.7,1,First Class,6,477.25,Chemicals,North America
5,8.3,3.3,1,Standard Class,1,370.5,Apparel,North America
3,6.4,3.4,1,Second Class,7,347.28,Apparel,Latin America
5,9.4,4.4,1,Standard Class,3,379.9,Apparel,Latin America
2,2.9,0.9,1,First Class,1,168.03,Apparel,East Asia
2,4.0,2.0,1,First Class,8,367.33,Apparel,Europe
5,9.4,4.4,1,Standard Class,7,124.1,Industrial Parts,East Asia
5,9.1,4.1,1,Standard Class,2,219.77,Apparel,North America
2,4.8,2.8,1,First Class,7,446.07,Industrial Parts,Europe
3,5.6,2.6,1,Second Class,3,19.3,Industrial Parts,East Asia
5,9.3,4.3,1,Standard Class,9,213.02,Chemicals,Europe
2,4.5,2.5,1,First Class,8,140.74,Electronics,Latin America
5,8.7,3.7,1,Standard Class,5,107.31,Apparel,North America
3,5.4,2.4,1,Second Class,7,420.9,Electronics,Europe
5,9.3,4.3,1,Standard Class,3,351.28,Automotive,South Asia
3,5.4,2.4,1,Second Class,1,65.19,Industrial Parts,North America
5,8.7,3.7,1,Standard Class,1,252.29,Automotive,Latin America
5,9.5,4.5,1,Standard Class,2,238.78,Industrial Parts,Latin America
5,10.1,5.1,1,Standard Class,8,79.84,Apparel,East Asia
5,9.1,4.1,1,Standard Class,1,401.88,Automotive,South Asia
2,3.5,1.5,1,First Class,5,189.67,Chemicals,Europe
5,9.2,4.2,1,Standard Class,9,383.35,Automotive,East Asia
3,7.0,4.0,1,Second Class,9,104.11,Industrial Parts,Latin America
5,8.7,3.7,1,Standard Class,2,164.39,Industrial Parts,Europe
5,9.4,4.4,1,Standard Class,7,56.63,Electronics,Latin America
5,8.4,3.4,1,Standard Class,1,80.3,Automotive,Latin America
5,8.6,3.6,1,Standard Class,3,442.76,Chemicals,South Asia
5,8.7,3.7,1,Standard Class,6,63.47,Apparel,North America
5,9.3,4.3,1,Standard Class,9,56.91,Electronics,Europe
5,9.3,4.3,1,Standard Class,2,470.78,Automotive,South Asia
5,9.5,4.5,1,Standard Class,7,326.49,Electronics,Latin America
2,3.2,1.2,1,First Class,4,59.45,Automotive,Latin America
2,3.7,1.7,1,First Class,2,486.14,Apparel,South Asia
5,8.5,3.5,1,Standard Class,3,82.08,Apparel,Europe
5,9.4,4.4,1,Standard Class,6,385.51,Chemicals,Latin America
1,2.1,1.1,1,Same Day,9,27.08,Electronics,Europe
2,4.7,2.7,1,First Class,8,316.03,Chemicals,South Asia
2,5.2,3.2,1,First Class,9,277.88,Automotive,Latin America
5,8.6,3.6,1,Standard Class,4,111.92,Apparel,East Asia
3,5.3,2.3,1,Second Class,4,325.14,Apparel,East Asia
3,6.5,3.5,1,Second Class,9,312.36,Industrial Parts,Latin America
2,4.2,2.2,1,First Class,8,401.19,Industrial Parts,North America
1,1.9,0.9,1,Same Day,2,439.18,Chemicals,Latin America
5,9.4,4.4,1,Standard Class,8,259.95,Electronics,Latin America
5,9.1,4.1,1,Standard Class,1,250.24,Automotive,Latin America
3,7.0,4.0,1,Second Class,9,314.58,Chemicals,South Asia
3,6.6,3.6,1,Second Class,9,367.31,Apparel,Latin America
5,9.9,4.9,1,Standard Class,8,184.52,Apparel,Latin America
5,9.1,4.1,1,Standard Class,5,257.27,Apparel,South Asia
5,9.1,4.1,1,Standard Class,5,296.7,Automotive,Latin America
5,8.3,3.3,1,Standard Class,3,494.31,Chemicals,East Asia
3,5.2,2.2,1,Second Class,5,297.98,Automotive,East Asia
2,4.1,2.1,1,First Class,4,119.85,Apparel,Latin America
5,9.4,4.4,1,Standard Class,1,298.12,Industrial Parts,South Asia
5,9.3,4.3,1,Standard Class,9,411.55,Chemicals,Latin America
5,9.7,4.7,1,Standard Class,4,430.13,Industrial Parts,Latin America
5,7.7,2.7,1,Standard Class,3,402.12,Chemicals,Europe
2,4.0,2.0,1,First Class,6,445.22,Apparel,North America
1,1.7,0.7,1,Same Day,1,174.04,Industrial Parts,South Asia
3,5.8,2.8,1,Second Class,5,258.71,Industrial Parts,North America
5,8.9,3.9,1,Standard Class,7,392.0,Chemicals,Europe
3,5.4,2.4,1,Second Class,2,139.58,Industrial Parts,North America
3,6.5,3.5,1,Second Class,9,192.07,Industrial Parts,Latin America
3,5.9,2.9,1,Second Class,6,417.27,Apparel,East Asia
5,8.9,3.9,1,Standard Class,2,387.34,Chemicals,South Asia
5,10.2,5.2,1,Standard Class,8,485.89,Chemicals,South Asia
5,9.7,4.7,1,Standard Class,8,498.03,Electronics,Latin America
5,8.3,3.3,1,Standard Class,1,127.96,Chemicals,North America
5,8.8,3.8,1,Standard Class,1,451.22,Apparel,South Asia
5,8.5,3.5,1,Standard Class,1,56.31,Industrial Parts,Europe
5,9.0,4.0,1,Standard Class,4,357.8,Electronics,Europe
3,5.5,2.5,1,Second Class,4,117.85,Industrial Parts,North America
5,8.8,3.8,1,Standard Class,8,157.15,Chemicals,Europe
5,8.0,3.0,1,Standard Class,1,473.7,Automotive,East Asia
1,2.7,1.7,1,Same Day,3,138.94,Industrial Parts,Latin America
1,1.8,0.8,1,Same Day,1,339.86,Chemicals,South Asia
3,6.5,3.5,1,Second Class,9,97.28,Apparel,Latin America
1,2.7,1.7,1,Same Day,9,55.76,Chemicals,North America
2,4.5,2.5,1,First Class,7,176.27,Electronics,Latin America
1,3.2,2.2,1,Same Day,8,315.86,Automotive,South Asia
5,8.8,3.8,1,Standard Class,1,131.49,Automotive,South Asia
5,8.5,3.5,1,Standard Class,5,157.08,Automotive,North America
5,8.7,3.7,1,Standard Class,2,357.28,Apparel,South Asia
5,8.8,3.8,1,Standard Class,1,60.37,Automotive,Europe
5,9.4,4.4,1,Standard Class,3,228.98,Industrial Parts,Latin America
2,4.2,2.2,1,First Class,7,471.45,Apparel,East Asia
3,5.2,2.2,1,Second Class,1,204.52,Chemicals,East Asia
2,3.4,1.4,1,First Class,2,222.76,Electronics,East Asia
5,8.4,3.4,1,Standard Class,2,371.72,Apparel,North America
3,5.2,2.2,1,Second Class,4,391.72,Electronics,East Asia
2,4.4,2.4,1,First Class,3,387.11,Apparel,Latin America
5,9.7,4.7,1,Standard Class,3,498.95,Chemicals,South Asia
2,3.6,1.6,1,First Class,5,45.01,Electronics,Europe
5,8.9,3.9,1,Standard Class,3,491.3,Apparel,East Asia
5,9.0,4.0,1,Standard Class,7,475.59,Electronics,East Asia
1,2.1,1.1,1,Same Day,5,427.55,Automotive,East Asia
5,8.6,3.6,1,Standard Class,4,232.52,Automotive,Europe
5,8.9,3.9,1,Standard Class,3,436.74,Automotive,Latin America
3,5.7,2.7,1,Second Class,4,118.21,Industrial Parts,East Asia
3,5.6,2.6,1,Second Class,2,397.91,Automotive,South Asia
5,8.5,3.5,1,Standard Class,1,100.77,Automotive,North America
5,8.3,3.3,1,Standard Class,3,409.53,Chemicals,Europe
5,8.9,3.9,1,Standard Class,2,311.12,Electronics,Latin America
2,3.4,1.4,1,First Class,1,58.04,Electronics,South Asia
5,7.8,2.8,1,Standard Class,1,448.71,Automotive,Europe
5,8.5,3.5,1,Standard Class,2,293.2,Electronics,Europe
1,2.9,1.9,1,Same Day,9,331.56,Apparel,North America
2,3.6,1.6,1,First Class,5,148.92,Automotive,North America
5,9.6,4.6,1,Standard Class,9,437.1,Automotive,Latin America
2,3.8,1.8,1,First Class,8,277.15,Industrial Parts,East Asia
2,4.0,2.0,1,First Class,6,216.35,Apparel,North America
5,8.5,3.5,1,Standard Class,1,271.8,Automotive,Latin America
5,9.3,4.3,1,Standard Class,5,354.62,Automotive,Europe
3,5.1,2.1,1,Second Class,1,350.57,Electronics,East Asia
5,9.9,4.9,1,Standard Class,7,185.21,Automotive,South Asia
2,4.6,2.6,1,First Class,8,198.78,Automotive,Europe
5,9.5,4.5,1,Standard Class,8,285.5,Automotive,Latin America
5,9.8,4.8,1,Standard Class,7,462.96,Automotive,South Asia
5,8.5,3.5,1,Standard Class,2,375.26,Industrial Parts,Europe
5,8.7,3.7,1,Standard Class,5,201.3,Apparel,North America
5,8.7,3.7,1,Standard Class,4,175.15,Industrial Parts,Latin America
5,8.8,3.8,1,Standard Class,5,266.58,Electronics,South Asia
3,6.0,3.0,1,Second Class,9,436.3,Chemicals,North America
1,3.0,2.0,1,Same Day,4,14.25,Automotive,South Asia
3,5.9,2.9,1,Second Class,8,358.14,Electronics,East Asia
3,6.4,3.4,1,Second Class,8,154.31,Chemicals,East Asia
5,8.6,3.6,1,Standard Class,2,112.11,Automotive,Latin America
1,3.0,2.0,1,Same Day,6,15.95,Automotive,South Asia
5,9.0,4.0,1,Standard Class,5,449.33,Chemicals,East Asia
1,2.2,1.2,1,Same Day,2,457.0,Industrial Parts,Europe
1,2.0,1.0,1,Same Day,4,40.09,Chemicals,Europe
3,5.7,2.7,1,Second Class,7,265.69,Chemicals,East Asia
1,1.1,0.1,0,Same Day,1,84.76,Apparel,East Asia
2,4.7,2.7,1,First Class,9,381.76,Automotive,Latin America
5,9.7,4.7,1,Standard Class,1,336.04,Automotive,Latin America
5,8.8,3.8,1,Standard Class,5,155.59,Industrial Parts,Europe
2,3.6,1.6,1,First Class,7,67.31,Industrial Parts,North America
5,9.8,4.8,1,Standard Class,8,417.3,Apparel,South Asia
2,3.5,1.5,1,First Class,2,340.38,Apparel,North America
1,2.4,1.4,1,Same Day,4,13.34,Apparel,Latin America
5,8.1,3.1,1,Standard Class,2,317.66,Industrial Parts,North America
3,6.7,3.7,1,Second Class,4,407.05,Chemicals,Latin America
1,2.6,1.6,1,Same Day,6,299.48,Automotive,North America
1,2.9,1.9,1,Same Day,6,218.11,Automotive,Europe
1,2.2,1.2,1,Same Day,2,296.12,Electronics,Latin America
2,4.1,2.1,1,First Class,4,313.66,Industrial Parts,Europe
1,2.4,1.4,1,Same Day,4,323.62,Industrial Parts,North America
3,5.2,2.2,1,Second Class,1,483.85,Apparel,East Asia
5,8.0,3.0,1,Standard Class,2,97.54,Electronics,East Asia
5,8.9,3.9,1,Standard Class,3,315.32,Electronics,South Asia
3,5.8,2.8,1,Second Class,5,102.12,Industrial Parts,East Asia
5,9.8,4.8,1,Standard Class,8,112.88,Apparel,South Asia
2,4.0,2.0,1,First Class,6,337.94,Automotive,North America
2,3.9,1.9,1,First Class,3,458.82,Apparel,South Asia
5,9.7,4.7,1,Standard Class,6,87.93,Automotive,South Asia
2,4.4,2.4,1,First Class,7,481.61,Industrial Parts,South Asia
3,5.9,2.9,1,Second Class,6,166.49,Apparel,Europe
5,9.3,4.3,1,Standard Class,6,201.74,Electronics,South Asia
5,8.6,3.6,1,Standard Class,1,85.3,Chemicals,Latin America
5,8.5,3.5,1,Standard Class,3,311.76,Electronics,North America
5,8.9,3.9,1,Standard Class,7,302.25,Automotive,Europe
1,2.4,1.4,1,Same Day,4,226.71,Industrial Parts,Latin America
5,8.8,3.8,1,Standard Class,4,243.28,Apparel,North America
2,4.3,2.3,1,First Class,7,315.26,Industrial Parts,Europe
5,9.5,4.5,1,Standard Class,9,295.91,Industrial Parts,North America
5,8.6,3.6,1,Standard Class,2,193.39,Automotive,East Asia
3,6.3,3.3,1,Second Class,9,443.22,Industrial Parts,North America
3,5.1,2.1,1,Second Class,3,337.15,Apparel,East Asia
5,8.5,3.5,1,Standard Class,6,110.65,Electronics,East Asia
5,8.5,3.5,1,Standard Class,4,166.75,Industrial Parts,North America
5,8.2,3.2,1,Standard Class,1,396.06,Apparel,East Asia
5,9.3,4.3,1,Standard Class,9,61.22,Apparel,Europe
2,4.4,2.4,1,First Class,6,377.61,Automotive,East Asia
5,9.9,4.9,1,Standard Class,8,185.83,Industrial Parts,South Asia
5,8.4,3.4,1,Standard Class,2,280.33,Automotive,Europe
5,9.3,4.3,1,Standard Class,7,147.47,Electronics,Europe
1,3.1,2.1,1,Same Day,6,493.36,Electronics,Europe
1,2.3,1.3,1,Same Day,2,453.86,Apparel,South Asia
5,8.7,3.7,1,Standard Class,2,464.94,Industrial Parts,South Asia
3,6.2,3.2,1,Second Class,4,100.54,Apparel,South Asia
5,8.9,3.9,1,Standard Class,4,422.43,Industrial Parts,South Asia
5,8.8,3.8,1,Standard Class,3,272.34,Automotive,South Asia
3,7.0,4.0,1,Second Class,8,356.85,Electronics,Latin America
1,3.5,2.5,1,Same Day,7,116.58,Electronics,Latin America
1,2.6,1.6,1,Same Day,2,358.87,Automotive,South Asia
2,3.6,1.6,1,First Class,3,457.99,Chemicals,Europe
5,9.1,4.1,1,Standard Class,9,141.07,Chemicals,East Asia
3,5.4,2.4,1,Second Class,5,124.35,Chemicals,East Asia
5,9.3,4.3,1,Standard Class,2,61.16,Industrial Parts,Latin America
2,3.9,1.9,1,First Class,3,140.74,Automotive,South Asia
5,9.1,4.1,1,Standard Class,8,272.54,Industrial Parts,North America
2,3.5,1.5,1,First Class,4,418.03,Industrial Parts,East Asia
5,8.6,3.6,1,Standard Class,2,146.61,Automotive,East Asia
5,8.3,3.3,1,Standard Class,2,314.36,Industrial Parts,Europe
1,2.4,1.4,1,Same Day,6,245.0,Automotive,East Asia
5,9.1,4.1,1,Standard Class,8,151.4,Chemicals,Latin America
2,4.6,2.6,1,First Class,7,260.08,Chemicals,South Asia
5,9.6,4.6,1,Standard Class,4,92.3,Industrial Parts,South Asia
5,8.4,3.4,1,Standard Class,2,323.39,Electronics,East Asia
5,10.1,5.1,1,Standard Class,9,66.67,Automotive,North America
5,9.0,4.0,1,Standard Class,4,368.18,Apparel,Latin America
3,6.1,3.1,1,Second Class,9,97.08,Apparel,East Asia
5,9.1,4.1,1,Standard Class,5,499.1,Industrial Parts,Latin America
1,2.4,1.4,1,Same Day,7,413.6,Electronics,North America
2,4.4,2.4,1,First Class,5,178.48,Automotive,Latin America
5,8.8,3.8,1,Standard Class,2,218.84,Chemicals,Latin America
2,5.0,3.0,1,First Class,6,137.0,Industrial Parts,Latin America
2,4.7,2.7,1,First Class,7,385.89,Automotive,South Asia
3,5.5,2.5,1,Second Class,6,196.56,Automotive,North America
5,8.8,3.8,1,Standard Class,3,380.04,Automotive,South Asia
5,9.8,4.8,1,Standard Class,8,19.02,Electronics,Europe
3,5.4,2.4,1,Second Class,3,76.45,Automotive,East Asia
1,3.3,2.3,1,Same Day,5,188.84,Electronics,South Asia
3,6.8,3.8,1,Second Class,9,63.37,Electronics,Latin America
5,8.9,3.9,1,Standard Class,5,304.55,Automotive,Europe
3,6.4,3.4,1,Second Class,7,34.91,Chemicals,North America
5,9.3,4.3,1,Standard Class,7,431.28,Automotive,North America
5,9.5,4.5,1,Standard Class,5,383.04,Chemicals,South Asia
5,8.8,3.8,1,Standard Class,2,115.97,Industrial Parts,Latin America
2,4.5,2.5,1,First Class,5,247.06,Apparel,Latin America
5,9.1,4.1,1,Standard Class,7,231.39,Industrial Parts,North America
5,9.5,4.5,1,Standard Class,7,365.18,Electronics,Latin America
3,6.1,3.1,1,Second Class,4,206.74,Industrial Parts,East Asia
5,8.7,3.7,1,Standard Class,1,26.14,Apparel,South Asia
5,9.3,4.3,1,Standard Class,6,144.13,Apparel,South Asia
5,9.4,4.4,1,Standard Class,3,238.44,Chemicals,Latin America
1,2.5,1.5,1,Same Day,5,487.5,Industrial Parts,North America
2,3.4,1.4,1,First Class,4,441.77,Electronics,East Asia
5,8.4,3.4,1,Standard Class,2,98.89,Electronics,East Asia
3,6.2,3.2,1,Second Class,7,364.41,Chemicals,East Asia
3,5.7,2.7,1,Second Class,5,469.04,Chemicals,Europe
5,9.9,4.9,1,Standard Class,7,14.31,Industrial Parts,Latin America
2,4.3,2.3,1,First Class,9,363.26,Chemicals,East Asia
3,6.2,3.2,1,Second Class,4,235.07,Apparel,Latin America
2,3.7,1.7,1,First Class,5,343.32,Electronics,North America
5,9.3,4.3,1,Standard Class,9,306.74,Apparel,North America
3,5.8,2.8,1,Second Class,4,492.49,Automotive,North America
2,3.8,1.8,1,First Class,5,151.52,Apparel,Europe
5,9.1,4.1,1,Standard Class,5,395.21,Electronics,North America
5,10.1,5.1,1,Standard Class,8,124.97,Automotive,Latin America
5,9.1,4.1,1,Standard Class,4,223.45,Industrial Parts,South Asia
5,9.4,4.4,1,Standard Class,4,487.94,Automotive,South Asia
3,7.1,4.1,1,Second Class,7,385.41,Chemicals,Latin America
5,9.4,4.4,1,Standard Class,5,164.75,Electronics,South Asia
5,8.6,3.6,1,Standard Class,6,313.49,Chemicals,East Asia
2,4.7,2.7,1,First Class,6,34.35,Apparel,South Asia
5,8.5,3.5,1,Standard Class,6,140.53,Industrial Parts,Europe
1,2.0,1.0,1,Same Day,5,362.01,Electronics,North America
5,9.4,4.4,1,Standard Class,5,289.35,Industrial Parts,South Asia
5,10.0,5.0,1,Standard Class,9,240.14,Electronics,South Asia
5,9.4,4.4,1,Standard Class,8,348.53,Chemicals,Europe
5,9.4,4.4,1,Standard Class,4,205.24,Apparel,Europe
5,9.7,4.7,1,Standard Class,7,22.82,Automotive,South Asia
3,5.9,2.9,1,Second Class,8,226.1,Industrial Parts,East Asia
1,3.3,2.3,1,Same Day,9,452.04,Electronics,South Asia
5,8.7,3.7,1,Standard Class,5,429.74,Electronics,East Asia
2,3.1,1.1,1,First Class,3,210.41,Industrial Parts,North America
3,6.1,3.1,1,Second Class,4,20.89,Automotive,Latin America
3,5.9,2.9,1,Second Class,6,321.79,Apparel,North America
5,9.6,4.6,1,Standard Class,5,373.19,Electronics,South Asia
5,10.3,5.3,1,Standard Class,9,154.18,Electronics,South Asia
5,8.7,3.7,1,Standard Class,3,243.57,Industrial Parts,East Asia
3,4.8,1.8,1,Second Class,2,496.01,Industrial Parts,Europe
3,5.7,2.7,1,Second Class,6,292.41,Electronics,East Asia
5,9.1,4.1,1,Standard Class,7,182.03,Electronics,Europe
5,9.3,4.3,1,Standard Class,5,317.47,Electronics,Europe
1,2.1,1.1,1,Same Day,1,98.21,Chemicals,Europe
3,5.2,2.2,1,Second Class,3,107.63,Electronics,Europe
1,2.3,1.3,1,Same Day,3,463.21,Apparel,South Asia
3,6.0,3.0,1,Second Class,4,127.21,Apparel,Latin America
5,9.4,4.4,1,Standard Class,6,162.29,Automotive,Latin America
2,3.7,1.7,1,First Class,5,276.45,Industrial Parts,North America
2,3.5,1.5,1,First Class,1,450.85,Automotive,North America
5,9.1,4.1,1,Standard Class,6,392.91,Electronics,North America
2,4.2,2.2,1,First Class,9,31.45,Industrial Parts,East Asia
3,4.9,1.9,1,Second Class,1,349.58,Electronics,North America
5,8.9,3.9,1,Standard Class,8,256.99,Industrial Parts,North America
3,6.3,3.3,1,Second Class,8,243.02,Chemicals,North America
2,4.1,2.1,1,First Class,3,348.86,Chemicals,South Asia
1,3.1,2.1,1,Same Day,9,106.15,Chemicals,North America
5,9.8,4.8,1,Standard Class,8,490.93,Automotive,Latin America
5,8.8,3.8,1,Standard Class,3,326.2,Industrial Parts,South Asia
2,3.8,1.8,1,First Class,5,189.17,Automotive,Europe
5,8.9,3.9,1,Standard Class,3,304.1,Industrial Parts,East Asia
3,6.2,3.2,1,Second Class,5,116.07,Electronics,South Asia
3,7.3,4.3,1,Second Class,9,320.58,Chemicals,South Asia
5,9.3,4.3,1,Standard Class,4,23.83,Chemicals,Latin America
2,4.5,2.5,1,First Class,6,177.18,Industrial Parts,North America
2,4.1,2.1,1,First Class,3,376.28,Automotive,Europe
5,8.8,3.8,1,Standard Class,3,405.91,Automotive,Latin America
1,2.6,1.6,1,Same Day,5,133.93,Apparel,Latin America
3,6.5,3.5,1,Second Class,8,274.31,Chemicals,South Asia
2,3.7,1.7,1,First Class,8,268.96,Chemicals,Europe
3,6.0,3.0,1,Second Class,3,216.51,Automotive,Latin America
5,9.4,4.4,1,Standard Class,8,121.93,Chemicals,East Asia
1,2.8,1.8,1,Same Day,8,354.58,Automotive,East Asia
2,3.6,1.6,1,First Class,3,133.66,Apparel,Latin America
3,6.2,3.2,1,Second Class,2,456.4,Industrial Parts,South Asia
3,4.6,1.6,1,Second Class,2,268.97,Industrial Parts,East Asia
5,9.6,4.6,1,Standard Class,9,436.53,Apparel,South Asia
3,6.2,3.2,1,Second Class,7,152.46,Chemicals,North America
5,9.1,4.1,1,Standard Class,6,405.47,Electronics,North America
5,9.5,4.5,1,Standard Class,7,65.7,Chemicals,South Asia
5,9.8,4.8,1,Standard Class,8,385.75,Automotive,Latin America
1,1.7,0.7,1,Same Day,1,199.6,Electronics,North America
3,6.5,3.5,1,Second Class,8,240.3,Apparel,North America
3,5.0,2.0,1,Second Class,3,91.74,Industrial Parts,East Asia
3,5.9,2.9,1,Second Class,3,19.13,Industrial Parts,Latin America
2,4.8,2.8,1,First Class,6,336.44,Chemicals,South Asia
1,1.9,0.9,1,Same Day,4,297.98,Industrial Parts,North America
5,9.2,4.2,1,Standard Class,4,314.99,Chemicals,Latin America
5,8.7,3.7,1,Standard Class,4,134.95,Automotive,North America
5,9.0,4.0,1,Standard Class,9,127.25,Automotive,East Asia
3,6.7,3.7,1,Second Class,8,416.85,Apparel,Latin America
3,5.5,2.5,1,Second Class,3,383.01,Automotive,Europe
5,8.7,3.7,1,Standard Class,1,175.03,Chemicals,East Asia
5,8.8,3.8,1,Standard Class,1,322.52,Industrial Parts,South Asia
3,5.7,2.7,1,Second Class,1,415.79,Automotive,Latin America
5,9.1,4.1,1,Standard Class,4,445.53,Automotive,North America
3,6.1,3.1,1,Second Class,6,12.85,Chemicals,Latin America
1,2.4,1.4,1,Same Day,4,408.6,Automotive,South Asia
5,9.1,4.1,1,Standard Class,3,181.69,Industrial Parts,Latin America
5,9.2,4.2,1,Standard Class,8,362.01,Industrial Parts,North America
3,6.1,3.1,1,Second Class,8,191.99,Industrial Parts,East Asia
3,5.7,2.7,1,Second Class,6,307.06,Industrial Parts,East Asia
2,4.1,2.1,1,First Class,9,326.92,Electronics,North America
1,2.0,1.0,1,Same Day,1,208.45,Industrial Parts,Europe
5,9.3,4.3,1,Standard Class,8,261.26,Electronics,Europe
2,4.6,2.6,1,First Class,6,365.89,Industrial Parts,East Asia
3,5.3,2.3,1,Second Class,1,243.39,Industrial Parts,South Asia
3,6.6,3.6,1,Second Class,4,16.85,Chemicals,Latin America
5,8.9,3.9,1,Standard Class,5,16.32,Industrial Parts,North America
3,6.5,3.5,1,Second Class,7,334.04,Automotive,South Asia
2,4.3,2.3,1,First Class,8,425.15,Industrial Parts,Latin America
5,9.3,4.3,1,Standard Class,9,394.78,Apparel,East Asia
5,9.4,4.4,1,Standard Class,6,162.1,Chemicals,North America
3,6.0,3.0,1,Second Class,9,240.85,Chemicals,South Asia
5,8.6,3.6,1,Standard Class,4,124.74,Industrial Parts,Latin America
5,8.8,3.8,1,Standard Class,8,494.68,Apparel,East Asia
5,8.9,3.9,1,Standard Class,3,137.65,Industrial Parts,East Asia
3,6.2,3.2,1,Second Class,4,213.97,Automotive,Latin America
2,3.3,1.3,1,First Class,4,343.75,Chemicals,Europe
3,5.7,2.7,1,Second Class,6,439.25,Chemicals,Europe
5,10.0,5.0,1,Standard Class,9,35.22,Apparel,Latin America
2,4.7,2.7,1,First Class,6,157.5,Electronics,Latin America
2,3.3,1.3,1,First Class,1,288.8,Apparel,Latin America
3,5.7,2.7,1,Second Class,5,312.97,Automotive,East Asia
1,2.8,1.8,1,Same Day,9,44.31,Apparel,North America
5,8.8,3.8,1,Standard Class,5,335.4,Electronics,East Asia
2,3.6,1.6,1,First Class,6,268.75,Automotive,East Asia
5,8.6,3.6,1,Standard Class,3,415.54,Automotive,Europe
2,4.4,2.4,1,First Class,8,118.87,Electronics,Latin America
5,8.7,3.7,1,Standard Class,4,105.56,Industrial Parts,East Asia
5,9.2,4.2,1,Standard Class,4,398.74,Apparel,East Asia
5,9.6,4.6,1,Standard Class,5,354.9,Automotive,Latin America
2,4.8,2.8,1,First Class,9,397.92,Apparel,North America
5,9.4,4.4,1,Standard Class,8,393.15,Electronics,Europe
3,6.8,3.8,1,Second Class,7,60.96,Chemicals,South Asia
5,8.3,3.3,1,Standard Class,5,146.51,Electronics,East Asia
5,8.9,3.9,1,Standard Class,9,137.44,Apparel,North America
3,6.5,3.5,1,Second Class,9,467.95,Automotive,South Asia
5,8.6,3.6,1,Standard Class,2,248.86,Apparel,Latin America
5,9.6,4.6,1,Standard Class,4,64.42,Chemicals,South Asia
2,4.2,2.2,1,First Class,8,151.89,Automotive,Latin America
5,7.8,2.8,1,Standard Class,1,437.23,Chemicals,North America
5,9.4,4.4,1,Standard Class,5,425.06,Industrial Parts,South Asia
5,9.3,4.3,1,Standard Class,8,451.17,Electronics,Europe
1,2.1,1.1,1,Same Day,2,200.38,Industrial Parts,North America
2,3.8,1.8,1,First Class,2,324.26,Apparel,South Asia
2,4.1,2.1,1,First Class,8,146.31,Industrial Parts,East Asia
2,5.2,3.2,1,First Class,9,98.6,Electronics,South Asia
5,9.4,4.4,1,Standard Class,7,20.73,Automotive,South Asia
5,9.3,4.3,1,Standard Class,8,119.49,Chemicals,Europe
3,5.8,2.8,1,Second Class,5,306.14,Automotive,North America
5,8.1,3.1,1,Standard Class,1,453.06,Industrial Parts,East Asia
5,9.0,4.0,1,Standard Class,4,75.38,Apparel,North America
5,8.1,3.1,1,Standard Class,2,459.83,Industrial Parts,North America
5,9.0,4.0,1,Standard Class,3,179.24,Electronics,East Asia
1,1.9,0.9,1,Same Day,3,219.15,Electronics,East Asia
5,9.3,4.3,1,Standard Class,9,188.84,Apparel,Europe
2,3.6,1.6,1,First Class,4,210.22,Automotive,Latin America
5,8.1,3.1,1,Standard Class,2,137.0,Electronics,Europe
1,1.8,0.8,1,Same Day,3,352.32,Electronics,East Asia
5,8.8,3.8,1,Standard Class,3,381.51,Apparel,South Asia
5,9.4,4.4,1,Standard Class,7,413.33,Automotive,South Asia
3,6.1,3.1,1,Second Class,8,177.23,Industrial Parts,North America
3,6.0,3.0,1,Second Class,6,384.67,Chemicals,North America
5,9.3,4.3,1,Standard Class,4,322.46,Apparel,Latin America
5,8.5,3.5,1,Standard Class,6,479.38,Automotive,Latin America
5,8.4,3.4,1,Standard Class,1,218.14,Chemicals,Latin America
5,10.1,5.1,1,Standard Class,8,496.23,Apparel,Latin America
5,8.4,3.4,1,Standard Class,1,372.79,Industrial Parts,South Asia
5,8.8,3.8,1,Standard Class,5,390.38,Industrial Parts,East Asia
5,8.6,3.6,1,Standard Class,2,22.6,Automotive,Latin America
5,9.4,4.4,1,Standard Class,6,253.73,Automotive,Europe
2,4.6,2.6,1,First Class,9,268.88,Industrial Parts,Latin America
1,3.1,2.1,1,Same Day,5,29.89,Industrial Parts,South Asia
2,3.4,1.4,1,First Class,4,162.94,Apparel,North America
5,7.7,2.7,1,Standard Class,2,478.27,Automotive,Europe
5,9.2,4.2,1,Standard Class,3,218.79,Chemicals,Latin America
1,2.4,1.4,1,Same Day,6,101.48,Industrial Parts,South Asia
5,9.0,4.0,1,Standard Class,8,261.54,Chemicals,North America
5,10.3,5.3,1,Standard Class,8,26.55,Automotive,Latin America
2,5.2,3.2,1,First Class,5,262.83,Automotive,South Asia
2,4.3,2.3,1,First Class,5,301.19,Electronics,South Asia
2,3.2,1.2,1,First Class,3,185.27,Industrial Parts,East Asia
5,9.7,4.7,1,Standard Class,7,383.66,Automotive,South Asia
5,9.1,4.1,1,Standard Class,6,76.5,Automotive,Latin America
1,2.1,1.1,1,Same Day,1,440.31,Industrial Parts,South Asia
5,9.2,4.2,1,Standard Class,4,478.17,Electronics,Europe
2,4.5,2.5,1,First Class,6,10.6,Electronics,South Asia
3,5.9,2.9,1,Second Class,6,422.93,Electronics,South Asia
2,3.6,1.6,1,First Class,3,257.99,Electronics,Europe
5,9.0,4.0,1,Standard Class,6,236.09,Apparel,Latin America
5,8.4,3.4,1,Standard Class,6,126.95,Industrial Parts,North America
2,4.6,2.6,1,First Class,9,229.19,Industrial Parts,East Asia
3,6.0,3.0,1,Second Class,9,475.71,Industrial Parts,North America
1,2.8,1.8,1,Same Day,2,113.29,Electronics,Latin America
5,8.9,3.9,1,Standard Class,4,97.73,Electronics,Latin America
5,9.8,4.8,1,Standard Class,9,128.53,Automotive,Europe
1,2.6,1.6,1,Same Day,4,280.4,Apparel,North America
3,6.7,3.7,1,Second Class,8,465.85,Industrial Parts,South Asia
3,5.3,2.3,1,Second Class,3,291.2,Apparel,Europe
5,8.4,3.4,1,Standard Class,3,129.31,Industrial Parts,Europe
2,4.2,2.2,1,First Class,9,225.82,Electronics,East Asia
3,5.6,2.6,1,Second Class,8,201.3,Electronics,Europe
2,3.3,1.3,1,First Class,1,32.82,Industrial Parts,North America
5,9.1,4.1,1,Standard Class,2,260.21,Chemicals,Latin America
5,8.5,3.5,1,Standard Class,3,71.74,Electronics,East Asia
2,3.9,1.9,1,First Class,2,422.7,Automotive,South Asia
5,8.4,3.4,1,Standard Class,3,278.99,Electronics,North America
5,9.5,4.5,1,Standard Class,8,423.86,Automotive,South Asia
1,2.1,1.1,1,Same Day,6,478.46,Apparel,Europe
5,9.0,4.0,1,Standard Class,7,472.16,Electronics,North America
3,5.7,2.7,1,Second Class,6,59.21,Electronics,East Asia
5,8.6,3.6,1,Standard Class,1,472.96,Apparel,East Asia
2,4.2,2.2,1,First Class,3,399.92,Automotive,South Asia
1,2.6,1.6,1,Same Day,1,391.05,Chemicals,Latin America
5,9.7,4.7,1,Standard Class,9,54.16,Automotive,East Asia
5,9.5,4.5,1,Standard Class,9,97.96,Industrial Parts,South Asia
5,8.9,3.9,1,Standard Class,5,487.83,Industrial Parts,Latin America
5,8.4,3.4,1,Standard Class,4,114.55,Industrial Parts,North America
3,6.1,3.1,1,Second Class,9,92.84,Apparel,East Asia
1,2.7,1.7,1,Same Day,9,187.55,Automotive,East Asia
5,9.3,4.3,1,Standard Class,3,457.54,Electronics,South Asia
5,9.2,4.2,1,Standard Class,5,243.33,Industrial Parts,East Asia
5,8.7,3.7,1,Standard Class,3,461.09,Automotive,South Asia
3,4.7,1.7,1,Second Class,2,173.83,Electronics,East Asia
5,9.3,4.3,1,Standard Class,1,121.0,Automotive,South Asia
2,3.4,1.4,1,First Class,2,252.65,Apparel,East Asia
2,4.0,2.0,1,First Class,8,311.58,Industrial Parts,North America
2,4.7,2.7,1,First Class,8,201.83,Chemicals,North America
5,9.5,4.5,1,Standard Class,3,179.55,Industrial Parts,South Asia
3,5.8,2.8,1,Second Class,7,116.85,Industrial Parts,North America
5,10.0,5.0,1,Standard Class,7,144.75,Apparel,South Asia
5,9.3,4.3,1,Standard Class,2,339.83,Electronics,South Asia
3,6.5,3.5,1,Second Class,9,191.24,Industrial Parts,Europe
3,5.7,2.7,1,Second Class,3,49.08,Electronics,North America
5,8.1,3.1,1,Standard Class,2,77.7,Electronics,Europe
5,8.6,3.6,1,Standard Class,3,192.47,Apparel,Europe
5,8.9,3.9,1,Standard Class,2,463.01,Industrial Parts,East Asia
5,9.7,4.7,1,Standard Class,8,195.72,Apparel,South Asia
5,9.1,4.1,1,Standard Class,5,39.71,Apparel,Latin America
5,8.6,3.6,1,Standard Class,3,214.82,Chemicals,Europe
5,8.4,3.4,1,Standard Class,5,337.72,Apparel,East Asia
3,6.2,3.2,1,Second Class,8,300.86,Chemicals,North America
2,4.0,2.0,1,First Class,7,146.61,Electronics,Latin America
2,4.8,2.8,1,First Class,6,347.16,Electronics,South Asia
5,7.8,2.8,1,Standard Class,1,319.01,Automotive,East Asia
1,2.4,1.4,1,Same Day,1,94.36,Automotive,Latin America
3,5.4,2.4,1,Second Class,1,89.45,Electronics,South Asia
3,6.3,3.3,1,Second Class,8,278.12,Industrial Parts,South Asia
3,6.6,3.6,1,Second Class,8,333.12,Automotive,Latin America
1,2.7,1.7,1,Same Day,7,481.34,Apparel,East Asia
2,4.4,2.4,1,First Class,6,216.75,Automotive,Latin America
5,8.8,3.8,1,Standard Class,4,384.82,Electronics,Europe
2,3.9,1.9,1,First Class,1,67.1,Industrial Parts,South Asia
3,5.6,2.6,1,Second Class,9,445.91,Electronics,North America
3,5.6,2.6,1,Second Class,1,320.22,Industrial Parts,Latin America
2,3.7,1.7,1,First Class,4,318.22,Automotive,Latin America
5,8.7,3.7,1,Standard Class,3,79.8,Apparel,South Asia
5,9.4,4.4,1,Standard Class,7,29.4,Apparel,South Asia
1,2.2,1.2,1,Same Day,5,353.71,Electronics,Latin America
2,3.7,1.7,1,First Class,5,67.36,Industrial Parts,North America
2,3.6,1.6,1,First Class,4,72.22,Automotive,South Asia
5,8.9,3.9,1,Standard Class,1,101.88,Industrial Parts,South Asia
5,9.3,4.3,1,Standard Class,5,57.9,Industrial Parts,Europe
3,6.0,3.0,1,Second Class,4,316.44,Industrial Parts,East Asia
2,3.9,1.9,1,First Class,8,216.78,Automotive,Europe
3,4.8,1.8,1,Second Class,2,140.39,Industrial Parts,North America
5,9.5,4.5,1,Standard Class,8,225.97,Apparel,East Asia
2,3.6,1.6,1,First Class,1,423.63,Electronics,Latin America
5,8.7,3.7,1,Standard Class,4,464.27,Chemicals,North America
3,5.0,2.0,1,Second Class,3,248.86,Industrial Parts,North America
5,8.9,3.9,1,Standard Class,5,287.71,Apparel,Europe
5,9.1,4.1,1,Standard Class,5,136.03,Apparel,East Asia
2,3.5,1.5,1,First Class,5,261.66,Electronics,North America
1,2.3,1.3,1,Same Day,4,376.58,Electronics,East Asia
5,9.8,4.8,1,Standard Class,8,251.15,Chemicals,Latin America
3,5.2,2.2,1,Second Class,3,158.02,Chemicals,East Asia
5,8.7,3.7,1,Standard Class,4,295.2,Chemicals,Europe
5,7.9,2.9,1,Standard Class,1,473.86,Automotive,Europe
5,9.4,4.4,1,Standard Class,7,445.11,Automotive,North America
5,7.9,2.9,1,Standard Class,1,386.93,Apparel,East Asia
2,3.1,1.1,1,First Class,2,145.34,Electronics,Europe
5,10.0,5.0,1,Standard Class,7,128.36,Industrial Parts,South Asia
5,8.1,3.1,1,Standard Class,1,420.88,Electronics,Europe
1,2.2,1.2,1,Same Day,3,98.85,Automotive,Latin America
5,9.6,4.6,1,Standard Class,6,306.75,Apparel,South Asia
3,6.3,3.3,1,Second Class,6,225.08,Industrial Parts,East Asia
5,9.3,4.3,1,Standard Class,6,239.31,Chemicals,North America
2,4.0,2.0,1,First Class,2,232.73,Chemicals,South Asia
5,8.7,3.7,1,Standard Class,2,450.98,Automotive,Europe
5,9.2,4.2,1,Standard Class,6,52.68,Apparel,North America
5,8.9,3.9,1,Standard Class,5,393.62,Electronics,North America
5,9.4,4.4,1,Standard Class,7,419.16,Automotive,North America
5,9.3,4.3,1,Standard Class,7,472.01,Electronics,North America
2,3.7,1.7,1,First Class,5,231.77,Industrial Parts,East Asia
3,6.2,3.2,1,Second Class,8,255.03,Electronics,East Asia
3,5.9,2.9,1,Second Class,6,481.03,Industrial Parts,East Asia
2,3.8,1.8,1,First Class,5,234.64,Apparel,Europe
5,8.8,3.8,1,Standard Class,4,256.74,Automotive,East Asia
5,8.9,3.9,1,Standard Class,7,172.8,Electronics,North America
5,9.2,4.2,1,Standard Class,4,25.5,Apparel,South Asia
5,9.0,4.0,1,Standard Class,5,222.2,Apparel,South Asia
2,4.4,2.4,1,First Class,5,330.99,Electronics,South Asia
2,3.8,1.8,1,First Class,1,348.07,Chemicals,South Asia
5,9.2,4.2,1,Standard Class,1,13.19,Chemicals,South Asia
5,9.1,4.1,1,Standard Class,3,402.52,Industrial Parts,Latin America
3,5.8,2.8,1,Second Class,3,251.28,Apparel,South Asia
3,5.6,2.6,1,Second Class,2,265.17,Automotive,South Asia
5,9.2,4.2,1,Standard Class,2,481.25,Automotive,South Asia
1,2.2,1.2,1,Same Day,6,149.39,Apparel,Europe
1,2.2,1.2,1,Same Day,1,383.21,Chemicals,Latin America
5,9.8,4.8,1,Standard Class,6,291.64,Apparel,South Asia
5,9.5,4.5,1,Standard Class,5,353.39,Industrial Parts,East Asia
2,4.2,2.2,1,First Class,6,214.73,Apparel,Europe
1,2.6,1.6,1,Same Day,5,146.81,Electronics,Latin America
3,5.7,2.7,1,Second Class,7,277.6,Chemicals,East Asia
5,8.4,3.4,1,Standard Class,1,193.72,Electronics,East Asia
5,8.5,3.5,1,Standard Class,3,119.23,Electronics,Europe
2,3.5,1.5,1,First Class,6,421.23,Apparel,East Asia
2,3.9,1.9,1,First Class,1,243.16,Apparel,North America
5,9.2,4.2,1,Standard Class,7,425.18,Automotive,Europe
3,5.9,2.9,1,Second Class,4,242.28,Electronics,Europe
2,3.3,1.3,1,First Class,3,282.83,Apparel,North America
3,6.2,3.2,1,Second Class,9,497.69,Automotive,Europe
3,5.1,2.1,1,Second Class,1,476.24,Electronics,East Asia
3,6.0,3.0,1,Second Class,8,143.13,Automotive,East Asia
5,8.0,3.0,1,Standard Class,1,435.64,Chemicals,East Asia
2,4.4,2.4,1,First Class,5,201.3,Industrial Parts,North America
5,9.4,4.4,1,Standard Class,8,44.91,Electronics,East Asia
2,3.4,1.4,1,First Class,6,292.13,Apparel,North America
5,9.2,4.2,1,Standard Class,7,488.76,Chemicals,North America
2,3.8,1.8,1,First Class,8,487.41,Automotive,North America
5,8.7,3.7,1,Standard Class,6,71.97,Industrial Parts,Europe
5,9.5,4.5,1,Standard Class,6,387.91,Electronics,Latin America
5,9.2,4.2,1,Standard Class,6,403.39,Industrial Parts,North America
5,8.1,3.1,1,Standard Class,5,190.68,Chemicals,East Asia
3,6.6,3.6,1,Second Class,8,332.71,Industrial Parts,North America
3,5.6,2.6,1,Second Class,2,249.2,Electronics,South Asia
2,4.0,2.0,1,First Class,7,121.67,Chemicals,Europe
5,9.2,4.2,1,Standard Class,4,383.02,Automotive,East Asia
5,8.8,3.8,1,Standard Class,1,138.75,Electronics,Europe
5,8.7,3.7,1,Standard Class,5,176.82,Industrial Parts,Europe
5,9.4,4.4,1,Standard Class,3,103.11,Electronics,South Asia
3,5.5,2.5,1,Second Class,4,362.44,Chemicals,North America
5,9.9,4.9,1,Standard Class,7,234.77,Industrial Parts,East Asia
5,9.1,4.1,1,Standard Class,5,227.25,Automotive,Latin America
5,9.2,4.2,1,Standard Class,4,306.24,Apparel,Europe
5,8.6,3.6,1,Standard Class,1,87.06,Automotive,Latin America
2,4.1,2.1,1,First Class,6,450.1,Electronics,Latin America
2,3.8,1.8,1,First Class,6,237.9,Apparel,North America
5,9.1,4.1,1,Standard Class,7,189.6,Chemicals,Latin America
5,8.0,3.0,1,Standard Class,1,72.08,Industrial Parts,East Asia
5,8.6,3.6,1,Standard Class,4,92.3,Industrial Parts,North America
5,9.9,4.9,1,Standard Class,9,460.98,Chemicals,Latin America
5,9.3,4.3,1,Standard Class,6,233.74,Electronics,North America
1,2.1,1.1,1,Same Day,2,363.87,Automotive,East Asia
2,3.6,1.6,1,First Class,4,49.45,Apparel,Europe
2,3.9,1.9,1,First Class,6,325.3,Chemicals,South Asia
5,8.1,3.1,1,Standard Class,4,461.54,Electronics,North America
5,9.6,4.6,1,Standard Class,7,156.98,Electronics,South Asia
2,3.2,1.2,1,First Class,3,293.78,Apparel,Europe
2,3.7,1.7,1,First Class,6,470.71,Chemicals,East Asia
3,6.0,3.0,1,Second Class,4,362.47,Automotive,Europe
5,8.9,3.9,1,Standard Class,3,40.54,Automotive,South Asia
2,3.2,1.2,1,First Class,3,195.58,Chemicals,East Asia
5,8.9,3.9,1,Standard Class,2,52.03,Industrial Parts,Latin America
3,5.7,2.7,1,Second Class,3,432.05,Automotive,Latin America
2,3.3,1.3,1,First Class,1,314.61,Industrial Parts,North America
2,4.0,2.0,1,First Class,3,478.63,Chemicals,Latin America
5,10.6,5.6,1,Standard Class,9,19.68,Electronics,South Asia
2,4.0,2.0,1,First Class,4,217.31,Chemicals,Latin America
5,9.1,4.1,1,Standard Class,3,61.14,Electronics,North America
5,9.5,4.5,1,Standard Class,8,181.74,Chemicals,East Asia
5,8.9,3.9,1,Standard Class,1,89.32,Industrial Parts,Latin America
2,3.2,1.2,1,First Class,5,171.11,Industrial Parts,North America
5,8.1,3.1,1,Standard Class,1,411.44,Chemicals,Latin America
5,9.1,4.1,1,Standard Class,7,88.74,Electronics,Latin America
3,6.3,3.3,1,Second Class,5,242.1,Chemicals,South Asia
5,8.6,3.6,1,Standard Class,2,461.58,Electronics,North America
2,3.3,1.3,1,First Class,1,499.4,Industrial Parts,North America
5,9.2,4.2,1,Standard Class,7,132.81,Apparel,Europe
5,8.5,3.5,1,Standard Class,1,468.43,Automotive,Europe
3,5.7,2.7,1,Second Class,3,138.08,Industrial Parts,North America
5,9.5,4.5,1,Standard Class,6,212.63,Chemicals,South Asia
5,9.6,4.6,1,Standard Class,6,440.18,Chemicals,Latin America
2,4.2,2.2,1,First Class,7,395.23,Electronics,East Asia
2,3.9,1.9,1,First Class,1,430.17,Automotive,Latin America
2,4.1,2.1,1,First Class,7,402.13,Industrial Parts,East Asia
5,9.0,4.0,1,Standard Class,2,125.18,Automotive,South Asia
5,8.8,3.8,1,Standard Class,6,283.81,Automotive,Europe
3,6.2,3.2,1,Second Class,8,198.77,Industrial Parts,North America
2,4.2,2.2,1,First Class,5,235.26,Electronics,South Asia
3,5.0,2.0,1,Second Class,3,85.44,Electronics,East Asia
3,6.2,3.2,1,Second Class,8,164.73,Electronics,North America
3,5.8,2.8,1,Second Class,8,430.25,Apparel,East Asia
5,9.2,4.2,1,Standard Class,4,449.8,Automotive,Latin America
5,9.7,4.7,1,Standard Class,8,308.98,Apparel,Latin America
3,6.0,3.0,1,Second Class,5,254.15,Electronics,Latin America
5,9.3,4.3,1,Standard Class,5,359.29,Industrial Parts,North America
5,9.0,4.0,1,Standard Class,3,308.34,Automotive,Europe
3,5.9,2.9,1,Second Class,7,492.0,Industrial Parts,Europe
3,6.5,3.5,1,Second Class,9,103.14,Chemicals,East Asia
5,9.0,4.0,1,Standard Class,9,230.03,Automotive,Europe
5,7.9,2.9,1,Standard Class,1,459.94,Industrial Parts,Europe
5,8.2,3.2,1,Standard Class,1,458.22,Electronics,East Asia
3,5.3,2.3,1,Second Class,5,252.72,Apparel,East Asia
1,1.8,0.8,1,Same Day,1,76.06,Industrial Parts,East Asia
5,8.8,3.8,1,Standard Class,4,409.33,Chemicals,North America
5,8.2,3.2,1,Standard Class,1,296.73,Electronics,East Asia
3,5.9,2.9,1,Second Class,2,388.85,Chemicals,North America
5,8.5,3.5,1,Standard Class,2,236.64,Apparel,North America
2,3.8,1.8,1,First Class,4,109.9,Chemicals,North America
1,2.9,1.9,1,Same Day,8,21.75,Industrial Parts,East Asia
5,8.1,3.1,1,Standard Class,2,283.98,Industrial Parts,Europe
2,4.9,2.9,1,First Class,9,88.91,Electronics,Europe
5,9.0,4.0,1,Standard Class,9,101.7,Apparel,East Asia
5,8.5,3.5,1,Standard Class,2,223.79,Apparel,Europe
3,5.3,2.3,1,Second Class,1,226.62,Automotive,East Asia
5,9.7,4.7,1,Standard Class,9,144.45,Automotive,North America
1,2.2,1.2,1,Same Day,2,74.64,Industrial Parts,Latin America
2,5.0,3.0,1,First Class,8,473.03,Chemicals,South Asia
5,8.2,3.2,1,Standard Class,3,74.5,Chemicals,East Asia
5,8.8,3.8,1,Standard Class,1,181.88,Electronics,North America
5,8.7,3.7,1,Standard Class,1,159.39,Apparel,Latin America
5,8.3,3.3,1,Standard Class,2,434.51,Industrial Parts,North America
5,9.5,4.5,1,Standard Class,7,210.93,Chemicals,South Asia
5,9.1,4.1,1,Standard Class,6,70.78,Automotive,Europe
5,7.9,2.9,1,Standard Class,2,15.03,Industrial Parts,Europe
3,5.8,2.8,1,Second Class,4,363.76,Electronics,North America
2,3.7,1.7,1,First Class,2,360.11,Industrial Parts,South Asia
3,5.4,2.4,1,Second Class,1,214.71,Chemicals,North America
5,8.2,3.2,1,Standard Class,3,71.89,Electronics,Europe
5,8.7,3.7,1,Standard Class,4,192.1,Automotive,North America
2,4.4,2.4,1,First Class,5,299.04,Automotive,Latin America
5,9.6,4.6,1,Standard Class,5,354.93,Chemicals,South Asia
5,9.0,4.0,1,Standard Class,7,48.34,Electronics,Europe
3,5.7,2.7,1,Second Class,8,282.59,Automotive,North America
3,6.7,3.7,1,Second Class,9,145.3,Electronics,South Asia
2,4.4,2.4,1,First Class,7,312.46,Industrial Parts,North America
5,9.5,4.5,1,Standard Class,5,327.59,Apparel,Europe
3,6.3,3.3,1,Second Class,9,456.2,Apparel,South Asia
2,4.0,2.0,1,First Class,8,211.09,Apparel,Europe
3,6.2,3.2,1,Second Class,9,273.42,Automotive,Latin America
3,6.4,3.4,1,Second Class,8,141.43,Chemicals,Latin America
3,5.6,2.6,1,Second Class,6,150.41,Apparel,East Asia
2,3.8,1.8,1,First Class,4,32.56,Chemicals,South Asia
5,10.4,5.4,1,Standard Class,9,150.17,Apparel,Latin America
2,4.7,2.7,1,First Class,9,41.28,Industrial Parts,East Asia
2,5.0,3.0,1,First Class,9,482.32,Apparel,South Asia
3,5.3,2.3,1,Second Class,3,315.89,Chemicals,Europe
5,8.8,3.8,1,Standard Class,3,94.84,Automotive,North America
5,8.7,3.7,1,Standard Class,6,67.22,Industrial Parts,North America
3,5.9,2.9,1,Second Class,6,191.36,Chemicals,Europe
3,6.1,3.1,1,Second Class,6,160.75,Electronics,Latin America
1,3.0,2.0,1,Same Day,5,146.83,Apparel,North America
3,5.2,2.2,1,Second Class,5,239.42,Industrial Parts,Europe
2,3.2,1.2,1,First Class,2,457.31,Automotive,East Asia
2,3.7,1.7,1,First Class,7,288.34,Electronics,East Asia
3,5.7,2.7,1,Second Class,4,265.4,Apparel,Europe
2,4.2,2.2,1,First Class,3,405.21,Industrial Parts,South Asia
2,4.5,2.5,1,First Class,8,11.97,Chemicals,Latin America
5,8.8,3.8,1,Standard Class,4,106.72,Apparel,Latin America
5,8.6,3.6,1,Standard Class,4,253.13,Industrial Parts,Europe
3,5.9,2.9,1,Second Class,8,355.6,Apparel,North America
5,8.7,3.7,1,Standard Class,1,247.66,Industrial Parts,Latin America
5,10.4,5.4,1,Standard Class,9,90.22,Chemicals,Latin America
5,9.3,4.3,1,Standard Class,7,465.69,Apparel,East Asia
5,8.6,3.6,1,Standard Class,2,171.05,Industrial Parts,East Asia
5,9.0,4.0,1,Standard Class,6,396.23,Electronics,East Asia
5,10.6,5.6,1,Standard Class,8,446.79,Automotive,Latin America
1,2.8,1.8,1,Same Day,5,179.76,Industrial Parts,Latin America
2,4.6,2.6,1,First Class,6,424.2,Industrial Parts,Latin America
5,9.6,4.6,1,Standard Class,8,358.28,Industrial Parts,North America
5,9.0,4.0,1,Standard Class,6,453.1,Apparel,North America
2,4.4,2.4,1,First Class,9,133.14,Automotive,North America
5,9.8,4.8,1,Standard Class,9,466.33,Apparel,South Asia
3,6.7,3.7,1,Second Class,9,42.0,Industrial Parts,Latin America
2,4.8,2.8,1,First Class,6,398.9,Industrial Parts,Latin America
3,6.6,3.6,1,Second Class,9,223.48,Automotive,Europe
5,8.8,3.8,1,Standard Class,3,97.17,Electronics,Europe
2,4.6,2.6,1,First Class,5,48.91,Apparel,South Asia
5,8.4,3.4,1,Standard Class,2,200.88,Electronics,Europe
1,3.0,2.0,1,Same Day,8,200.77,Industrial Parts,North America
2,4.1,2.1,1,First Class,4,122.68,Industrial Parts,South Asia
5,9.1,4.1,1,Standard Class,6,115.6,Chemicals,South Asia
5,10.1,5.1,1,Standard Class,6,205.76,Chemicals,South Asia
5,8.8,3.8,1,Standard Class,5,210.96,Electronics,East Asia
2,3.5,1.5,1,First Class,1,226.76,Chemicals,Europe
5,9.5,4.5,1,Standard Class,7,435.69,Automotive,Latin America
2,3.4,1.4,1,First Class,8,309.51,Electronics,East Asia
5,8.2,3.2,1,Standard Class,1,20.01,Chemicals,North America
2,3.5,1.5,1,First Class,7,264.36,Chemicals,East Asia
3,5.7,2.7,1,Second Class,4,383.6,Automotive,North America
3,6.2,3.2,1,Second Class,6,37.64,Automotive,Latin America
3,7.1,4.1,1,Second Class,9,217.08,Electronics,Latin America
5,8.9,3.9,1,Standard Class,5,231.09,Apparel,Europe
5,9.0,4.0,1,Standard Class,8,477.47,Automotive,East Asia
2,4.4,2.4,1,First Class,5,243.09,Chemicals,Latin America
5,7.9,2.9,1,Standard Class,2,377.45,Electronics,North America
5,9.1,4.1,1,Standard Class,4,158.42,Apparel,Latin America
5,7.8,2.8,1,Standard Class,2,391.86,Electronics,Europe
5,9.3,4.3,1,Standard Class,7,168.1,Chemicals,North America
5,9.8,4.8,1,Standard Class,7,220.71,Apparel,South Asia
3,5.4,2.4,1,Second Class,3,244.95,Apparel,Europe
5,8.9,3.9,1,Standard Class,7,463.92,Automotive,Europe
2,4.1,2.1,1,First Class,1,36.19,Industrial Parts,South Asia
5,9.0,4.0,1,Standard Class,1,106.46,Chemicals,Latin America
2,4.4,2.4,1,First Class,9,355.81,Industrial Parts,Europe
5,9.4,4.4,1,Standard Class,6,293.01,Chemicals,South Asia
3,6.1,3.1,1,Second Class,5,133.25,Electronics,South Asia
3,5.8,2.8,1,Second Class,6,151.71,Industrial Parts,Europe
5,8.7,3.7,1,Standard Class,6,189.98,Apparel,East Asia
1,2.0,1.0,1,Same Day,1,230.67,Automotive,Europe
1,2.7,1.7,1,Same Day,5,410.83,Chemicals,East Asia
3,7.2,4.2,1,Second Class,9,16.77,Automotive,Latin America
3,6.0,3.0,1,Second Class,4,450.03,Chemicals,South Asia
5,9.0,4.0,1,Standard Class,3,212.38,Apparel,North America
2,3.6,1.6,1,First Class,1,122.94,Apparel,Europe
5,8.2,3.2,1,Standard Class,2,259.12,Apparel,North America
5,8.7,3.7,1,Standard Class,3,333.24,Apparel,Latin America
1,2.5,1.5,1,Same Day,4,31.93,Apparel,Europe
5,9.0,4.0,1,Standard Class,7,360.73,Automotive,North America
3,6.1,3.1,1,Second Class,6,382.77,Electronics,Latin America
3,6.3,3.3,1,Second Class,8,91.43,Industrial Parts,East Asia
3,6.3,3.3,1,Second Class,9,92.26,Automotive,Latin America
1,2.3,1.3,1,Same Day,6,109.85,Industrial Parts,Europe
5,8.6,3.6,1,Standard Class,7,400.35,Electronics,Europe
5,8.4,3.4,1,Standard Class,4,143.28,Chemicals,Europe
5,8.7,3.7,1,Standard Class,2,400.01,Electronics,Latin America
5,9.2,4.2,1,Standard Class,9,274.86,Electronics,Europe
5,9.8,4.8,1,Standard Class,9,385.91,Chemicals,Latin America
5,8.6,3.6,1,Standard Class,4,281.3,Industrial Parts,South Asia
3,5.6,2.6,1,Second Class,3,174.53,Apparel,South Asia
2,4.9,2.9,1,First Class,6,456.25,Chemicals,South Asia
5,8.6,3.6,1,Standard Class,3,360.49,Chemicals,North America
2,3.6,1.6,1,First Class,1,247.19,Electronics,South Asia
5,9.1,4.1,1,Standard Class,4,322.34,Chemicals,South Asia
5,9.0,4.0,1,Standard Class,1,311.76,Automotive,Latin America
3,5.7,2.7,1,Second Class,2,185.48,Apparel,Latin America
2,3.1,1.1,1,First Class,3,217.65,Electronics,Europe
3,5.9,2.9,1,Second Class,8,165.95,Industrial Parts,Europe
5,8.3,3.3,1,Standard Class,4,499.76,Industrial Parts,Europe
3,5.8,2.8,1,Second Class,4,294.23,Industrial Parts,Latin America
2,5.0,3.0,1,First Class,9,55.11,Industrial Parts,Latin America
2,4.8,2.8,1,First Class,7,264.36,Industrial Parts,South Asia
2,3.6,1.6,1,First Class,2,34.48,Electronics,East Asia
3,5.9,2.9,1,Second Class,3,151.44,Automotive,Latin America
2,3.1,1.1,1,First Class,4,228.52,Automotive,East Asia
2,3.7,1.7,1,First Class,4,271.79,Industrial Parts,Latin America
1,3.4,2.4,1,Same Day,8,488.33,Automotive,Latin America
3,5.8,2.8,1,Second Class,6,491.29,Apparel,North America
5,8.2,3.2,1,Standard Class,3,58.05,Automotive,East Asia
3,6.1,3.1,1,Second Class,9,273.69,Chemicals,North America
5,10.4,5.4,1,Standard Class,8,410.38,Industrial Parts,South Asia
5,9.7,4.7,1,Standard Class,9,126.48,Chemicals,North America
2,4.2,2.2,1,First Class,5,377.78,Chemicals,North America
1,2.2,1.2,1,Same Day,3,440.52,Industrial Parts,South Asia
1,2.7,1.7,1,Same Day,4,334.62,Electronics,East Asia
5,8.7,3.7,1,Standard Class,5,170.57,Automotive,Europe
2,5.3,3.3,1,First Class,9,462.33,Apparel,Latin America
5,9.6,4.6,1,Standard Class,9,442.92,Electronics,East Asia
1,2.7,1.7,1,Same Day,3,360.75,Apparel,South Asia
1,2.8,1.8,1,Same Day,7,188.2,Industrial Parts,North America
2,3.9,1.9,1,First Class,6,398.03,Automotive,Europe
3,5.7,2.7,1,Second Class,4,164.89,Electronics,North America
3,5.8,2.8,1,Second Class,5,133.95,Industrial Parts,Latin America
2,3.8,1.8,1,First Class,2,262.36,Electronics,South Asia
5,9.4,4.4,1,Standard Class,7,498.6,Chemicals,Europe
5,8.7,3.7,1,Standard Class,4,404.12,Automotive,East Asia
2,3.2,1.2,1,First Class,2,367.6,Automotive,East Asia
2,4.5,2.5,1,First Class,6,231.49,Industrial Parts,South Asia
5,8.6,3.6,1,Standard Class,2,162.86,Industrial Parts,South Asia
1,2.2,1.2,1,Same Day,2,429.39,Industrial Parts,North America
5,8.5,3.5,1,Standard Class,7,288.19,Automotive,Europe
2,3.6,1.6,1,First Class,1,408.49,Chemicals,Latin America
2,4.8,2.8,1,First Class,7,249.0,Automotive,South Asia
2,3.8,1.8,1,First Class,5,379.44,Industrial Parts,Europe
2,3.6,1.6,1,First Class,1,435.19,Apparel,South Asia
5,9.9,4.9,1,Standard Class,6,201.78,Chemicals,South Asia
5,8.9,3.9,1,Standard Class,7,16.65,Automotive,East Asia
2,3.7,1.7,1,First Class,1,134.91,Apparel,Europe
2,4.3,2.3,1,First Class,9,458.31,Chemicals,East Asia
5,9.1,4.1,1,Standard Class,7,346.9,Automotive,East Asia
3,5.3,2.3,1,Second Class,1,371.24,Industrial Parts,Europe
5,8.5,3.5,1,Standard Class,3,169.39,Automotive,East Asia
2,3.8,1.8,1,First Class,5,353.62,Chemicals,North America
3,6.2,3.2,1,Second Class,4,326.68,Industrial Parts,Latin America
5,8.5,3.5,1,Standard Class,2,97.4,Electronics,Latin America
5,8.4,3.4,1,Standard Class,1,484.66,Apparel,North America
3,5.6,2.6,1,Second Class,4,183.47,Industrial Parts,South Asia
2,4.0,2.0,1,First Class,7,171.35,Industrial Parts,East Asia
2,4.0,2.0,1,First Class,4,190.89,Chemicals,Latin America
3,5.9,2.9,1,Second Class,9,54.94,Chemicals,Europe
3,7.2,4.2,1,Second Class,8,316.23,Apparel,South Asia
1,3.3,2.3,1,Same Day,8,126.93,Chemicals,Latin America
2,3.6,1.6,1,First Class,5,403.62,Industrial Parts,East Asia
5,8.8,3.8,1,Standard Class,1,203.14,Apparel,Latin America
5,10.2,5.2,1,Standard Class,9,234.69,Apparel,East Asia
5,8.7,3.7,1,Standard Class,2,326.75,Automotive,South Asia
2,4.1,2.1,1,First Class,6,383.32,Industrial Parts,North America
5,8.6,3.6,1,Standard Class,5,123.25,Industrial Parts,East Asia
1,2.9,1.9,1,Same Day,8,483.48,Chemicals,East Asia
2,3.8,1.8,1,First Class,3,314.94,Industrial Parts,South Asia
2,4.4,2.4,1,First Class,6,12.76,Chemicals,South Asia
5,9.0,4.0,1,Standard Class,6,213.65,Industrial Parts,Europe
5,9.5,4.5,1,Standard Class,3,224.04,Automotive,South Asia
5,9.2,4.2,1,Standard Class,7,406.49,Industrial Parts,Latin America
5,9.2,4.2,1,Standard Class,4,159.52,Automotive,East Asia
5,8.3,3.3,1,Standard Class,5,172.3,Industrial Parts,North America
2,5.0,3.0,1,First Class,9,44.54,Industrial Parts,South Asia
3,5.8,2.8,1,Second Class,6,148.94,Electronics,East Asia
3,5.5,2.5,1,Second Class,4,361.31,Industrial Parts,North America
2,4.2,2.2,1,First Class,8,321.03,Automotive,Europe
5,10.1,5.1,1,Standard Class,9,49.88,Apparel,Latin America
3,5.8,2.8,1,Second Class,5,66.2,Automotive,Europe
3,5.7,2.7,1,Second Class,2,194.69,Industrial Parts,South Asia
5,9.7,4.7,1,Standard Class,6,374.44,Chemicals,Latin America
3,6.0,3.0,1,Second Class,8,418.13,Electronics,Europe
5,8.9,3.9,1,Standard Class,5,17.17,Chemicals,East Asia
3,6.0,3.0,1,Second Class,1,171.22,Electronics,South Asia
1,3.1,2.1,1,Same Day,8,217.89,Electronics,Europe
5,10.2,5.2,1,Standard Class,9,456.46,Chemicals,Latin America
3,5.2,2.2,1,Second Class,1,255.69,Industrial Parts,Latin America
2,4.3,2.3,1,First Class,8,142.15,Automotive,North America
1,2.5,1.5,1,Same Day,2,201.12,Chemicals,Latin America
5,9.7,4.7,1,Standard Class,4,223.85,Apparel,Latin America
3,6.0,3.0,1,Second Class,2,338.3,Electronics,South Asia
5,8.7,3.7,1,Standard Class,2,30.13,Automotive,Latin America
5,8.4,3.4,1,Standard Class,3,200.83,Apparel,North America
5,9.0,4.0,1,Standard Class,8,326.81,Automotive,Latin America
1,2.1,1.1,1,Same Day,4,148.83,Industrial Parts,North America
3,5.8,2.8,1,Second Class,7,299.96,Apparel,East Asia
3,5.2,2.2,1,Second Class,3,185.07,Chemicals,North America
1,2.3,1.3,1,Same Day,3,381.77,Automotive,South Asia
5,8.9,3.9,1,Standard Class,2,39.69,Chemicals,Europe
5,8.2,3.2,1,Standard Class,6,459.8,Chemicals,Europe
5,8.6,3.6,1,Standard Class,6,94.09,Automotive,East Asia
5,9.5,4.5,1,Standard Class,1,87.69,Automotive,South Asia
5,9.4,4.4,1,Standard Class,7,421.92,Electronics,East Asia
5,8.8,3.8,1,Standard Class,4,435.95,Electronics,East Asia
5,9.0,4.0,1,Standard Class,3,55.56,Apparel,Latin America
5,9.6,4.6,1,Standard Class,8,455.27,Apparel,Latin America
5,8.6,3.6,1,Standard Class,2,143.92,Apparel,South Asia
5,9.6,4.6,1,Standard Class,9,313.12,Electronics,Europe
1,3.0,2.0,1,Same Day,8,43.61,Chemicals,North America
3,6.4,3.4,1,Second Class,8,196.52,Industrial Parts,Latin America
1,2.0,1.0,1,Same Day,3,230.86,Industrial Parts,South Asia
5,9.5,4.5,1,Standard Class,4,303.92,Automotive,South Asia
5,8.6,3.6,1,Standard Class,2,267.38,Electronics,Europe
3,6.0,3.0,1,Second Class,2,236.13,Automotive,South Asia
5,9.2,4.2,1,Standard Class,4,480.22,Industrial Parts,South Asia
5,8.4,3.4,1,Standard Class,6,100.66,Automotive,Europe
5,9.0,4.0,1,Standard Class,5,87.42,Electronics,Latin America
5,8.6,3.6,1,Standard Class,1,359.58,Electronics,Europe
5,7.8,2.8,1,Standard Class,1,46.53,Electronics,East Asia
5,9.7,4.7,1,Standard Class,6,246.62,Industrial Parts,Latin America
2,3.1,1.1,1,First Class,3,247.19,Electronics,East Asia
5,8.8,3.8,1,Standard Class,3,161.91,Apparel,South Asia
5,9.7,4.7,1,Standard Class,7,465.92,Apparel,East Asia
3,5.6,2.6,1,Second Class,1,148.45,Electronics,Europe
5,8.3,3.3,1,Standard Class,1,151.34,Apparel,Europe
5,8.4,3.4,1,Standard Class,3,124.81,Electronics,North America
3,7.0,4.0,1,Second Class,8,81.44,Industrial Parts,South Asia
5,7.8,2.8,1,Standard Class,1,188.37,Apparel,Europe
5,9.5,4.5,1,Standard Class,4,343.63,Industrial Parts,Latin America
5,10.1,5.1,1,Standard Class,9,373.66,Apparel,Europe
5,9.4,4.4,1,Standard Class,4,408.58,Chemicals,Latin America
2,4.4,2.4,1,First Class,8,106.8,Chemicals,South Asia
3,6.4,3.4,1,Second Class,7,27.46,Industrial Parts,North America
5,8.6,3.6,1,Standard Class,3,487.6,Apparel,North America
2,4.0,2.0,1,First Class,7,17.02,Chemicals,East Asia
2,3.8,1.8,1,First Class,7,480.73,Electronics,Europe
5,8.8,3.8,1,Standard Class,3,416.12,Automotive,South Asia
2,3.6,1.6,1,First Class,2,456.92,Chemicals,East Asia
5,10.0,5.0,1,Standard Class,9,199.72,Chemicals,South Asia
5,8.8,3.8,1,Standard Class,1,106.63,Electronics,South Asia
5,9.2,4.2,1,Standard Class,7,307.17,Chemicals,East Asia
5,8.7,3.7,1,Standard Class,4,373.21,Chemicals,South Asia
5,8.4,3.4,1,Standard Class,2,74.12,Chemicals,East Asia
3,5.2,2.2,1,Second Class,2,400.83,Apparel,Europe
5,9.7,4.7,1,Standard Class,8,112.21,Chemicals,East Asia
5,9.4,4.4,1,Standard Class,7,250.92,Automotive,Europe
5,8.8,3.8,1,Standard Class,7,429.68,Apparel,North America
3,5.5,2.5,1,Second Class,5,104.78,Apparel,East Asia
2,4.5,2.5,1,First Class,8,128.52,Industrial Parts,North America
2,2.9,0.9,1,First Class,2,40.76,Chemicals,East Asia
3,6.3,3.3,1,Second Class,2,81.84,Automotive,South Asia
3,5.6,2.6,1,Second Class,5,81.8,Automotive,North America
5,8.9,3.9,1,Standard Class,1,109.68,Industrial Parts,Latin America
2,4.2,2.2,1,First Class,6,150.24,Automotive,Latin America
3,5.8,2.8,1,Second Class,4,409.34,Apparel,Latin America
1,2.2,1.2,1,Same Day,6,458.72,Electronics,North America
3,6.4,3.4,1,Second Class,7,209.08,Apparel,Europe
5,8.7,3.7,1,Standard Class,3,72.82,Electronics,East Asia
5,9.6,4.6,1,Standard Class,8,119.67,Automotive,South Asia
5,9.9,4.9,1,Standard Class,7,370.74,Chemicals,South Asia
3,5.3,2.3,1,Second Class,1,341.94,Electronics,North America
5,9.8,4.8,1,Standard Class,6,483.93,Apparel,Latin America
5,9.8,4.8,1,Standard Class,7,17.1,Apparel,South Asia
3,6.1,3.1,1,Second Class,4,377.87,Apparel,South Asia
5,8.1,3.1,1,Standard Class,2,257.84,Apparel,Europe
3,7.2,4.2,1,Second Class,9,452.32,Industrial Parts,South Asia
5,9.9,4.9,1,Standard Class,7,292.32,Automotive,South Asia
5,8.5,3.5,1,Standard Class,1,228.87,Chemicals,East Asia
5,9.3,4.3,1,Standard Class,8,336.27,Industrial Parts,South Asia
3,5.6,2.6,1,Second Class,3,418.43,Automotive,East Asia
5,9.2,4.2,1,Standard Class,4,148.42,Electronics,Latin America
5,9.1,4.1,1,Standard Class,5,62.69,Industrial Parts,Europe
1,1.9,0.9,1,Same Day,1,222.18,Industrial Parts,South Asia
5,9.5,4.5,1,Standard Class,6,115.11,Industrial Parts,Europe
2,3.7,1.7,1,First Class,6,220.48,Industrial Parts,Europe
2,3.6,1.6,1,First Class,2,495.61,Electronics,Europe
5,8.9,3.9,1,Standard Class,6,291.32,Apparel,North America
2,4.8,2.8,1,First Class,8,349.86,Industrial Parts,East Asia
5,9.1,4.1,1,Standard Class,6,342.18,Automotive,Europe
2,4.6,2.6,1,First Class,4,412.14,Apparel,Latin America
5,9.2,4.2,1,Standard Class,4,472.62,Electronics,South Asia
2,4.0,2.0,1,First Class,9,332.82,Chemicals,Europe
5,9.1,4.1,1,Standard Class,6,243.29,Electronics,Europe
2,4.7,2.7,1,First Class,8,165.74,Chemicals,South Asia
5,9.6,4.6,1,Standard Class,8,186.53,Automotive,Latin America
5,9.5,4.5,1,Standard Class,7,173.9,Chemicals,Europe
5,8.1,3.1,1,Standard Class,3,168.99,Industrial Parts,Europe
5,9.3,4.3,1,Standard Class,1,350.37,Apparel,Latin America
3,5.6,2.6,1,Second Class,5,297.98,Apparel,Europe
5,8.5,3.5,1,Standard Class,2,108.98,Industrial Parts,Latin America
1,2.0,1.0,1,Same Day,2,485.12,Apparel,Europe
1,3.2,2.2,1,Same Day,7,219.59,Electronics,South Asia
2,3.9,1.9,1,First Class,3,287.38,Industrial Parts,Latin America
5,9.7,4.7,1,Standard Class,8,354.27,Industrial Parts,South Asia
5,10.4,5.4,1,Standard Class,9,310.7,Apparel,South Asia
3,6.3,3.3,1,Second Class,8,162.42,Chemicals,Europe
5,9.3,4.3,1,Standard Class,6,400.88,Automotive,Latin America
5,9.0,4.0,1,Standard Class,5,63.98,Chemicals,North America
2,3.8,1.8,1,First Class,3,288.81,Electronics,South Asia
3,6.2,3.2,1,Second Class,3,143.93,Industrial Parts,South Asia
3,7.1,4.1,1,Second Class,7,311.72,Industrial Parts,South Asia
5,9.2,4.2,1,Standard Class,5,116.82,Electronics,Europe
2,3.7,1.7,1,First Class,6,388.38,Automotive,Europe
5,9.3,4.3,1,Standard Class,6,121.49,Industrial Parts,South Asia
5,9.5,4.5,1,Standard Class,9,446.29,Chemicals,Europe
3,4.6,1.6,1,Second Class,1,432.16,Electronics,Europe
5,9.6,4.6,1,Standard Class,8,187.57,Industrial Parts,Europe
5,9.0,4.0,1,Standard Class,5,199.05,Chemicals,East Asia
5,9.4,4.4,1,Standard Class,6,353.74,Electronics,Latin America
3,5.7,2.7,1,Second Class,6,54.28,Electronics,Europe
3,5.0,2.0,1,Second Class,1,49.65,Electronics,East Asia
2,3.9,1.9,1,First Class,3,76.8,Automotive,East Asia
3,5.7,2.7,1,Second Class,6,285.61,Electronics,Europe
5,9.1,4.1,1,Standard Class,9,83.01,Apparel,East Asia
5,8.8,3.8,1,Standard Class,6,146.03,Apparel,North America
5,9.3,4.3,1,Standard Class,6,326.99,Electronics,East Asia
5,8.4,3.4,1,Standard Class,1,17.66,Industrial Parts,Latin America
5,9.8,4.8,1,Standard Class,9,98.32,Apparel,East Asia
1,2.1,1.1,1,Same Day,4,465.67,Chemicals,Europe
5,8.4,3.4,1,Standard Class,2,335.15,Chemicals,South Asia
5,8.5,3.5,1,Standard Class,1,159.72,Industrial Parts,North America
5,8.5,3.5,1,Standard Class,3,32.2,Chemicals,East Asia
5,8.7,3.7,1,Standard Class,3,297.16,Industrial Parts,North America
1,2.6,1.6,1,Same Day,5,119.2,Chemicals,Latin America
5,8.6,3.6,1,Standard Class,1,480.49,Electronics,East Asia
5,9.3,4.3,1,Standard Class,7,346.61,Chemicals,East Asia
3,5.7,2.7,1,Second Class,1,487.32,Electronics,North America
5,8.9,3.9,1,Standard Class,4,425.96,Chemicals,East Asia
5,8.9,3.9,1,Standard Class,6,246.68,Chemicals,East Asia
5,8.6,3.6,1,Standard Class,1,338.09,Chemicals,South Asia
2,3.6,1.6,1,First Class,7,407.93,Electronics,North America
1,2.6,1.6,1,Same Day,7,293.31,Chemicals,Europe
3,5.3,2.3,1,Second Class,3,40.13,Chemicals,Europe
5,9.7,4.7,1,Standard Class,4,240.52,Automotive,Latin America
3,6.2,3.2,1,Second Class,6,73.98,Electronics,South Asia
5,9.5,4.5,1,Standard Class,7,360.27,Apparel,North America
5,8.7,3.7,1,Standard Class,4,343.51,Industrial Parts,North America
5,10.6,5.6,1,Standard Class,9,496.53,Automotive,South Asia
5,9.5,4.5,1,Standard Class,9,318.12,Chemicals,South Asia
2,5.2,3.2,1,First Class,9,402.07,Apparel,Latin America
2,3.8,1.8,1,First Class,6,141.46,Apparel,Europe
1,2.1,1.1,1,Same Day,2,176.61,Chemicals,North America
2,4.3,2.3,1,First Class,2,459.34,Chemicals,South Asia
2,3.5,1.5,1,First Class,4,380.04,Automotive,North America
5,9.1,4.1,1,Standard Class,9,331.08,Electronics,Europe
5,8.2,3.2,1,Standard Class,3,134.47,Automotive,North America
2,3.6,1.6,1,First Class,6,352.3,Electronics,North America
5,8.2,3.2,1,Standard Class,2,444.51,Apparel,South Asia
3,5.5,2.5,1,Second Class,1,123.09,Industrial Parts,South Asia
5,9.6,4.6,1,Standard Class,5,356.0,Chemicals,South Asia
5,9.4,4.4,1,Standard Class,8,202.91,Automotive,Europe
5,8.3,3.3,1,Standard Class,2,68.2,Apparel,East Asia
5,9.2,4.2,1,Standard Class,9,384.1,Automotive,Europe
5,9.7,4.7,1,Standard Class,8,91.9,Electronics,South Asia
3,5.9,2.9,1,Second Class,3,133.92,Chemicals,Latin America
5,8.5,3.5,1,Standard Class,1,393.64,Electronics,North America
2,3.2,1.2,1,First Class,4,373.65,Electronics,North America
5,9.3,4.3,1,Standard Class,8,134.55,Electronics,North America
5,8.6,3.6,1,Standard Class,3,471.07,Apparel,North America
5,8.6,3.6,1,Standard Class,2,115.49,Chemicals,Latin America
3,6.7,3.7,1,Second Class,7,496.87,Industrial Parts,South Asia
5,9.0,4.0,1,Standard Class,4,371.57,Automotive,East Asia
3,5.6,2.6,1,Second Class,6,202.33,Electronics,North America
5,8.6,3.6,1,Standard Class,5,73.87,Chemicals,East Asia
3,5.8,2.8,1,Second Class,2,167.05,Automotive,Europe
5,8.6,3.6,1,Standard Class,2,104.93,Chemicals,Europe
2,4.4,2.4,1,First Class,9,314.7,Automotive,North America
2,3.7,1.7,1,First Class,2,184.86,Chemicals,South Asia
1,3.0,2.0,1,Same Day,8,154.55,Industrial Parts,Latin America
5,9.5,4.5,1,Standard Class,8,381.0,Chemicals,North America
5,8.0,3.0,1,Standard Class,1,122.99,Chemicals,Europe
5,8.0,3.0,1,Standard Class,1,297.58,Electronics,Europe
3,5.5,2.5,1,Second Class,4,105.35,Electronics,East Asia
2,4.0,2.0,1,First Class,2,360.25,Electronics,Latin America
3,5.6,2.6,1,Second Class,1,316.31,Chemicals,North America
5,10.1,5.1,1,Standard Class,9,401.1,Industrial Parts,South Asia
5,8.3,3.3,1,Standard Class,3,43.56,Automotive,East Asia
5,8.6,3.6,1,Standard Class,1,112.95,Electronics,Latin America
1,2.2,1.2,1,Same Day,2,85.69,Apparel,East Asia
2,5.1,3.1,1,First Class,8,103.38,Chemicals,South Asia
1,2.7,1.7,1,Same Day,5,60.48,Industrial Parts,Europe
5,9.5,4.5,1,Standard Class,7,285.42,Industrial Parts,North America
2,4.5,2.5,1,First Class,6,300.78,Electronics,North America
2,3.8,1.8,1,First Class,1,423.31,Electronics,South Asia
5,9.2,4.2,1,Standard Class,6,214.69,Apparel,North America
3,5.7,2.7,1,Second Class,7,270.87,Apparel,North America
1,2.2,1.2,1,Same Day,4,495.74,Electronics,East Asia
3,6.7,3.7,1,Second Class,8,270.6,Automotive,South Asia
3,6.3,3.3,1,Second Class,8,291.05,Electronics,East Asia
5,9.0,4.0,1,Standard Class,7,498.0,Electronics,North America
5,8.4,3.4,1,Standard Class,2,497.12,Industrial Parts,Latin America
1,2.8,1.8,1,Same Day,6,217.77,Electronics,Latin America
5,9.3,4.3,1,Standard Class,6,321.12,Electronics,East Asia
3,5.9,2.9,1,Second Class,7,245.59,Electronics,Europe
3,5.9,2.9,1,Second Class,6,363.15,Automotive,Europe
2,3.7,1.7,1,First Class,2,469.81,Industrial Parts,South Asia
1,3.5,2.5,1,Same Day,8,161.73,Chemicals,Latin America
5,9.1,4.1,1,Standard Class,4,411.25,Chemicals,Latin America
5,9.4,4.4,1,Standard Class,9,330.88,Chemicals,East Asia
5,9.7,4.7,1,Standard Class,8,147.29,Chemicals,North America
5,9.6,4.6,1,Standard Class,3,400.68,Industrial Parts,South Asia
5,9.0,4.0,1,Standard Class,3,219.3,Electronics,East Asia
5,9.2,4.2,1,Standard Class,8,68.99,Chemicals,Europe
3,5.0,2.0,1,Second Class,2,496.77,Electronics,North America
1,3.2,2.2,1,Same Day,9,218.57,Chemicals,South Asia
5,8.3,3.3,1,Standard Class,4,275.36,Automotive,North America
5,8.7,3.7,1,Standard Class,6,405.9,Electronics,Europe
1,1.7,0.7,1,Same Day,3,480.83,Industrial Parts,East Asia
5,8.2,3.2,1,Standard Class,3,437.72,Automotive,East Asia
5,8.6,3.6,1,Standard Class,3,267.28,Automotive,Latin America
5,8.0,3.0,1,Standard Class,2,277.39,Industrial Parts,East Asia
2,4.7,2.7,1,First Class,8,147.63,Automotive,Latin America
5,9.6,4.6,1,Standard Class,9,236.77,Electronics,East Asia
1,3.4,2.4,1,Same Day,8,473.95,Apparel,South Asia
5,8.4,3.4,1,Standard Class,3,366.2,Apparel,Europe
2,3.9,1.9,1,First Class,7,15.82,Chemicals,North America
5,8.5,3.5,1,Standard Class,2,67.09,Chemicals,Europe
5,8.8,3.8,1,Standard Class,4,462.67,Electronics,Europe
2,4.5,2.5,1,First Class,6,425.87,Industrial Parts,Latin America
3,5.8,2.8,1,Second Class,5,248.22,Electronics,Latin America
3,7.3,4.3,1,Second Class,9,312.32,Chemicals,South Asia
2,3.8,1.8,1,First Class,4,151.93,Automotive,North America
1,2.5,1.5,1,Same Day,5,398.49,Electronics,East Asia
3,5.2,2.2,1,Second Class,4,305.63,Electronics,East Asia
3,5.8,2.8,1,Second Class,8,350.46,Industrial Parts,Europe
5,9.7,4.7,1,Standard Class,8,193.71,Chemicals,South Asia
5,8.8,3.8,1,Standard Class,3,220.91,Electronics,North America
5,7.9,2.9,1,Standard Class,1,111.76,Automotive,East Asia
2,4.0,2.0,1,First Class,6,474.55,Automotive,Europe
5,9.4,4.4,1,Standard Class,2,473.81,Apparel,South Asia
5,8.2,3.2,1,Standard Class,2,410.7,Chemicals,North America
3,5.1,2.1,1,Second Class,3,468.42,Automotive,Europe
3,5.9,2.9,1,Second Class,8,336.01,Industrial Parts,Europe
1,2.5,1.5,1,Same Day,3,124.98,Chemicals,South Asia
5,10.0,5.0,1,Standard Class,7,382.5,Automotive,South Asia
2,5.2,3.2,1,First Class,9,169.39,Electronics,South Asia
5,10.1,5.1,1,Standard Class,8,225.84,Chemicals,South Asia
5,7.7,2.7,1,Standard Class,1,144.43,Automotive,North America
5,9.7,4.7,1,Standard Class,7,217.57,Electronics,South Asia
5,9.4,4.4,1,Standard Class,7,342.87,Apparel,South Asia
5,10.0,5.0,1,Standard Class,8,64.2,Chemicals,South Asia
3,5.9,2.9,1,Second Class,5,61.55,Chemicals,North America
5,9.3,4.3,1,Standard Class,9,345.05,Automotive,East Asia
3,6.8,3.8,1,Second Class,9,391.99,Apparel,Europe
2,4.4,2.4,1,First Class,8,280.22,Industrial Parts,Latin America
5,9.2,4.2,1,Standard Class,6,99.0,Automotive,Europe
5,9.6,4.6,1,Standard Class,6,221.07,Automotive,North America
5,9.1,4.1,1,Standard Class,1,381.51,Industrial Parts,South Asia
2,4.1,2.1,1,First Class,6,346.01,Industrial Parts,North America
5,8.6,3.6,1,Standard Class,4,63.83,Industrial Parts,East Asia
5,9.4,4.4,1,Standard Class,4,484.88,Industrial Parts,Latin America
5,8.2,3.2,1,Standard Class,2,119.45,Industrial Parts,East Asia
2,4.5,2.5,1,First Class,4,117.99,Electronics,South Asia
1,2.1,1.1,1,Same Day,5,235.33,Electronics,North America
5,8.8,3.8,1,Standard Class,5,170.35,Industrial Parts,North America
3,6.0,3.0,1,Second Class,5,492.15,Apparel,South Asia
2,4.1,2.1,1,First Class,4,47.48,Apparel,South Asia
1,2.0,1.0,1,Same Day,1,160.16,Industrial Parts,Latin America
3,5.5,2.5,1,Second Class,8,197.53,Electronics,East Asia
2,4.0,2.0,1,First Class,3,251.79,Apparel,South Asia
2,3.7,1.7,1,First Class,2,18.04,Electronics,South Asia
3,5.9,2.9,1,Second Class,9,50.36,Automotive,East Asia
5,9.5,4.5,1,Standard Class,7,136.33,Electronics,South Asia
5,10.0,5.0,1,Standard Class,9,281.46,Industrial Parts,Latin America
5,8.3,3.3,1,Standard Class,2,386.21,Chemicals,Latin America
3,6.2,3.2,1,Second Class,9,346.38,Industrial Parts,East Asia
3,6.6,3.6,1,Second Class,9,287.84,Automotive,Europe
5,9.8,4.8,1,Standard Class,9,204.64,Electronics,Latin America
2,4.0,2.0,1,First Class,4,436.64,Apparel,North America
5,8.9,3.9,1,Standard Class,3,235.29,Industrial Parts,North America
5,9.1,4.1,1,Standard Class,6,156.63,Apparel,Europe
1,2.5,1.5,1,Same Day,3,318.37,Electronics,Latin America
5,10.0,5.0,1,Standard Class,9,349.14,Automotive,South Asia
5,8.7,3.7,1,Standard Class,3,205.25,Industrial Parts,Europe
2,4.5,2.5,1,First Class,2,23.79,Apparel,South Asia
3,6.3,3.3,1,Second Class,8,56.12,Industrial Parts,North America
5,9.4,4.4,1,Standard Class,6,424.34,Industrial Parts,Europe
2,4.3,2.3,1,First Class,8,37.71,Apparel,Latin America
2,3.9,1.9,1,First Class,7,300.09,Automotive,North America
5,9.0,4.0,1,Standard Class,3,100.02,Industrial Parts,Latin America
5,10.3,5.3,1,Standard Class,8,122.17,Automotive,South Asia
2,3.1,1.1,1,First Class,1,143.93,Automotive,Latin America
5,9.2,4.2,1,Standard Class,1,28.76,Electronics,Europe
1,3.3,2.3,1,Same Day,8,96.85,Apparel,South Asia
3,6.6,3.6,1,Second Class,9,328.74,Electronics,Europe
1,3.0,2.0,1,Same Day,6,254.37,Chemicals,South Asia
5,8.6,3.6,1,Standard Class,5,400.69,Electronics,Europe
1,2.4,1.4,1,Same Day,2,40.01,Industrial Parts,North America
5,9.4,4.4,1,Standard Class,9,445.56,Industrial Parts,Europe
5,8.8,3.8,1,Standard Class,6,498.24,Industrial Parts,North America
5,9.4,4.4,1,Standard Class,8,17.71,Chemicals,East Asia
5,10.1,5.1,1,Standard Class,9,484.14,Automotive,Latin America
2,5.0,3.0,1,First Class,9,125.57,Industrial Parts,South Asia
5,9.9,4.9,1,Standard Class,8,349.35,Electronics,Latin America
5,9.4,4.4,1,Standard Class,8,153.32,Automotive,North America
2,3.8,1.8,1,First Class,3,265.69,Electronics,North America
5,8.6,3.6,1,Standard Class,3,260.11,Electronics,North America
2,3.1,1.1,1,First Class,2,186.94,Industrial Parts,Europe
5,8.9,3.9,1,Standard Class,1,361.6,Electronics,Latin America
3,4.8,1.8,1,Second Class,4,303.82,Chemicals,North America
3,5.4,2.4,1,Second Class,2,259.06,Automotive,East Asia
5,8.9,3.9,1,Standard Class,2,491.59,Industrial Parts,North America
5,9.6,4.6,1,Standard Class,5,470.6,Industrial Parts,Latin America
5,8.2,3.2,1,Standard Class,4,478.16,Electronics,North America
3,5.5,2.5,1,Second Class,1,441.85,Electronics,North America
5,9.8,4.8,1,Standard Class,9,135.03,Apparel,South Asia
5,8.8,3.8,1,Standard Class,4,181.49,Apparel,North America
5,9.7,4.7,1,Standard Class,5,123.22,Industrial Parts,Latin America
5,9.5,4.5,1,Standard Class,7,493.23,Industrial Parts,South Asia
5,9.0,4.0,1,Standard Class,2,84.8,Electronics,South Asia
3,5.7,2.7,1,Second Class,8,189.59,Chemicals,North America
5,8.3,3.3,1,Standard Class,2,107.53,Chemicals,North America
5,8.5,3.5,1,Standard Class,5,119.49,Electronics,East Asia
3,5.8,2.8,1,Second Class,2,131.07,Apparel,Latin America
3,5.2,2.2,1,Second Class,2,323.44,Apparel,Latin America
5,8.7,3.7,1,Standard Class,4,47.26,Chemicals,Europe
5,8.5,3.5,1,Standard Class,4,290.54,Industrial Parts,Europe
5,9.6,4.6,1,Standard Class,8,411.45,Electronics,Latin America
1,2.8,1.8,1,Same Day,6,385.6,Industrial Parts,North America
5,9.5,4.5,1,Standard Class,8,84.07,Apparel,South Asia
1,2.4,1.4,1,Same Day,7,458.22,Chemicals,East Asia
2,3.7,1.7,1,First Class,4,387.34,Industrial Parts,North America
2,4.1,2.1,1,First Class,2,12.6,Apparel,South Asia
5,9.4,4.4,1,Standard Class,9,371.31,Apparel,Latin America
5,8.3,3.3,1,Standard Class,2,371.34,Apparel,North America
5,8.5,3.5,1,Standard Class,1,253.44,Industrial Parts,East Asia
5,9.8,4.8,1,Standard Class,8,32.53,Automotive,Europe
2,4.9,2.9,1,First Class,9,294.15,Chemicals,South Asia
1,1.3,0.3,0,Same Day,1,385.22,Apparel,North America
2,4.0,2.0,1,First Class,7,142.73,Industrial Parts,East Asia
3,5.1,2.1,1,Second Class,2,336.86,Electronics,North America
5,9.6,4.6,1,Standard Class,6,183.42,Chemicals,Latin America
5,10.0,5.0,1,Standard Class,5,291.19,Electronics,South Asia
5,8.4,3.4,1,Standard Class,1,198.44,Electronics,Latin America
2,4.1,2.1,1,First Class,2,158.84,Industrial Parts,Latin America
1,2.1,1.1,1,Same Day,2,429.4,Automotive,Europe
2,4.6,2.6,1,First Class,6,379.38,Industrial Parts,Latin America
5,8.3,3.3,1,Standard Class,1,179.27,Industrial Parts,East Asia
5,9.9,4.9,1,Standard Class,4,222.97,Chemicals,South Asia
2,4.1,2.1,1,First Class,5,348.93,Industrial Parts,Europe
5,8.2,3.2,1,Standard Class,2,407.43,Chemicals,North America
3,5.7,2.7,1,Second Class,2,345.33,Apparel,Latin America
3,5.6,2.6,1,Second Class,7,275.06,Chemicals,North America
2,4.5,2.5,1,First Class,7,477.65,Industrial Parts,Europe
5,9.0,4.0,1,Standard Class,6,389.33,Apparel,North America
5,7.7,2.7,1,Standard Class,1,66.64,Apparel,East Asia
5,7.8,2.8,1,Standard Class,3,283.49,Automotive,Europe
5,9.8,4.8,1,Standard Class,9,210.68,Industrial Parts,South Asia
5,8.6,3.6,1,Standard Class,1,399.52,Electronics,South Asia
2,3.7,1.7,1,First Class,2,31.88,Industrial Parts,South Asia
2,4.7,2.7,1,First Class,8,211.25,Electronics,South Asia
5,9.5,4.5,1,Standard Class,7,165.96,Automotive,Europe
5,9.9,4.9,1,Standard Class,9,79.18,Industrial Parts,Europe
5,9.4,4.4,1,Standard Class,4,195.61,Automotive,Europe
5,9.7,4.7,1,Standard Class,4,339.67,Electronics,Latin America
3,6.1,3.1,1,Second Class,7,187.22,Chemicals,Europe
5,7.8,2.8,1,Standard Class,1,294.2,Industrial Parts,Europe
5,9.7,4.7,1,Standard Class,9,300.48,Apparel,Europe
5,8.5,3.5,1,Standard Class,2,297.68,Apparel,South Asia
3,5.1,2.1,1,Second Class,1,269.47,Automotive,East Asia
2,4.2,2.2,1,First Class,7,67.32,Chemicals,South Asia
5,9.6,4.6,1,Standard Class,6,117.04,Apparel,East Asia
2,3.6,1.6,1,First Class,3,402.03,Apparel,East Asia
3,5.0,2.0,1,Second Class,1,256.16,Industrial Parts,East Asia
1,2.7,1.7,1,Same Day,5,355.98,Apparel,South Asia
5,9.2,4.2,1,Standard Class,4,289.26,Electronics,Latin America
3,5.4,2.4,1,Second Class,5,28.96,Automotive,North America
1,2.1,1.1,1,Same Day,1,400.14,Apparel,Latin America
1,1.7,0.7,1,Same Day,1,41.52,Industrial Parts,South Asia
2,3.5,1.5,1,First Class,5,472.16,Electronics,East Asia
2,3.6,1.6,1,First Class,6,115.53,Apparel,North America
5,9.5,4.5,1,Standard Class,5,261.08,Automotive,Latin America
3,5.2,2.2,1,Second Class,2,41.16,Automotive,Europe
2,5.1,3.1,1,First Class,9,448.52,Automotive,Latin America
2,4.2,2.2,1,First Class,5,490.17,Apparel,South Asia
5,8.9,3.9,1,Standard Class,5,81.68,Electronics,North America
3,5.6,2.6,1,Second Class,9,154.94,Chemicals,Europe
3,5.6,2.6,1,Second Class,3,17.78,Automotive,North America
5,9.2,4.2,1,Standard Class,5,395.61,Electronics,North America
3,6.3,3.3,1,Second Class,5,162.62,Industrial Parts,Latin America
2,3.0,1.0,1,First Class,2,298.53,Industrial Parts,East Asia
3,6.1,3.1,1,Second Class,4,29.22,Electronics,Latin America
5,8.5,3.5,1,Standard Class,2,360.58,Industrial Parts,Europe
5,8.8,3.8,1,Standard Class,5,269.41,Industrial Parts,South Asia
1,2.7,1.7,1,Same Day,2,365.24,Automotive,Latin America
5,9.1,4.1,1,Standard Class,9,396.89,Apparel,East Asia
3,6.0,3.0,1,Second Class,6,53.73,Apparel,East Asia
5,9.8,4.8,1,Standard Class,8,293.27,Apparel,Latin America
2,4.8,2.8,1,First Class,9,328.47,Apparel,Europe
5,9.0,4.0,1,Standard Class,8,263.19,Electronics,East Asia
2,3.6,1.6,1,First Class,5,99.38,Automotive,East Asia
5,9.1,4.1,1,Standard Class,5,399.84,Electronics,Europe
5,8.8,3.8,1,Standard Class,6,498.75,Industrial Parts,Europe
5,8.7,3.7,1,Standard Class,1,484.94,Automotive,Europe
5,9.1,4.1,1,Standard Class,8,390.99,Chemicals,Europe
1,2.5,1.5,1,Same Day,2,214.87,Apparel,Latin America
1,2.9,1.9,1,Same Day,6,175.28,Industrial Parts,Latin America
5,9.3,4.3,1,Standard Class,9,43.59,Apparel,North America
3,5.7,2.7,1,Second Class,3,213.98,Apparel,North America
5,8.1,3.1,1,Standard Class,2,86.46,Apparel,North America
2,3.9,1.9,1,First Class,5,134.62,Chemicals,East Asia
3,5.5,2.5,1,Second Class,9,447.02,Industrial Parts,Europe
1,3.0,2.0,1,Same Day,6,484.58,Apparel,Latin America
5,10.1,5.1,1,Standard Class,8,474.79,Apparel,Latin America
3,6.1,3.1,1,Second Class,8,104.74,Automotive,Europe
5,9.2,4.2,1,Standard Class,7,451.44,Apparel,North America
1,2.8,1.8,1,Same Day,5,79.34,Automotive,East Asia
5,9.2,4.2,1,Standard Class,2,258.75,Industrial Parts,Latin America
2,3.6,1.6,1,First Class,5,325.4,Industrial Parts,South Asia
2,3.9,1.9,1,First Class,7,236.61,Industrial Parts,East Asia
2,4.0,2.0,1,First Class,7,476.4,Automotive,East Asia
5,8.5,3.5,1,Standard Class,2,173.27,Chemicals,North America
1,2.6,1.6,1,Same Day,7,268.42,Chemicals,Europe
5,9.4,4.4,1,Standard Class,6,46.97,Apparel,South Asia
2,3.9,1.9,1,First Class,7,427.59,Industrial Parts,North America
5,8.9,3.9,1,Standard Class,8,212.55,Electronics,Europe
5,9.0,4.0,1,Standard Class,4,353.26,Apparel,South Asia
2,3.9,1.9,1,First Class,1,344.3,Chemicals,Latin America
5,9.5,4.5,1,Standard Class,8,341.37,Chemicals,South Asia
5,9.1,4.1,1,Standard Class,8,258.4,Industrial Parts,North America
5,8.7,3.7,1,Standard Class,3,145.98,Automotive,South Asia
5,9.2,4.2,1,Standard Class,3,316.3,Apparel,South Asia
3,6.5,3.5,1,Second Class,5,481.28,Automotive,South Asia
3,6.2,3.2,1,Second Class,3,418.64,Chemicals,Latin America
5,8.7,3.7,1,Standard Class,5,63.3,Industrial Parts,Europe
5,9.8,4.8,1,Standard Class,8,21.36,Chemicals,South Asia
5,8.3,3.3,1,Standard Class,1,254.5,Industrial Parts,East Asia
5,8.3,3.3,1,Standard Class,2,390.16,Electronics,North America
2,3.4,1.4,1,First Class,2,163.81,Automotive,East Asia
2,3.9,1.9,1,First Class,4,353.61,Apparel,Europe
5,9.7,4.7,1,Standard Class,9,466.64,Industrial Parts,North America
5,8.3,3.3,1,Standard Class,2,234.9,Electronics,Europe
5,9.3,4.3,1,Standard Class,9,129.64,Electronics,North America
3,5.6,2.6,1,Second Class,7,459.7,Automotive,East Asia
1,2.2,1.2,1,Same Day,8,241.41,Industrial Parts,East Asia
5,8.9,3.9,1,Standard Class,1,209.84,Apparel,Latin America
5,8.8,3.8,1,Standard Class,5,183.15,Apparel,Europe
3,6.3,3.3,1,Second Class,9,217.28,Apparel,East Asia
1,2.9,1.9,1,Same Day,4,340.09,Chemicals,North America
5,9.4,4.4,1,Standard Class,2,222.52,Chemicals,South Asia
5,9.6,4.6,1,Standard Class,6,168.87,Industrial Parts,South Asia
5,9.0,4.0,1,Standard Class,2,374.38,Apparel,South Asia
2,3.6,1.6,1,First Class,3,109.46,Electronics,Latin America
5,9.5,4.5,1,Standard Class,8,108.95,Apparel,East Asia
5,8.6,3.6,1,Standard Class,3,351.25,Industrial Parts,Europe
2,3.0,1.0,1,First Class,2,434.69,Apparel,Europe
5,9.6,4.6,1,Standard Class,6,128.19,Automotive,Latin America
3,5.7,2.7,1,Second Class,3,103.65,Apparel,North America
5,8.9,3.9,1,Standard Class,1,338.45,Electronics,East Asia
5,8.1,3.1,1,Standard Class,3,314.19,Industrial Parts,East Asia
2,3.6,1.6,1,First Class,6,229.15,Industrial Parts,North America
5,8.5,3.5,1,Standard Class,3,56.97,Electronics,North America
1,3.0,2.0,1,Same Day,9,54.97,Industrial Parts,East Asia
2,4.6,2.6,1,First Class,7,390.9,Apparel,East Asia
5,9.8,4.8,1,Standard Class,5,231.37,Industrial Parts,South Asia
3,4.6,1.6,1,Second Class,2,430.4,Apparel,Europe
5,9.9,4.9,1,Standard Class,9,291.62,Industrial Parts,South Asia
1,2.4,1.4,1,Same Day,5,313.18,Apparel,South Asia
5,8.8,3.8,1,Standard Class,7,467.76,Apparel,Europe
2,5.0,3.0,1,First Class,9,90.66,Electronics,Latin America
5,9.2,4.2,1,Standard Class,4,276.08,Electronics,Latin America
5,10.4,5.4,1,Standard Class,9,38.49,Chemicals,Latin America
3,5.1,2.1,1,Second Class,1,185.87,Electronics,Latin America
3,5.8,2.8,1,Second Class,6,82.57,Apparel,North America
5,8.8,3.8,1,Standard Class,2,102.04,Apparel,South Asia
5,9.8,4.8,1,Standard Class,8,468.05,Industrial Parts,North America
3,5.4,2.4,1,Second Class,5,309.23,Industrial Parts,North America
1,2.1,1.1,1,Same Day,3,447.16,Chemicals,Europe
5,8.5,3.5,1,Standard Class,2,227.32,Apparel,Latin America
5,9.7,4.7,1,Standard Class,8,302.85,Chemicals,East Asia
5,10.2,5.2,1,Standard Class,7,25.73,Apparel,Latin America
3,6.6,3.6,1,Second Class,9,240.06,Electronics,South Asia
5,9.1,4.1,1,Standard Class,8,286.39,Industrial Parts,North America
5,9.3,4.3,1,Standard Class,4,18.22,Chemicals,South Asia
3,5.0,2.0,1,Second Class,2,396.85,Automotive,North America
5,8.7,3.7,1,Standard Class,2,154.76,Apparel,North America
5,8.5,3.5,1,Standard Class,2,231.72,Electronics,North America
5,9.4,4.4,1,Standard Class,6,272.46,Automotive,East Asia
5,9.3,4.3,1,Standard Class,7,496.18,Electronics,Latin America
5,8.6,3.6,1,Standard Class,6,58.6,Electronics,North America
2,3.4,1.4,1,First Class,2,282.09,Apparel,Europe
5,9.2,4.2,1,Standard Class,4,269.99,Electronics,North America
2,3.6,1.6,1,First Class,3,43.77,Chemicals,Latin America
3,6.1,3.1,1,Second Class,4,320.63,Automotive,Latin America
3,5.5,2.5,1,Second Class,5,150.56,Electronics,East Asia
5,9.5,4.5,1,Standard Class,7,60.85,Electronics,North America
5,9.2,4.2,1,Standard Class,9,97.53,Industrial Parts,Europe
5,8.5,3.5,1,Standard Class,2,413.57,Industrial Parts,East Asia
5,9.6,4.6,1,Standard Class,8,61.02,Chemicals,East Asia
5,8.1,3.1,1,Standard Class,3,238.79,Industrial Parts,North America
2,4.5,2.5,1,First Class,9,105.68,Electronics,North America
5,8.6,3.6,1,Standard Class,4,89.54,Electronics,East Asia
5,8.8,3.8,1,Standard Class,3,110.8,Automotive,East Asia
5,9.1,4.1,1,Standard Class,6,251.46,Industrial Parts,East Asia
2,4.8,2.8,1,First Class,9,126.52,Apparel,South Asia
5,9.1,4.1,1,Standard Class,7,57.4,Industrial Parts,East Asia
2,3.5,1.5,1,First Class,4,402.69,Electronics,Latin America
5,8.8,3.8,1,Standard Class,3,274.51,Automotive,Europe
3,6.1,3.1,1,Second Class,4,86.86,Industrial Parts,Europe
3,5.2,2.2,1,Second Class,3,241.0,Automotive,North America
5,8.5,3.5,1,Standard Class,3,43.5,Industrial Parts,East Asia
5,9.9,4.9,1,Standard Class,9,294.41,Chemicals,Europe
5,8.2,3.2,1,Standard Class,4,176.75,Electronics,Europe
5,10.1,5.1,1,Standard Class,9,60.73,Electronics,Latin America
2,4.7,2.7,1,First Class,5,99.99,Apparel,Latin America
3,6.3,3.3,1,Second Class,7,179.39,Electronics,South Asia
2,4.1,2.1,1,First Class,5,405.14,Apparel,South Asia
3,5.4,2.4,1,Second Class,1,95.14,Electronics,Europe
5,8.1,3.1,1,Standard Class,2,63.74,Industrial Parts,North America
5,9.1,4.1,1,Standard Class,5,262.81,Industrial Parts,Europe
3,5.9,2.9,1,Second Class,6,283.76,Chemicals,North America
5,9.5,4.5,1,Standard Class,7,54.22,Industrial Parts,Europe
2,3.7,1.7,1,First Class,2,149.4,Automotive,Latin America
5,9.9,4.9,1,Standard Class,9,138.75,Industrial Parts,East Asia
5,8.9,3.9,1,Standard Class,6,101.25,Apparel,Europe
1,2.0,1.0,1,Same Day,2,164.66,Chemicals,South Asia
5,7.9,2.9,1,Standard Class,2,28.18,Automotive,North America
1,1.7,0.7,1,Same Day,3,329.26,Automotive,North America
1,1.9,0.9,1,Same Day,1,494.36,Electronics,Europe
3,6.0,3.0,1,Second Class,9,320.68,Apparel,North America
2,4.2,2.2,1,First Class,4,186.93,Industrial Parts,South Asia
2,4.3,2.3,1,First Class,5,337.28,Industrial Parts,Latin America
3,5.7,2.7,1,Second Class,7,290.04,Electronics,East Asia
5,8.3,3.3,1,Standard Class,1,424.91,Industrial Parts,East Asia
5,8.8,3.8,1,Standard Class,3,314.72,Automotive,North America
2,3.5,1.5,1,First Class,3,320.7,Industrial Parts,Europe
5,8.7,3.7,1,Standard Class,2,118.62,Industrial Parts,North America
5,9.7,4.7,1,Standard Class,8,213.66,Automotive,South Asia
5,8.9,3.9,1,Standard Class,5,178.76,Apparel,Europe
2,3.7,1.7,1,First Class,1,15.6,Apparel,Latin America
3,6.1,3.1,1,Second Class,2,163.51,Automotive,South Asia
5,8.9,3.9,1,Standard Class,1,248.17,Automotive,Latin America
1,2.3,1.3,1,Same Day,6,303.93,Chemicals,Europe
2,5.0,3.0,1,First Class,9,467.94,Chemicals,Latin America
3,6.2,3.2,1,Second Class,7,127.17,Industrial Parts,South Asia
2,4.4,2.4,1,First Class,5,84.69,Industrial Parts,South Asia
3,5.3,2.3,1,Second Class,3,436.03,Chemicals,North America
5,9.3,4.3,1,Standard Class,8,471.51,Industrial Parts,Europe
3,5.5,2.5,1,Second Class,4,249.1,Apparel,East Asia
5,9.3,4.3,1,Standard Class,9,66.46,Apparel,East Asia
3,5.9,2.9,1,Second Class,5,247.84,Electronics,Latin America
1,2.8,1.8,1,Same Day,6,63.63,Chemicals,East Asia
5,9.4,4.4,1,Standard Class,5,442.76,Apparel,East Asia
5,9.8,4.8,1,Standard Class,7,356.99,Electronics,South Asia
3,6.5,3.5,1,Second Class,7,128.16,Automotive,South Asia
5,8.4,3.4,1,Standard Class,1,444.48,Apparel,South Asia
3,4.7,1.7,1,Second Class,2,322.57,Electronics,East Asia
5,9.1,4.1,1,Standard Class,7,477.1,Industrial Parts,Latin America
5,9.5,4.5,1,Standard Class,8,490.44,Electronics,Europe
1,1.6,0.6,1,Same Day,4,11.61,Apparel,North America
2,4.6,2.6,1,First Class,6,68.9,Industrial Parts,Latin America
3,5.6,2.6,1,Second Class,3,277.99,Industrial Parts,South Asia
5,9.7,4.7,1,Standard Class,7,478.37,Electronics,Latin America
2,3.3,1.3,1,First Class,3,497.17,Electronics,Europe
2,4.3,2.3,1,First Class,7,288.03,Apparel,South Asia
2,3.8,1.8,1,First Class,8,95.16,Industrial Parts,Europe
2,2.9,0.9,1,First Class,3,89.89,Chemicals,North America
2,3.5,1.5,1,First Class,2,384.29,Electronics,Latin America
5,9.7,4.7,1,Standard Class,6,300.05,Chemicals,North America
5,9.1,4.1,1,Standard Class,4,278.9,Chemicals,East Asia
3,6.6,3.6,1,Second Class,8,238.22,Industrial Parts,Latin America
5,8.3,3.3,1,Standard Class,2,365.32,Apparel,East Asia
2,3.4,1.4,1,First Class,4,430.45,Chemicals,Europe
5,8.4,3.4,1,Standard Class,2,158.45,Apparel,East Asia
2,3.1,1.1,1,First Class,2,118.25,Electronics,Europe
3,5.0,2.0,1,Second Class,2,338.4,Industrial Parts,North America
5,9.0,4.0,1,Standard Class,1,458.22,Automotive,South Asia
5,8.4,3.4,1,Standard Class,4,180.6,Industrial Parts,North America
5,7.7,2.7,1,Standard Class,2,143.5,Automotive,East Asia
2,4.2,2.2,1,First Class,9,120.8,Electronics,Europe
3,6.7,3.7,1,Second Class,9,134.7,Apparel,East Asia
5,9.2,4.2,1,Standard Class,7,76.12,Electronics,South Asia
3,5.9,2.9,1,Second Class,6,302.42,Industrial Parts,Latin America
5,8.8,3.8,1,Standard Class,3,147.6,Automotive,Latin America
5,9.2,4.2,1,Standard Class,7,311.32,Automotive,Latin America
1,2.2,1.2,1,Same Day,1,50.69,Industrial Parts,East Asia
5,10.0,5.0,1,Standard Class,9,66.57,Industrial Parts,Latin America
5,8.2,3.2,1,Standard Class,4,272.71,Electronics,Europe
5,9.5,4.5,1,Standard Class,6,260.65,Chemicals,South Asia
5,9.0,4.0,1,Standard Class,6,143.04,Automotive,North America
5,8.5,3.5,1,Standard Class,3,415.29,Industrial Parts,Europe
5,9.2,4.2,1,Standard Class,4,101.65,Electronics,South Asia
2,3.4,1.4,1,First Class,3,186.72,Chemicals,North America
5,9.6,4.6,1,Standard Class,6,282.2,Apparel,Latin America
2,3.3,1.3,1,First Class,1,434.93,Industrial Parts,North America
5,8.9,3.9,1,Standard Class,8,215.09,Chemicals,East Asia
5,9.3,4.3,1,Standard Class,8,205.31,Apparel,East Asia
2,4.9,2.9,1,First Class,9,293.97,Apparel,Latin America
1,2.7,1.7,1,Same Day,6,165.18,Electronics,Latin America
5,8.8,3.8,1,Standard Class,1,357.49,Automotive,Europe
3,5.3,2.3,1,Second Class,3,131.86,Industrial Parts,Europe
2,3.3,1.3,1,First Class,1,413.37,Chemicals,East Asia
2,4.2,2.2,1,First Class,5,143.45,Apparel,South Asia
2,3.4,1.4,1,First Class,3,496.42,Automotive,Europe
5,9.1,4.1,1,Standard Class,2,165.07,Apparel,South Asia
5,8.1,3.1,1,Standard Class,3,440.62,Industrial Parts,East Asia
2,4.6,2.6,1,First Class,9,204.7,Industrial Parts,Europe
5,9.5,4.5,1,Standard Class,8,130.57,Electronics,South Asia
1,2.8,1.8,1,Same Day,3,120.82,Industrial Parts,South Asia
5,8.3,3.3,1,Standard Class,2,426.59,Industrial Parts,Europe
5,9.9,4.9,1,Standard Class,5,161.29,Industrial Parts,Latin America
3,5.3,2.3,1,Second Class,1,175.9,Automotive,North America
5,9.5,4.5,1,Standard Class,4,106.53,Chemicals,Latin America
2,4.2,2.2,1,First Class,8,481.05,Chemicals,North America
2,4.0,2.0,1,First Class,1,129.92,Industrial Parts,South Asia
1,2.5,1.5,1,Same Day,5,131.25,Chemicals,Europe
3,4.9,1.9,1,Second Class,4,472.51,Industrial Parts,East Asia
2,3.6,1.6,1,First Class,6,451.44,Chemicals,Europe
2,4.3,2.3,1,First Class,7,131.97,Chemicals,Latin America
1,2.7,1.7,1,Same Day,9,433.72,Apparel,North America
5,8.2,3.2,1,Standard Class,1,132.41,Automotive,Europe
5,8.9,3.9,1,Standard Class,4,51.39,Apparel,North America
5,9.8,4.8,1,Standard Class,6,411.98,Apparel,Latin America
5,9.8,4.8,1,Standard Class,7,388.06,Chemicals,Latin America
2,4.4,2.4,1,First Class,7,154.39,Electronics,Europe
2,3.9,1.9,1,First Class,8,54.17,Electronics,East Asia
2,4.0,2.0,1,First Class,8,111.16,Automotive,East Asia
5,9.2,4.2,1,Standard Class,8,387.82,Industrial Parts,North America
3,5.9,2.9,1,Second Class,8,482.73,Chemicals,Europe
5,9.5,4.5,1,Standard Class,8,136.91,Automotive,South Asia
2,4.5,2.5,1,First Class,6,410.95,Apparel,Latin America
2,4.1,2.1,1,First Class,9,121.69,Chemicals,North America
5,9.3,4.3,1,Standard Class,3,343.0,Apparel,Latin America
5,8.6,3.6,1,Standard Class,6,50.97,Automotive,North America
5,9.1,4.1,1,Standard Class,5,296.79,Electronics,Europe
3,6.2,3.2,1,Second Class,8,141.9,Automotive,North America
1,2.2,1.2,1,Same Day,4,463.66,Chemicals,North America
2,4.2,2.2,1,First Class,4,151.98,Chemicals,South Asia
5,8.8,3.8,1,Standard Class,5,205.24,Industrial Parts,North America
5,9.0,4.0,1,Standard Class,6,421.93,Electronics,East Asia
3,5.4,2.4,1,Second Class,4,224.75,Chemicals,North America
3,5.3,2.3,1,Second Class,2,126.82,Electronics,North America
5,8.6,3.6,1,Standard Class,2,278.3,Chemicals,Europe
5,8.4,3.4,1,Standard Class,3,421.6,Electronics,North America
3,6.2,3.2,1,Second Class,2,222.26,Automotive,South Asia
5,8.1,3.1,1,Standard Class,1,75.12,Electronics,Europe
5,9.6,4.6,1,Standard Class,8,197.71,Apparel,Latin America
5,8.8,3.8,1,Standard Class,5,477.69,Automotive,East Asia
2,2.9,0.9,1,First Class,1,45.29,Chemicals,East Asia
3,6.9,3.9,1,Second Class,9,210.14,Chemicals,Latin America
1,2.7,1.7,1,Same Day,8,327.53,Industrial Parts,North America
2,4.4,2.4,1,First Class,4,48.47,Apparel,South Asia
2,4.7,2.7,1,First Class,8,179.03,Industrial Parts,South Asia
5,9.7,4.7,1,Standard Class,7,470.88,Automotive,South Asia
2,4.5,2.5,1,First Class,7,25.01,Industrial Parts,South Asia
5,8.5,3.5,1,Standard Class,1,378.35,Automotive,North America
2,4.3,2.3,1,First Class,6,422.27,Industrial Parts,Latin America
5,9.3,4.3,1,Standard Class,4,145.76,Electronics,Latin America
5,8.7,3.7,1,Standard Class,2,115.21,Automotive,East Asia
5,9.6,4.6,1,Standard Class,7,458.26,Automotive,Latin America
5,10.0,5.0,1,Standard Class,9,384.36,Electronics,South Asia
5,8.8,3.8,1,Standard Class,5,65.56,Electronics,North America
5,9.4,4.4,1,Standard Class,8,113.98,Apparel,Europe
1,2.5,1.5,1,Same Day,5,314.46,Electronics,Europe
5,9.9,4.9,1,Standard Class,7,215.51,Industrial Parts,South Asia
2,4.2,2.2,1,First Class,7,257.05,Electronics,East Asia
3,6.6,3.6,1,Second Class,9,476.26,Electronics,Europe
1,2.6,1.6,1,Same Day,3,215.92,Automotive,South Asia
2,3.6,1.6,1,First Class,1,442.02,Automotive,North America
3,5.5,2.5,1,Second Class,2,333.76,Electronics,Europe
5,9.4,4.4,1,Standard Class,6,69.59,Apparel,South Asia
5,9.7,4.7,1,Standard Class,9,374.81,Automotive,Europe
5,8.0,3.0,1,Standard Class,3,264.9,Industrial Parts,North America
2,4.1,2.1,1,First Class,2,120.3,Industrial Parts,Latin America
2,3.6,1.6,1,First Class,1,151.88,Electronics,Latin America
5,8.2,3.2,1,Standard Class,2,283.09,Electronics,North America
5,8.0,3.0,1,Standard Class,3,304.83,Apparel,North America
2,4.5,2.5,1,First Class,7,484.41,Electronics,Latin America
5,8.8,3.8,1,Standard Class,2,428.81,Chemicals,North America
2,3.8,1.8,1,First Class,5,110.86,Chemicals,North America
2,3.2,1.2,1,First Class,2,389.26,Electronics,North America
3,6.4,3.4,1,Second Class,7,14.06,Chemicals,Latin America
3,7.0,4.0,1,Second Class,8,73.61,Industrial Parts,Latin America
3,6.3,3.3,1,Second Class,8,107.85,Electronics,Europe
5,9.8,4.8,1,Standard Class,8,302.63,Industrial Parts,Latin America
3,6.5,3.5,1,Second Class,9,105.4,Industrial Parts,Europe
2,3.9,1.9,1,First Class,1,188.98,Chemicals,Latin America
5,8.0,3.0,1,Standard Class,1,128.96,Apparel,East Asia
5,8.3,3.3,1,Standard Class,2,175.33,Industrial Parts,Europe
5,9.4,4.4,1,Standard Class,6,471.8,Chemicals,North America
5,8.5,3.5,1,Standard Class,1,498.71,Apparel,East Asia
2,4.8,2.8,1,First Class,5,346.0,Chemicals,Latin America
3,6.3,3.3,1,Second Class,5,290.43,Chemicals,Latin America
5,8.5,3.5,1,Standard Class,4,357.14,Electronics,East Asia
5,9.4,4.4,1,Standard Class,5,388.11,Automotive,South Asia
1,1.9,0.9,1,Same Day,1,372.12,Apparel,North America
5,9.0,4.0,1,Standard Class,6,50.13,Chemicals,Europe
5,9.2,4.2,1,Standard Class,7,162.04,Industrial Parts,East Asia
2,4.8,2.8,1,First Class,8,178.28,Industrial Parts,Europe
2,3.7,1.7,1,First Class,2,190.93,Automotive,Latin America
5,9.8,4.8,1,Standard Class,7,178.71,Apparel,South Asia
5,9.6,4.6,1,Standard Class,6,395.68,Electronics,South Asia
5,9.7,4.7,1,Standard Class,9,376.33,Apparel,Europe
2,4.8,2.8,1,First Class,8,12.25,Industrial Parts,Latin America
2,4.2,2.2,1,First Class,4,155.23,Industrial Parts,South Asia
5,10.1,5.1,1,Standard Class,9,315.6,Electronics,North America
2,3.6,1.6,1,First Class,1,68.93,Electronics,Latin America
3,6.0,3.0,1,Second Class,6,44.89,Industrial Parts,East Asia
5,8.9,3.9,1,Standard Class,8,415.92,Chemicals,East Asia
5,8.7,3.7,1,Standard Class,4,231.82,Chemicals,East Asia
2,3.3,1.3,1,First Class,2,429.29,Electronics,North America
5,8.9,3.9,1,Standard Class,2,413.54,Chemicals,Latin America
5,7.7,2.7,1,Standard Class,1,447.75,Electronics,Europe
2,3.6,1.6,1,First Class,5,33.65,Apparel,Europe
3,6.0,3.0,1,Second Class,6,101.2,Apparel,Latin America
3,5.8,2.8,1,Second Class,4,155.11,Apparel,North America
2,3.8,1.8,1,First Class,4,76.75,Electronics,Latin America
3,5.8,2.8,1,Second Class,5,247.88,Electronics,Europe
5,9.5,4.5,1,Standard Class,5,401.5,Chemicals,Latin America
2,4.2,2.2,1,First Class,9,476.08,Chemicals,East Asia
5,9.5,4.5,1,Standard Class,8,445.89,Chemicals,Latin America
5,9.9,4.9,1,Standard Class,9,234.09,Automotive,South Asia
3,5.7,2.7,1,Second Class,3,321.88,Electronics,Latin America
2,3.2,1.2,1,First Class,3,123.04,Apparel,Europe
5,8.2,3.2,1,Standard Class,1,207.47,Apparel,Europe
1,2.5,1.5,1,Same Day,6,436.88,Automotive,Europe
5,8.3,3.3,1,Standard Class,4,24.31,Automotive,East Asia
5,9.2,4.2,1,Standard Class,8,271.05,Apparel,Europe
5,8.8,3.8,1,Standard Class,2,437.67,Electronics,South Asia
3,5.7,2.7,1,Second Class,2,69.78,Apparel,Latin America
3,6.5,3.5,1,Second Class,7,491.45,Apparel,North America
5,8.4,3.4,1,Standard Class,5,16.07,Automotive,Europe
2,3.6,1.6,1,First Class,1,444.2,Automotive,Latin America
5,9.2,4.2,1,Standard Class,7,183.3,Chemicals,East Asia
3,6.3,3.3,1,Second Class,7,75.02,Automotive,Latin America
5,9.1,4.1,1,Standard Class,6,87.11,Apparel,Europe
5,8.3,3.3,1,Standard Class,4,353.58,Chemicals,Europe
1,2.6,1.6,1,Same Day,8,436.65,Apparel,Europe
5,8.2,3.2,1,Standard Class,2,324.12,Electronics,South Asia
5,8.8,3.8,1,Standard Class,2,465.08,Electronics,Latin America
2,2.9,0.9,1,First Class,2,422.81,Automotive,North America
1,2.7,1.7,1,Same Day,3,14.43,Chemicals,South Asia
5,9.4,4.4,1,Standard Class,6,338.02,Industrial Parts,North America
5,8.3,3.3,1,Standard Class,1,159.27,Electronics,Europe
5,8.4,3.4,1,Standard Class,2,232.71,Electronics,North America
2,3.1,1.1,1,First Class,2,56.08,Electronics,North America
5,8.7,3.7,1,Standard Class,1,148.23,Electronics,South Asia
2,3.9,1.9,1,First Class,3,320.02,Automotive,South Asia
1,3.1,2.1,1,Same Day,7,117.01,Chemicals,Latin America
5,8.4,3.4,1,Standard Class,1,327.29,Electronics,North America
5,9.5,4.5,1,Standard Class,7,462.29,Automotive,South Asia
5,9.7,4.7,1,Standard Class,5,12.42,Chemicals,Latin America
5,9.4,4.4,1,Standard Class,9,395.03,Chemicals,North America
3,5.2,2.2,1,Second Class,2,324.25,Industrial Parts,North America
5,8.6,3.6,1,Standard Class,1,32.85,Apparel,Europe
5,9.4,4.4,1,Standard Class,9,397.18,Electronics,South Asia
2,3.4,1.4,1,First Class,8,120.02,Automotive,East Asia
5,9.7,4.7,1,Standard Class,6,140.25,Chemicals,South Asia
2,3.8,1.8,1,First Class,5,55.82,Industrial Parts,Europe
5,10.2,5.2,1,Standard Class,8,271.85,Apparel,Latin America
3,6.3,3.3,1,Second Class,8,254.13,Chemicals,South Asia
1,2.4,1.4,1,Same Day,5,180.12,Chemicals,North America
2,3.9,1.9,1,First Class,7,92.69,Electronics,East Asia
1,2.5,1.5,1,Same Day,1,420.6,Apparel,Latin America
5,8.6,3.6,1,Standard Class,4,439.43,Apparel,South Asia
5,8.8,3.8,1,Standard Class,2,274.88,Automotive,Latin America
2,3.7,1.7,1,First Class,3,129.67,Industrial Parts,North America
2,2.9,0.9,1,First Class,1,57.09,Automotive,East Asia
5,8.4,3.4,1,Standard Class,2,435.59,Industrial Parts,North America
5,8.3,3.3,1,Standard Class,1,57.07,Automotive,East Asia
5,9.9,4.9,1,Standard Class,8,16.46,Industrial Parts,Latin America
5,8.9,3.9,1,Standard Class,4,240.0,Electronics,South Asia
5,8.4,3.4,1,Standard Class,3,368.32,Industrial Parts,East Asia
3,5.2,2.2,1,Second Class,1,234.19,Automotive,North America
5,8.6,3.6,1,Standard Class,2,35.19,Apparel,East Asia
5,9.1,4.1,1,Standard Class,3,348.11,Chemicals,Latin America
2,3.8,1.8,1,First Class,3,324.74,Industrial Parts,Latin America
2,4.4,2.4,1,First Class,6,343.95,Industrial Parts,Latin America
3,6.9,3.9,1,Second Class,8,113.49,Apparel,South Asia
2,4.4,2.4,1,First Class,6,399.89,Electronics,Latin America
5,8.6,3.6,1,Standard Class,2,244.79,Automotive,South Asia
3,4.9,1.9,1,Second Class,2,272.81,Electronics,Europe
2,4.1,2.1,1,First Class,7,277.46,Industrial Parts,East Asia
5,7.8,2.8,1,Standard Class,1,150.54,Industrial Parts,North America
2,3.9,1.9,1,First Class,1,132.57,Electronics,South Asia
1,2.9,1.9,1,Same Day,7,12.34,Automotive,South Asia
5,9.1,4.1,1,Standard Class,9,204.34,Industrial Parts,North America
5,9.4,4.4,1,Standard Class,5,247.7,Industrial Parts,East Asia
5,8.6,3.6,1,Standard Class,1,373.97,Electronics,Latin America
5,8.9,3.9,1,Standard Class,5,42.65,Chemicals,East Asia
5,9.0,4.0,1,Standard Class,1,462.75,Apparel,South Asia
2,5.3,3.3,1,First Class,9,139.34,Industrial Parts,Latin America
5,8.5,3.5,1,Standard Class,4,189.69,Automotive,Europe
1,3.0,2.0,1,Same Day,9,33.7,Chemicals,North America
3,5.2,2.2,1,Second Class,2,330.04,Electronics,East Asia
2,5.2,3.2,1,First Class,7,357.37,Electronics,Latin America
3,4.6,1.6,1,Second Class,2,465.11,Automotive,North America
5,8.7,3.7,1,Standard Class,4,175.05,Chemicals,East Asia
5,9.6,4.6,1,Standard Class,6,136.11,Automotive,South Asia
2,3.8,1.8,1,First Class,2,365.78,Industrial Parts,South Asia
3,5.3,2.3,1,Second Class,2,356.33,Chemicals,South Asia
3,4.6,1.6,1,Second Class,2,469.19,Apparel,Europe
5,8.6,3.6,1,Standard Class,3,110.61,Apparel,South Asia
1,3.1,2.1,1,Same Day,5,355.59,Automotive,South Asia
5,10.0,5.0,1,Standard Class,9,42.77,Apparel,South Asia
3,5.8,2.8,1,Second Class,6,245.38,Automotive,Latin America
1,3.3,2.3,1,Same Day,9,68.5,Industrial Parts,North America
5,9.4,4.4,1,Standard Class,5,330.04,Industrial Parts,Europe
3,5.9,2.9,1,Second Class,6,304.72,Automotive,East Asia
5,9.4,4.4,1,Standard Class,8,33.93,Industrial Parts,Europe
5,8.6,3.6,1,Standard Class,3,166.61,Apparel,North America
2,3.7,1.7,1,First Class,2,203.57,Industrial Parts,South Asia
2,3.5,1.5,1,First Class,3,131.55,Apparel,South Asia
1,2.6,1.6,1,Same Day,9,28.95,Apparel,East Asia
2,3.9,1.9,1,First Class,6,166.22,Electronics,Europe
5,8.9,3.9,1,Standard Class,4,398.39,Industrial Parts,Europe
3,5.3,2.3,1,Second Class,3,186.45,Industrial Parts,East Asia
1,1.8,0.8,1,Same Day,2,168.45,Automotive,Europe
5,8.7,3.7,1,Standard Class,4,471.46,Automotive,Europe
1,2.9,1.9,1,Same Day,9,30.4,Chemicals,Europe
5,8.5,3.5,1,Standard Class,4,385.97,Apparel,East Asia
3,5.8,2.8,1,Second Class,5,246.72,Electronics,East Asia
5,9.0,4.0,1,Standard Class,8,472.79,Apparel,North America
5,8.5,3.5,1,Standard Class,2,202.8,Industrial Parts,Europe
5,8.1,3.1,1,Standard Class,3,356.94,Chemicals,North America
2,4.0,2.0,1,First Class,6,44.27,Apparel,Latin America
5,9.4,4.4,1,Standard Class,7,465.1,Chemicals,Latin America
5,8.8,3.8,1,Standard Class,4,178.83,Apparel,Europe
2,3.8,1.8,1,First Class,1,266.76,Industrial Parts,South Asia
1,2.8,1.8,1,Same Day,7,77.86,Industrial Parts,Latin America
5,9.6,4.6,1,Standard Class,9,473.32,Apparel,South Asia
5,8.6,3.6,1,Standard Class,1,339.76,Electronics,North America
5,8.3,3.3,1,Standard Class,1,36.43,Industrial Parts,Europe
5,8.2,3.2,1,Standard Class,1,86.05,Automotive,North America
3,6.1,3.1,1,Second Class,7,205.92,Electronics,North America
3,6.0,3.0,1,Second Class,9,116.22,Apparel,East Asia
2,3.8,1.8,1,First Class,3,159.27,Electronics,Europe
5,9.5,4.5,1,Standard Class,8,498.77,Automotive,East Asia
3,6.2,3.2,1,Second Class,9,332.74,Industrial Parts,North America
2,4.0,2.0,1,First Class,3,461.89,Industrial Parts,South Asia
3,5.3,2.3,1,Second Class,3,223.54,Industrial Parts,Europe
2,3.5,1.5,1,First Class,1,358.04,Automotive,Europe
3,5.8,2.8,1,Second Class,2,235.25,Electronics,Latin America
2,4.8,2.8,1,First Class,7,170.83,Apparel,South Asia
5,9.1,4.1,1,Standard Class,3,264.39,Apparel,South Asia
1,2.6,1.6,1,Same Day,7,219.38,Electronics,North America
2,4.3,2.3,1,First Class,5,490.46,Industrial Parts,North America
2,4.1,2.1,1,First Class,8,253.12,Apparel,North America
5,9.4,4.4,1,Standard Class,5,407.45,Industrial Parts,Latin America
2,4.6,2.6,1,First Class,3,336.74,Chemicals,South Asia
2,4.7,2.7,1,First Class,9,245.02,Chemicals,East Asia
5,9.8,4.8,1,Standard Class,7,242.33,Apparel,South Asia
5,8.4,3.4,1,Standard Class,5,177.53,Electronics,East Asia
2,4.7,2.7,1,First Class,7,62.42,Electronics,Europe
3,6.2,3.2,1,Second Class,9,383.12,Electronics,East Asia
2,3.8,1.8,1,First Class,5,459.87,Industrial Parts,Europe
5,9.5,4.5,1,Standard Class,7,116.8,Chemicals,North America
2,4.8,2.8,1,First Class,9,463.58,Industrial Parts,South Asia
5,8.3,3.3,1,Standard Class,1,123.83,Automotive,North America
5,9.3,4.3,1,Standard Class,4,269.74,Automotive,South Asia
5,8.1,3.1,1,Standard Class,1,178.37,Apparel,East Asia
5,10.0,5.0,1,Standard Class,8,66.11,Automotive,South Asia
5,8.4,3.4,1,Standard Class,3,35.89,Electronics,East Asia
5,8.6,3.6,1,Standard Class,2,189.02,Apparel,South Asia
5,8.9,3.9,1,Standard Class,4,33.2,Chemicals,Europe
5,8.9,3.9,1,Standard Class,3,61.06,Chemicals,East Asia
2,3.5,1.5,1,First Class,5,79.73,Automotive,North America
5,9.1,4.1,1,Standard Class,8,10.94,Automotive,North America
5,9.3,4.3,1,Standard Class,8,85.09,Chemicals,North America
3,6.0,3.0,1,Second Class,7,292.87,Automotive,North America
5,8.7,3.7,1,Standard Class,8,411.57,Automotive,Europe
2,3.6,1.6,1,First Class,5,104.78,Industrial Parts,Europe
5,10.0,5.0,1,Standard Class,6,49.63,Chemicals,Latin America
5,10.2,5.2,1,Standard Class,8,367.46,Chemicals,Latin America
2,4.1,2.1,1,First Class,1,14.0,Automotive,Latin America
2,4.6,2.6,1,First Class,6,369.74,Electronics,Latin America
3,6.2,3.2,1,Second Class,6,74.25,Industrial Parts,South Asia
2,3.8,1.8,1,First Class,5,121.86,Electronics,East Asia
1,2.3,1.3,1,Same Day,4,68.83,Automotive,North America
5,8.7,3.7,1,Standard Class,1,131.2,Chemicals,South Asia
5,8.8,3.8,1,Standard Class,8,401.11,Electronics,Europe
5,9.3,4.3,1,Standard Class,6,74.95,Apparel,North America
5,8.4,3.4,1,Standard Class,3,497.14,Electronics,East Asia
2,3.6,1.6,1,First Class,3,170.28,Chemicals,East Asia
2,3.4,1.4,1,First Class,6,461.76,Automotive,Europe
5,9.0,4.0,1,Standard Class,7,103.12,Electronics,North America
1,3.3,2.3,1,Same Day,8,102.07,Automotive,Latin America
3,5.8,2.8,1,Second Class,5,287.01,Industrial Parts,North America
5,9.2,4.2,1,Standard Class,6,34.79,Apparel,North America
5,8.2,3.2,1,Standard Class,1,402.49,Chemicals,East Asia
5,9.1,4.1,1,Standard Class,6,225.41,Chemicals,Europe
5,9.6,4.6,1,Standard Class,9,352.61,Automotive,North America
5,9.4,4.4,1,Standard Class,4,95.57,Apparel,South Asia
2,3.9,1.9,1,First Class,1,324.76,Chemicals,South Asia
5,9.1,4.1,1,Standard Class,9,301.09,Electronics,Europe
5,9.7,4.7,1,Standard Class,4,380.27,Chemicals,Latin America
1,1.8,0.8,1,Same Day,2,155.73,Electronics,North America
2,3.1,1.1,1,First Class,1,467.25,Chemicals,North America
1,1.9,0.9,1,Same Day,3,481.04,Electronics,East Asia
5,9.2,4.2,1,Standard Class,7,435.38,Industrial Parts,North America
5,8.4,3.4,1,Standard Class,2,290.3,Automotive,Latin America
2,4.2,2.2,1,First Class,9,215.94,Industrial Parts,North America
5,7.8,2.8,1,Standard Class,2,38.42,Electronics,North America
5,8.7,3.7,1,Standard Class,5,474.14,Automotive,East Asia
2,4.8,2.8,1,First Class,8,476.37,Apparel,South Asia
2,4.9,2.9,1,First Class,8,19.16,Electronics,South Asia
5,9.0,4.0,1,Standard Class,3,184.87,Chemicals,Latin America
5,8.5,3.5,1,Standard Class,2,441.22,Chemicals,Europe
5,8.9,3.9,1,Standard Class,9,49.62,Apparel,Europe
5,8.6,3.6,1,Standard Class,3,106.32,Industrial Parts,East Asia
5,9.7,4.7,1,Standard Class,8,489.55,Electronics,North America
5,8.5,3.5,1,Standard Class,2,425.17,Chemicals,East Asia
5,8.9,3.9,1,Standard Class,3,456.91,Automotive,South Asia
1,2.2,1.2,1,Same Day,1,79.66,Apparel,Latin America
2,4.3,2.3,1,First Class,6,113.54,Industrial Parts,Europe
3,6.1,3.1,1,Second Class,7,306.65,Industrial Parts,North America
5,8.9,3.9,1,Standard Class,4,255.85,Automotive,Europe
5,8.6,3.6,1,Standard Class,1,156.27,Automotive,South Asia
5,8.4,3.4,1,Standard Class,3,443.08,Apparel,North America
5,10.0,5.0,1,Standard Class,9,451.68,Automotive,South Asia
5,9.4,4.4,1,Standard Class,5,152.93,Chemicals,Europe
3,5.5,2.5,1,Second Class,6,86.32,Industrial Parts,Europe
2,4.2,2.2,1,First Class,4,83.06,Automotive,South Asia
2,3.4,1.4,1,First Class,1,247.37,Electronics,North America
5,9.6,4.6,1,Standard Class,5,75.13,Automotive,South Asia
1,2.2,1.2,1,Same Day,5,241.94,Industrial Parts,North America
5,8.8,3.8,1,Standard Class,5,236.35,Chemicals,East Asia
5,9.6,4.6,1,Standard Class,6,443.21,Automotive,East Asia
5,8.3,3.3,1,Standard Class,2,155.14,Chemicals,North America
3,5.5,2.5,1,Second Class,1,284.72,Electronics,South Asia
1,2.1,1.1,1,Same Day,2,374.31,Industrial Parts,North America
5,9.0,4.0,1,Standard Class,6,302.0,Apparel,Europe
3,5.8,2.8,1,Second Class,5,477.49,Industrial Parts,South Asia
3,5.9,2.9,1,Second Class,5,305.12,Apparel,North America
5,8.9,3.9,1,Standard Class,6,451.91,Apparel,Europe
5,9.5,4.5,1,Standard Class,7,130.08,Industrial Parts,Latin America
5,10.2,5.2,1,Standard Class,9,284.77,Apparel,Europe
1,2.5,1.5,1,Same Day,7,276.22,Chemicals,North America
5,9.0,4.0,1,Standard Class,2,494.83,Electronics,South Asia
3,6.6,3.6,1,Second Class,6,110.21,Automotive,South Asia
5,9.2,4.2,1,Standard Class,9,79.09,Apparel,East Asia
3,6.1,3.1,1,Second Class,7,309.72,Apparel,North America
5,8.7,3.7,1,Standard Class,2,119.61,Industrial Parts,Europe
2,3.8,1.8,1,First Class,3,323.19,Chemicals,Europe
3,6.3,3.3,1,Second Class,8,486.52,Automotive,North America
3,5.9,2.9,1,Second Class,9,473.79,Apparel,Europe
3,6.1,3.1,1,Second Class,4,123.24,Chemicals,Latin America
5,9.0,4.0,1,Standard Class,9,93.74,Automotive,East Asia
2,4.2,2.2,1,First Class,2,284.76,Industrial Parts,South Asia
5,9.2,4.2,1,Standard Class,5,297.52,Apparel,Europe
5,8.9,3.9,1,Standard Class,2,334.5,Industrial Parts,Latin America
2,3.2,1.2,1,First Class,1,373.33,Industrial Parts,North America
5,8.8,3.8,1,Standard Class,5,304.47,Apparel,Europe
2,3.3,1.3,1,First Class,2,64.76,Chemicals,North America
1,3.4,2.4,1,Same Day,7,397.18,Chemicals,Latin America
5,9.7,4.7,1,Standard Class,8,48.96,Industrial Parts,Latin America
2,4.5,2.5,1,First Class,2,19.8,Industrial Parts,South Asia
5,9.2,4.2,1,Standard Class,7,387.13,Electronics,North America
5,9.1,4.1,1,Standard Class,4,278.7,Automotive,East Asia
5,8.3,3.3,1,Standard Class,1,352.31,Industrial Parts,South Asia
1,1.8,0.8,1,Same Day,3,197.55,Industrial Parts,North America
3,5.3,2.3,1,Second Class,1,15.44,Automotive,North America
1,2.9,1.9,1,Same Day,5,172.2,Apparel,Latin America
1,3.2,2.2,1,Same Day,8,307.99,Chemicals,Latin America
5,8.6,3.6,1,Standard Class,1,120.59,Apparel,North America
5,10.6,5.6,1,Standard Class,9,347.02,Automotive,Latin America
2,3.1,1.1,1,First Class,3,399.26,Automotive,North America
5,9.2,4.2,1,Standard Class,5,232.59,Electronics,North America
5,9.9,4.9,1,Standard Class,9,439.1,Electronics,South Asia
5,9.7,4.7,1,Standard Class,5,428.86,Chemicals,South Asia
2,4.2,2.2,1,First Class,9,440.25,Industrial Parts,East Asia
2,4.9,2.9,1,First Class,8,333.91,Automotive,South Asia
5,9.3,4.3,1,Standard Class,7,159.35,Electronics,Europe
5,8.0,3.0,1,Standard Class,1,245.81,Apparel,Europe
2,3.9,1.9,1,First Class,4,358.15,Electronics,Latin America
2,4.3,2.3,1,First Class,9,113.18,Apparel,Europe
5,9.4,4.4,1,Standard Class,8,372.03,Electronics,South Asia
3,5.6,2.6,1,Second Class,4,278.56,Apparel,East Asia
5,8.7,3.7,1,Standard Class,1,57.05,Electronics,North America
5,8.3,3.3,1,Standard Class,4,283.07,Electronics,East Asia
3,6.1,3.1,1,Second Class,3,42.72,Chemicals,South Asia
2,4.6,2.6,1,First Class,6,17.01,Industrial Parts,South Asia
5,9.2,4.2,1,Standard Class,5,445.92,Automotive,South Asia
2,4.8,2.8,1,First Class,5,250.06,Industrial Parts,Latin America
2,3.6,1.6,1,First Class,2,276.21,Chemicals,Europe
3,6.3,3.3,1,Second Class,3,147.17,Apparel,South Asia
3,5.8,2.8,1,Second Class,6,275.94,Industrial Parts,North America
2,2.8,0.8,1,First Class,2,92.75,Automotive,Europe
5,8.8,3.8,1,Standard Class,4,375.37,Automotive,Europe
5,8.8,3.8,1,Standard Class,2,413.44,Apparel,Latin America
5,9.8,4.8,1,Standard Class,9,429.38,Automotive,East Asia
5,8.4,3.4,1,Standard Class,3,62.26,Chemicals,Europe
2,4.3,2.3,1,First Class,6,283.3,Industrial Parts,Europe
2,3.5,1.5,1,First Class,1,406.29,Automotive,South Asia
5,8.8,3.8,1,Standard Class,3,72.83,Industrial Parts,North America
5,9.6,4.6,1,Standard Class,8,58.77,Electronics,South Asia
5,8.8,3.8,1,Standard Class,5,410.3,Industrial Parts,North America
5,8.9,3.9,1,Standard Class,8,400.4,Apparel,Europe
3,5.2,2.2,1,Second Class,2,229.86,Chemicals,North America
5,9.4,4.4,1,Standard Class,7,63.76,Automotive,South Asia
2,5.1,3.1,1,First Class,9,262.9,Chemicals,South Asia
1,2.8,1.8,1,Same Day,7,203.45,Industrial Parts,East Asia
5,9.0,4.0,1,Standard Class,3,264.09,Automotive,Latin America
5,9.0,4.0,1,Standard Class,7,225.55,Chemicals,East Asia
5,9.4,4.4,1,Standard Class,8,288.57,Apparel,Europe
2,3.4,1.4,1,First Class,1,366.29,Electronics,North America
2,4.0,2.0,1,First Class,3,389.68,Electronics,South Asia
5,9.3,4.3,1,Standard Class,5,328.0,Apparel,South Asia
2,4.1,2.1,1,First Class,6,107.48,Electronics,South Asia
3,6.0,3.0,1,Second Class,3,204.59,Apparel,South Asia
5,9.0,4.0,1,Standard Class,4,44.9,Industrial Parts,Europe
5,9.8,4.8,1,Standard Class,5,231.32,Apparel,Latin America
3,5.4,2.4,1,Second Class,3,485.47,Electronics,East Asia
2,3.2,1.2,1,First Class,4,324.45,Industrial Parts,East Asia
3,6.1,3.1,1,Second Class,5,85.76,Apparel,South Asia
2,4.2,2.2,1,First Class,2,141.6,Apparel,South Asia
3,6.5,3.5,1,Second Class,9,41.64,Industrial Parts,North America
5,9.5,4.5,1,Standard Class,8,99.38,Automotive,South Asia
3,6.4,3.4,1,Second Class,6,249.04,Electronics,East Asia
1,1.7,0.7,1,Same Day,3,178.98,Automotive,North America
2,3.2,1.2,1,First Class,2,109.94,Industrial Parts,North America
5,9.9,4.9,1,Standard Class,7,81.83,Industrial Parts,South Asia
5,9.3,4.3,1,Standard Class,8,331.47,Chemicals,North America
5,8.6,3.6,1,Standard Class,1,283.47,Chemicals,Latin America
5,9.6,4.6,1,Standard Class,6,422.89,Industrial Parts,South Asia
5,9.9,4.9,1,Standard Class,7,99.79,Chemicals,Latin America
2,5.5,3.5,1,First Class,9,425.51,Apparel,South Asia
2,4.0,2.0,1,First Class,3,293.18,Automotive,Latin America
5,8.8,3.8,1,Standard Class,2,140.45,Industrial Parts,South Asia
2,3.8,1.8,1,First Class,5,144.04,Apparel,East Asia
5,9.4,4.4,1,Standard Class,1,201.29,Electronics,South Asia
5,9.2,4.2,1,Standard Class,6,235.46,Electronics,East Asia
5,9.9,4.9,1,Standard Class,9,50.43,Chemicals,Europe
2,4.6,2.6,1,First Class,9,422.58,Chemicals,Europe
5,10.0,5.0,1,Standard Class,7,69.56,Apparel,South Asia
5,9.2,4.2,1,Standard Class,7,246.9,Electronics,East Asia
5,9.7,4.7,1,Standard Class,8,197.65,Industrial Parts,East Asia
3,4.4,1.4,1,Second Class,2,261.02,Automotive,North America
5,9.2,4.2,1,Standard Class,6,444.87,Chemicals,North America
2,4.4,2.4,1,First Class,5,494.65,Apparel,Latin America
2,3.5,1.5,1,First Class,5,19.93,Chemicals,North America
3,6.0,3.0,1,Second Class,3,202.69,Apparel,South Asia
1,2.2,1.2,1,Same Day,3,410.63,Electronics,North America
5,8.5,3.5,1,Standard Class,6,170.04,Chemicals,North America
5,9.8,4.8,1,Standard Class,7,328.03,Apparel,South Asia
3,6.0,3.0,1,Second Class,1,496.21,Apparel,South Asia
5,9.5,4.5,1,Standard Class,3,326.92,Chemicals,Latin America
2,3.3,1.3,1,First Class,1,64.48,Automotive,East Asia
2,3.4,1.4,1,First Class,3,423.04,Industrial Parts,North America
2,4.0,2.0,1,First Class,5,483.66,Electronics,Europe
1,2.6,1.6,1,Same Day,9,359.13,Chemicals,East Asia
1,2.8,1.8,1,Same Day,3,215.34,Chemicals,South Asia
3,6.2,3.2,1,Second Class,9,474.72,Automotive,North America
5,9.1,4.1,1,Standard Class,1,484.6,Electronics,Latin America
3,5.7,2.7,1,Second Class,6,468.21,Chemicals,Europe
5,10.0,5.0,1,Standard Class,9,211.79,Automotive,East Asia
5,9.2,4.2,1,Standard Class,5,396.96,Industrial Parts,North America
3,5.9,2.9,1,Second Class,2,330.55,Apparel,South Asia
5,8.9,3.9,1,Standard Class,5,98.06,Industrial Parts,East Asia
5,8.8,3.8,1,Standard Class,1,272.4,Industrial Parts,Europe
5,10.7,5.7,1,Standard Class,9,376.37,Industrial Parts,South Asia
3,6.2,3.2,1,Second Class,9,449.0,Industrial Parts,Europe
2,3.8,1.8,1,First Class,6,432.67,Apparel,North America
2,4.7,2.7,1,First Class,9,85.78,Electronics,East Asia
5,8.3,3.3,1,Standard Class,3,249.14,Electronics,Latin America
3,4.7,1.7,1,Second Class,4,244.35,Automotive,North America
3,5.6,2.6,1,Second Class,6,450.38,Automotive,North America
5,9.3,4.3,1,Standard Class,4,10.95,Chemicals,Latin America
5,8.4,3.4,1,Standard Class,1,371.97,Industrial Parts,Latin America
5,9.3,4.3,1,Standard Class,7,313.13,Industrial Parts,South Asia
1,2.2,1.2,1,Same Day,5,461.57,Apparel,Europe
2,4.6,2.6,1,First Class,8,233.89,Industrial Parts,North America
1,3.4,2.4,1,Same Day,9,332.26,Apparel,South Asia
5,9.8,4.8,1,Standard Class,5,486.65,Chemicals,South Asia
3,6.1,3.1,1,Second Class,8,374.51,Automotive,North America
3,5.5,2.5,1,Second Class,1,43.02,Automotive,Europe
2,3.6,1.6,1,First Class,1,92.09,Chemicals,Latin America
1,2.7,1.7,1,Same Day,7,412.51,Chemicals,North America
5,9.1,4.1,1,Standard Class,6,174.05,Industrial Parts,Europe
5,9.3,4.3,1,Standard Class,5,355.9,Automotive,Latin America
2,4.0,2.0,1,First Class,5,352.91,Electronics,East Asia
3,6.5,3.5,1,Second Class,9,496.91,Chemicals,North America
2,3.2,1.2,1,First Class,1,240.24,Automotive,North America
5,8.7,3.7,1,Standard Class,8,371.54,Automotive,Europe
2,3.5,1.5,1,First Class,2,33.89,Apparel,South Asia
5,9.5,4.5,1,Standard Class,7,236.67,Automotive,South Asia
5,9.1,4.1,1,Standard Class,6,101.47,Chemicals,Europe
2,3.3,1.3,1,First Class,2,421.88,Industrial Parts,North America
3,5.1,2.1,1,Second Class,3,421.56,Automotive,North America
5,8.5,3.5,1,Standard Class,4,125.82,Electronics,North America
5,9.4,4.4,1,Standard Class,7,165.96,Chemicals,East Asia
5,9.7,4.7,1,Standard Class,8,354.21,Industrial Parts,South Asia
5,7.7,2.7,1,Standard Class,2,371.75,Industrial Parts,East Asia
3,6.2,3.2,1,Second Class,8,332.24,Chemicals,North America
1,3.3,2.3,1,Same Day,9,498.38,Industrial Parts,South Asia
5,9.4,4.4,1,Standard Class,7,435.65,Electronics,North America
3,4.8,1.8,1,Second Class,1,214.36,Automotive,North America
3,5.7,2.7,1,Second Class,6,170.22,Chemicals,Europe
3,6.8,3.8,1,Second Class,8,302.46,Automotive,South Asia
5,8.2,3.2,1,Standard Class,5,410.64,Automotive,North America
1,2.2,1.2,1,Same Day,2,242.92,Industrial Parts,Latin America
5,9.1,4.1,1,Standard Class,5,371.47,Chemicals,Latin America
5,9.2,4.2,1,Standard Class,8,19.39,Automotive,North America
5,8.3,3.3,1,Standard Class,2,463.66,Apparel,Europe
5,8.3,3.3,1,Standard Class,1,389.18,Electronics,North America
5,9.2,4.2,1,Standard Class,4,203.15,Industrial Parts,Latin America
5,9.5,4.5,1,Standard Class,4,198.17,Chemicals,South Asia
5,9.6,4.6,1,Standard Class,9,60.41,Chemicals,Europe
3,5.7,2.7,1,Second Class,3,409.92,Industrial Parts,North America
3,6.3,3.3,1,Second Class,4,386.63,Automotive,Latin America
5,9.5,4.5,1,Standard Class,3,318.82,Industrial Parts,South Asia
3,6.1,3.1,1,Second Class,2,59.71,Chemicals,Latin America
3,5.4,2.4,1,Second Class,4,138.55,Apparel,Europe
3,6.0,3.0,1,Second Class,8,234.87,Automotive,East Asia
5,8.2,3.2,1,Standard Class,1,140.33,Industrial Parts,North America
2,5.1,3.1,1,First Class,8,222.65,Chemicals,South Asia
1,2.7,1.7,1,Same Day,8,120.72,Chemicals,Europe
2,3.7,1.7,1,First Class,3,181.3,Chemicals,Europe
5,8.5,3.5,1,Standard Class,6,329.63,Apparel,East Asia
2,3.0,1.0,1,First Class,4,447.26,Automotive,East Asia
2,3.6,1.6,1,First Class,1,198.67,Industrial Parts,North America
2,3.3,1.3,1,First Class,1,349.04,Automotive,North America
5,9.2,4.2,1,Standard Class,5,76.05,Chemicals,Europe
5,8.9,3.9,1,Standard Class,8,275.0,Apparel,North America
3,5.1,2.1,1,Second Class,1,461.64,Apparel,North America
3,4.8,1.8,1,Second Class,2,23.69,Chemicals,East Asia
5,9.4,4.4,1,Standard Class,7,141.1,Automotive,Europe
1,3.3,2.3,1,Same Day,8,74.92,Automotive,Latin America
5,9.0,4.0,1,Standard Class,3,271.23,Apparel,Latin America
2,5.0,3.0,1,First Class,8,343.02,Electronics,South Asia
3,5.0,2.0,1,Second Class,1,38.31,Apparel,East Asia
3,6.8,3.8,1,Second Class,9,44.44,Apparel,South Asia
1,1.4,0.4,0,Same Day,2,436.12,Industrial Parts,Europe
5,9.3,4.3,1,Standard Class,2,233.55,Apparel,Latin America
3,6.0,3.0,1,Second Class,4,236.85,Electronics,Latin America
5,9.2,4.2,1,Standard Class,3,472.84,Apparel,Latin America
3,5.7,2.7,1,Second Class,4,166.9,Automotive,South Asia
3,6.2,3.2,1,Second Class,6,449.54,Industrial Parts,North America
2,4.7,2.7,1,First Class,7,487.38,Industrial Parts,South Asia
5,9.9,4.9,1,Standard Class,5,128.43,Apparel,Latin America
3,5.5,2.5,1,Second Class,2,261.88,Industrial Parts,East Asia
5,7.8,2.8,1,Standard Class,3,271.83,Industrial Parts,East Asia
5,9.4,4.4,1,Standard Class,3,434.42,Apparel,South Asia
3,6.5,3.5,1,Second Class,5,158.91,Electronics,South Asia
5,9.1,4.1,1,Standard Class,5,401.04,Apparel,Europe
3,6.1,3.1,1,Second Class,4,485.79,Automotive,South Asia
5,9.8,4.8,1,Standard Class,8,421.76,Chemicals,South Asia
5,9.5,4.5,1,Standard Class,6,455.48,Electronics,Latin America
3,6.2,3.2,1,Second Class,6,357.09,Apparel,North America
2,4.1,2.1,1,First Class,1,452.94,Electronics,Latin America
5,9.0,4.0,1,Standard Class,6,90.78,Chemicals,North America
3,5.6,2.6,1,Second Class,3,359.06,Industrial Parts,Latin America
2,4.8,2.8,1,First Class,6,368.62,Industrial Parts,Latin America
2,4.2,2.2,1,First Class,6,225.2,Chemicals,Europe
5,8.5,3.5,1,Standard Class,2,49.07,Industrial Parts,North America
3,5.3,2.3,1,Second Class,1,315.0,Electronics,Latin America
3,5.3,2.3,1,Second Class,3,35.42,Industrial Parts,Latin America
3,5.9,2.9,1,Second Class,5,197.38,Chemicals,North America
5,8.5,3.5,1,Standard Class,4,202.9,Chemicals,Europe
3,5.8,2.8,1,Second Class,7,499.47,Chemicals,North America
2,3.7,1.7,1,First Class,4,156.9,Automotive,Europe
2,4.1,2.1,1,First Class,8,412.02,Electronics,Europe
5,9.0,4.0,1,Standard Class,7,36.05,Chemicals,East Asia
3,6.0,3.0,1,Second Class,9,269.59,Electronics,Europe
3,5.3,2.3,1,Second Class,1,272.98,Automotive,East Asia
5,9.1,4.1,1,Standard Class,5,318.09,Electronics,South Asia
5,8.3,3.3,1,Standard Class,4,406.9,Apparel,Europe
3,5.5,2.5,1,Second Class,6,383.34,Automotive,North America
5,8.7,3.7,1,Standard Class,1,382.89,Automotive,East Asia
1,2.8,1.8,1,Same Day,6,221.82,Industrial Parts,South Asia
2,3.9,1.9,1,First Class,1,366.46,Chemicals,South Asia
2,3.1,1.1,1,First Class,1,250.74,Automotive,Europe
5,9.2,4.2,1,Standard Class,8,42.81,Electronics,North America
5,8.8,3.8,1,Standard Class,2,446.19,Apparel,Europe
1,3.0,2.0,1,Same Day,6,446.18,Electronics,Latin America
5,10.1,5.1,1,Standard Class,6,168.21,Electronics,South Asia
3,6.9,3.9,1,Second Class,6,457.81,Apparel,Latin America
5,10.3,5.3,1,Standard Class,8,381.41,Industrial Parts,Latin America
5,8.5,3.5,1,Standard Class,4,206.39,Chemicals,East Asia
5,9.1,4.1,1,Standard Class,3,172.44,Automotive,Latin America
2,4.9,2.9,1,First Class,6,487.82,Chemicals,South Asia
1,2.9,1.9,1,Same Day,4,359.19,Industrial Parts,South Asia
5,8.7,3.7,1,Standard Class,2,195.62,Apparel,North America
5,9.4,4.4,1,Standard Class,6,324.57,Chemicals,Europe
5,9.2,4.2,1,Standard Class,5,290.05,Electronics,North America
2,4.1,2.1,1,First Class,9,267.02,Automotive,North America
5,9.0,4.0,1,Standard Class,6,325.9,Automotive,Europe
3,5.7,2.7,1,Second Class,3,273.44,Industrial Parts,South Asia
2,3.7,1.7,1,First Class,5,330.85,Industrial Parts,East Asia
2,4.7,2.7,1,First Class,8,454.71,Apparel,Latin America
5,9.5,4.5,1,Standard Class,9,496.7,Industrial Parts,East Asia
1,3.1,2.1,1,Same Day,8,357.55,Chemicals,Latin America
5,8.2,3.2,1,Standard Class,3,464.63,Automotive,Europe
5,9.0,4.0,1,Standard Class,9,430.62,Apparel,Europe
2,4.0,2.0,1,First Class,3,154.57,Industrial Parts,North America
2,4.6,2.6,1,First Class,8,467.12,Electronics,Europe
5,10.0,5.0,1,Standard Class,9,44.7,Automotive,Latin America
5,8.3,3.3,1,Standard Class,7,171.66,Apparel,East Asia
3,5.3,2.3,1,Second Class,4,323.57,Automotive,East Asia
5,9.6,4.6,1,Standard Class,9,268.19,Chemicals,East Asia
3,5.6,2.6,1,Second Class,3,275.78,Industrial Parts,East Asia
2,3.4,1.4,1,First Class,3,399.5,Industrial Parts,North America
5,8.6,3.6,1,Standard Class,2,105.4,Industrial Parts,East Asia
5,9.0,4.0,1,Standard Class,3,491.22,Electronics,Latin America
5,8.6,3.6,1,Standard Class,1,224.35,Chemicals,North America
3,5.5,2.5,1,Second Class,4,475.42,Electronics,North America
2,4.2,2.2,1,First Class,8,197.73,Chemicals,North America
5,8.7,3.7,1,Standard Class,5,304.88,Chemicals,Europe
2,3.5,1.5,1,First Class,2,230.65,Chemicals,North America
1,2.6,1.6,1,Same Day,3,341.21,Industrial Parts,Latin America
5,7.9,2.9,1,Standard Class,1,99.98,Industrial Parts,East Asia
1,2.0,1.0,1,Same Day,2,206.31,Industrial Parts,Europe
5,8.3,3.3,1,Standard Class,1,43.51,Electronics,East Asia
5,9.2,4.2,1,Standard Class,2,303.07,Apparel,South Asia
5,8.5,3.5,1,Standard Class,3,481.71,Chemicals,Europe
5,8.4,3.4,1,Standard Class,1,32.49,Electronics,Latin America
5,9.3,4.3,1,Standard Class,9,333.22,Industrial Parts,Europe
5,9.4,4.4,1,Standard Class,5,389.8,Industrial Parts,North America
1,2.7,1.7,1,Same Day,8,114.42,Apparel,Europe
3,6.0,3.0,1,Second Class,5,143.81,Industrial Parts,North America
3,5.7,2.7,1,Second Class,8,108.77,Chemicals,East Asia
5,9.3,4.3,1,Standard Class,7,155.73,Automotive,Europe
5,8.2,3.2,1,Standard Class,4,63.94,Industrial Parts,Europe
5,9.7,4.7,1,Standard Class,7,191.47,Apparel,Latin America
3,6.1,3.1,1,Second Class,6,190.78,Automotive,South Asia
1,1.7,0.7,1,Same Day,3,405.56,Chemicals,Europe
5,9.1,4.1,1,Standard Class,9,402.47,Chemicals,East Asia
5,9.4,4.4,1,Standard Class,9,400.39,Chemicals,North America
2,3.2,1.2,1,First Class,5,287.85,Apparel,East Asia
5,9.3,4.3,1,Standard Class,8,169.68,Automotive,Latin America
5,9.2,4.2,1,Standard Class,7,211.37,Chemicals,Europe
2,4.4,2.4,1,First Class,9,165.69,Industrial Parts,South Asia
3,6.1,3.1,1,Second Class,7,295.14,Automotive,South Asia
5,9.2,4.2,1,Standard Class,4,469.61,Chemicals,Europe
5,9.7,4.7,1,Standard Class,4,149.4,Automotive,South Asia
1,2.5,1.5,1,Same Day,8,234.84,Industrial Parts,East Asia
5,9.1,4.1,1,Standard Class,6,331.01,Electronics,North America
5,9.2,4.2,1,Standard Class,9,423.9,Chemicals,Europe
5,8.9,3.9,1,Standard Class,7,134.13,Industrial Parts,North America
5,8.8,3.8,1,Standard Class,7,147.34,Apparel,South Asia
5,9.6,4.6,1,Standard Class,4,443.73,Chemicals,Latin America
3,5.5,2.5,1,Second Class,3,49.33,Electronics,North America
5,10.0,5.0,1,Standard Class,8,306.67,Industrial Parts,Latin America
5,9.3,4.3,1,Standard Class,7,431.62,Industrial Parts,East Asia
2,4.0,2.0,1,First Class,4,461.65,Automotive,Latin America
2,3.5,1.5,1,First Class,4,16.22,Chemicals,North America
3,5.0,2.0,1,Second Class,1,191.14,Electronics,North America
3,6.4,3.4,1,Second Class,7,136.06,Apparel,Europe
5,8.7,3.7,1,Standard Class,1,288.34,Automotive,Latin America
3,6.1,3.1,1,Second Class,4,320.1,Chemicals,East Asia
5,8.3,3.3,1,Standard Class,3,499.89,Electronics,Europe
1,1.6,0.6,1,Same Day,3,261.25,Automotive,Europe
5,8.0,3.0,1,Standard Class,1,280.22,Electronics,East Asia
1,2.1,1.1,1,Same Day,4,213.01,Electronics,Europe
3,5.5,2.5,1,Second Class,1,82.36,Automotive,East Asia
5,9.7,4.7,1,Standard Class,8,158.63,Automotive,South Asia
2,2.7,0.7,1,First Class,1,131.02,Chemicals,Europe
1,2.5,1.5,1,Same Day,6,402.6,Automotive,North America
3,6.9,3.9,1,Second Class,7,277.45,Chemicals,South Asia
5,8.4,3.4,1,Standard Class,2,155.13,Electronics,Europe
3,5.6,2.6,1,Second Class,4,249.66,Automotive,East Asia
5,9.1,4.1,1,Standard Class,3,117.24,Chemicals,South Asia
5,9.9,4.9,1,Standard Class,9,100.71,Chemicals,South Asia
5,9.9,4.9,1,Standard Class,7,431.37,Apparel,North America
5,8.8,3.8,1,Standard Class,2,472.96,Chemicals,Europe
3,6.4,3.4,1,Second Class,6,49.21,Chemicals,Europe
5,10.3,5.3,1,Standard Class,9,384.79,Apparel,East Asia
3,6.3,3.3,1,Second Class,3,232.12,Industrial Parts,South Asia
5,8.9,3.9,1,Standard Class,6,200.6,Automotive,North America
5,8.8,3.8,1,Standard Class,3,347.81,Apparel,East Asia
5,9.1,4.1,1,Standard Class,3,140.46,Chemicals,East Asia
5,8.9,3.9,1,Standard Class,4,20.08,Chemicals,North America
5,9.3,4.3,1,Standard Class,9,114.86,Automotive,Europe
5,9.7,4.7,1,Standard Class,8,100.61,Electronics,North America
2,2.8,0.8,1,First Class,1,26.68,Apparel,Europe
5,8.8,3.8,1,Standard Class,1,167.44,Industrial Parts,Latin America
5,9.9,4.9,1,Standard Class,7,242.51,Automotive,South Asia
5,8.5,3.5,1,Standard Class,3,370.56,Automotive,North America
3,6.1,3.1,1,Second Class,7,169.57,Apparel,East Asia
1,3.1,2.1,1,Same Day,9,105.32,Chemicals,Europe
5,9.3,4.3,1,Standard Class,3,123.0,Chemicals,South Asia
5,9.1,4.1,1,Standard Class,3,446.68,Industrial Parts,South Asia
5,8.3,3.3,1,Standard Class,2,110.31,Apparel,North America
1,1.7,0.7,1,Same Day,1,440.83,Automotive,East Asia
5,9.0,4.0,1,Standard Class,9,229.08,Apparel,North America
5,9.4,4.4,1,Standard Class,6,467.86,Electronics,East Asia
5,9.6,4.6,1,Standard Class,6,209.97,Automotive,Latin America
5,9.4,4.4,1,Standard Class,8,97.06,Industrial Parts,North America
5,8.6,3.6,1,Standard Class,5,279.02,Industrial Parts,Europe
3,6.3,3.3,1,Second Class,9,297.98,Automotive,North America
5,8.9,3.9,1,Standard Class,5,321.39,Chemicals,North America
2,3.6,1.6,1,First Class,2,211.63,Automotive,Latin America
5,9.8,4.8,1,Standard Class,6,33.81,Automotive,Latin America
5,9.1,4.1,1,Standard Class,9,317.09,Electronics,North America
1,1.7,0.7,1,Same Day,3,467.18,Automotive,East Asia
5,9.5,4.5,1,Standard Class,4,479.2,Apparel,Latin America
3,7.0,4.0,1,Second Class,8,302.47,Apparel,Latin America
2,4.0,2.0,1,First Class,6,19.74,Industrial Parts,East Asia
5,9.4,4.4,1,Standard Class,7,61.96,Chemicals,South Asia
1,3.5,2.5,1,Same Day,7,418.66,Industrial Parts,Latin America
5,9.2,4.2,1,Standard Class,4,416.57,Electronics,Latin America
3,5.8,2.8,1,Second Class,6,473.55,Automotive,East Asia
5,9.9,4.9,1,Standard Class,9,286.25,Industrial Parts,East Asia
3,5.6,2.6,1,Second Class,3,433.27,Automotive,North America
5,9.2,4.2,1,Standard Class,8,414.19,Industrial Parts,North America
2,4.1,2.1,1,First Class,7,298.82,Automotive,South Asia
3,6.0,3.0,1,Second Class,4,393.98,Industrial Parts,South Asia
1,2.7,1.7,1,Same Day,3,71.6,Apparel,South Asia
1,2.8,1.8,1,Same Day,7,323.21,Electronics,Europe
3,5.9,2.9,1,Second Class,9,477.19,Industrial Parts,East Asia
3,5.6,2.6,1,Second Class,3,89.36,Apparel,Latin America
5,8.6,3.6,1,Standard Class,9,374.58,Chemicals,East Asia
5,9.4,4.4,1,Standard Class,8,167.19,Industrial Parts,East Asia
5,8.6,3.6,1,Standard Class,3,410.38,Automotive,South Asia
5,9.2,4.2,1,Standard Class,8,351.63,Electronics,East Asia
5,8.4,3.4,1,Standard Class,4,463.83,Apparel,Europe
2,4.6,2.6,1,First Class,6,358.85,Apparel,Latin America
5,9.1,4.1,1,Standard Class,2,211.05,Electronics,South Asia
2,4.0,2.0,1,First Class,8,15.34,Industrial Parts,North America
5,10.0,5.0,1,Standard Class,9,398.53,Automotive,Latin America
5,9.4,4.4,1,Standard Class,7,210.15,Chemicals,North America
2,4.3,2.3,1,First Class,8,338.61,Industrial Parts,North America
3,4.9,1.9,1,Second Class,7,61.48,Electronics,East Asia
3,6.7,3.7,1,Second Class,4,446.57,Industrial Parts,Latin America
2,3.3,1.3,1,First Class,1,223.47,Industrial Parts,Europe
5,8.9,3.9,1,Standard Class,3,460.65,Electronics,East Asia
2,3.8,1.8,1,First Class,7,356.44,Electronics,North America
5,9.3,4.3,1,Standard Class,7,69.52,Chemicals,Latin America
5,8.4,3.4,1,Standard Class,3,293.81,Electronics,East Asia
5,9.3,4.3,1,Standard Class,1,455.87,Electronics,Latin America
5,9.9,4.9,1,Standard Class,9,401.99,Electronics,South Asia
5,9.0,4.0,1,Standard Class,6,214.81,Apparel,Europe
1,3.2,2.2,1,Same Day,7,477.98,Electronics,Europe
1,1.6,0.6,1,Same Day,1,141.6,Electronics,Europe
5,8.3,3.3,1,Standard Class,1,193.8,Electronics,North America
5,8.3,3.3,1,Standard Class,4,377.36,Chemicals,North America
5,9.7,4.7,1,Standard Class,7,124.12,Industrial Parts,Europe
5,9.6,4.6,1,Standard Class,8,262.53,Electronics,Latin America
1,3.4,2.4,1,Same Day,9,367.11,Electronics,South Asia
5,7.2,2.2,1,Standard Class,1,325.54,Chemicals,North America
3,5.4,2.4,1,Second Class,4,86.13,Industrial Parts,East Asia
5,8.7,3.7,1,Standard Class,4,318.53,Chemicals,East Asia
1,1.9,0.9,1,Same Day,3,290.63,Automotive,North America
5,8.6,3.6,1,Standard Class,7,283.34,Automotive,Europe
3,5.7,2.7,1,Second Class,1,414.76,Automotive,Latin America
5,9.4,4.4,1,Standard Class,9,100.11,Electronics,South Asia
2,3.7,1.7,1,First Class,8,378.27,Chemicals,East Asia
5,8.3,3.3,1,Standard Class,2,382.85,Electronics,North America
5,9.2,4.2,1,Standard Class,2,364.1,Automotive,Latin America
1,2.7,1.7,1,Same Day,8,257.92,Industrial Parts,Europe
1,2.3,1.3,1,Same Day,1,203.81,Industrial Parts,South Asia
3,6.3,3.3,1,Second Class,7,203.39,Chemicals,South Asia
2,4.1,2.1,1,First Class,9,369.57,Industrial Parts,East Asia
3,5.6,2.6,1,Second Class,3,253.97,Automotive,East Asia
5,9.5,4.5,1,Standard Class,7,175.83,Chemicals,North America
5,9.9,4.9,1,Standard Class,6,316.48,Chemicals,South Asia
5,9.3,4.3,1,Standard Class,7,420.14,Automotive,Europe
2,4.1,2.1,1,First Class,7,40.14,Automotive,Europe
5,7.8,2.8,1,Standard Class,1,486.35,Automotive,North America
5,8.9,3.9,1,Standard Class,3,57.36,Automotive,South Asia
2,2.9,0.9,1,First Class,1,260.75,Chemicals,East Asia
3,5.7,2.7,1,Second Class,5,284.5,Industrial Parts,Europe
5,9.3,4.3,1,Standard Class,3,77.72,Automotive,Latin America
5,8.1,3.1,1,Standard Class,1,458.64,Apparel,North America
5,7.7,2.7,1,Standard Class,2,241.02,Chemicals,Europe
5,9.7,4.7,1,Standard Class,5,80.13,Electronics,Latin America
5,8.8,3.8,1,Standard Class,3,358.69,Industrial Parts,Latin America
2,3.6,1.6,1,First Class,6,335.07,Chemicals,Europe
2,4.5,2.5,1,First Class,9,481.8,Automotive,North America
2,4.2,2.2,1,First Class,6,226.34,Apparel,Latin America
5,8.9,3.9,1,Standard Class,2,141.22,Electronics,Latin America
3,5.9,2.9,1,Second Class,2,39.4,Industrial Parts,South Asia
5,9.9,4.9,1,Standard Class,8,369.23,Automotive,South Asia
5,9.8,4.8,1,Standard Class,8,312.47,Chemicals,South Asia
3,6.3,3.3,1,Second Class,6,486.58,Chemicals,Latin America
5,10.3,5.3,1,Standard Class,7,358.96,Industrial Parts,Latin America
5,8.6,3.6,1,Standard Class,1,467.25,Apparel,North America
3,6.5,3.5,1,Second Class,9,495.87,Automotive,East Asia
5,9.6,4.6,1,Standard Class,5,219.93,Industrial Parts,South Asia
2,4.9,2.9,1,First Class,9,83.64,Industrial Parts,East Asia
5,9.3,4.3,1,Standard Class,2,105.97,Chemicals,South Asia
2,5.2,3.2,1,First Class,8,166.0,Industrial Parts,South Asia
5,9.6,4.6,1,Standard Class,7,259.36,Electronics,North America
5,8.9,3.9,1,Standard Class,4,69.99,Electronics,North America
2,3.6,1.6,1,First Class,3,157.84,Automotive,Europe
5,9.2,4.2,1,Standard Class,4,160.82,Industrial Parts,South Asia
5,9.9,4.9,1,Standard Class,4,12.0,Chemicals,South Asia
5,9.9,4.9,1,Standard Class,8,183.54,Automotive,South Asia
5,8.4,3.4,1,Standard Class,4,66.91,Apparel,North America
5,9.5,4.5,1,Standard Class,5,220.56,Chemicals,South Asia
5,8.4,3.4,1,Standard Class,2,106.3,Apparel,Europe
1,2.3,1.3,1,Same Day,4,412.84,Automotive,Latin America
5,8.9,3.9,1,Standard Class,7,49.46,Electronics,Europe
5,9.1,4.1,1,Standard Class,3,434.17,Chemicals,Latin America
5,8.3,3.3,1,Standard Class,1,294.46,Chemicals,North America
5,8.9,3.9,1,Standard Class,8,234.73,Automotive,East Asia
1,2.6,1.6,1,Same Day,8,279.37,Chemicals,North America
5,9.3,4.3,1,Standard Class,6,194.29,Chemicals,East Asia
1,2.3,1.3,1,Same Day,7,72.53,Automotive,Latin America
5,8.3,3.3,1,Standard Class,2,385.28,Industrial Parts,East Asia
3,6.1,3.1,1,Second Class,5,464.68,Automotive,Latin America
2,4.2,2.2,1,First Class,7,475.53,Chemicals,East Asia
3,6.7,3.7,1,Second Class,9,338.65,Automotive,Latin America
2,3.0,1.0,1,First Class,1,211.07,Chemicals,East Asia
2,4.1,2.1,1,First Class,3,244.4,Apparel,Latin America
5,9.0,4.0,1,Standard Class,6,331.91,Apparel,Europe
5,10.2,5.2,1,Standard Class,7,413.31,Electronics,South Asia
1,2.6,1.6,1,Same Day,6,193.54,Automotive,Europe
5,8.5,3.5,1,Standard Class,1,459.22,Automotive,North America
5,8.7,3.7,1,Standard Class,4,168.89,Apparel,East Asia
3,6.8,3.8,1,Second Class,6,270.12,Apparel,Latin America
5,9.1,4.1,1,Standard Class,8,481.07,Apparel,Europe
1,1.8,0.8,1,Same Day,4,469.72,Electronics,Europe
3,6.4,3.4,1,Second Class,7,350.92,Electronics,Latin America
2,3.4,1.4,1,First Class,3,169.03,Industrial Parts,East Asia
3,6.1,3.1,1,Second Class,8,117.33,Automotive,North America
5,8.8,3.8,1,Standard Class,1,49.27,Electronics,North America
5,8.5,3.5,1,Standard Class,4,357.24,Chemicals,North America
5,9.8,4.8,1,Standard Class,8,256.69,Automotive,Latin America
5,8.2,3.2,1,Standard Class,4,290.42,Industrial Parts,Europe
3,5.8,2.8,1,Second Class,2,241.47,Apparel,North America
1,1.2,0.2,0,Same Day,2,246.64,Industrial Parts,Europe
5,8.7,3.7,1,Standard Class,4,289.92,Automotive,North America
5,8.3,3.3,1,Standard Class,4,457.99,Apparel,North America
1,1.4,0.4,0,Same Day,2,24.39,Industrial Parts,East Asia
5,9.4,4.4,1,Standard Class,7,402.8,Industrial Parts,Latin America
5,8.7,3.7,1,Standard Class,6,201.35,Automotive,East Asia
5,8.6,3.6,1,Standard Class,3,375.01,Electronics,Europe
1,2.4,1.4,1,Same Day,8,474.78,Chemicals,Europe
2,5.0,3.0,1,First Class,8,160.08,Industrial Parts,Latin America
3,5.4,2.4,1,Second Class,1,53.88,Chemicals,North America
3,6.3,3.3,1,Second Class,3,123.83,Automotive,Latin America
5,8.4,3.4,1,Standard Class,5,118.83,Automotive,North America
5,8.7,3.7,1,Standard Class,2,373.51,Electronics,South Asia
3,6.1,3.1,1,Second Class,5,40.31,Apparel,South Asia
5,8.9,3.9,1,Standard Class,3,34.96,Chemicals,Latin America
3,7.1,4.1,1,Second Class,9,349.87,Industrial Parts,South Asia
1,2.4,1.4,1,Same Day,1,282.79,Apparel,South Asia
2,3.3,1.3,1,First Class,4,214.71,Chemicals,Europe
3,5.7,2.7,1,Second Class,6,291.93,Chemicals,North America
3,6.8,3.8,1,Second Class,9,370.27,Apparel,South Asia
3,5.3,2.3,1,Second Class,3,60.7,Apparel,East Asia
5,8.3,3.3,1,Standard Class,3,281.11,Electronics,Europe
5,8.5,3.5,1,Standard Class,5,413.96,Industrial Parts,North America
5,9.4,4.4,1,Standard Class,7,187.59,Industrial Parts,Europe
2,3.4,1.4,1,First Class,5,383.88,Industrial Parts,East Asia
5,9.5,4.5,1,Standard Class,8,424.26,Apparel,North America
3,6.2,3.2,1,Second Class,5,412.26,Electronics,Latin America
5,9.4,4.4,1,Standard Class,7,328.67,Automotive,Latin America
2,4.1,2.1,1,First Class,6,361.5,Electronics,Europe
5,8.7,3.7,1,Standard Class,2,395.96,Apparel,Latin America
3,5.5,2.5,1,Second Class,3,369.52,Electronics,North America
2,3.4,1.4,1,First Class,4,231.32,Apparel,East Asia
5,8.9,3.9,1,Standard Class,5,87.97,Chemicals,East Asia
5,9.9,4.9,1,Standard Class,9,161.77,Chemicals,Latin America
3,6.2,3.2,1,Second Class,6,111.55,Automotive,South Asia
5,8.7,3.7,1,Standard Class,1,187.11,Chemicals,South Asia
5,8.9,3.9,1,Standard Class,3,249.77,Automotive,South Asia
1,3.4,2.4,1,Same Day,7,479.93,Industrial Parts,Latin America
3,6.4,3.4,1,Second Class,8,480.14,Apparel,Latin America
1,3.1,2.1,1,Same Day,7,387.1,Industrial Parts,Latin America
5,8.2,3.2,1,Standard Class,5,490.27,Industrial Parts,North America
5,9.7,4.7,1,Standard Class,8,499.03,Automotive,South Asia
3,6.4,3.4,1,Second Class,9,443.78,Apparel,Europe
2,4.2,2.2,1,First Class,7,48.96,Automotive,North America
3,6.4,3.4,1,Second Class,9,218.76,Electronics,North America
5,8.7,3.7,1,Standard Class,1,271.72,Industrial Parts,Latin America
5,10.0,5.0,1,Standard Class,9,70.8,Apparel,Latin America
5,9.0,4.0,1,Standard Class,3,406.23,Industrial Parts,North America
5,9.2,4.2,1,Standard Class,6,82.85,Electronics,Latin America
5,10.2,5.2,1,Standard Class,8,197.83,Electronics,South Asia
5,8.3,3.3,1,Standard Class,3,43.77,Apparel,North America
1,2.2,1.2,1,Same Day,4,267.05,Apparel,North America
5,8.9,3.9,1,Standard Class,7,302.55,Electronics,North America
2,4.8,2.8,1,First Class,7,370.24,Industrial Parts,Latin America
3,5.1,2.1,1,Second Class,4,176.34,Chemicals,North America
2,4.0,2.0,1,First Class,9,299.36,Industrial Parts,Europe
5,8.5,3.5,1,Standard Class,3,369.73,Chemicals,Europe
3,6.4,3.4,1,Second Class,8,383.4,Automotive,South Asia
2,4.0,2.0,1,First Class,8,157.8,Apparel,North America
3,5.5,2.5,1,Second Class,4,43.17,Electronics,North America
3,6.1,3.1,1,Second Class,7,28.43,Automotive,Latin America
1,2.2,1.2,1,Same Day,4,386.35,Industrial Parts,East Asia
2,3.3,1.3,1,First Class,1,198.87,Chemicals,East Asia
5,7.8,2.8,1,Standard Class,1,75.63,Apparel,North America
2,3.8,1.8,1,First Class,1,100.4,Chemicals,South Asia
5,8.5,3.5,1,Standard Class,2,385.41,Industrial Parts,Europe
3,5.9,2.9,1,Second Class,6,303.46,Industrial Parts,North America
5,8.9,3.9,1,Standard Class,5,255.69,Electronics,North America
5,9.1,4.1,1,Standard Class,2,315.27,Automotive,South Asia
3,6.8,3.8,1,Second Class,8,77.37,Apparel,South Asia
2,4.4,2.4,1,First Class,9,166.33,Electronics,East Asia
5,9.3,4.3,1,Standard Class,7,193.29,Chemicals,North America
5,9.9,4.9,1,Standard Class,9,164.1,Automotive,North America
3,6.4,3.4,1,Second Class,4,433.56,Apparel,Latin America
5,9.1,4.1,1,Standard Class,7,294.9,Chemicals,Europe
3,5.9,2.9,1,Second Class,5,367.37,Apparel,Latin America
5,9.7,4.7,1,Standard Class,5,125.99,Apparel,Latin America
3,6.0,3.0,1,Second Class,3,139.4,Automotive,Europe
3,6.2,3.2,1,Second Class,9,120.41,Chemicals,North America
5,9.0,4.0,1,Standard Class,5,347.11,Electronics,East Asia
5,8.9,3.9,1,Standard Class,6,181.03,Electronics,Europe
5,9.3,4.3,1,Standard Class,3,208.49,Electronics,South Asia
3,5.4,2.4,1,Second Class,7,357.47,Apparel,North America
2,4.2,2.2,1,First Class,9,486.18,Industrial Parts,Europe
2,4.6,2.6,1,First Class,9,89.32,Automotive,Europe
5,8.6,3.6,1,Standard Class,5,40.71,Electronics,Europe
5,9.3,4.3,1,Standard Class,7,105.47,Automotive,East Asia
5,9.2,4.2,1,Standard Class,3,370.13,Apparel,Latin America
5,9.7,4.7,1,Standard Class,6,105.37,Automotive,Latin America
2,4.0,2.0,1,First Class,8,296.33,Electronics,Europe
3,6.3,3.3,1,Second Class,8,299.26,Electronics,Europe
2,4.3,2.3,1,First Class,2,154.27,Apparel,Latin America
5,8.9,3.9,1,Standard Class,6,43.68,Apparel,East Asia
1,2.4,1.4,1,Same Day,7,205.61,Chemicals,North America
3,6.4,3.4,1,Second Class,7,101.52,Apparel,Latin America
1,2.1,1.1,1,Same Day,3,100.39,Industrial Parts,Europe
2,4.0,2.0,1,First Class,9,266.07,Industrial Parts,East Asia
5,8.3,3.3,1,Standard Class,2,339.83,Electronics,East Asia
5,9.0,4.0,1,Standard Class,3,46.95,Apparel,Europe
3,6.1,3.1,1,Second Class,2,293.38,Industrial Parts,South Asia
5,9.2,4.2,1,Standard Class,9,130.64,Industrial Parts,East Asia
5,9.7,4.7,1,Standard Class,4,339.92,Chemicals,Latin America
2,3.7,1.7,1,First Class,2,407.01,Apparel,South Asia
2,3.6,1.6,1,First Class,3,405.44,Chemicals,North America
2,4.1,2.1,1,First Class,4,191.23,Automotive,Latin America
5,9.3,4.3,1,Standard Class,6,287.96,Chemicals,Europe
5,9.1,4.1,1,Standard Class,5,398.91,Automotive,South Asia
2,3.8,1.8,1,First Class,3,39.8,Automotive,Latin America
1,2.5,1.5,1,Same Day,8,306.76,Apparel,East Asia
3,5.8,2.8,1,Second Class,8,419.9,Automotive,Europe
1,2.9,1.9,1,Same Day,7,192.45,Automotive,South Asia
3,5.1,2.1,1,Second Class,3,233.15,Chemicals,East Asia
2,3.3,1.3,1,First Class,1,352.38,Apparel,Europe
5,8.7,3.7,1,Standard Class,5,43.26,Apparel,Europe
2,3.6,1.6,1,First Class,1,198.96,Automotive,South Asia
2,3.9,1.9,1,First Class,6,154.9,Chemicals,South Asia
2,4.9,2.9,1,First Class,7,18.33,Chemicals,South Asia
5,8.8,3.8,1,Standard Class,5,106.03,Chemicals,Latin America
2,3.6,1.6,1,First Class,4,203.98,Chemicals,Europe
5,8.8,3.8,1,Standard Class,2,106.74,Electronics,North America
2,4.2,2.2,1,First Class,5,305.18,Automotive,East Asia
5,9.6,4.6,1,Standard Class,9,229.84,Automotive,South Asia
3,5.4,2.4,1,Second Class,4,29.35,Automotive,Europe
5,8.6,3.6,1,Standard Class,2,144.77,Apparel,East Asia
5,8.9,3.9,1,Standard Class,6,19.54,Apparel,North America
5,9.6,4.6,1,Standard Class,8,185.49,Chemicals,East Asia
2,2.7,0.7,1,First Class,2,136.96,Apparel,North America
5,10.1,5.1,1,Standard Class,9,347.21,Industrial Parts,South Asia
5,9.8,4.8,1,Standard Class,7,160.63,Automotive,Latin America
2,3.0,1.0,1,First Class,2,193.83,Automotive,North America
5,9.7,4.7,1,Standard Class,5,365.41,Electronics,South Asia
1,2.0,1.0,1,Same Day,5,245.65,Electronics,East Asia
1,3.1,2.1,1,Same Day,7,282.66,Industrial Parts,East Asia
2,3.7,1.7,1,First Class,5,422.26,Electronics,East Asia
5,9.4,4.4,1,Standard Class,6,111.38,Chemicals,Latin America
3,5.9,2.9,1,Second Class,9,494.7,Chemicals,Europe
5,8.4,3.4,1,Standard Class,3,451.05,Automotive,North America
5,8.3,3.3,1,Standard Class,3,150.41,Chemicals,Europe
5,9.4,4.4,1,Standard Class,8,447.54,Electronics,East Asia
1,3.0,2.0,1,Same Day,6,379.44,Industrial Parts,Latin America
5,9.1,4.1,1,Standard Class,3,466.07,Chemicals,South Asia
2,3.8,1.8,1,First Class,2,348.66,Automotive,Latin America
3,4.9,1.9,1,Second Class,2,340.49,Automotive,Europe
5,8.1,3.1,1,Standard Class,2,11.7,Electronics,East Asia
5,9.2,4.2,1,Standard Class,5,242.56,Chemicals,North America
1,2.6,1.6,1,Same Day,5,108.13,Electronics,Latin America
2,3.2,1.2,1,First Class,1,168.8,Automotive,Europe
2,2.6,0.6,1,First Class,2,489.62,Industrial Parts,Europe
5,9.1,4.1,1,Standard Class,2,51.9,Chemicals,South Asia
5,9.0,4.0,1,Standard Class,4,364.02,Industrial Parts,North America
5,9.2,4.2,1,Standard Class,7,94.74,Chemicals,Europe
5,8.6,3.6,1,Standard Class,3,13.63,Automotive,North America
5,9.3,4.3,1,Standard Class,5,255.7,Chemicals,East Asia
3,6.8,3.8,1,Second Class,9,89.0,Automotive,Latin America
5,8.6,3.6,1,Standard Class,5,483.08,Apparel,Europe
5,9.3,4.3,1,Standard Class,9,109.81,Automotive,East Asia
2,3.5,1.5,1,First Class,1,104.1,Automotive,South Asia
3,6.5,3.5,1,Second Class,9,25.76,Chemicals,North America
5,9.2,4.2,1,Standard Class,5,171.61,Industrial Parts,East Asia
2,4.5,2.5,1,First Class,8,21.81,Automotive,North America
5,8.6,3.6,1,Standard Class,5,254.45,Chemicals,North America
5,9.0,4.0,1,Standard Class,6,257.75,Automotive,Europe
5,9.5,4.5,1,Standard Class,8,36.09,Electronics,North America
3,4.8,1.8,1,Second Class,2,127.63,Electronics,East Asia
5,9.4,4.4,1,Standard Class,3,417.73,Electronics,South Asia
5,9.7,4.7,1,Standard Class,9,236.65,Electronics,Europe
5,9.5,4.5,1,Standard Class,5,222.96,Industrial Parts,Latin America
3,6.5,3.5,1,Second Class,5,352.4,Automotive,South Asia
5,9.4,4.4,1,Standard Class,9,360.29,Electronics,East Asia
5,8.3,3.3,1,Standard Class,3,383.36,Chemicals,Europe
5,9.1,4.1,1,Standard Class,4,416.94,Electronics,North America
5,9.7,4.7,1,Standard Class,7,123.8,Apparel,South Asia
2,3.1,1.1,1,First Class,2,42.53,Apparel,Europe
2,4.7,2.7,1,First Class,8,196.33,Industrial Parts,Latin America
5,9.4,4.4,1,Standard Class,5,429.0,Apparel,Latin America
5,8.6,3.6,1,Standard Class,1,48.23,Chemicals,Latin America
5,8.7,3.7,1,Standard Class,3,292.22,Electronics,Europe
5,10.6,5.6,1,Standard Class,9,353.53,Apparel,South Asia
5,8.5,3.5,1,Standard Class,5,245.89,Apparel,North America
3,6.3,3.3,1,Second Class,8,135.04,Industrial Parts,South Asia
1,2.1,1.1,1,Same Day,1,169.89,Apparel,North America
1,3.4,2.4,1,Same Day,7,45.11,Electronics,South Asia
3,7.0,4.0,1,Second Class,7,153.37,Automotive,South Asia
2,4.8,2.8,1,First Class,8,31.75,Electronics,Europe
3,6.1,3.1,1,Second Class,3,365.9,Apparel,Latin America
5,8.4,3.4,1,Standard Class,1,450.02,Apparel,Latin America
2,4.9,2.9,1,First Class,9,320.42,Apparel,Latin America
5,8.6,3.6,1,Standard Class,1,331.78,Industrial Parts,Latin America
5,9.7,4.7,1,Standard Class,6,241.35,Chemicals,South Asia
3,6.5,3.5,1,Second Class,9,86.46,Electronics,Latin America
5,9.1,4.1,1,Standard Class,2,13.79,Apparel,South Asia
5,8.9,3.9,1,Standard Class,4,178.55,Automotive,North America
1,1.9,0.9,1,Same Day,2,378.23,Industrial Parts,East Asia
5,8.8,3.8,1,Standard Class,4,480.61,Chemicals,East Asia
5,8.6,3.6,1,Standard Class,2,221.23,Apparel,North America
1,2.0,1.0,1,Same Day,1,189.04,Electronics,South Asia
2,4.0,2.0,1,First Class,3,228.52,Automotive,Latin America
2,4.2,2.2,1,First Class,8,219.61,Industrial Parts,Europe
5,9.8,4.8,1,Standard Class,5,316.68,Electronics,South Asia
5,9.5,4.5,1,Standard Class,4,369.73,Electronics,South Asia
3,5.5,2.5,1,Second Class,5,394.63,Industrial Parts,North America
2,4.1,2.1,1,First Class,6,328.31,Electronics,North America
2,4.3,2.3,1,First Class,6,224.48,Automotive,Europe
5,9.5,4.5,1,Standard Class,5,475.55,Automotive,Latin America
5,8.9,3.9,1,Standard Class,6,358.4,Electronics,East Asia
1,3.1,2.1,1,Same Day,9,219.06,Apparel,Latin America
5,8.7,3.7,1,Standard Class,5,228.83,Electronics,Latin America
2,4.8,2.8,1,First Class,6,410.81,Apparel,South Asia
5,8.3,3.3,1,Standard Class,4,225.87,Electronics,Europe
2,3.7,1.7,1,First Class,3,262.97,Chemicals,South Asia
1,2.5,1.5,1,Same Day,6,152.86,Automotive,North America
2,3.8,1.8,1,First Class,5,421.07,Electronics,East Asia
5,9.1,4.1,1,Standard Class,4,265.92,Automotive,Europe
2,3.9,1.9,1,First Class,5,280.74,Industrial Parts,Europe
3,6.3,3.3,1,Second Class,7,441.53,Chemicals,Latin America
5,8.7,3.7,1,Standard Class,1,461.05,Apparel,South Asia
3,5.1,2.1,1,Second Class,1,413.85,Industrial Parts,Latin America
2,4.1,2.1,1,First Class,1,42.03,Chemicals,Latin America
3,5.5,2.5,1,Second Class,2,227.32,Industrial Parts,Europe
2,4.4,2.4,1,First Class,9,178.23,Automotive,East Asia
5,9.3,4.3,1,Standard Class,5,114.62,Chemicals,North America
5,10.3,5.3,1,Standard Class,9,455.39,Industrial Parts,Latin America
5,9.0,4.0,1,Standard Class,5,446.13,Apparel,East Asia
1,3.1,2.1,1,Same Day,7,238.0,Chemicals,Latin America
3,5.8,2.8,1,Second Class,6,75.93,Chemicals,East Asia
2,3.4,1.4,1,First Class,2,16.55,Industrial Parts,South Asia
5,8.9,3.9,1,Standard Class,3,224.85,Electronics,North America
5,8.8,3.8,1,Standard Class,5,29.58,Apparel,Europe
3,6.4,3.4,1,Second Class,4,308.68,Apparel,South Asia
5,9.7,4.7,1,Standard Class,6,308.12,Industrial Parts,Latin America
5,9.8,4.8,1,Standard Class,8,450.48,Automotive,Latin America
2,4.5,2.5,1,First Class,8,103.12,Automotive,North America
5,8.3,3.3,1,Standard Class,3,191.98,Electronics,North America
5,8.3,3.3,1,Standard Class,4,431.18,Electronics,North America
5,8.7,3.7,1,Standard Class,1,242.41,Industrial Parts,Latin America
5,9.0,4.0,1,Standard Class,2,39.26,Automotive,Latin America
1,3.2,2.2,1,Same Day,9,64.28,Apparel,Europe
5,8.4,3.4,1,Standard Class,2,408.59,Automotive,North America
5,8.7,3.7,1,Standard Class,6,374.41,Industrial Parts,East Asia
5,9.5,4.5,1,Standard Class,7,439.18,Automotive,Europe
3,5.7,2.7,1,Second Class,6,68.24,Chemicals,East Asia
5,10.0,5.0,1,Standard Class,8,382.6,Industrial Parts,South Asia
2,4.5,2.5,1,First Class,9,331.0,Chemicals,North America
5,9.3,4.3,1,Standard Class,8,123.82,Industrial Parts,Europe
5,8.3,3.3,1,Standard Class,5,487.21,Apparel,Europe
5,9.7,4.7,1,Standard Class,8,289.47,Industrial Parts,South Asia
3,6.9,3.9,1,Second Class,9,454.37,Industrial Parts,South Asia
3,7.1,4.1,1,Second Class,8,430.96,Industrial Parts,South Asia
5,8.6,3.6,1,Standard Class,2,173.23,Industrial Parts,Europe
2,3.9,1.9,1,First Class,2,272.62,Electronics,Latin America
1,1.4,0.4,0,Same Day,3,221.37,Chemicals,East Asia
5,9.5,4.5,1,Standard Class,7,357.45,Industrial Parts,East Asia
3,7.1,4.1,1,Second Class,9,298.14,Industrial Parts,South Asia
5,10.0,5.0,1,Standard Class,8,394.58,Electronics,Latin America
1,3.5,2.5,1,Same Day,9,15.76,Automotive,Latin America
3,6.5,3.5,1,Second Class,6,347.02,Electronics,South Asia
1,2.1,1.1,1,Same Day,1,166.34,Electronics,North America
2,3.6,1.6,1,First Class,4,119.87,Electronics,Europe
5,9.1,4.1,1,Standard Class,6,402.61,Industrial Parts,North America
1,2.8,1.8,1,Same Day,6,53.72,Electronics,Latin America
5,9.9,4.9,1,Standard Class,8,121.95,Electronics,South Asia
5,8.3,3.3,1,Standard Class,1,109.83,Electronics,Europe
3,5.4,2.4,1,Second Class,2,215.71,Industrial Parts,East Asia
3,5.5,2.5,1,Second Class,2,167.95,Apparel,Latin America
1,2.4,1.4,1,Same Day,6,363.03,Apparel,Europe
5,9.2,4.2,1,Standard Class,7,352.69,Automotive,Europe
3,5.2,2.2,1,Second Class,2,169.48,Industrial Parts,North America
3,5.7,2.7,1,Second Class,5,224.12,Electronics,East Asia
5,8.6,3.6,1,Standard Class,6,111.88,Electronics,North America
5,8.9,3.9,1,Standard Class,4,338.71,Electronics,North America
5,8.1,3.1,1,Standard Class,1,204.15,Apparel,North America
5,8.1,3.1,1,Standard Class,3,75.08,Electronics,North America
1,3.5,2.5,1,Same Day,9,72.36,Electronics,Latin America
2,4.0,2.0,1,First Class,6,167.94,Apparel,East Asia
3,5.3,2.3,1,Second Class,2,376.19,Electronics,North America
1,3.5,2.5,1,Same Day,9,22.5,Automotive,Latin America
5,9.3,4.3,1,Standard Class,4,136.31,Chemicals,Latin America
3,6.5,3.5,1,Second Class,8,89.62,Automotive,Europe
5,9.4,4.4,1,Standard Class,7,478.67,Industrial Parts,Europe
3,6.2,3.2,1,Second Class,3,355.59,Automotive,South Asia
5,10.0,5.0,1,Standard Class,8,124.28,Automotive,Latin America
1,3.0,2.0,1,Same Day,4,111.66,Apparel,South Asia
5,8.8,3.8,1,Standard Class,2,430.43,Industrial Parts,Latin America
5,9.0,4.0,1,Standard Class,5,103.21,Automotive,North America
3,5.4,2.4,1,Second Class,1,498.56,Chemicals,North America
5,9.8,4.8,1,Standard Class,8,148.33,Automotive,South Asia
2,4.6,2.6,1,First Class,8,51.32,Electronics,North America
5,8.4,3.4,1,Standard Class,3,348.56,Apparel,North America
3,5.2,2.2,1,Second Class,1,308.72,Electronics,Europe
5,8.4,3.4,1,Standard Class,4,499.91,Industrial Parts,North America
5,9.7,4.7,1,Standard Class,9,403.02,Industrial Parts,Europe
5,9.8,4.8,1,Standard Class,9,220.13,Apparel,East Asia
5,8.7,3.7,1,Standard Class,1,341.54,Automotive,Latin America
5,8.8,3.8,1,Standard Class,7,410.75,Industrial Parts,Europe
5,9.0,4.0,1,Standard Class,6,261.73,Chemicals,Europe
5,8.9,3.9,1,Standard Class,7,143.71,Apparel,Europe
5,9.7,4.7,1,Standard Class,7,112.95,Electronics,Latin America
2,4.9,2.9,1,First Class,8,154.69,Chemicals,Latin America
3,6.7,3.7,1,Second Class,8,425.55,Apparel,Latin America
5,7.9,2.9,1,Standard Class,2,196.41,Chemicals,North America
2,3.5,1.5,1,First Class,4,150.47,Apparel,Europe
2,4.1,2.1,1,First Class,4,404.88,Electronics,Latin America
5,9.7,4.7,1,Standard Class,8,25.64,Automotive,East Asia
3,5.8,2.8,1,Second Class,3,301.04,Apparel,Latin America
5,9.3,4.3,1,Standard Class,3,438.08,Industrial Parts,South Asia
2,3.9,1.9,1,First Class,2,210.94,Electronics,South Asia
5,8.1,3.1,1,Standard Class,1,141.97,Electronics,Europe
2,4.1,2.1,1,First Class,8,250.94,Chemicals,Europe
2,4.3,2.3,1,First Class,9,361.56,Industrial Parts,Europe
5,9.8,4.8,1,Standard Class,9,263.14,Chemicals,North America
5,9.6,4.6,1,Standard Class,8,13.74,Electronics,South Asia
1,2.8,1.8,1,Same Day,5,48.38,Apparel,South Asia
5,8.1,3.1,1,Standard Class,1,363.45,Industrial Parts,Europe
2,5.3,3.3,1,First Class,9,205.98,Electronics,South Asia
1,3.1,2.1,1,Same Day,6,394.54,Industrial Parts,South Asia
3,6.4,3.4,1,Second Class,7,328.25,Apparel,North America
2,3.4,1.4,1,First Class,8,294.94,Automotive,East Asia
3,5.9,2.9,1,Second Class,5,451.67,Chemicals,Europe
3,5.5,2.5,1,Second Class,6,20.45,Chemicals,East Asia
5,9.0,4.0,1,Standard Class,7,85.97,Electronics,East Asia
5,9.1,4.1,1,Standard Class,7,315.94,Electronics,North America
5,9.0,4.0,1,Standard Class,2,42.26,Apparel,South Asia
1,1.7,0.7,1,Same Day,1,326.04,Electronics,Europe
2,4.5,2.5,1,First Class,8,492.22,Electronics,Latin America
5,8.8,3.8,1,Standard Class,5,440.62,Electronics,East Asia
3,5.2,2.2,1,Second Class,2,299.55,Industrial Parts,East Asia
5,8.1,3.1,1,Standard Class,3,448.05,Industrial Parts,North America
5,9.1,4.1,1,Standard Class,6,66.97,Automotive,East Asia
2,3.9,1.9,1,First Class,6,232.8,Industrial Parts,East Asia
5,9.4,4.4,1,Standard Class,8,220.05,Chemicals,East Asia
3,5.5,2.5,1,Second Class,5,174.86,Automotive,North America
5,9.4,4.4,1,Standard Class,5,10.1,Electronics,South Asia
3,5.3,2.3,1,Second Class,7,446.6,Chemicals,East Asia
2,3.6,1.6,1,First Class,5,391.08,Automotive,Europe
5,9.3,4.3,1,Standard Class,9,329.9,Automotive,East Asia
1,2.4,1.4,1,Same Day,6,73.19,Chemicals,East Asia
2,4.0,2.0,1,First Class,7,195.32,Automotive,Europe
5,9.6,4.6,1,Standard Class,8,462.92,Chemicals,North America
5,9.0,4.0,1,Standard Class,5,312.3,Automotive,Latin America
3,5.7,2.7,1,Second Class,4,305.67,Automotive,Europe
5,10.4,5.4,1,Standard Class,8,457.43,Automotive,Latin America
5,9.9,4.9,1,Standard Class,9,284.32,Chemicals,South Asia
5,9.0,4.0,1,Standard Class,1,302.84,Automotive,South Asia
5,9.0,4.0,1,Standard Class,3,179.4,Industrial Parts,East Asia
3,5.9,2.9,1,Second Class,4,192.01,Industrial Parts,East Asia
5,9.1,4.1,1,Standard Class,7,345.95,Industrial Parts,North America
5,9.8,4.8,1,Standard Class,6,167.01,Industrial Parts,Latin America
5,9.1,4.1,1,Standard Class,1,283.96,Industrial Parts,South Asia
5,9.6,4.6,1,Standard Class,4,146.81,Electronics,South Asia
1,2.7,1.7,1,Same Day,6,91.4,Automotive,East Asia
5,8.9,3.9,1,Standard Class,3,232.66,Apparel,East Asia
1,1.8,0.8,1,Same Day,2,116.55,Electronics,North America
5,8.3,3.3,1,Standard Class,2,450.26,Chemicals,East Asia
5,8.0,3.0,1,Standard Class,4,158.77,Electronics,East Asia
3,4.9,1.9,1,Second Class,1,302.73,Apparel,North America
5,8.3,3.3,1,Standard Class,2,139.09,Electronics,East Asia
3,4.7,1.7,1,Second Class,2,136.43,Automotive,East Asia
1,2.2,1.2,1,Same Day,4,181.81,Industrial Parts,East Asia
5,9.5,4.5,1,Standard Class,4,458.78,Automotive,Latin America
5,8.5,3.5,1,Standard Class,1,201.83,Electronics,South Asia
3,6.5,3.5,1,Second Class,7,412.42,Apparel,Europe
5,9.8,4.8,1,Standard Class,7,106.68,Chemicals,South Asia
5,9.0,4.0,1,Standard Class,1,33.6,Automotive,Latin America
5,9.3,4.3,1,Standard Class,8,393.02,Apparel,Europe
5,9.4,4.4,1,Standard Class,7,275.52,Chemicals,South Asia
3,6.1,3.1,1,Second Class,7,256.83,Industrial Parts,North America
5,9.7,4.7,1,Standard Class,6,143.38,Automotive,Latin America
5,8.6,3.6,1,Standard Class,4,45.44,Automotive,North America
2,4.3,2.3,1,First Class,8,246.6,Industrial Parts,North America
5,9.0,4.0,1,Standard Class,2,434.94,Industrial Parts,South Asia
5,9.0,4.0,1,Standard Class,7,68.81,Electronics,Europe
3,5.4,2.4,1,Second Class,3,465.29,Chemicals,East Asia
5,8.3,3.3,1,Standard Class,3,144.62,Apparel,East Asia
3,6.7,3.7,1,Second Class,7,270.77,Industrial Parts,Latin America
3,6.0,3.0,1,Second Class,3,42.59,Electronics,North America
5,9.7,4.7,1,Standard Class,5,218.27,Chemicals,Latin America
2,4.7,2.7,1,First Class,8,71.69,Chemicals,South Asia
5,8.8,3.8,1,Standard Class,4,33.51,Automotive,North America
5,9.5,4.5,1,Standard Class,7,483.61,Electronics,East Asia
3,6.5,3.5,1,Second Class,7,367.75,Electronics,South Asia
3,5.9,2.9,1,Second Class,2,362.34,Automotive,South Asia
5,10.0,5.0,1,Standard Class,8,54.37,Apparel,Latin America
2,4.9,2.9,1,First Class,9,465.38,Industrial Parts,Latin America
1,2.5,1.5,1,Same Day,6,240.04,Automotive,Europe
1,2.6,1.6,1,Same Day,5,427.62,Industrial Parts,East Asia
2,3.7,1.7,1,First Class,1,16.17,Electronics,East Asia
5,8.7,3.7,1,Standard Class,1,156.12,Automotive,Latin America
5,9.8,4.8,1,Standard Class,9,498.06,Apparel,East Asia
1,1.7,0.7,1,Same Day,4,219.64,Industrial Parts,East Asia
5,9.0,4.0,1,Standard Class,1,445.36,Industrial Parts,South Asia
2,2.8,0.8,1,First Class,3,170.72,Industrial Parts,North America
5,8.8,3.8,1,Standard Class,6,267.41,Electronics,North America
5,9.0,4.0,1,Standard Class,8,428.57,Industrial Parts,Europe
5,8.9,3.9,1,Standard Class,2,306.85,Chemicals,North America
1,2.7,1.7,1,Same Day,8,365.34,Industrial Parts,East Asia
5,8.8,3.8,1,Standard Class,1,122.13,Electronics,South Asia
2,3.2,1.2,1,First Class,2,86.39,Automotive,North America
5,8.9,3.9,1,Standard Class,8,122.85,Industrial Parts,East Asia
5,9.2,4.2,1,Standard Class,7,251.59,Industrial Parts,East Asia
5,9.4,4.4,1,Standard Class,5,402.47,Automotive,Latin America
2,3.5,1.5,1,First Class,2,183.46,Chemicals,Latin America
5,9.9,4.9,1,Standard Class,9,286.76,Electronics,North America
5,9.7,4.7,1,Standard Class,5,404.36,Automotive,Latin America
5,8.9,3.9,1,Standard Class,8,127.0,Electronics,East Asia
5,8.5,3.5,1,Standard Class,4,442.66,Automotive,East Asia
1,3.5,2.5,1,Same Day,9,477.01,Apparel,Latin America
1,3.0,2.0,1,Same Day,7,29.1,Chemicals,South Asia
5,8.8,3.8,1,Standard Class,2,38.96,Apparel,Latin America
2,3.7,1.7,1,First Class,3,54.57,Automotive,South Asia
1,2.0,1.0,1,Same Day,2,390.62,Automotive,Latin America
5,8.7,3.7,1,Standard Class,5,102.78,Electronics,East Asia
3,5.2,2.2,1,Second Class,2,365.59,Automotive,East Asia
1,2.8,1.8,1,Same Day,5,226.23,Electronics,Latin America
5,9.2,4.2,1,Standard Class,9,419.76,Electronics,Europe
5,8.6,3.6,1,Standard Class,2,406.19,Automotive,South Asia
1,2.5,1.5,1,Same Day,9,480.23,Electronics,Europe
2,4.3,2.3,1,First Class,7,133.01,Chemicals,East Asia
5,10.3,5.3,1,Standard Class,7,122.33,Apparel,South Asia
5,9.5,4.5,1,Standard Class,5,25.44,Automotive,Latin America
5,9.1,4.1,1,Standard Class,8,211.1,Electronics,South Asia
2,4.8,2.8,1,First Class,7,234.94,Electronics,South Asia
3,6.2,3.2,1,Second Class,6,482.61,Electronics,North America
1,2.2,1.2,1,Same Day,2,417.08,Electronics,South Asia
5,9.3,4.3,1,Standard Class,6,91.73,Chemicals,East Asia
2,3.6,1.6,1,First Class,2,401.26,Automotive,Europe
2,3.5,1.5,1,First Class,1,97.37,Automotive,Europe
5,9.8,4.8,1,Standard Class,9,48.1,Chemicals,Latin America
5,8.9,3.9,1,Standard Class,5,420.17,Chemicals,North America
1,2.2,1.2,1,Same Day,4,488.22,Chemicals,Europe
3,6.5,3.5,1,Second Class,8,53.18,Automotive,Europe
5,9.3,4.3,1,Standard Class,5,408.82,Industrial Parts,South Asia
2,4.3,2.3,1,First Class,7,431.01,Apparel,East Asia
5,8.6,3.6,1,Standard Class,3,68.19,Chemicals,East Asia
2,5.0,3.0,1,First Class,8,148.79,Chemicals,Latin America
2,4.4,2.4,1,First Class,8,369.49,Automotive,East Asia
2,3.3,1.3,1,First Class,3,405.79,Automotive,Europe
1,3.5,2.5,1,Same Day,9,183.45,Apparel,South Asia
2,4.0,2.0,1,First Class,8,88.37,Electronics,East Asia
5,8.2,3.2,1,Standard Class,1,327.69,Automotive,North America
3,6.6,3.6,1,Second Class,8,353.96,Apparel,North America
5,8.6,3.6,1,Standard Class,4,256.77,Automotive,North America
5,8.8,3.8,1,Standard Class,6,81.02,Automotive,East Asia
5,10.0,5.0,1,Standard Class,9,423.8,Automotive,South Asia
5,9.1,4.1,1,Standard Class,5,326.18,Industrial Parts,East Asia
3,6.2,3.2,1,Second Class,7,435.89,Industrial Parts,Europe
5,8.4,3.4,1,Standard Class,1,467.15,Chemicals,East Asia
3,6.0,3.0,1,Second Class,9,404.79,Industrial Parts,North America
2,3.8,1.8,1,First Class,6,479.74,Apparel,North America
5,9.7,4.7,1,Standard Class,4,477.59,Automotive,South Asia
3,5.8,2.8,1,Second Class,6,313.48,Industrial Parts,Latin America
5,8.9,3.9,1,Standard Class,5,366.81,Automotive,North America
5,8.5,3.5,1,Standard Class,3,352.71,Electronics,North America
2,4.7,2.7,1,First Class,7,314.36,Chemicals,Latin America
5,8.6,3.6,1,Standard Class,3,19.48,Industrial Parts,East Asia
5,7.9,2.9,1,Standard Class,2,184.39,Automotive,North America
2,4.3,2.3,1,First Class,4,59.04,Electronics,South Asia
2,3.8,1.8,1,First Class,7,157.13,Chemicals,East Asia
5,8.5,3.5,1,Standard Class,5,43.6,Chemicals,East Asia
1,2.9,1.9,1,Same Day,9,460.82,Electronics,North America
2,3.9,1.9,1,First Class,7,231.15,Industrial Parts,East Asia
3,6.0,3.0,1,Second Class,9,102.79,Industrial Parts,East Asia
5,9.9,4.9,1,Standard Class,9,296.54,Automotive,South Asia
2,3.1,1.1,1,First Class,2,106.26,Apparel,East Asia
3,5.5,2.5,1,Second Class,1,404.18,Automotive,North America
2,3.7,1.7,1,First Class,4,159.9,Automotive,North America
3,5.9,2.9,1,Second Class,4,164.3,Automotive,Latin America
5,8.6,3.6,1,Standard Class,2,436.28,Electronics,Europe
5,9.0,4.0,1,Standard Class,3,284.01,Chemicals,Latin America
5,9.0,4.0,1,Standard Class,3,444.78,Chemicals,South Asia
5,9.7,4.7,1,Standard Class,5,212.32,Apparel,South Asia
3,4.8,1.8,1,Second Class,1,178.52,Industrial Parts,North America
5,9.1,4.1,1,Standard Class,9,258.04,Automotive,Europe
1,3.4,2.4,1,Same Day,8,40.13,Electronics,Latin America
1,2.8,1.8,1,Same Day,8,85.56,Electronics,Europe
5,8.6,3.6,1,Standard Class,3,117.57,Automotive,North America
5,8.3,3.3,1,Standard Class,2,410.17,Electronics,East Asia
3,5.2,2.2,1,Second Class,1,369.56,Electronics,North America
1,2.0,1.0,1,Same Day,6,104.72,Automotive,North America
5,7.7,2.7,1,Standard Class,1,145.61,Apparel,Europe
5,9.3,4.3,1,Standard Class,5,472.69,Electronics,South Asia
2,4.5,2.5,1,First Class,9,52.04,Chemicals,East Asia
2,4.7,2.7,1,First Class,9,278.25,Chemicals,East Asia
5,9.4,4.4,1,Standard Class,4,265.78,Chemicals,South Asia
3,5.7,2.7,1,Second Class,7,365.6,Automotive,Europe
5,8.9,3.9,1,Standard Class,7,138.1,Chemicals,Europe
5,9.6,4.6,1,Standard Class,4,468.04,Industrial Parts,South Asia
5,9.6,4.6,1,Standard Class,5,211.19,Electronics,Latin America
5,9.6,4.6,1,Standard Class,9,150.0,Apparel,Europe
5,10.0,5.0,1,Standard Class,7,175.07,Chemicals,South Asia
5,9.7,4.7,1,Standard Class,7,180.87,Automotive,Latin America
5,9.1,4.1,1,Standard Class,7,107.47,Apparel,North America
5,9.4,4.4,1,Standard Class,9,464.75,Automotive,East Asia
5,9.6,4.6,1,Standard Class,5,95.69,Apparel,South Asia
1,2.5,1.5,1,Same Day,6,442.59,Apparel,Europe
5,8.0,3.0,1,Standard Class,3,208.42,Electronics,East Asia
5,9.0,4.0,1,Standard Class,1,141.95,Apparel,Latin America
2,3.5,1.5,1,First Class,2,107.27,Industrial Parts,East Asia
1,3.4,2.4,1,Same Day,8,257.13,Industrial Parts,South Asia
5,8.7,3.7,1,Standard Class,1,337.94,Industrial Parts,North America
2,4.3,2.3,1,First Class,7,450.13,Automotive,Latin America
3,5.8,2.8,1,Second Class,5,329.7,Electronics,Latin America
2,4.5,2.5,1,First Class,6,246.99,Automotive,Latin America
5,9.1,4.1,1,Standard Class,8,26.4,Chemicals,East Asia
2,4.1,2.1,1,First Class,4,458.56,Industrial Parts,North America
5,9.4,4.4,1,Standard Class,6,452.16,Electronics,South Asia
2,3.8,1.8,1,First Class,3,195.57,Industrial Parts,South Asia
3,5.8,2.8,1,Second Class,7,24.23,Electronics,East Asia
5,8.9,3.9,1,Standard Class,2,369.35,Automotive,South Asia
3,6.5,3.5,1,Second Class,8,397.92,Automotive,South Asia
5,9.1,4.1,1,Standard Class,7,275.81,Industrial Parts,North America
3,6.0,3.0,1,Second Class,8,207.41,Apparel,East Asia
5,7.9,2.9,1,Standard Class,2,427.06,Electronics,East Asia
5,9.2,4.2,1,Standard Class,3,104.33,Chemicals,Latin America
5,9.1,4.1,1,Standard Class,4,225.38,Apparel,South Asia
1,2.9,1.9,1,Same Day,9,22.0,Automotive,Europe
5,8.5,3.5,1,Standard Class,5,90.37,Electronics,North America
5,8.5,3.5,1,Standard Class,6,471.01,Apparel,North America
5,8.2,3.2,1,Standard Class,1,293.26,Chemicals,Europe
2,4.5,2.5,1,First Class,4,404.74,Apparel,Latin America
2,4.1,2.1,1,First Class,4,248.39,Chemicals,Europe
5,9.0,4.0,1,Standard Class,8,419.07,Automotive,Europe
5,9.6,4.6,1,Standard Class,8,274.09,Electronics,Latin America
5,9.1,4.1,1,Standard Class,6,12.22,Automotive,Europe
5,9.0,4.0,1,Standard Class,8,450.85,Electronics,Latin America
5,9.8,4.8,1,Standard Class,9,82.8,Apparel,South Asia
3,6.2,3.2,1,Second Class,5,230.77,Automotive,Latin America
5,8.2,3.2,1,Standard Class,1,243.57,Electronics,East Asia
5,7.7,2.7,1,Standard Class,1,33.15,Chemicals,East Asia
5,7.9,2.9,1,Standard Class,2,36.0,Electronics,Europe
1,1.4,0.4,0,Same Day,2,383.65,Automotive,East Asia
1,2.8,1.8,1,Same Day,5,157.22,Automotive,Latin America
3,6.3,3.3,1,Second Class,7,210.72,Apparel,South Asia
5,10.1,5.1,1,Standard Class,7,286.42,Chemicals,Latin America
5,8.3,3.3,1,Standard Class,4,192.96,Electronics,North America
5,9.1,4.1,1,Standard Class,4,389.77,Automotive,Europe
5,8.7,3.7,1,Standard Class,3,443.39,Electronics,South Asia
2,4.1,2.1,1,First Class,2,39.26,Industrial Parts,Europe
3,5.5,2.5,1,Second Class,3,321.35,Chemicals,North America
3,5.4,2.4,1,Second Class,8,165.65,Chemicals,East Asia
3,5.4,2.4,1,Second Class,1,295.8,Industrial Parts,North America
5,8.6,3.6,1,Standard Class,4,247.11,Chemicals,East Asia
2,4.3,2.3,1,First Class,7,173.5,Industrial Parts,Europe
5,8.8,3.8,1,Standard Class,5,56.46,Electronics,Europe
5,8.3,3.3,1,Standard Class,2,284.13,Industrial Parts,Europe
3,5.5,2.5,1,Second Class,1,65.27,Apparel,Latin America
5,9.2,4.2,1,Standard Class,6,86.5,Industrial Parts,South Asia
5,9.2,4.2,1,Standard Class,5,491.27,Electronics,Latin America
5,8.2,3.2,1,Standard Class,3,165.19,Chemicals,North America
2,4.8,2.8,1,First Class,9,296.37,Apparel,South Asia
3,5.4,2.4,1,Second Class,3,143.39,Industrial Parts,Europe
5,8.7,3.7,1,Standard Class,2,434.1,Electronics,Europe
3,6.1,3.1,1,Second Class,5,148.84,Apparel,Europe
5,9.4,4.4,1,Standard Class,9,189.77,Apparel,East Asia
5,9.0,4.0,1,Standard Class,8,308.11,Apparel,North America
3,6.3,3.3,1,Second Class,6,436.29,Industrial Parts,Latin America
2,3.4,1.4,1,First Class,3,409.94,Electronics,North America
1,2.8,1.8,1,Same Day,6,139.29,Electronics,East Asia
5,9.1,4.1,1,Standard Class,5,416.48,Electronics,East Asia
2,3.2,1.2,1,First Class,1,353.59,Automotive,North America
2,4.2,2.2,1,First Class,5,495.02,Chemicals,East Asia
1,3.0,2.0,1,Same Day,7,468.37,Electronics,South Asia
5,9.6,4.6,1,Standard Class,9,271.24,Automotive,Europe
3,5.4,2.4,1,Second Class,1,377.47,Automotive,Latin America
2,3.3,1.3,1,First Class,3,289.39,Apparel,East Asia
5,9.2,4.2,1,Standard Class,8,301.55,Chemicals,Latin America
5,9.0,4.0,1,Standard Class,6,59.74,Apparel,Europe
5,8.9,3.9,1,Standard Class,5,11.1,Chemicals,North America
2,3.3,1.3,1,First Class,2,33.61,Apparel,Europe
3,6.0,3.0,1,Second Class,3,483.65,Industrial Parts,Latin America
2,4.2,2.2,1,First Class,2,71.87,Chemicals,South Asia
2,3.1,1.1,1,First Class,1,31.75,Automotive,North America
2,4.2,2.2,1,First Class,7,161.73,Automotive,East Asia
5,9.2,4.2,1,Standard Class,3,298.21,Chemicals,South Asia
5,9.5,4.5,1,Standard Class,7,474.75,Apparel,Europe
5,9.8,4.8,1,Standard Class,7,352.94,Industrial Parts,Latin America
5,10.3,5.3,1,Standard Class,8,145.41,Industrial Parts,Latin America
5,8.8,3.8,1,Standard Class,1,470.14,Electronics,Latin America
2,3.5,1.5,1,First Class,5,27.66,Chemicals,Europe
5,9.8,4.8,1,Standard Class,9,489.74,Industrial Parts,North America
5,9.3,4.3,1,Standard Class,7,38.73,Apparel,East Asia
5,9.0,4.0,1,Standard Class,1,379.39,Apparel,South Asia
5,8.8,3.8,1,Standard Class,8,32.2,Automotive,Europe
1,2.9,1.9,1,Same Day,3,466.47,Industrial Parts,Latin America
3,5.8,2.8,1,Second Class,4,63.25,Industrial Parts,East Asia
3,6.1,3.1,1,Second Class,4,34.73,Apparel,Latin America
5,8.4,3.4,1,Standard Class,8,445.74,Automotive,Europe
3,5.4,2.4,1,Second Class,1,56.94,Industrial Parts,Latin America
3,6.7,3.7,1,Second Class,8,400.99,Apparel,Europe
3,6.9,3.9,1,Second Class,9,376.05,Automotive,Latin America
5,9.1,4.1,1,Standard Class,9,303.45,Automotive,Europe
2,4.1,2.1,1,First Class,5,195.2,Apparel,Latin America
3,5.4,2.4,1,Second Class,4,458.63,Automotive,East Asia
2,3.9,1.9,1,First Class,4,436.83,Automotive,East Asia
2,4.4,2.4,1,First Class,9,218.86,Electronics,Latin America
5,10.1,5.1,1,Standard Class,8,123.55,Automotive,Latin America
2,4.3,2.3,1,First Class,7,143.56,Industrial Parts,Europe
5,9.2,4.2,1,Standard Class,3,117.96,Automotive,Europe
2,3.8,1.8,1,First Class,4,275.21,Industrial Parts,Europe
5,9.1,4.1,1,Standard Class,9,435.58,Apparel,North America
5,9.8,4.8,1,Standard Class,8,389.07,Automotive,Latin America
5,8.4,3.4,1,Standard Class,1,399.8,Apparel,Latin America
2,4.0,2.0,1,First Class,3,229.66,Chemicals,Latin America
5,9.4,4.4,1,Standard Class,2,168.0,Automotive,Latin America
2,3.0,1.0,1,First Class,2,381.1,Apparel,Europe
3,6.4,3.4,1,Second Class,8,398.72,Chemicals,Europe
5,8.8,3.8,1,Standard Class,6,350.72,Industrial Parts,North America
5,8.5,3.5,1,Standard Class,6,25.73,Industrial Parts,Europe
5,9.7,4.7,1,Standard Class,4,298.95,Industrial Parts,Latin America
3,5.6,2.6,1,Second Class,1,180.05,Industrial Parts,Latin America
2,4.8,2.8,1,First Class,7,106.13,Industrial Parts,South Asia
5,9.6,4.6,1,Standard Class,8,350.25,Electronics,Europe
5,8.4,3.4,1,Standard Class,2,141.58,Apparel,South Asia
2,3.7,1.7,1,First Class,2,457.29,Chemicals,Latin America
3,4.6,1.6,1,Second Class,1,156.06,Chemicals,Europe
3,5.8,2.8,1,Second Class,4,282.04,Automotive,Latin America
2,4.8,2.8,1,First Class,6,415.6,Apparel,South Asia
5,9.5,4.5,1,Standard Class,5,207.04,Electronics,South Asia
5,8.5,3.5,1,Standard Class,4,416.04,Electronics,East Asia
5,8.7,3.7,1,Standard Class,4,364.61,Apparel,East Asia
5,9.1,4.1,1,Standard Class,7,461.22,Industrial Parts,Europe
5,9.2,4.2,1,Standard Class,7,169.66,Industrial Parts,Europe
5,8.2,3.2,1,Standard Class,2,61.46,Apparel,Europe
5,9.1,4.1,1,Standard Class,7,220.87,Chemicals,Europe
1,1.9,0.9,1,Same Day,2,395.05,Industrial Parts,Europe
2,3.7,1.7,1,First Class,4,230.71,Automotive,Europe
3,5.1,2.1,1,Second Class,1,138.37,Electronics,Europe
3,5.7,2.7,1,Second Class,5,23.53,Industrial Parts,South Asia
5,8.4,3.4,1,Standard Class,1,163.38,Chemicals,South Asia
3,6.2,3.2,1,Second Class,4,359.56,Industrial Parts,South Asia
5,9.9,4.9,1,Standard Class,9,82.33,Industrial Parts,Latin America
2,4.1,2.1,1,First Class,8,177.03,Electronics,North America
5,9.4,4.4,1,Standard Class,6,19.91,Automotive,Latin America
1,2.7,1.7,1,Same Day,8,363.66,Automotive,Europe
5,8.3,3.3,1,Standard Class,5,441.53,Chemicals,North America
5,10.2,5.2,1,Standard Class,7,288.58,Apparel,South Asia
1,3.3,2.3,1,Same Day,8,22.68,Apparel,South Asia
5,9.2,4.2,1,Standard Class,7,116.64,Apparel,East Asia
2,3.6,1.6,1,First Class,4,224.85,Chemicals,Europe
3,5.9,2.9,1,Second Class,5,297.91,Industrial Parts,Europe
3,6.0,3.0,1,Second Class,6,253.18,Automotive,East Asia
1,2.9,1.9,1,Same Day,6,458.77,Automotive,Latin America
1,2.6,1.6,1,Same Day,9,469.93,Industrial Parts,East Asia
5,8.8,3.8,1,Standard Class,2,62.5,Automotive,Europe
3,6.4,3.4,1,Second Class,6,77.81,Automotive,South Asia
2,3.6,1.6,1,First Class,3,185.45,Apparel,East Asia
2,3.0,1.0,1,First Class,2,216.41,Apparel,North America
5,9.8,4.8,1,Standard Class,6,297.17,Electronics,South Asia
2,3.7,1.7,1,First Class,4,388.85,Electronics,Latin America
1,2.7,1.7,1,Same Day,5,76.53,Automotive,South Asia
1,2.8,1.8,1,Same Day,5,403.29,Apparel,Latin America
5,9.6,4.6,1,Standard Class,3,308.91,Electronics,South Asia
5,8.9,3.9,1,Standard Class,4,490.63,Electronics,Europe
5,9.5,4.5,1,Standard Class,3,329.07,Apparel,Latin America
3,6.6,3.6,1,Second Class,7,360.88,Electronics,Latin America
3,4.7,1.7,1,Second Class,1,105.65,Industrial Parts,East Asia
5,9.2,4.2,1,Standard Class,6,386.74,Industrial Parts,South Asia
5,9.4,4.4,1,Standard Class,4,48.84,Apparel,Latin America
5,8.4,3.4,1,Standard Class,1,331.7,Apparel,Latin America
5,8.3,3.3,1,Standard Class,1,37.23,Electronics,South Asia
1,2.6,1.6,1,Same Day,5,66.46,Automotive,South Asia
2,3.8,1.8,1,First Class,5,62.85,Chemicals,North America
5,8.9,3.9,1,Standard Class,7,35.72,Industrial Parts,East Asia
2,4.5,2.5,1,First Class,4,167.36,Industrial Parts,Latin America
5,10.1,5.1,1,Standard Class,9,497.23,Apparel,South Asia
1,2.7,1.7,1,Same Day,4,180.63,Automotive,Latin America
5,9.3,4.3,1,Standard Class,7,382.78,Apparel,North America
5,9.0,4.0,1,Standard Class,5,74.84,Electronics,North America
5,9.5,4.5,1,Standard Class,5,232.7,Automotive,Latin America
2,3.7,1.7,1,First Class,6,100.71,Electronics,East Asia
2,4.6,2.6,1,First Class,8,104.13,Industrial Parts,Europe
3,6.3,3.3,1,Second Class,5,58.85,Apparel,Latin America
5,8.4,3.4,1,Standard Class,3,221.7,Apparel,North America
5,9.2,4.2,1,Standard Class,6,47.01,Chemicals,East Asia
5,8.6,3.6,1,Standard Class,2,455.81,Automotive,South Asia
2,4.5,2.5,1,First Class,8,229.47,Industrial Parts,East Asia
5,9.4,4.4,1,Standard Class,8,420.9,Chemicals,East Asia
2,3.3,1.3,1,First Class,3,489.94,Chemicals,Latin America
3,6.7,3.7,1,Second Class,8,342.11,Apparel,East Asia
3,6.4,3.4,1,Second Class,9,451.74,Automotive,South Asia
5,9.5,4.5,1,Standard Class,5,76.33,Apparel,Latin America
5,9.3,4.3,1,Standard Class,5,416.7,Automotive,North America
5,8.8,3.8,1,Standard Class,6,142.9,Chemicals,South Asia
2,4.6,2.6,1,First Class,7,241.57,Electronics,Latin America
3,6.1,3.1,1,Second Class,3,326.83,Industrial Parts,Latin America
5,9.2,4.2,1,Standard Class,5,452.74,Chemicals,Europe
5,9.2,4.2,1,Standard Class,1,456.39,Apparel,South Asia
3,5.9,2.9,1,Second Class,5,55.13,Industrial Parts,East Asia
3,6.0,3.0,1,Second Class,4,188.63,Chemicals,South Asia
5,8.9,3.9,1,Standard Class,1,398.66,Automotive,South Asia
2,4.7,2.7,1,First Class,7,354.55,Apparel,Europe
5,8.6,3.6,1,Standard Class,1,22.91,Chemicals,East Asia
5,9.1,4.1,1,Standard Class,8,230.45,Automotive,Europe
1,2.2,1.2,1,Same Day,2,416.33,Automotive,Europe
3,6.1,3.1,1,Second Class,5,371.47,Automotive,Europe
3,6.1,3.1,1,Second Class,6,211.81,Industrial Parts,South Asia
5,9.4,4.4,1,Standard Class,9,370.23,Apparel,Europe
3,5.9,2.9,1,Second Class,7,280.09,Automotive,North America
5,9.3,4.3,1,Standard Class,6,457.19,Chemicals,East Asia
5,8.7,3.7,1,Standard Class,5,297.69,Automotive,East Asia
2,3.7,1.7,1,First Class,6,206.36,Apparel,Europe
5,9.6,4.6,1,Standard Class,4,432.83,Industrial Parts,South Asia
3,5.2,2.2,1,Second Class,1,34.44,Automotive,Latin America
2,4.9,2.9,1,First Class,9,451.25,Chemicals,Latin America
5,9.2,4.2,1,Standard Class,5,351.21,Apparel,South Asia
5,9.6,4.6,1,Standard Class,8,470.9,Automotive,Europe
5,9.0,4.0,1,Standard Class,7,132.75,Industrial Parts,Europe
5,9.3,4.3,1,Standard Class,8,350.51,Electronics,North America
2,2.9,0.9,1,First Class,1,406.64,Chemicals,Latin America
3,6.7,3.7,1,Second Class,9,354.03,Automotive,Latin America
5,8.2,3.2,1,Standard Class,1,113.06,Automotive,East Asia
5,8.6,3.6,1,Standard Class,3,145.04,Electronics,Europe
2,5.2,3.2,1,First Class,8,287.7,Apparel,South Asia
3,5.2,2.2,1,Second Class,1,228.91,Electronics,Europe
5,8.4,3.4,1,Standard Class,1,370.21,Apparel,Europe
5,8.8,3.8,1,Standard Class,6,195.55,Automotive,North America
2,5.0,3.0,1,First Class,5,431.15,Electronics,South Asia
5,8.4,3.4,1,Standard Class,6,221.64,Automotive,North America
5,8.2,3.2,1,Standard Class,3,29.62,Electronics,North America
3,5.6,2.6,1,Second Class,6,18.51,Automotive,North America
2,3.4,1.4,1,First Class,2,326.9,Automotive,North America
2,4.2,2.2,1,First Class,8,274.87,Automotive,Europe
3,5.6,2.6,1,Second Class,6,275.94,Industrial Parts,East Asia
2,3.7,1.7,1,First Class,4,397.1,Electronics,Europe
5,9.0,4.0,1,Standard Class,4,194.1,Industrial Parts,North America
5,9.2,4.2,1,Standard Class,7,497.77,Automotive,North America
5,8.2,3.2,1,Standard Class,3,473.31,Chemicals,East Asia
5,9.0,4.0,1,Standard Class,3,16.35,Apparel,Latin America
2,4.2,2.2,1,First Class,6,448.91,Electronics,South Asia
3,5.8,2.8,1,Second Class,9,343.47,Electronics,North America
1,1.7,0.7,1,Same Day,1,256.02,Apparel,North America
2,3.5,1.5,1,First Class,5,295.55,Industrial Parts,Europe
5,8.2,3.2,1,Standard Class,1,422.51,Apparel,North America
5,8.4,3.4,1,Standard Class,1,476.01,Chemicals,North America
3,6.0,3.0,1,Second Class,3,284.56,Automotive,South Asia
2,3.8,1.8,1,First Class,3,98.83,Apparel,Europe
2,3.6,1.6,1,First Class,4,323.48,Apparel,Latin America
3,5.3,2.3,1,Second Class,3,47.35,Automotive,North America
3,6.1,3.1,1,Second Class,6,321.22,Electronics,North America
3,5.5,2.5,1,Second Class,4,406.22,Chemicals,Latin America
5,9.2,4.2,1,Standard Class,8,183.13,Apparel,East Asia
3,5.6,2.6,1,Second Class,1,44.88,Apparel,Latin America
3,6.3,3.3,1,Second Class,8,349.19,Electronics,Latin America
5,8.0,3.0,1,Standard Class,1,176.27,Chemicals,Europe
2,3.3,1.3,1,First Class,1,132.06,Automotive,Latin America
5,9.2,4.2,1,Standard Class,7,347.7,Automotive,Europe
1,1.4,0.4,0,Same Day,1,485.1,Industrial Parts,Latin America
5,9.2,4.2,1,Standard Class,9,375.21,Chemicals,North America
2,4.0,2.0,1,First Class,8,250.76,Chemicals,North America
5,8.5,3.5,1,Standard Class,1,304.25,Apparel,East Asia
3,5.2,2.2,1,Second Class,2,79.72,Industrial Parts,Latin America
5,9.3,4.3,1,Standard Class,2,408.47,Automotive,South Asia
5,9.1,4.1,1,Standard Class,2,306.1,Chemicals,Latin America
5,9.9,4.9,1,Standard Class,6,483.26,Chemicals,South Asia
1,2.5,1.5,1,Same Day,4,489.95,Electronics,Latin America
5,9.2,4.2,1,Standard Class,8,183.75,Automotive,Europe
5,8.0,3.0,1,Standard Class,1,494.39,Electronics,North America
3,6.2,3.2,1,Second Class,4,478.85,Industrial Parts,South Asia
2,4.2,2.2,1,First Class,5,323.52,Chemicals,South Asia
1,3.1,2.1,1,Same Day,9,173.4,Industrial Parts,Latin America
5,8.7,3.7,1,Standard Class,5,379.14,Electronics,North America
2,3.6,1.6,1,First Class,3,142.91,Automotive,East Asia
5,8.9,3.9,1,Standard Class,4,318.62,Chemicals,South Asia
5,8.9,3.9,1,Standard Class,7,22.04,Automotive,North America
2,3.6,1.6,1,First Class,1,318.01,Industrial Parts,North America
2,4.2,2.2,1,First Class,6,476.29,Apparel,South Asia
3,6.5,3.5,1,Second Class,8,125.22,Automotive,Europe
5,8.1,3.1,1,Standard Class,1,391.31,Automotive,Europe
5,9.4,4.4,1,Standard Class,8,153.78,Automotive,Latin America
5,10.0,5.0,1,Standard Class,7,356.85,Chemicals,Latin America
1,2.2,1.2,1,Same Day,1,352.99,Industrial Parts,North America
5,9.8,4.8,1,Standard Class,9,100.52,Industrial Parts,South Asia
5,8.9,3.9,1,Standard Class,3,302.59,Chemicals,Europe
5,8.4,3.4,1,Standard Class,2,430.99,Automotive,North America
2,4.1,2.1,1,First Class,7,197.44,Automotive,Europe
5,9.2,4.2,1,Standard Class,3,358.04,Apparel,South Asia
1,1.7,0.7,1,Same Day,1,340.47,Automotive,Europe
5,8.6,3.6,1,Standard Class,3,136.18,Electronics,East Asia
3,6.3,3.3,1,Second Class,6,460.14,Automotive,Latin America
5,8.4,3.4,1,Standard Class,3,286.12,Apparel,Europe
2,4.1,2.1,1,First Class,5,184.09,Electronics,South Asia
1,3.1,2.1,1,Same Day,9,90.54,Apparel,South Asia
5,8.6,3.6,1,Standard Class,7,241.99,Apparel,East Asia
1,2.4,1.4,1,Same Day,2,367.76,Industrial Parts,South Asia
5,8.0,3.0,1,Standard Class,1,315.58,Chemicals,East Asia
1,2.1,1.1,1,Same Day,7,366.26,Apparel,North America
2,3.4,1.4,1,First Class,4,397.96,Automotive,Europe
5,9.6,4.6,1,Standard Class,7,226.09,Industrial Parts,South Asia
5,9.3,4.3,1,Standard Class,6,264.88,Electronics,Latin America
5,9.6,4.6,1,Standard Class,7,493.35,Chemicals,Europe
5,8.5,3.5,1,Standard Class,4,484.35,Industrial Parts,East Asia
5,9.0,4.0,1,Standard Class,3,213.26,Apparel,Europe
5,8.6,3.6,1,Standard Class,5,345.74,Industrial Parts,Europe
5,9.3,4.3,1,Standard Class,3,141.12,Automotive,South Asia
3,5.5,2.5,1,Second Class,3,84.82,Automotive,Latin America
5,9.2,4.2,1,Standard Class,4,386.52,Automotive,North America
5,10.1,5.1,1,Standard Class,8,223.73,Chemicals,Latin America
2,3.5,1.5,1,First Class,2,96.76,Industrial Parts,East Asia
5,9.8,4.8,1,Standard Class,4,381.84,Industrial Parts,Latin America
5,9.3,4.3,1,Standard Class,3,458.43,Apparel,Latin America
5,9.3,4.3,1,Standard Class,7,467.3,Electronics,East Asia
1,1.9,0.9,1,Same Day,2,302.2,Automotive,Latin America
3,4.3,1.3,1,Second Class,1,245.02,Electronics,North America
5,7.9,2.9,1,Standard Class,1,79.51,Electronics,Europe
2,3.4,1.4,1,First Class,6,398.47,Automotive,North America
2,3.2,1.2,1,First Class,3,473.21,Automotive,Europe
2,4.4,2.4,1,First Class,7,445.84,Apparel,Europe
2,4.4,2.4,1,First Class,8,378.37,Chemicals,Latin America
2,3.6,1.6,1,First Class,5,12.24,Automotive,Europe
5,8.9,3.9,1,Standard Class,5,209.8,Electronics,East Asia
5,8.4,3.4,1,Standard Class,2,211.25,Apparel,North America
5,9.1,4.1,1,Standard Class,8,448.24,Industrial Parts,Europe
3,5.9,2.9,1,Second Class,1,42.17,Apparel,Latin America
2,4.8,2.8,1,First Class,9,270.3,Automotive,Latin America
3,5.6,2.6,1,Second Class,1,76.71,Automotive,Latin America
1,3.0,2.0,1,Same Day,1,334.52,Chemicals,South Asia
5,8.8,3.8,1,Standard Class,1,398.21,Apparel,North America
2,4.5,2.5,1,First Class,7,324.56,Automotive,Latin America
2,3.8,1.8,1,First Class,4,399.35,Electronics,East Asia
1,2.8,1.8,1,Same Day,7,307.67,Electronics,Latin America
1,2.2,1.2,1,Same Day,5,103.02,Apparel,South Asia
2,4.3,2.3,1,First Class,7,197.51,Chemicals,North America
5,8.8,3.8,1,Standard Class,7,478.87,Apparel,Europe
3,5.7,2.7,1,Second Class,4,151.21,Chemicals,North America
5,9.0,4.0,1,Standard Class,2,40.8,Electronics,Europe
3,5.5,2.5,1,Second Class,8,198.57,Automotive,Europe
1,1.6,0.6,1,Same Day,2,189.49,Industrial Parts,Latin America
5,9.2,4.2,1,Standard Class,9,240.45,Automotive,East Asia
2,4.0,2.0,1,First Class,5,284.55,Electronics,East Asia
5,10.3,5.3,1,Standard Class,9,496.29,Electronics,Latin America
5,10.3,5.3,1,Standard Class,9,380.55,Automotive,South Asia
5,9.4,4.4,1,Standard Class,8,27.59,Automotive,Europe
3,6.1,3.1,1,Second Class,8,359.23,Electronics,East Asia
1,2.2,1.2,1,Same Day,4,413.87,Automotive,North America
1,3.1,2.1,1,Same Day,4,448.86,Industrial Parts,South Asia
5,8.7,3.7,1,Standard Class,2,217.76,Industrial Parts,Latin America
3,6.1,3.1,1,Second Class,4,163.68,Apparel,South Asia
3,5.2,2.2,1,Second Class,4,421.27,Industrial Parts,East Asia
5,9.6,4.6,1,Standard Class,6,391.03,Electronics,Latin America
5,8.6,3.6,1,Standard Class,3,272.66,Electronics,East Asia
5,9.2,4.2,1,Standard Class,2,67.76,Apparel,Europe
1,2.9,1.9,1,Same Day,8,329.36,Chemicals,South Asia
2,3.6,1.6,1,First Class,2,42.18,Apparel,Europe
3,5.9,2.9,1,Second Class,8,59.18,Chemicals,North America
5,9.4,4.4,1,Standard Class,7,172.26,Chemicals,Europe
3,6.1,3.1,1,Second Class,3,191.88,Automotive,South Asia
5,8.9,3.9,1,Standard Class,6,236.37,Industrial Parts,North America
5,8.7,3.7,1,Standard Class,6,176.18,Chemicals,East Asia
2,3.4,1.4,1,First Class,5,26.56,Automotive,North America
5,9.9,4.9,1,Standard Class,8,87.13,Apparel,South Asia
3,5.9,2.9,1,Second Class,5,66.4,Apparel,Latin America
5,9.1,4.1,1,Standard Class,7,221.28,Chemicals,North America
2,3.5,1.5,1,First Class,6,113.94,Automotive,East Asia
5,9.3,4.3,1,Standard Class,7,153.84,Electronics,North America
2,4.1,2.1,1,First Class,9,241.07,Industrial Parts,Europe
5,8.9,3.9,1,Standard Class,3,125.43,Chemicals,Latin America
5,10.1,5.1,1,Standard Class,7,130.51,Electronics,South Asia
1,2.5,1.5,1,Same Day,3,418.24,Industrial Parts,Latin America
5,8.6,3.6,1,Standard Class,2,278.56,Electronics,Europe
3,6.1,3.1,1,Second Class,7,429.81,Automotive,Latin America
1,2.2,1.2,1,Same Day,4,262.12,Chemicals,Europe
5,8.4,3.4,1,Standard Class,1,455.54,Electronics,North America
5,9.3,4.3,1,Standard Class,6,134.82,Electronics,South Asia
2,3.9,1.9,1,First Class,6,312.17,Electronics,Europe
1,2.3,1.3,1,Same Day,6,256.58,Chemicals,Europe
1,1.9,0.9,1,Same Day,2,460.16,Automotive,North America
2,2.8,0.8,1,First Class,1,215.05,Automotive,Europe
3,5.6,2.6,1,Second Class,3,428.86,Electronics,South Asia
5,8.0,3.0,1,Standard Class,2,286.31,Automotive,East Asia
1,2.6,1.6,1,Same Day,6,357.19,Industrial Parts,Latin America
1,2.3,1.3,1,Same Day,6,444.58,Automotive,Europe
5,9.5,4.5,1,Standard Class,5,498.48,Electronics,Latin America
5,9.4,4.4,1,Standard Class,5,368.26,Industrial Parts,Latin America
5,9.5,4.5,1,Standard Class,9,164.12,Chemicals,East Asia
5,8.6,3.6,1,Standard Class,5,156.52,Apparel,Europe
3,6.4,3.4,1,Second Class,6,161.46,Automotive,South Asia
5,9.1,4.1,1,Standard Class,4,57.98,Industrial Parts,Europe
5,8.8,3.8,1,Standard Class,1,36.26,Apparel,Latin America
5,8.9,3.9,1,Standard Class,4,294.61,Chemicals,North America
1,1.7,0.7,1,Same Day,2,407.19,Apparel,East Asia
2,3.9,1.9,1,First Class,3,27.71,Chemicals,South Asia
5,9.9,4.9,1,Standard Class,7,287.65,Electronics,South Asia
5,9.3,4.3,1,Standard Class,7,192.16,Electronics,Latin America
1,2.2,1.2,1,Same Day,1,447.32,Chemicals,South Asia
3,6.6,3.6,1,Second Class,8,81.24,Apparel,Latin America
5,9.6,4.6,1,Standard Class,7,286.08,Automotive,South Asia
5,8.6,3.6,1,Standard Class,1,485.75,Apparel,South Asia
5,9.6,4.6,1,Standard Class,8,179.07,Apparel,Latin America
5,8.0,3.0,1,Standard Class,2,373.47,Automotive,East Asia
2,4.8,2.8,1,First Class,8,442.4,Apparel,South Asia
1,2.3,1.3,1,Same Day,3,101.24,Apparel,Europe
5,9.0,4.0,1,Standard Class,7,496.34,Industrial Parts,North America
3,7.1,4.1,1,Second Class,6,406.6,Chemicals,Latin America
5,9.2,4.2,1,Standard Class,5,77.41,Electronics,South Asia
3,5.0,2.0,1,Second Class,2,162.33,Chemicals,East Asia
3,5.4,2.4,1,Second Class,2,316.24,Apparel,Europe
5,8.9,3.9,1,Standard Class,1,443.61,Automotive,Latin America
5,9.7,4.7,1,Standard Class,9,105.47,Automotive,Europe
2,4.5,2.5,1,First Class,8,368.29,Electronics,North America
5,9.0,4.0,1,Standard Class,8,142.62,Electronics,East Asia
5,8.8,3.8,1,Standard Class,1,404.65,Electronics,Latin America
2,3.8,1.8,1,First Class,5,344.89,Automotive,Latin America
1,3.3,2.3,1,Same Day,6,266.23,Apparel,South Asia
5,8.7,3.7,1,Standard Class,2,328.43,Electronics,Europe
3,6.4,3.4,1,Second Class,5,439.46,Electronics,Latin America
5,9.0,4.0,1,Standard Class,6,199.35,Automotive,Europe
3,6.6,3.6,1,Second Class,9,386.93,Apparel,North America
2,3.8,1.8,1,First Class,1,87.86,Electronics,South Asia
3,5.8,2.8,1,Second Class,3,353.58,Apparel,North America
5,9.9,4.9,1,Standard Class,9,377.82,Industrial Parts,South Asia
2,3.6,1.6,1,First Class,1,227.07,Electronics,South Asia
2,3.3,1.3,1,First Class,1,398.87,Electronics,Europe
5,8.4,3.4,1,Standard Class,1,282.98,Automotive,South Asia
5,9.1,4.1,1,Standard Class,7,468.77,Industrial Parts,North America
5,8.8,3.8,1,Standard Class,5,65.11,Industrial Parts,North America
5,8.6,3.6,1,Standard Class,6,74.1,Industrial Parts,North America
3,6.1,3.1,1,Second Class,8,422.79,Chemicals,Europe
5,8.5,3.5,1,Standard Class,2,422.76,Automotive,Europe
5,8.7,3.7,1,Standard Class,2,240.9,Automotive,East Asia
3,5.4,2.4,1,Second Class,3,482.34,Electronics,Latin America
5,8.9,3.9,1,Standard Class,3,342.9,Automotive,East Asia
2,2.8,0.8,1,First Class,3,491.6,Electronics,East Asia
5,9.0,4.0,1,Standard Class,4,270.87,Electronics,South Asia
1,3.2,2.2,1,Same Day,3,108.79,Chemicals,South Asia
3,5.2,2.2,1,Second Class,2,227.75,Automotive,East Asia
3,6.4,3.4,1,Second Class,9,490.44,Automotive,Latin America
5,8.6,3.6,1,Standard Class,6,191.5,Chemicals,East Asia
3,5.0,2.0,1,Second Class,3,478.94,Chemicals,Europe
5,9.2,4.2,1,Standard Class,9,400.54,Automotive,North America
5,9.0,4.0,1,Standard Class,4,226.63,Automotive,East Asia
5,9.4,4.4,1,Standard Class,4,275.52,Electronics,South Asia
2,5.0,3.0,1,First Class,8,307.65,Apparel,Latin America
5,9.4,4.4,1,Standard Class,7,336.23,Electronics,South Asia
2,3.5,1.5,1,First Class,7,47.58,Industrial Parts,Europe
5,9.9,4.9,1,Standard Class,7,467.46,Industrial Parts,South Asia
5,9.4,4.4,1,Standard Class,5,302.53,Apparel,South Asia
3,6.2,3.2,1,Second Class,7,466.26,Chemicals,Latin America
5,9.5,4.5,1,Standard Class,4,319.63,Industrial Parts,Latin America
3,7.0,4.0,1,Second Class,8,221.2,Chemicals,South Asia
5,10.5,5.5,1,Standard Class,9,287.79,Chemicals,South Asia
3,5.0,2.0,1,Second Class,3,416.46,Electronics,East Asia
2,4.4,2.4,1,First Class,7,169.8,Chemicals,Europe
5,9.6,4.6,1,Standard Class,9,478.67,Apparel,East Asia
5,8.5,3.5,1,Standard Class,1,238.32,Electronics,Latin America
2,3.7,1.7,1,First Class,2,478.56,Apparel,East Asia
3,5.7,2.7,1,Second Class,7,441.57,Chemicals,East Asia
5,8.8,3.8,1,Standard Class,2,386.15,Industrial Parts,South Asia
5,10.0,5.0,1,Standard Class,7,239.04,Chemicals,South Asia
3,4.9,1.9,1,Second Class,1,297.6,Apparel,Europe
2,3.6,1.6,1,First Class,3,420.63,Automotive,North America
5,8.7,3.7,1,Standard Class,5,276.59,Automotive,North America
5,9.1,4.1,1,Standard Class,6,371.71,Industrial Parts,East Asia
5,9.5,4.5,1,Standard Class,9,397.42,Apparel,Europe
2,4.1,2.1,1,First Class,9,261.42,Industrial Parts,Europe
5,9.1,4.1,1,Standard Class,3,272.76,Electronics,Latin America
1,3.2,2.2,1,Same Day,8,106.94,Chemicals,South Asia
5,8.9,3.9,1,Standard Class,4,129.92,Electronics,Latin America
5,8.8,3.8,1,Standard Class,7,453.42,Automotive,North America
2,3.6,1.6,1,First Class,6,421.76,Chemicals,Europe
1,2.6,1.6,1,Same Day,8,14.96,Electronics,North America
3,6.5,3.5,1,Second Class,6,436.0,Automotive,South Asia
5,8.9,3.9,1,Standard Class,4,22.37,Electronics,South Asia
3,5.8,2.8,1,Second Class,2,234.56,Chemicals,South Asia
2,4.2,2.2,1,First Class,7,43.04,Electronics,North America
5,9.0,4.0,1,Standard Class,4,484.72,Chemicals,Europe
5,9.8,4.8,1,Standard Class,9,486.44,Electronics,Latin America
5,9.5,4.5,1,Standard Class,9,309.33,Industrial Parts,Europe
5,8.8,3.8,1,Standard Class,7,202.18,Electronics,Europe
1,1.9,0.9,1,Same Day,5,260.88,Electronics,East Asia
5,8.7,3.7,1,Standard Class,3,383.53,Industrial Parts,Europe
1,3.1,2.1,1,Same Day,3,119.36,Automotive,Latin America
2,4.5,2.5,1,First Class,9,226.44,Chemicals,East Asia
2,4.0,2.0,1,First Class,9,371.26,Apparel,Europe
2,3.3,1.3,1,First Class,4,203.74,Automotive,East Asia
5,8.4,3.4,1,Standard Class,1,25.68,Chemicals,Europe
5,9.6,4.6,1,Standard Class,5,258.62,Electronics,South Asia
5,9.9,4.9,1,Standard Class,8,371.33,Automotive,South Asia
2,3.5,1.5,1,First Class,4,488.64,Electronics,Europe
5,8.9,3.9,1,Standard Class,4,28.15,Automotive,East Asia
3,6.4,3.4,1,Second Class,9,274.56,Automotive,Latin America
5,10.3,5.3,1,Standard Class,9,230.47,Apparel,South Asia
5,9.3,4.3,1,Standard Class,7,128.8,Industrial Parts,East Asia
5,9.5,4.5,1,Standard Class,8,322.5,Automotive,Latin America
1,2.1,1.1,1,Same Day,4,90.18,Electronics,East Asia
3,7.1,4.1,1,Second Class,8,149.09,Apparel,Europe
5,9.5,4.5,1,Standard Class,6,393.06,Automotive,South Asia
2,4.2,2.2,1,First Class,3,235.6,Industrial Parts,South Asia
5,10.0,5.0,1,Standard Class,7,496.9,Electronics,South Asia
1,2.1,1.1,1,Same Day,3,199.37,Apparel,Europe
2,4.4,2.4,1,First Class,7,237.0,Chemicals,Latin America
5,9.1,4.1,1,Standard Class,5,157.13,Industrial Parts,Latin America
2,4.1,2.1,1,First Class,4,125.78,Chemicals,South Asia
5,9.0,4.0,1,Standard Class,3,461.92,Chemicals,Latin America
1,3.7,2.7,1,Same Day,8,376.93,Apparel,South Asia
5,9.7,4.7,1,Standard Class,4,173.37,Apparel,Latin America
2,5.3,3.3,1,First Class,8,353.08,Apparel,South Asia
5,8.9,3.9,1,Standard Class,3,483.23,Chemicals,Latin America
3,6.6,3.6,1,Second Class,9,46.28,Electronics,East Asia
3,6.4,3.4,1,Second Class,6,139.61,Apparel,South Asia
2,4.0,2.0,1,First Class,5,108.28,Industrial Parts,South Asia
2,3.3,1.3,1,First Class,5,436.19,Apparel,North America
3,5.8,2.8,1,Second Class,3,97.8,Apparel,South Asia
5,8.8,3.8,1,Standard Class,2,160.96,Apparel,Latin America
5,8.7,3.7,1,Standard Class,6,276.49,Chemicals,East Asia
5,8.6,3.6,1,Standard Class,1,314.34,Electronics,East Asia
1,3.5,2.5,1,Same Day,7,406.01,Apparel,Latin America
5,8.8,3.8,1,Standard Class,5,209.59,Chemicals,Europe
3,6.5,3.5,1,Second Class,4,271.78,Industrial Parts,South Asia
2,4.5,2.5,1,First Class,9,483.08,Electronics,East Asia
5,8.1,3.1,1,Standard Class,1,155.71,Chemicals,Latin America
5,8.1,3.1,1,Standard Class,4,131.57,Automotive,East Asia
5,8.7,3.7,1,Standard Class,3,358.19,Industrial Parts,East Asia
5,9.4,4.4,1,Standard Class,6,387.86,Industrial Parts,Latin America
5,8.6,3.6,1,Standard Class,5,213.24,Automotive,North America
5,9.3,4.3,1,Standard Class,7,114.36,Chemicals,East Asia
3,5.7,2.7,1,Second Class,1,391.67,Chemicals,East Asia
1,2.3,1.3,1,Same Day,5,338.54,Industrial Parts,Europe
5,8.3,3.3,1,Standard Class,2,439.35,Chemicals,North America
5,8.2,3.2,1,Standard Class,2,423.72,Automotive,Europe
5,8.5,3.5,1,Standard Class,2,110.55,Chemicals,Latin America
2,5.2,3.2,1,First Class,9,417.85,Industrial Parts,South Asia
3,5.7,2.7,1,Second Class,3,95.84,Chemicals,Latin America
5,8.7,3.7,1,Standard Class,4,433.21,Electronics,North America
5,9.2,4.2,1,Standard Class,5,387.46,Automotive,Latin America
3,6.0,3.0,1,Second Class,4,289.23,Automotive,North America
2,3.2,1.2,1,First Class,4,324.69,Apparel,Europe
5,9.1,4.1,1,Standard Class,5,61.0,Chemicals,East Asia
2,5.1,3.1,1,First Class,9,29.54,Automotive,Latin America
5,9.7,4.7,1,Standard Class,9,172.02,Chemicals,Latin America
5,9.2,4.2,1,Standard Class,6,412.49,Electronics,East Asia
3,5.8,2.8,1,Second Class,3,238.23,Industrial Parts,Latin America
3,6.5,3.5,1,Second Class,6,119.46,Industrial Parts,Latin America
5,9.0,4.0,1,Standard Class,4,418.93,Apparel,South Asia
1,2.6,1.6,1,Same Day,3,122.03,Apparel,South Asia
5,9.0,4.0,1,Standard Class,6,409.59,Automotive,East Asia
3,6.0,3.0,1,Second Class,6,231.96,Automotive,Europe
5,8.2,3.2,1,Standard Class,2,237.11,Automotive,Latin America
3,6.5,3.5,1,Second Class,9,143.63,Electronics,Latin America
1,2.9,1.9,1,Same Day,8,451.09,Apparel,Europe
5,10.0,5.0,1,Standard Class,6,53.5,Apparel,Latin America
1,2.0,1.0,1,Same Day,1,80.76,Industrial Parts,Europe
3,5.3,2.3,1,Second Class,2,321.58,Apparel,East Asia
3,5.2,2.2,1,Second Class,4,426.56,Apparel,East Asia
5,9.2,4.2,1,Standard Class,7,56.77,Electronics,Europe
3,6.4,3.4,1,Second Class,9,369.54,Automotive,Europe
3,6.2,3.2,1,Second Class,5,373.83,Electronics,North America
5,8.7,3.7,1,Standard Class,2,294.95,Chemicals,South Asia
1,2.1,1.1,1,Same Day,1,248.5,Industrial Parts,South Asia
5,9.3,4.3,1,Standard Class,1,167.33,Industrial Parts,Latin America
5,9.3,4.3,1,Standard Class,5,182.22,Industrial Parts,Latin America
2,4.2,2.2,1,First Class,7,340.47,Automotive,Europe
2,4.0,2.0,1,First Class,9,41.99,Automotive,Europe
2,4.8,2.8,1,First Class,9,296.62,Automotive,South Asia
5,9.9,4.9,1,Standard Class,8,146.58,Industrial Parts,Latin America
1,2.1,1.1,1,Same Day,1,238.64,Industrial Parts,South Asia
5,8.9,3.9,1,Standard Class,5,283.9,Industrial Parts,East Asia
5,9.6,4.6,1,Standard Class,6,443.97,Chemicals,South Asia
5,9.6,4.6,1,Standard Class,6,293.75,Chemicals,South Asia
2,3.4,1.4,1,First Class,4,121.31,Industrial Parts,Europe
1,2.4,1.4,1,Same Day,1,48.94,Automotive,Latin America
2,3.5,1.5,1,First Class,3,317.22,Automotive,East Asia
3,5.9,2.9,1,Second Class,4,277.07,Chemicals,South Asia
5,9.0,4.0,1,Standard Class,4,339.18,Chemicals,South Asia
2,3.3,1.3,1,First Class,4,235.1,Industrial Parts,Europe
5,9.2,4.2,1,Standard Class,5,414.31,Industrial Parts,North America
5,9.7,4.7,1,Standard Class,9,460.89,Automotive,Latin America
5,8.9,3.9,1,Standard Class,4,29.6,Apparel,Latin America
2,4.5,2.5,1,First Class,9,374.6,Automotive,Latin America
2,4.3,2.3,1,First Class,9,27.23,Automotive,South Asia
3,6.3,3.3,1,Second Class,1,228.1,Industrial Parts,South Asia
5,9.4,4.4,1,Standard Class,5,236.19,Apparel,South Asia
5,9.2,4.2,1,Standard Class,9,351.15,Apparel,North America
2,4.1,2.1,1,First Class,4,182.68,Industrial Parts,South Asia
5,9.0,4.0,1,Standard Class,5,412.24,Electronics,Latin America
3,6.0,3.0,1,Second Class,4,178.0,Industrial Parts,Latin America
2,3.3,1.3,1,First Class,2,177.83,Chemicals,Europe
5,8.7,3.7,1,Standard Class,2,119.15,Apparel,North America
1,1.6,0.6,1,Same Day,2,345.1,Industrial Parts,East Asia
2,3.8,1.8,1,First Class,1,47.53,Automotive,South Asia
5,8.6,3.6,1,Standard Class,3,187.9,Automotive,East Asia
2,3.5,1.5,1,First Class,1,140.78,Automotive,South Asia
5,8.8,3.8,1,Standard Class,4,122.37,Industrial Parts,North America
3,5.0,2.0,1,Second Class,1,39.88,Electronics,North America
3,6.3,3.3,1,Second Class,4,103.29,Chemicals,Latin America
1,2.1,1.1,1,Same Day,3,228.66,Automotive,North America
2,4.2,2.2,1,First Class,9,256.83,Industrial Parts,East Asia
5,8.5,3.5,1,Standard Class,1,142.06,Electronics,East Asia
3,6.2,3.2,1,Second Class,8,328.62,Apparel,North America
5,9.3,4.3,1,Standard Class,9,174.54,Apparel,East Asia
2,4.9,2.9,1,First Class,7,189.95,Chemicals,South Asia
2,3.4,1.4,1,First Class,1,393.49,Industrial Parts,Europe
5,8.9,3.9,1,Standard Class,4,280.46,Industrial Parts,Latin America
5,8.0,3.0,1,Standard Class,1,477.06,Automotive,Europe
3,5.5,2.5,1,Second Class,4,186.06,Electronics,East Asia
3,5.7,2.7,1,Second Class,3,415.64,Chemicals,Latin America
5,8.3,3.3,1,Standard Class,2,371.79,Electronics,Europe
5,8.0,3.0,1,Standard Class,1,446.19,Chemicals,Europe
5,9.1,4.1,1,Standard Class,6,478.83,Industrial Parts,East Asia
3,6.5,3.5,1,Second Class,7,13.76,Industrial Parts,Latin America
5,9.1,4.1,1,Standard Class,6,53.27,Chemicals,Latin America
3,6.1,3.1,1,Second Class,9,340.43,Electronics,Europe
5,9.8,4.8,1,Standard Class,9,201.2,Apparel,Latin America
2,3.9,1.9,1,First Class,2,411.37,Apparel,Latin America
5,9.1,4.1,1,Standard Class,2,15.87,Automotive,South Asia
3,6.5,3.5,1,Second Class,9,405.42,Automotive,East Asia
5,8.1,3.1,1,Standard Class,1,76.27,Electronics,East Asia
2,4.5,2.5,1,First Class,5,152.22,Industrial Parts,South Asia
5,7.8,2.8,1,Standard Class,1,484.85,Electronics,Europe
3,6.3,3.3,1,Second Class,7,35.28,Chemicals,North America
3,6.0,3.0,1,Second Class,9,181.03,Apparel,Europe
5,9.2,4.2,1,Standard Class,6,51.42,Automotive,South Asia
3,5.5,2.5,1,Second Class,2,428.27,Electronics,Latin America
2,4.9,2.9,1,First Class,6,354.48,Electronics,South Asia
5,9.6,4.6,1,Standard Class,9,402.17,Chemicals,East Asia
5,9.6,4.6,1,Standard Class,3,268.37,Industrial Parts,Latin America
5,9.5,4.5,1,Standard Class,9,185.28,Industrial Parts,Europe
3,7.0,4.0,1,Second Class,8,11.11,Apparel,Latin America
3,5.8,2.8,1,Second Class,7,146.18,Automotive,East Asia
5,9.5,4.5,1,Standard Class,8,262.13,Industrial Parts,South Asia
2,4.0,2.0,1,First Class,6,335.54,Industrial Parts,Europe
3,5.4,2.4,1,Second Class,3,122.18,Industrial Parts,North America
1,2.8,1.8,1,Same Day,7,78.06,Electronics,North America
2,4.4,2.4,1,First Class,4,108.79,Industrial Parts,South Asia
1,2.4,1.4,1,Same Day,5,183.5,Chemicals,Europe
2,4.2,2.2,1,First Class,8,82.71,Apparel,Europe
5,9.6,4.6,1,Standard Class,7,86.84,Industrial Parts,Latin America
3,6.7,3.7,1,Second Class,7,31.44,Automotive,South Asia
5,9.3,4.3,1,Standard Class,8,429.8,Electronics,Latin America
5,8.9,3.9,1,Standard Class,3,117.68,Chemicals,South Asia
5,9.2,4.2,1,Standard Class,3,412.73,Apparel,East Asia
3,5.6,2.6,1,Second Class,2,224.77,Electronics,South Asia
3,5.7,2.7,1,Second Class,1,319.89,Chemicals,Latin America
5,8.9,3.9,1,Standard Class,6,47.09,Electronics,Europe
5,9.5,4.5,1,Standard Class,6,295.95,Apparel,South Asia
5,8.6,3.6,1,Standard Class,8,152.1,Apparel,Europe
2,4.1,2.1,1,First Class,6,56.65,Industrial Parts,East Asia
5,8.8,3.8,1,Standard Class,6,455.03,Automotive,North America
3,4.4,1.4,1,Second Class,1,305.78,Industrial Parts,North America
5,9.2,4.2,1,Standard Class,7,128.44,Electronics,Latin America
5,9.7,4.7,1,Standard Class,7,215.63,Industrial Parts,South Asia
5,9.2,4.2,1,Standard Class,9,184.88,Apparel,East Asia
5,8.9,3.9,1,Standard Class,7,353.28,Apparel,East Asia
1,2.6,1.6,1,Same Day,8,307.64,Apparel,Europe
5,8.2,3.2,1,Standard Class,4,19.69,Industrial Parts,Latin America
5,9.0,4.0,1,Standard Class,9,106.94,Chemicals,East Asia
5,9.0,4.0,1,Standard Class,1,244.28,Industrial Parts,South Asia
5,9.5,4.5,1,Standard Class,8,228.29,Industrial Parts,East Asia
5,8.7,3.7,1,Standard Class,3,263.17,Industrial Parts,North America
5,8.9,3.9,1,Standard Class,1,360.26,Industrial Parts,Latin America
2,3.4,1.4,1,First Class,2,344.18,Apparel,Europe
2,4.9,2.9,1,First Class,6,192.68,Automotive,South Asia
5,9.0,4.0,1,Standard Class,5,440.01,Industrial Parts,North America
5,8.6,3.6,1,Standard Class,3,40.84,Industrial Parts,East Asia
1,3.8,2.8,1,Same Day,9,296.41,Automotive,Latin America
5,9.9,4.9,1,Standard Class,8,475.35,Industrial Parts,Latin America
5,9.3,4.3,1,Standard Class,3,279.05,Automotive,South Asia
5,8.2,3.2,1,Standard Class,2,233.0,Apparel,Europe
5,9.3,4.3,1,Standard Class,8,75.62,Chemicals,North America
3,5.3,2.3,1,Second Class,5,406.99,Industrial Parts,Europe
5,9.6,4.6,1,Standard Class,9,193.16,Chemicals,South Asia
3,5.1,2.1,1,Second Class,1,353.61,Industrial Parts,South Asia
5,8.5,3.5,1,Standard Class,3,106.8,Electronics,North America
5,9.7,4.7,1,Standard Class,5,30.51,Electronics,Latin America
3,5.8,2.8,1,Second Class,2,159.68,Apparel,Latin America
5,8.8,3.8,1,Standard Class,3,147.89,Chemicals,North America
2,3.3,1.3,1,First Class,4,438.0,Chemicals,Europe
5,8.8,3.8,1,Standard Class,4,433.69,Automotive,North America
3,7.3,4.3,1,Second Class,9,271.61,Automotive,Latin America
5,8.5,3.5,1,Standard Class,1,19.31,Industrial Parts,Europe
3,6.1,3.1,1,Second Class,9,121.88,Automotive,East Asia
5,8.9,3.9,1,Standard Class,9,323.12,Automotive,Europe
3,5.9,2.9,1,Second Class,6,59.69,Chemicals,Latin America
5,9.0,4.0,1,Standard Class,1,353.3,Electronics,South Asia
3,5.9,2.9,1,Second Class,6,15.86,Chemicals,Europe
5,9.8,4.8,1,Standard Class,8,344.44,Automotive,Europe
1,2.9,1.9,1,Same Day,5,423.82,Industrial Parts,South Asia
5,8.9,3.9,1,Standard Class,5,239.92,Electronics,Latin America
5,8.2,3.2,1,Standard Class,1,416.25,Automotive,East Asia
5,8.3,3.3,1,Standard Class,1,392.95,Automotive,East Asia
5,9.2,4.2,1,Standard Class,8,339.0,Industrial Parts,North America
5,8.8,3.8,1,Standard Class,5,228.12,Industrial Parts,East Asia
1,2.9,1.9,1,Same Day,8,143.23,Automotive,East Asia
1,1.2,0.2,0,Same Day,2,431.82,Automotive,Europe
5,8.5,3.5,1,Standard Class,4,327.81,Chemicals,North America
1,3.3,2.3,1,Same Day,9,401.03,Apparel,East Asia
2,3.9,1.9,1,First Class,3,280.46,Industrial Parts,Europe
5,8.6,3.6,1,Standard Class,6,94.21,Industrial Parts,North America
3,5.6,2.6,1,Second Class,7,489.92,Chemicals,Europe
2,4.2,2.2,1,First Class,3,99.54,Electronics,South Asia
1,2.8,1.8,1,Same Day,1,456.51,Electronics,Latin America
5,8.9,3.9,1,Standard Class,2,111.99,Electronics,Latin America
2,4.6,2.6,1,First Class,7,193.14,Industrial Parts,Latin America
5,8.9,3.9,1,Standard Class,7,225.64,Apparel,East Asia
5,9.0,4.0,1,Standard Class,1,461.47,Apparel,Latin America
5,9.5,4.5,1,Standard Class,7,445.22,Chemicals,Latin America
1,2.9,1.9,1,Same Day,6,413.38,Electronics,North America
3,5.9,2.9,1,Second Class,6,194.57,Electronics,North America
3,6.0,3.0,1,Second Class,7,12.2,Automotive,North America
2,3.8,1.8,1,First Class,7,343.98,Chemicals,East Asia
5,8.5,3.5,1,Standard Class,1,211.37,Chemicals,Latin America
5,8.7,3.7,1,Standard Class,5,380.96,Industrial Parts,East Asia
5,9.3,4.3,1,Standard Class,8,399.48,Industrial Parts,East Asia
5,9.6,4.6,1,Standard Class,8,225.46,Chemicals,East Asia
3,5.6,2.6,1,Second Class,3,376.57,Apparel,East Asia
2,3.3,1.3,1,First Class,3,421.57,Chemicals,East Asia
5,8.5,3.5,1,Standard Class,7,464.95,Apparel,East Asia
5,9.0,4.0,1,Standard Class,4,295.4,Industrial Parts,Latin America
5,9.0,4.0,1,Standard Class,6,391.45,Chemicals,North America
5,9.5,4.5,1,Standard Class,9,252.34,Apparel,Europe
1,2.4,1.4,1,Same Day,2,30.41,Automotive,Europe
2,3.7,1.7,1,First Class,2,86.06,Automotive,Europe
3,6.6,3.6,1,Second Class,6,72.83,Chemicals,South Asia
5,8.4,3.4,1,Standard Class,3,94.17,Electronics,North America
5,8.8,3.8,1,Standard Class,1,15.0,Chemicals,Latin America
5,8.6,3.6,1,Standard Class,2,430.77,Industrial Parts,East Asia
3,6.3,3.3,1,Second Class,7,284.47,Industrial Parts,Europe
3,5.2,2.2,1,Second Class,4,197.74,Automotive,North America
5,9.1,4.1,1,Standard Class,2,210.79,Apparel,Latin America
2,4.4,2.4,1,First Class,8,237.04,Automotive,Europe
5,8.5,3.5,1,Standard Class,4,46.2,Apparel,North America
2,4.5,2.5,1,First Class,4,144.59,Chemicals,Latin America
1,1.3,0.3,0,Same Day,2,427.3,Electronics,North America
2,3.8,1.8,1,First Class,1,374.4,Industrial Parts,East Asia
2,3.5,1.5,1,First Class,1,286.07,Chemicals,North America
5,8.5,3.5,1,Standard Class,3,245.54,Automotive,North America
5,9.4,4.4,1,Standard Class,6,136.9,Chemicals,South Asia
5,9.1,4.1,1,Standard Class,7,240.91,Electronics,East Asia
5,9.2,4.2,1,Standard Class,9,302.95,Apparel,North America
3,5.6,2.6,1,Second Class,5,359.19,Electronics,East Asia
3,6.5,3.5,1,Second Class,9,91.65,Automotive,North America
5,9.1,4.1,1,Standard Class,8,408.42,Electronics,East Asia
3,5.8,2.8,1,Second Class,1,179.45,Industrial Parts,Latin America
5,8.5,3.5,1,Standard Class,3,256.6,Electronics,Europe
5,10.2,5.2,1,Standard Class,8,307.87,Chemicals,South Asia
5,9.9,4.9,1,Standard Class,9,249.17,Apparel,Europe
5,8.4,3.4,1,Standard Class,4,290.26,Industrial Parts,North America
5,8.4,3.4,1,Standard Class,6,64.65,Industrial Parts,North America
5,9.2,4.2,1,Standard Class,4,221.76,Industrial Parts,Latin America
5,9.5,4.5,1,Standard Class,9,147.43,Automotive,North America
1,1.5,0.5,0,Same Day,2,52.15,Automotive,East Asia
5,9.5,4.5,1,Standard Class,6,103.91,Chemicals,Europe
5,8.4,3.4,1,Standard Class,3,305.2,Apparel,North America
5,9.4,4.4,1,Standard Class,4,106.38,Electronics,Latin America
2,3.6,1.6,1,First Class,2,98.72,Chemicals,South Asia
5,8.9,3.9,1,Standard Class,8,280.89,Automotive,Europe
3,6.9,3.9,1,Second Class,8,453.3,Chemicals,Latin America
2,3.4,1.4,1,First Class,1,396.46,Apparel,Latin America
2,4.1,2.1,1,First Class,6,453.49,Chemicals,Europe
2,3.4,1.4,1,First Class,1,295.66,Industrial Parts,Latin America
5,9.5,4.5,1,Standard Class,6,210.87,Electronics,South Asia
5,9.7,4.7,1,Standard Class,7,367.52,Automotive,South Asia
5,8.4,3.4,1,Standard Class,2,138.07,Automotive,North America
2,4.2,2.2,1,First Class,9,48.25,Apparel,East Asia
5,9.5,4.5,1,Standard Class,8,178.86,Apparel,North America
5,9.7,4.7,1,Standard Class,9,156.63,Apparel,East Asia
1,2.5,1.5,1,Same Day,4,341.01,Automotive,Europe
5,9.0,4.0,1,Standard Class,4,280.17,Industrial Parts,Latin America
3,5.8,2.8,1,Second Class,8,77.75,Electronics,North America
3,5.6,2.6,1,Second Class,1,455.17,Apparel,Latin America
5,9.4,4.4,1,Standard Class,8,300.74,Automotive,North America
5,9.3,4.3,1,Standard Class,7,234.27,Industrial Parts,North America
5,10.2,5.2,1,Standard Class,7,469.23,Apparel,South Asia
2,4.4,2.4,1,First Class,9,57.68,Apparel,East Asia
2,4.7,2.7,1,First Class,7,396.9,Electronics,Europe
3,5.9,2.9,1,Second Class,2,188.69,Electronics,Latin America
1,2.0,1.0,1,Same Day,1,350.74,Chemicals,North America
2,3.7,1.7,1,First Class,1,466.06,Apparel,Latin America
5,9.6,4.6,1,Standard Class,7,263.68,Chemicals,South Asia
5,8.7,3.7,1,Standard Class,5,21.09,Automotive,Europe
3,5.6,2.6,1,Second Class,4,24.14,Electronics,East Asia
5,9.1,4.1,1,Standard Class,5,171.97,Industrial Parts,East Asia
5,8.9,3.9,1,Standard Class,6,393.01,Apparel,North America
3,5.7,2.7,1,Second Class,6,151.25,Apparel,Europe
5,7.9,2.9,1,Standard Class,1,173.89,Chemicals,East Asia
1,2.0,1.0,1,Same Day,2,394.39,Electronics,Europe
2,3.6,1.6,1,First Class,3,66.93,Chemicals,Latin America
5,9.4,4.4,1,Standard Class,4,424.94,Apparel,South Asia
1,2.5,1.5,1,Same Day,6,140.24,Electronics,Europe
5,9.4,4.4,1,Standard Class,9,35.1,Apparel,Europe
5,8.8,3.8,1,Standard Class,2,67.5,Electronics,East Asia
5,9.8,4.8,1,Standard Class,8,476.75,Apparel,North America
5,8.8,3.8,1,Standard Class,9,231.15,Industrial Parts,North America
5,8.4,3.4,1,Standard Class,2,135.65,Chemicals,Latin America
5,9.6,4.6,1,Standard Class,9,265.42,Electronics,East Asia
5,9.7,4.7,1,Standard Class,7,344.35,Chemicals,East Asia
5,9.6,4.6,1,Standard Class,9,166.21,Electronics,South Asia
3,5.9,2.9,1,Second Class,6,365.38,Electronics,North America
3,4.7,1.7,1,Second Class,2,133.6,Electronics,East Asia
5,9.2,4.2,1,Standard Class,8,65.05,Apparel,Latin America
5,10.6,5.6,1,Standard Class,9,279.36,Automotive,South Asia
5,9.4,4.4,1,Standard Class,8,84.05,Apparel,North America
5,7.9,2.9,1,Standard Class,2,470.84,Automotive,North America
3,6.0,3.0,1,Second Class,8,10.22,Apparel,North America
3,5.7,2.7,1,Second Class,3,380.29,Automotive,South Asia
5,8.9,3.9,1,Standard Class,3,146.94,Electronics,Latin America
5,9.8,4.8,1,Standard Class,9,424.58,Electronics,Latin America
5,9.5,4.5,1,Standard Class,9,39.47,Automotive,East Asia
2,4.5,2.5,1,First Class,9,476.97,Automotive,East Asia
5,8.5,3.5,1,Standard Class,4,59.68,Chemicals,North America
1,2.4,1.4,1,Same Day,7,396.06,Electronics,Europe
3,6.2,3.2,1,Second Class,8,263.5,Apparel,East Asia
5,9.1,4.1,1,Standard Class,5,220.89,Chemicals,Latin America
2,3.0,1.0,1,First Class,1,147.28,Automotive,North America
1,3.4,2.4,1,Same Day,9,422.27,Apparel,Latin America
2,3.9,1.9,1,First Class,6,107.88,Industrial Parts,North America
5,9.0,4.0,1,Standard Class,3,363.41,Industrial Parts,South Asia
5,8.9,3.9,1,Standard Class,3,228.44,Industrial Parts,East Asia
3,5.8,2.8,1,Second Class,1,499.26,Apparel,South Asia
2,4.8,2.8,1,First Class,8,309.59,Automotive,East Asia
2,3.7,1.7,1,First Class,2,61.05,Apparel,Latin America
3,5.7,2.7,1,Second Class,1,215.57,Chemicals,Latin America
3,6.4,3.4,1,Second Class,7,42.49,Chemicals,Europe
1,3.1,2.1,1,Same Day,9,149.97,Industrial Parts,Latin America
5,8.9,3.9,1,Standard Class,6,178.23,Automotive,North America
2,4.6,2.6,1,First Class,8,428.06,Chemicals,Europe
3,6.3,3.3,1,Second Class,8,420.61,Electronics,North America
3,6.2,3.2,1,Second Class,9,15.66,Electronics,Europe
2,3.6,1.6,1,First Class,7,270.82,Industrial Parts,North America
5,9.1,4.1,1,Standard Class,9,119.54,Industrial Parts,Europe
3,6.1,3.1,1,Second Class,9,166.85,Industrial Parts,East Asia
3,4.8,1.8,1,Second Class,1,20.61,Chemicals,East Asia
5,8.8,3.8,1,Standard Class,6,377.38,Automotive,Europe
5,9.3,4.3,1,Standard Class,8,475.79,Industrial Parts,South Asia
5,9.0,4.0,1,Standard Class,9,117.44,Apparel,Europe
5,9.0,4.0,1,Standard Class,4,177.47,Industrial Parts,South Asia
5,8.4,3.4,1,Standard Class,2,111.15,Chemicals,North America
5,9.3,4.3,1,Standard Class,9,465.72,Automotive,Europe
2,4.9,2.9,1,First Class,9,14.58,Industrial Parts,South Asia
2,4.2,2.2,1,First Class,8,296.09,Electronics,Europe
2,2.9,0.9,1,First Class,3,436.67,Industrial Parts,East Asia
3,6.0,3.0,1,Second Class,5,101.29,Industrial Parts,East Asia
5,8.6,3.6,1,Standard Class,2,299.1,Automotive,Europe
5,8.6,3.6,1,Standard Class,3,34.82,Apparel,Europe
3,5.4,2.4,1,Second Class,1,409.15,Industrial Parts,Latin America
5,9.1,4.1,1,Standard Class,4,144.47,Industrial Parts,East Asia
1,2.0,1.0,1,Same Day,5,494.49,Chemicals,North America
3,5.5,2.5,1,Second Class,2,461.78,Automotive,Europe
2,3.7,1.7,1,First Class,3,368.93,Chemicals,Latin America
1,2.8,1.8,1,Same Day,6,253.45,Industrial Parts,Europe
5,9.1,4.1,1,Standard Class,6,385.63,Industrial Parts,East Asia
5,10.0,5.0,1,Standard Class,7,74.0,Electronics,South Asia
2,5.0,3.0,1,First Class,9,162.0,Chemicals,South Asia
5,8.8,3.8,1,Standard Class,4,23.18,Automotive,East Asia
1,2.3,1.3,1,Same Day,5,326.06,Industrial Parts,North America
5,8.6,3.6,1,Standard Class,2,404.71,Electronics,Latin America
2,4.2,2.2,1,First Class,6,473.68,Electronics,Europe
2,3.5,1.5,1,First Class,4,346.39,Apparel,Europe
2,3.8,1.8,1,First Class,5,368.72,Automotive,Europe
5,9.2,4.2,1,Standard Class,7,448.77,Electronics,Latin America
5,9.4,4.4,1,Standard Class,6,468.83,Automotive,Latin America
3,6.2,3.2,1,Second Class,8,250.74,Industrial Parts,East Asia
5,10.0,5.0,1,Standard Class,6,63.8,Apparel,Latin America
3,6.1,3.1,1,Second Class,8,238.54,Automotive,Europe
2,3.5,1.5,1,First Class,4,282.48,Apparel,Europe
3,6.2,3.2,1,Second Class,7,319.46,Automotive,Latin America
3,5.6,2.6,1,Second Class,3,494.75,Automotive,Latin America
5,8.8,3.8,1,Standard Class,1,459.61,Chemicals,East Asia
2,4.6,2.6,1,First Class,9,204.22,Apparel,South Asia
3,6.6,3.6,1,Second Class,9,65.59,Automotive,Latin America
5,10.0,5.0,1,Standard Class,6,115.25,Chemicals,South Asia
1,2.2,1.2,1,Same Day,2,95.16,Chemicals,North America
5,10.6,5.6,1,Standard Class,8,184.45,Apparel,South Asia
5,9.8,4.8,1,Standard Class,6,439.48,Industrial Parts,Latin America
5,9.2,4.2,1,Standard Class,7,224.6,Apparel,Europe
1,1.9,0.9,1,Same Day,1,287.97,Automotive,Europe
5,8.7,3.7,1,Standard Class,3,97.79,Industrial Parts,Latin America
3,5.0,2.0,1,Second Class,1,251.5,Apparel,East Asia
3,5.2,2.2,1,Second Class,1,438.08,Apparel,Latin America
5,9.2,4.2,1,Standard Class,1,389.0,Apparel,Latin America
5,8.3,3.3,1,Standard Class,4,49.78,Apparel,East Asia
3,5.9,2.9,1,Second Class,7,432.42,Industrial Parts,East Asia
5,8.8,3.8,1,Standard Class,7,144.18,Automotive,North America
3,6.0,3.0,1,Second Class,5,336.2,Chemicals,North America
5,9.1,4.1,1,Standard Class,6,81.73,Apparel,North America
5,8.4,3.4,1,Standard Class,2,340.58,Chemicals,East Asia
3,5.9,2.9,1,Second Class,5,27.49,Chemicals,South Asia
5,10.1,5.1,1,Standard Class,7,304.32,Chemicals,Latin America
5,9.2,4.2,1,Standard Class,9,326.51,Apparel,North America
5,9.4,4.4,1,Standard Class,6,129.8,Apparel,South Asia
5,9.2,4.2,1,Standard Class,4,469.12,Apparel,Latin America
2,4.2,2.2,1,First Class,3,32.53,Apparel,South Asia
3,6.2,3.2,1,Second Class,9,446.94,Electronics,Europe
5,9.6,4.6,1,Standard Class,7,197.13,Automotive,Europe
2,4.4,2.4,1,First Class,6,359.82,Electronics,Latin America
2,5.1,3.1,1,First Class,7,329.26,Industrial Parts,South Asia
5,9.6,4.6,1,Standard Class,8,92.44,Electronics,South Asia
5,9.0,4.0,1,Standard Class,5,166.31,Electronics,East Asia
1,1.8,0.8,1,Same Day,3,269.54,Electronics,North America
3,5.8,2.8,1,Second Class,3,424.79,Automotive,Latin America
2,3.5,1.5,1,First Class,2,477.88,Chemicals,South Asia
2,4.6,2.6,1,First Class,8,20.09,Industrial Parts,North America
5,9.1,4.1,1,Standard Class,1,182.75,Industrial Parts,Latin America
2,5.1,3.1,1,First Class,8,337.39,Automotive,South Asia
2,3.7,1.7,1,First Class,3,268.59,Electronics,Europe
2,5.7,3.7,1,First Class,9,472.08,Chemicals,South Asia
5,8.5,3.5,1,Standard Class,2,18.32,Apparel,Europe
5,10.0,5.0,1,Standard Class,9,224.49,Automotive,Europe
5,9.0,4.0,1,Standard Class,6,337.71,Chemicals,East Asia
1,1.9,0.9,1,Same Day,1,116.62,Automotive,East Asia
5,9.1,4.1,1,Standard Class,5,365.68,Automotive,North America
5,9.4,4.4,1,Standard Class,9,49.8,Apparel,Latin America
5,9.0,4.0,1,Standard Class,6,231.01,Chemicals,North America
5,9.1,4.1,1,Standard Class,7,341.36,Electronics,East Asia
3,5.5,2.5,1,Second Class,4,140.71,Chemicals,North America
2,3.4,1.4,1,First Class,1,46.18,Chemicals,Latin America
2,4.3,2.3,1,First Class,5,478.94,Electronics,Latin America
5,9.1,4.1,1,Standard Class,2,457.77,Apparel,South Asia
3,5.8,2.8,1,Second Class,8,463.92,Chemicals,North America
5,8.7,3.7,1,Standard Class,4,489.47,Electronics,East Asia
5,8.7,3.7,1,Standard Class,1,100.5,Automotive,South Asia
5,9.5,4.5,1,Standard Class,7,87.31,Automotive,North America
5,9.1,4.1,1,Standard Class,2,26.77,Electronics,Latin America
5,8.3,3.3,1,Standard Class,3,446.99,Automotive,East Asia
2,4.6,2.6,1,First Class,9,378.85,Chemicals,North America
2,4.8,2.8,1,First Class,9,320.3,Electronics,Latin America
3,5.7,2.7,1,Second Class,2,464.56,Chemicals,Latin America
5,8.3,3.3,1,Standard Class,3,291.79,Industrial Parts,North America
5,9.5,4.5,1,Standard Class,9,73.57,Apparel,North America
5,8.5,3.5,1,Standard Class,1,96.66,Apparel,East Asia
1,2.3,1.3,1,Same Day,2,74.77,Apparel,South Asia
2,4.3,2.3,1,First Class,2,160.75,Electronics,Latin America
3,6.2,3.2,1,Second Class,3,195.95,Industrial Parts,South Asia
5,8.9,3.9,1,Standard Class,3,400.45,Apparel,South Asia
2,3.9,1.9,1,First Class,2,103.71,Chemicals,Latin America
5,8.9,3.9,1,Standard Class,8,365.43,Apparel,North America
2,4.4,2.4,1,First Class,8,250.7,Industrial Parts,Latin America
1,2.8,1.8,1,Same Day,8,499.83,Chemicals,South Asia
1,1.4,0.4,0,Same Day,2,390.53,Chemicals,East Asia
2,4.7,2.7,1,First Class,9,484.79,Electronics,Latin America
5,9.1,4.1,1,Standard Class,7,177.75,Electronics,East Asia
1,2.4,1.4,1,Same Day,5,70.29,Automotive,North America
2,3.8,1.8,1,First Class,7,257.89,Industrial Parts,North America
5,9.6,4.6,1,Standard Class,8,70.88,Chemicals,East Asia
5,9.4,4.4,1,Standard Class,9,251.3,Industrial Parts,East Asia
5,9.0,4.0,1,Standard Class,2,142.27,Apparel,Latin America
5,8.0,3.0,1,Standard Class,6,250.61,Apparel,North America
5,9.5,4.5,1,Standard Class,9,475.32,Automotive,East Asia
2,4.1,2.1,1,First Class,6,151.63,Chemicals,Europe
5,8.2,3.2,1,Standard Class,2,496.78,Chemicals,Latin America
5,8.7,3.7,1,Standard Class,1,122.37,Automotive,Latin America
2,3.2,1.2,1,First Class,3,111.97,Apparel,Europe
3,6.1,3.1,1,Second Class,5,276.95,Chemicals,North America
2,3.7,1.7,1,First Class,7,422.6,Industrial Parts,East Asia
5,9.2,4.2,1,Standard Class,3,377.26,Chemicals,East Asia
1,3.3,2.3,1,Same Day,9,364.53,Apparel,North America
1,2.2,1.2,1,Same Day,4,148.49,Chemicals,Europe
5,8.0,3.0,1,Standard Class,2,21.03,Chemicals,Europe
5,8.4,3.4,1,Standard Class,3,89.26,Electronics,Europe
3,6.3,3.3,1,Second Class,5,181.24,Chemicals,Latin America
3,5.4,2.4,1,Second Class,3,486.13,Automotive,East Asia
1,2.5,1.5,1,Same Day,5,460.69,Automotive,South Asia
3,6.3,3.3,1,Second Class,4,108.32,Industrial Parts,Latin America
2,3.9,1.9,1,First Class,3,365.56,Chemicals,Latin America
2,4.0,2.0,1,First Class,6,293.72,Industrial Parts,East Asia
5,9.6,4.6,1,Standard Class,8,34.42,Apparel,North America
5,9.0,4.0,1,Standard Class,4,192.14,Apparel,East Asia
5,9.8,4.8,1,Standard Class,9,248.18,Electronics,North America
2,4.1,2.1,1,First Class,6,337.11,Electronics,East Asia
2,4.0,2.0,1,First Class,5,154.5,Chemicals,Latin America
3,5.3,2.3,1,Second Class,3,467.57,Chemicals,Europe
5,9.7,4.7,1,Standard Class,5,231.42,Industrial Parts,Latin America
2,3.8,1.8,1,First Class,5,131.78,Industrial Parts,Latin America
5,8.9,3.9,1,Standard Class,4,165.05,Chemicals,South Asia
5,9.6,4.6,1,Standard Class,6,378.42,Chemicals,Latin America
3,5.8,2.8,1,Second Class,3,323.74,Electronics,Latin America
2,3.1,1.1,1,First Class,1,373.67,Electronics,Latin America
1,3.4,2.4,1,Same Day,7,153.25,Electronics,South Asia
5,9.3,4.3,1,Standard Class,7,170.16,Chemicals,North America
5,10.1,5.1,1,Standard Class,4,204.39,Industrial Parts,South Asia
5,9.5,4.5,1,Standard Class,9,102.41,Automotive,Europe
5,9.0,4.0,1,Standard Class,2,348.61,Automotive,North America
3,5.9,2.9,1,Second Class,1,171.38,Industrial Parts,South Asia
2,2.9,0.9,1,First Class,3,169.86,Industrial Parts,Europe
3,6.0,3.0,1,Second Class,7,141.99,Industrial Parts,Europe
5,9.4,4.4,1,Standard Class,9,231.89,Electronics,East Asia
3,5.2,2.2,1,Second Class,2,388.27,Apparel,East Asia
5,9.2,4.2,1,Standard Class,6,419.45,Chemicals,Latin America
3,5.6,2.6,1,Second Class,3,404.21,Electronics,North America
5,9.3,4.3,1,Standard Class,5,314.38,Automotive,South Asia
5,10.3,5.3,1,Standard Class,9,147.41,Chemicals,Latin America
2,3.8,1.8,1,First Class,3,370.08,Industrial Parts,North America
1,1.6,0.6,1,Same Day,1,29.29,Automotive,East Asia
5,9.2,4.2,1,Standard Class,5,401.09,Industrial Parts,South Asia
5,8.1,3.1,1,Standard Class,1,392.31,Industrial Parts,Europe
3,6.1,3.1,1,Second Class,8,338.3,Industrial Parts,Europe
5,9.7,4.7,1,Standard Class,7,57.98,Chemicals,Latin America
5,8.7,3.7,1,Standard Class,2,498.7,Automotive,Latin America
5,9.9,4.9,1,Standard Class,9,380.64,Automotive,South Asia
5,8.9,3.9,1,Standard Class,5,370.06,Industrial Parts,Europe
1,3.4,2.4,1,Same Day,7,41.36,Electronics,Latin America
3,5.6,2.6,1,Second Class,4,205.37,Apparel,Europe
2,3.1,1.1,1,First Class,1,52.22,Electronics,East Asia
1,3.3,2.3,1,Same Day,8,186.91,Chemicals,Latin America
5,7.7,2.7,1,Standard Class,1,289.54,Apparel,North America
5,9.0,4.0,1,Standard Class,3,440.65,Electronics,Latin America
5,8.6,3.6,1,Standard Class,6,148.64,Automotive,East Asia
5,9.7,4.7,1,Standard Class,8,315.47,Electronics,South Asia
5,9.0,4.0,1,Standard Class,8,90.68,Industrial Parts,Europe
1,2.1,1.1,1,Same Day,2,183.44,Chemicals,South Asia
3,6.4,3.4,1,Second Class,9,474.15,Electronics,Latin America
5,9.4,4.4,1,Standard Class,4,376.34,Electronics,North America
2,4.1,2.1,1,First Class,4,277.44,Apparel,South Asia
3,5.6,2.6,1,Second Class,2,133.33,Industrial Parts,North America
1,2.4,1.4,1,Same Day,1,196.06,Apparel,Latin America
3,6.2,3.2,1,Second Class,7,86.78,Chemicals,North America
2,3.6,1.6,1,First Class,3,183.2,Chemicals,North America
3,6.1,3.1,1,Second Class,4,83.81,Industrial Parts,East Asia
2,5.0,3.0,1,First Class,9,399.7,Apparel,South Asia
2,3.8,1.8,1,First Class,6,49.57,Industrial Parts,Latin America
5,8.2,3.2,1,Standard Class,1,102.81,Apparel,East Asia
5,9.1,4.1,1,Standard Class,9,348.67,Automotive,North America
2,3.9,1.9,1,First Class,9,452.23,Industrial Parts,East Asia
5,9.0,4.0,1,Standard Class,5,482.65,Chemicals,East Asia
5,8.7,3.7,1,Standard Class,8,419.65,Apparel,North America
3,6.5,3.5,1,Second Class,7,113.62,Automotive,Latin America
5,8.8,3.8,1,Standard Class,8,150.0,Chemicals,Europe
2,4.3,2.3,1,First Class,9,436.67,Apparel,East Asia
2,4.1,2.1,1,First Class,2,445.77,Automotive,South Asia
1,2.1,1.1,1,Same Day,5,323.92,Chemicals,North America
5,8.9,3.9,1,Standard Class,8,163.68,Chemicals,Europe
5,8.4,3.4,1,Standard Class,3,119.79,Automotive,East Asia
2,4.1,2.1,1,First Class,6,427.62,Chemicals,North America
3,5.9,2.9,1,Second Class,6,110.57,Apparel,North America
1,2.6,1.6,1,Same Day,7,334.28,Apparel,East Asia
5,8.9,3.9,1,Standard Class,3,484.3,Chemicals,South Asia
5,9.2,4.2,1,Standard Class,8,355.59,Electronics,North America
1,3.0,2.0,1,Same Day,8,136.26,Automotive,North America
5,9.4,4.4,1,Standard Class,9,148.43,Electronics,East Asia
2,4.3,2.3,1,First Class,8,55.52,Apparel,Europe
5,8.4,3.4,1,Standard Class,3,346.26,Chemicals,North America
5,8.7,3.7,1,Standard Class,6,264.03,Industrial Parts,North America
5,10.1,5.1,1,Standard Class,9,111.17,Industrial Parts,East Asia
5,8.5,3.5,1,Standard Class,1,121.56,Electronics,North America
2,3.5,1.5,1,First Class,3,14.42,Electronics,East Asia
1,2.4,1.4,1,Same Day,2,489.43,Electronics,South Asia
5,9.7,4.7,1,Standard Class,8,415.73,Apparel,East Asia
3,5.6,2.6,1,Second Class,6,203.14,Apparel,Europe
5,9.5,4.5,1,Standard Class,8,473.58,Chemicals,North America
2,3.9,1.9,1,First Class,2,341.79,Apparel,South Asia
5,8.9,3.9,1,Standard Class,6,378.22,Chemicals,North America
1,2.5,1.5,1,Same Day,7,343.18,Chemicals,North America
3,6.5,3.5,1,Second Class,8,380.86,Electronics,East Asia
2,3.8,1.8,1,First Class,9,93.76,Industrial Parts,North America
3,6.7,3.7,1,Second Class,5,285.58,Electronics,South Asia
2,4.2,2.2,1,First Class,3,426.19,Apparel,Latin America
1,1.9,0.9,1,Same Day,2,19.58,Automotive,North America
3,6.0,3.0,1,Second Class,8,70.49,Apparel,East Asia
1,1.7,0.7,1,Same Day,1,130.36,Industrial Parts,Europe
2,4.0,2.0,1,First Class,6,154.42,Apparel,North America
5,8.8,3.8,1,Standard Class,2,99.52,Industrial Parts,East Asia
2,3.6,1.6,1,First Class,3,315.92,Automotive,North America
5,9.9,4.9,1,Standard Class,8,154.07,Automotive,Latin America
2,3.6,1.6,1,First Class,1,87.47,Chemicals,Latin America
5,9.0,4.0,1,Standard Class,6,453.85,Apparel,South Asia
2,3.4,1.4,1,First Class,3,350.57,Chemicals,Latin America
5,9.3,4.3,1,Standard Class,6,130.57,Electronics,East Asia
5,9.2,4.2,1,Standard Class,3,186.87,Electronics,Latin America
5,9.5,4.5,1,Standard Class,8,372.98,Electronics,East Asia
1,2.5,1.5,1,Same Day,5,397.55,Electronics,North America
5,9.4,4.4,1,Standard Class,4,96.45,Electronics,South Asia
5,10.3,5.3,1,Standard Class,9,468.92,Apparel,South Asia
3,5.9,2.9,1,Second Class,5,394.78,Chemicals,Latin America
2,3.8,1.8,1,First Class,4,429.84,Chemicals,Europe
5,9.9,4.9,1,Standard Class,8,80.49,Industrial Parts,Latin America
5,9.7,4.7,1,Standard Class,8,80.25,Electronics,Europe
5,8.7,3.7,1,Standard Class,8,159.63,Automotive,Latin America
1,2.9,1.9,1,Same Day,4,41.68,Industrial Parts,East Asia
5,8.5,3.5,1,Standard Class,1,54.62,Industrial Parts,East Asia
5,8.5,3.5,1,Standard Class,2,80.17,Apparel,Europe
5,9.0,4.0,1,Standard Class,4,359.09,Industrial Parts,South Asia
5,8.3,3.3,1,Standard Class,2,24.81,Automotive,Europe
3,5.5,2.5,1,Second Class,3,50.79,Chemicals,North America
5,10.5,5.5,1,Standard Class,9,472.65,Industrial Parts,South Asia
5,9.9,4.9,1,Standard Class,9,50.99,Apparel,Europe
5,9.6,4.6,1,Standard Class,9,273.36,Electronics,North America
5,9.4,4.4,1,Standard Class,7,324.86,Automotive,North America
5,9.2,4.2,1,Standard Class,4,479.71,Electronics,Latin America
3,4.7,1.7,1,Second Class,1,450.9,Industrial Parts,Europe
3,5.1,2.1,1,Second Class,3,225.93,Chemicals,East Asia
1,3.5,2.5,1,Same Day,8,471.66,Apparel,Latin America
3,6.3,3.3,1,Second Class,4,221.81,Automotive,South Asia
2,3.1,1.1,1,First Class,2,338.26,Chemicals,East Asia
5,9.1,4.1,1,Standard Class,8,137.21,Automotive,North America
3,6.7,3.7,1,Second Class,7,321.96,Apparel,South Asia
3,6.6,3.6,1,Second Class,9,273.71,Apparel,Latin America
3,5.0,2.0,1,Second Class,2,307.35,Industrial Parts,North America
2,3.9,1.9,1,First Class,5,344.5,Automotive,North America
5,9.2,4.2,1,Standard Class,6,94.99,Industrial Parts,North America
3,4.9,1.9,1,Second Class,2,157.62,Automotive,East Asia
3,5.6,2.6,1,Second Class,2,370.76,Automotive,Latin America
1,2.8,1.8,1,Same Day,4,90.27,Electronics,Latin America
5,9.8,4.8,1,Standard Class,8,178.68,Industrial Parts,East Asia
5,9.4,4.4,1,Standard Class,5,336.57,Automotive,Latin America
5,9.3,4.3,1,Standard Class,9,469.45,Automotive,North America
3,5.3,2.3,1,Second Class,4,46.9,Apparel,North America
5,8.5,3.5,1,Standard Class,3,263.11,Electronics,North America
5,9.8,4.8,1,Standard Class,8,50.13,Apparel,Latin America
1,1.1,0.1,0,Same Day,1,195.77,Industrial Parts,Europe
5,9.5,4.5,1,Standard Class,9,95.94,Industrial Parts,South Asia
3,4.8,1.8,1,Second Class,4,328.22,Automotive,Europe
5,9.5,4.5,1,Standard Class,9,381.34,Chemicals,East Asia
3,6.4,3.4,1,Second Class,8,131.2,Apparel,Europe
2,3.7,1.7,1,First Class,3,359.31,Industrial Parts,Europe
1,1.6,0.6,1,Same Day,3,228.94,Automotive,East Asia
1,2.6,1.6,1,Same Day,9,148.95,Automotive,Europe
5,8.7,3.7,1,Standard Class,3,266.47,Apparel,South Asia
5,9.2,4.2,1,Standard Class,4,196.03,Automotive,Latin America
5,9.7,4.7,1,Standard Class,9,122.7,Electronics,East Asia
2,3.9,1.9,1,First Class,4,380.85,Chemicals,Europe
3,5.1,2.1,1,Second Class,3,400.79,Apparel,North America
5,9.2,4.2,1,Standard Class,7,402.15,Apparel,North America
2,3.7,1.7,1,First Class,6,197.25,Apparel,East Asia
5,8.3,3.3,1,Standard Class,1,93.07,Automotive,North America
3,6.5,3.5,1,Second Class,8,421.8,Automotive,South Asia
1,1.5,0.5,0,Same Day,1,171.34,Apparel,Europe
5,8.9,3.9,1,Standard Class,4,376.55,Apparel,South Asia
5,8.7,3.7,1,Standard Class,6,410.55,Electronics,South Asia
5,9.4,4.4,1,Standard Class,6,386.39,Industrial Parts,Latin America
2,4.2,2.2,1,First Class,7,201.0,Electronics,Europe
2,3.8,1.8,1,First Class,5,469.63,Apparel,East Asia
5,8.4,3.4,1,Standard Class,5,333.48,Automotive,North America
5,8.5,3.5,1,Standard Class,4,292.12,Automotive,Latin America
5,9.5,4.5,1,Standard Class,6,351.98,Apparel,South Asia
2,3.7,1.7,1,First Class,7,31.92,Industrial Parts,North America
2,3.0,1.0,1,First Class,1,201.35,Chemicals,Europe
5,9.7,4.7,1,Standard Class,9,441.8,Chemicals,South Asia
3,6.2,3.2,1,Second Class,8,88.93,Electronics,South Asia
3,6.3,3.3,1,Second Class,7,213.06,Industrial Parts,Europe
5,9.6,4.6,1,Standard Class,9,208.57,Chemicals,East Asia
5,9.0,4.0,1,Standard Class,3,184.46,Industrial Parts,Latin America
3,5.8,2.8,1,Second Class,4,285.55,Automotive,Europe
1,2.6,1.6,1,Same Day,7,498.14,Automotive,North America
5,8.9,3.9,1,Standard Class,6,135.37,Industrial Parts,North America
5,9.5,4.5,1,Standard Class,2,355.43,Apparel,South Asia
5,9.4,4.4,1,Standard Class,2,381.42,Chemicals,Latin America
2,3.7,1.7,1,First Class,7,296.4,Chemicals,East Asia
5,9.5,4.5,1,Standard Class,9,57.76,Automotive,East Asia
5,9.5,4.5,1,Standard Class,9,290.46,Electronics,North America
2,4.3,2.3,1,First Class,7,477.2,Chemicals,East Asia
2,3.9,1.9,1,First Class,8,177.61,Automotive,North America
5,9.4,4.4,1,Standard Class,3,323.45,Automotive,Latin America
5,8.5,3.5,1,Standard Class,1,480.1,Industrial Parts,South Asia
2,4.0,2.0,1,First Class,7,401.02,Industrial Parts,North America
5,9.4,4.4,1,Standard Class,8,347.27,Industrial Parts,Latin America
5,8.2,3.2,1,Standard Class,2,485.86,Electronics,North America
3,5.9,2.9,1,Second Class,9,93.59,Chemicals,Europe
5,8.4,3.4,1,Standard Class,4,388.65,Electronics,North America
3,7.0,4.0,1,Second Class,9,209.35,Electronics,Latin America
1,2.0,1.0,1,Same Day,3,186.61,Industrial Parts,East Asia
5,9.9,4.9,1,Standard Class,8,265.13,Automotive,North America
5,8.9,3.9,1,Standard Class,2,26.54,Apparel,South Asia
2,3.7,1.7,1,First Class,3,163.14,Automotive,Latin America
3,4.9,1.9,1,Second Class,1,91.45,Automotive,East Asia
1,2.7,1.7,1,Same Day,5,77.96,Automotive,Latin America
3,5.6,2.6,1,Second Class,4,175.3,Automotive,North America
5,8.1,3.1,1,Standard Class,1,403.11,Electronics,Europe
2,4.0,2.0,1,First Class,9,108.54,Industrial Parts,Europe
5,9.8,4.8,1,Standard Class,6,270.39,Industrial Parts,South Asia
5,9.9,4.9,1,Standard Class,6,376.84,Automotive,South Asia
5,8.3,3.3,1,Standard Class,2,128.08,Apparel,East Asia
5,9.6,4.6,1,Standard Class,7,462.86,Chemicals,Europe
3,6.1,3.1,1,Second Class,9,434.58,Automotive,North America
5,9.8,4.8,1,Standard Class,6,133.08,Automotive,Latin America
5,9.5,4.5,1,Standard Class,8,494.92,Apparel,Latin America
5,9.6,4.6,1,Standard Class,5,337.89,Electronics,Europe
3,4.7,1.7,1,Second Class,2,150.19,Automotive,Europe
3,5.6,2.6,1,Second Class,4,343.71,Apparel,Latin America
5,8.9,3.9,1,Standard Class,1,336.46,Electronics,East Asia
5,8.2,3.2,1,Standard Class,1,307.03,Electronics,Latin America
5,9.5,4.5,1,Standard Class,6,358.73,Automotive,South Asia
1,1.7,0.7,1,Same Day,2,141.47,Electronics,North America
2,3.9,1.9,1,First Class,6,489.7,Automotive,Europe
2,3.2,1.2,1,First Class,1,430.37,Automotive,Europe
2,3.4,1.4,1,First Class,3,375.41,Industrial Parts,East Asia
5,10.2,5.2,1,Standard Class,9,22.89,Chemicals,South Asia
3,6.1,3.1,1,Second Class,2,299.29,Chemicals,Latin America
2,4.6,2.6,1,First Class,8,356.18,Industrial Parts,South Asia
5,9.0,4.0,1,Standard Class,6,428.51,Automotive,South Asia
5,8.8,3.8,1,Standard Class,6,473.62,Apparel,East Asia
2,4.1,2.1,1,First Class,7,458.77,Electronics,East Asia
1,2.8,1.8,1,Same Day,5,208.96,Industrial Parts,Latin America
5,9.4,4.4,1,Standard Class,4,449.29,Industrial Parts,Latin America
3,6.4,3.4,1,Second Class,6,10.37,Industrial Parts,North America
3,6.7,3.7,1,Second Class,8,182.22,Industrial Parts,South Asia
5,9.1,4.1,1,Standard Class,4,65.8,Chemicals,Latin America
5,8.6,3.6,1,Standard Class,5,442.7,Automotive,East Asia
5,9.1,4.1,1,Standard Class,7,464.71,Industrial Parts,North America
3,6.1,3.1,1,Second Class,6,135.44,Industrial Parts,North America
5,8.5,3.5,1,Standard Class,4,189.98,Industrial Parts,East Asia
5,9.4,4.4,1,Standard Class,4,492.1,Apparel,Latin America
2,3.3,1.3,1,First Class,4,287.37,Apparel,East Asia
3,5.5,2.5,1,Second Class,1,253.56,Electronics,Latin America
5,8.4,3.4,1,Standard Class,5,255.21,Automotive,East Asia
5,9.1,4.1,1,Standard Class,8,351.13,Industrial Parts,East Asia
5,9.6,4.6,1,Standard Class,7,477.73,Electronics,Europe
2,4.3,2.3,1,First Class,5,189.64,Electronics,Latin America
3,5.9,2.9,1,Second Class,3,94.6,Automotive,South Asia
5,8.3,3.3,1,Standard Class,1,100.66,Apparel,Europe
3,6.1,3.1,1,Second Class,7,19.98,Automotive,Europe
2,3.5,1.5,1,First Class,3,282.15,Electronics,Europe
2,3.7,1.7,1,First Class,4,465.27,Automotive,Europe
2,4.0,2.0,1,First Class,5,359.41,Apparel,South Asia
5,8.9,3.9,1,Standard Class,8,496.55,Electronics,Europe
5,9.9,4.9,1,Standard Class,7,455.67,Automotive,South Asia
2,4.5,2.5,1,First Class,9,251.01,Industrial Parts,South Asia
2,3.6,1.6,1,First Class,3,248.41,Industrial Parts,Europe
2,3.5,1.5,1,First Class,1,317.9,Automotive,North America
5,8.5,3.5,1,Standard Class,1,64.36,Automotive,South Asia
1,1.5,0.5,0,Same Day,1,307.77,Apparel,Europe
2,3.3,1.3,1,First Class,2,237.4,Electronics,East Asia
5,8.1,3.1,1,Standard Class,2,324.94,Automotive,East Asia
5,9.4,4.4,1,Standard Class,7,286.95,Electronics,Latin America
3,6.7,3.7,1,Second Class,9,162.09,Industrial Parts,South Asia
3,6.4,3.4,1,Second Class,8,307.8,Electronics,South Asia
5,8.8,3.8,1,Standard Class,4,189.35,Chemicals,East Asia
3,5.8,2.8,1,Second Class,2,105.36,Apparel,South Asia
5,8.7,3.7,1,Standard Class,3,340.78,Apparel,South Asia
5,9.4,4.4,1,Standard Class,5,160.11,Electronics,East Asia
3,6.2,3.2,1,Second Class,9,445.62,Apparel,Europe
3,6.1,3.1,1,Second Class,8,107.67,Electronics,East Asia
2,3.3,1.3,1,First Class,3,304.07,Electronics,North America
3,6.2,3.2,1,Second Class,9,290.06,Industrial Parts,East Asia
5,8.3,3.3,1,Standard Class,3,106.89,Electronics,East Asia
3,5.7,2.7,1,Second Class,8,225.54,Apparel,Europe
5,8.2,3.2,1,Standard Class,1,341.01,Chemicals,East Asia
5,9.1,4.1,1,Standard Class,4,166.08,Automotive,East Asia
5,8.9,3.9,1,Standard Class,4,65.78,Apparel,Europe
5,9.4,4.4,1,Standard Class,6,311.47,Chemicals,East Asia
5,8.2,3.2,1,Standard Class,2,119.82,Apparel,Europe
5,8.9,3.9,1,Standard Class,7,343.92,Chemicals,North America
5,8.7,3.7,1,Standard Class,5,421.34,Apparel,Europe
5,9.7,4.7,1,Standard Class,6,70.44,Automotive,South Asia
2,4.8,2.8,1,First Class,6,224.43,Industrial Parts,South Asia
5,8.9,3.9,1,Standard Class,6,228.01,Industrial Parts,Europe
5,8.9,3.9,1,Standard Class,8,319.94,Automotive,East Asia
3,6.3,3.3,1,Second Class,4,173.86,Apparel,Latin America
3,6.9,3.9,1,Second Class,8,215.1,Chemicals,Latin America
3,6.4,3.4,1,Second Class,9,15.88,Electronics,North America
5,9.1,4.1,1,Standard Class,4,69.99,Apparel,North America
3,5.0,2.0,1,Second Class,1,289.23,Automotive,Latin America
5,8.8,3.8,1,Standard Class,3,115.79,Industrial Parts,Latin America
5,8.3,3.3,1,Standard Class,1,80.84,Industrial Parts,Europe
5,9.3,4.3,1,Standard Class,7,168.96,Apparel,Latin America
3,5.9,2.9,1,Second Class,1,90.13,Chemicals,South Asia
5,8.3,3.3,1,Standard Class,4,39.21,Automotive,North America
5,8.7,3.7,1,Standard Class,1,149.09,Automotive,North America
5,8.7,3.7,1,Standard Class,2,90.54,Chemicals,South Asia
3,5.5,2.5,1,Second Class,1,401.7,Chemicals,North America
2,4.0,2.0,1,First Class,5,40.7,Apparel,Latin America
5,8.4,3.4,1,Standard Class,7,376.25,Apparel,North America
2,4.1,2.1,1,First Class,3,197.57,Industrial Parts,South Asia
2,4.4,2.4,1,First Class,8,340.91,Industrial Parts,North America
2,3.9,1.9,1,First Class,5,35.82,Chemicals,Latin America
5,9.3,4.3,1,Standard Class,5,461.14,Electronics,Europe
3,6.5,3.5,1,Second Class,5,386.01,Electronics,Latin America
5,9.2,4.2,1,Standard Class,8,78.67,Electronics,North America
2,3.4,1.4,1,First Class,2,117.2,Automotive,East Asia
5,8.4,3.4,1,Standard Class,2,325.56,Apparel,North America
5,9.5,4.5,1,Standard Class,8,461.57,Chemicals,North America
5,10.3,5.3,1,Standard Class,9,228.46,Industrial Parts,South Asia
2,2.8,0.8,1,First Class,2,247.96,Electronics,East Asia
5,9.8,4.8,1,Standard Class,4,126.52,Industrial Parts,South Asia
3,7.0,4.0,1,Second Class,8,197.68,Apparel,South Asia
5,8.6,3.6,1,Standard Class,2,150.15,Chemicals,Latin America
2,4.0,2.0,1,First Class,4,181.78,Electronics,Europe
3,5.6,2.6,1,Second Class,1,20.09,Electronics,North America
2,2.8,0.8,1,First Class,2,30.12,Chemicals,East Asia
3,6.2,3.2,1,Second Class,7,343.54,Industrial Parts,North America
2,4.0,2.0,1,First Class,1,344.08,Apparel,South Asia
5,8.4,3.4,1,Standard Class,1,171.81,Apparel,Europe
3,6.1,3.1,1,Second Class,2,443.88,Apparel,South Asia
5,8.8,3.8,1,Standard Class,4,140.39,Industrial Parts,North America
2,4.7,2.7,1,First Class,7,203.93,Industrial Parts,Latin America
3,4.9,1.9,1,Second Class,4,368.37,Electronics,North America
5,9.2,4.2,1,Standard Class,5,374.35,Industrial Parts,South Asia
5,9.1,4.1,1,Standard Class,4,431.97,Automotive,East Asia
5,8.5,3.5,1,Standard Class,4,24.24,Chemicals,East Asia
3,6.2,3.2,1,Second Class,9,100.04,Industrial Parts,East Asia
1,2.1,1.1,1,Same Day,6,323.88,Apparel,East Asia
2,3.3,1.3,1,First Class,3,175.72,Industrial Parts,East Asia
2,4.0,2.0,1,First Class,6,31.35,Electronics,Europe
1,2.6,1.6,1,Same Day,7,297.37,Chemicals,Europe
5,9.1,4.1,1,Standard Class,7,202.61,Chemicals,Latin America
5,9.1,4.1,1,Standard Class,8,188.41,Apparel,East Asia
3,6.5,3.5,1,Second Class,4,139.54,Chemicals,South Asia
3,5.9,2.9,1,Second Class,1,12.94,Automotive,South Asia
3,5.8,2.8,1,Second Class,6,99.36,Chemicals,North America
5,9.4,4.4,1,Standard Class,8,242.38,Apparel,East Asia
5,9.2,4.2,1,Standard Class,5,145.11,Chemicals,South Asia
5,9.4,4.4,1,Standard Class,3,438.45,Industrial Parts,Latin America
5,9.2,4.2,1,Standard Class,4,80.07,Electronics,South Asia
5,9.4,4.4,1,Standard Class,8,438.92,Industrial Parts,Latin America
3,5.3,2.3,1,Second Class,6,208.36,Automotive,East Asia
5,8.3,3.3,1,Standard Class,5,145.16,Automotive,North America
3,6.0,3.0,1,Second Class,9,159.1,Electronics,North America
5,9.0,4.0,1,Standard Class,3,171.73,Electronics,Europe
2,4.9,2.9,1,First Class,7,258.22,Electronics,East Asia
5,10.3,5.3,1,Standard Class,9,183.4,Electronics,South Asia
5,8.2,3.2,1,Standard Class,4,327.13,Chemicals,North America
5,8.7,3.7,1,Standard Class,3,218.34,Industrial Parts,Latin America
1,1.8,0.8,1,Same Day,1,339.11,Automotive,Latin America
3,6.7,3.7,1,Second Class,9,306.17,Chemicals,South Asia
5,8.6,3.6,1,Standard Class,1,129.78,Electronics,South Asia
5,8.6,3.6,1,Standard Class,2,408.26,Apparel,East Asia
1,3.4,2.4,1,Same Day,9,401.5,Apparel,South Asia
5,9.7,4.7,1,Standard Class,5,494.6,Industrial Parts,South Asia
5,9.4,4.4,1,Standard Class,4,95.77,Automotive,South Asia
2,4.7,2.7,1,First Class,9,425.44,Automotive,North America
1,2.7,1.7,1,Same Day,9,437.27,Industrial Parts,East Asia
5,9.2,4.2,1,Standard Class,2,324.66,Electronics,South Asia
5,8.9,3.9,1,Standard Class,3,258.13,Electronics,South Asia
1,2.5,1.5,1,Same Day,3,479.06,Automotive,Latin America
5,8.6,3.6,1,Standard Class,5,486.62,Automotive,North America
5,9.2,4.2,1,Standard Class,3,324.43,Automotive,South Asia
2,4.3,2.3,1,First Class,6,186.18,Electronics,North America
3,5.6,2.6,1,Second Class,2,410.41,Apparel,East Asia
5,9.1,4.1,1,Standard Class,6,53.74,Industrial Parts,East Asia
1,2.4,1.4,1,Same Day,6,152.39,Industrial Parts,Europe
2,3.8,1.8,1,First Class,2,492.92,Chemicals,Latin America
5,9.5,4.5,1,Standard Class,6,409.02,Chemicals,Europe
1,2.2,1.2,1,Same Day,6,470.4,Apparel,North America
5,9.6,4.6,1,Standard Class,6,301.45,Automotive,Latin America
5,9.7,4.7,1,Standard Class,5,209.76,Apparel,South Asia
2,4.5,2.5,1,First Class,7,490.05,Chemicals,Latin America
5,9.6,4.6,1,Standard Class,5,161.62,Chemicals,Latin America
5,8.9,3.9,1,Standard Class,1,381.13,Industrial Parts,East Asia
5,9.4,4.4,1,Standard Class,9,283.52,Apparel,Europe
5,8.5,3.5,1,Standard Class,3,121.97,Electronics,East Asia
3,5.3,2.3,1,Second Class,2,18.57,Chemicals,East Asia
2,4.0,2.0,1,First Class,6,198.04,Industrial Parts,Europe
1,3.1,2.1,1,Same Day,8,278.37,Automotive,East Asia
5,9.3,4.3,1,Standard Class,2,99.76,Apparel,Latin America
5,8.8,3.8,1,Standard Class,4,213.13,Chemicals,North America
5,8.4,3.4,1,Standard Class,2,311.44,Electronics,South Asia
5,9.6,4.6,1,Standard Class,9,360.31,Chemicals,South Asia
5,8.7,3.7,1,Standard Class,2,35.84,Electronics,East Asia
3,5.0,2.0,1,Second Class,2,335.45,Apparel,Europe
1,3.1,2.1,1,Same Day,5,37.77,Electronics,Latin America
1,2.5,1.5,1,Same Day,5,23.81,Electronics,East Asia
5,9.6,4.6,1,Standard Class,7,84.68,Industrial Parts,Latin America
3,5.3,2.3,1,Second Class,1,330.29,Apparel,Latin America
5,8.9,3.9,1,Standard Class,2,35.88,Chemicals,South Asia
5,9.1,4.1,1,Standard Class,6,20.24,Automotive,North America
3,4.8,1.8,1,Second Class,2,67.8,Apparel,North America
2,3.9,1.9,1,First Class,4,475.36,Apparel,Europe
5,9.2,4.2,1,Standard Class,6,454.57,Automotive,North America
5,9.2,4.2,1,Standard Class,7,52.37,Chemicals,East Asia
5,9.5,4.5,1,Standard Class,5,158.97,Industrial Parts,South Asia
3,7.1,4.1,1,Second Class,8,474.17,Chemicals,South Asia
5,9.3,4.3,1,Standard Class,6,57.87,Automotive,Latin America
1,2.2,1.2,1,Same Day,5,56.35,Chemicals,East Asia
5,8.7,3.7,1,Standard Class,4,52.14,Apparel,East Asia
5,9.3,4.3,1,Standard Class,6,488.47,Industrial Parts,Latin America
5,9.4,4.4,1,Standard Class,6,374.12,Electronics,Latin America
2,4.0,2.0,1,First Class,6,115.1,Chemicals,South Asia
5,8.1,3.1,1,Standard Class,1,32.51,Electronics,East Asia
3,5.8,2.8,1,Second Class,6,482.97,Industrial Parts,North America
3,4.8,1.8,1,Second Class,1,218.49,Electronics,North America
1,3.2,2.2,1,Same Day,5,303.2,Chemicals,South Asia
3,6.1,3.1,1,Second Class,7,146.81,Automotive,North America
3,5.0,2.0,1,Second Class,1,381.6,Apparel,North America
2,3.0,1.0,1,First Class,1,106.43,Apparel,East Asia
3,5.3,2.3,1,Second Class,6,395.59,Electronics,East Asia
5,8.9,3.9,1,Standard Class,7,123.0,Apparel,Europe
5,9.0,4.0,1,Standard Class,6,57.98,Apparel,East Asia
5,8.8,3.8,1,Standard Class,5,244.62,Automotive,Europe
5,8.8,3.8,1,Standard Class,6,408.48,Electronics,East Asia
5,9.5,4.5,1,Standard Class,3,198.58,Automotive,Latin America
1,3.2,2.2,1,Same Day,9,24.15,Automotive,East Asia
5,8.7,3.7,1,Standard Class,5,281.12,Industrial Parts,Europe
5,8.6,3.6,1,Standard Class,2,343.43,Electronics,North America
2,4.4,2.4,1,First Class,7,372.94,Automotive,East Asia
5,8.7,3.7,1,Standard Class,3,206.94,Chemicals,North America
5,8.2,3.2,1,Standard Class,1,57.54,Apparel,North America
5,8.0,3.0,1,Standard Class,3,296.32,Electronics,East Asia
5,9.4,4.4,1,Standard Class,9,171.48,Industrial Parts,East Asia
5,9.1,4.1,1,Standard Class,5,473.97,Automotive,Latin America
3,5.8,2.8,1,Second Class,7,256.33,Chemicals,Europe
3,5.3,2.3,1,Second Class,3,241.41,Apparel,East Asia
5,8.6,3.6,1,Standard Class,4,161.51,Apparel,North America
5,8.1,3.1,1,Standard Class,1,176.01,Chemicals,North America
5,8.1,3.1,1,Standard Class,3,261.25,Electronics,East Asia
3,5.4,2.4,1,Second Class,7,160.27,Apparel,Europe
5,8.9,3.9,1,Standard Class,4,447.23,Apparel,North America
5,9.4,4.4,1,Standard Class,2,225.12,Apparel,Latin America
3,5.7,2.7,1,Second Class,5,153.09,Automotive,North America
5,8.5,3.5,1,Standard Class,5,86.14,Automotive,Europe
5,9.3,4.3,1,Standard Class,2,339.45,Apparel,South Asia
5,10.1,5.1,1,Standard Class,6,22.64,Industrial Parts,Latin America
1,3.0,2.0,1,Same Day,4,230.5,Apparel,Latin America
3,6.0,3.0,1,Second Class,1,279.56,Electronics,South Asia
3,5.5,2.5,1,Second Class,3,176.49,Industrial Parts,Latin America
5,9.8,4.8,1,Standard Class,9,377.41,Electronics,Latin America
2,4.9,2.9,1,First Class,7,341.07,Chemicals,Latin America
1,2.1,1.1,1,Same Day,6,485.99,Chemicals,North America
1,1.5,0.5,0,Same Day,1,259.3,Automotive,North America
5,9.5,4.5,1,Standard Class,9,273.53,Automotive,East Asia
3,6.4,3.4,1,Second Class,9,130.46,Automotive,East Asia
5,8.2,3.2,1,Standard Class,1,198.89,Chemicals,North America
5,9.5,4.5,1,Standard Class,6,23.16,Electronics,Latin America
2,4.1,2.1,1,First Class,7,347.74,Industrial Parts,Europe
5,8.9,3.9,1,Standard Class,2,162.7,Automotive,South Asia
1,2.6,1.6,1,Same Day,8,274.78,Chemicals,East Asia
5,9.7,4.7,1,Standard Class,8,134.95,Automotive,Latin America
2,3.7,1.7,1,First Class,6,314.31,Apparel,East Asia
1,3.2,2.2,1,Same Day,9,229.32,Industrial Parts,Europe
1,2.6,1.6,1,Same Day,3,246.11,Electronics,Latin America
5,8.4,3.4,1,Standard Class,2,471.88,Automotive,North America
5,8.3,3.3,1,Standard Class,2,356.02,Apparel,Europe
2,4.2,2.2,1,First Class,6,138.33,Apparel,East Asia
5,9.5,4.5,1,Standard Class,7,256.92,Industrial Parts,Latin America
1,3.1,2.1,1,Same Day,6,238.67,Chemicals,Latin America
1,2.9,1.9,1,Same Day,3,399.58,Chemicals,South Asia
5,9.6,4.6,1,Standard Class,5,418.34,Automotive,South Asia
5,9.4,4.4,1,Standard Class,8,148.89,Automotive,South Asia
5,8.9,3.9,1,Standard Class,6,412.36,Chemicals,North America
1,2.1,1.1,1,Same Day,2,97.96,Electronics,Latin America
5,9.3,4.3,1,Standard Class,7,383.76,Electronics,Latin America
5,9.6,4.6,1,Standard Class,8,131.9,Apparel,East Asia
5,8.8,3.8,1,Standard Class,4,155.99,Industrial Parts,North America
2,2.9,0.9,1,First Class,1,427.71,Electronics,South Asia
5,8.9,3.9,1,Standard Class,2,215.84,Automotive,Latin America
5,9.1,4.1,1,Standard Class,4,495.38,Electronics,South Asia
1,2.9,1.9,1,Same Day,7,84.45,Industrial Parts,Europe
1,1.7,0.7,1,Same Day,2,237.04,Automotive,North America
3,6.5,3.5,1,Second Class,6,368.9,Industrial Parts,South Asia
5,8.5,3.5,1,Standard Class,2,12.63,Chemicals,North America
5,9.4,4.4,1,Standard Class,7,84.41,Industrial Parts,Latin America
2,3.0,1.0,1,First Class,2,19.97,Industrial Parts,Europe
5,9.2,4.2,1,Standard Class,3,496.51,Industrial Parts,East Asia
1,3.0,2.0,1,Same Day,9,382.71,Automotive,Europe
2,3.6,1.6,1,First Class,4,193.04,Industrial Parts,North America
5,9.2,4.2,1,Standard Class,5,86.58,Industrial Parts,Europe
1,3.9,2.9,1,Same Day,9,54.29,Apparel,Latin America
1,3.1,2.1,1,Same Day,7,270.63,Automotive,North America
5,8.9,3.9,1,Standard Class,8,488.19,Industrial Parts,North America
2,3.9,1.9,1,First Class,3,340.56,Electronics,Latin America
5,9.2,4.2,1,Standard Class,4,188.92,Industrial Parts,South Asia
5,9.7,4.7,1,Standard Class,7,255.42,Electronics,East Asia
5,8.9,3.9,1,Standard Class,4,499.46,Chemicals,Europe
2,2.9,0.9,1,First Class,2,264.2,Chemicals,East Asia
1,1.9,0.9,1,Same Day,6,482.46,Automotive,East Asia
2,5.3,3.3,1,First Class,9,18.02,Automotive,Latin America
5,9.0,4.0,1,Standard Class,2,363.27,Chemicals,South Asia
2,3.1,1.1,1,First Class,1,317.31,Automotive,East Asia
5,9.2,4.2,1,Standard Class,8,345.81,Electronics,North America
3,5.4,2.4,1,Second Class,1,289.58,Electronics,South Asia
5,8.7,3.7,1,Standard Class,1,31.65,Apparel,Latin America
5,8.8,3.8,1,Standard Class,3,83.29,Automotive,East Asia
5,9.3,4.3,1,Standard Class,5,461.9,Automotive,Latin America
3,6.6,3.6,1,Second Class,9,124.13,Apparel,Europe
5,9.1,4.1,1,Standard Class,2,496.54,Industrial Parts,Latin America
3,5.3,2.3,1,Second Class,1,343.0,Electronics,North America
5,8.8,3.8,1,Standard Class,1,227.73,Industrial Parts,Latin America
5,9.8,4.8,1,Standard Class,8,460.82,Apparel,South Asia
5,8.1,3.1,1,Standard Class,2,399.54,Automotive,Europe
1,3.2,2.2,1,Same Day,9,220.19,Industrial Parts,North America
1,3.0,2.0,1,Same Day,9,43.61,Automotive,Europe
5,8.3,3.3,1,Standard Class,2,435.47,Apparel,North America
5,8.2,3.2,1,Standard Class,3,384.87,Chemicals,Europe
5,8.8,3.8,1,Standard Class,2,397.46,Automotive,East Asia
2,4.4,2.4,1,First Class,6,374.98,Industrial Parts,Latin America
5,10.3,5.3,1,Standard Class,7,145.12,Industrial Parts,South Asia
1,2.4,1.4,1,Same Day,6,430.83,Apparel,South Asia
1,2.1,1.1,1,Same Day,3,11.09,Industrial Parts,East Asia
5,8.1,3.1,1,Standard Class,3,126.27,Electronics,Europe
5,8.7,3.7,1,Standard Class,2,32.81,Automotive,Latin America
3,5.1,2.1,1,Second Class,2,64.19,Electronics,East Asia
3,5.8,2.8,1,Second Class,5,270.87,Apparel,Europe
5,9.9,4.9,1,Standard Class,8,28.26,Electronics,Latin America
5,8.8,3.8,1,Standard Class,6,98.88,Electronics,Europe
5,9.8,4.8,1,Standard Class,9,124.04,Automotive,South Asia
5,8.8,3.8,1,Standard Class,5,331.12,Automotive,Latin America
5,9.1,4.1,1,Standard Class,4,239.72,Chemicals,South Asia
5,9.8,4.8,1,Standard Class,9,234.62,Electronics,South Asia
2,4.6,2.6,1,First Class,5,386.53,Automotive,Latin America
5,8.1,3.1,1,Standard Class,1,233.79,Electronics,East Asia
5,8.7,3.7,1,Standard Class,5,180.76,Electronics,Europe
5,9.4,4.4,1,Standard Class,5,481.6,Apparel,Latin America
3,6.6,3.6,1,Second Class,5,14.06,Apparel,South Asia
3,5.6,2.6,1,Second Class,2,159.64,Electronics,Europe
5,10.2,5.2,1,Standard Class,6,308.6,Apparel,Latin America
5,8.4,3.4,1,Standard Class,5,393.58,Automotive,East Asia
1,2.4,1.4,1,Same Day,2,410.04,Electronics,Latin America
5,9.7,4.7,1,Standard Class,8,32.58,Apparel,Latin America
5,8.5,3.5,1,Standard Class,6,357.47,Automotive,North America
5,8.2,3.2,1,Standard Class,3,362.92,Electronics,Europe
5,10.2,5.2,1,Standard Class,9,114.9,Electronics,Latin America
5,9.4,4.4,1,Standard Class,4,65.26,Apparel,South Asia
1,2.7,1.7,1,Same Day,3,377.35,Automotive,South Asia
2,4.2,2.2,1,First Class,7,132.26,Electronics,North America
5,9.4,4.4,1,Standard Class,8,10.82,Electronics,South Asia
1,2.8,1.8,1,Same Day,7,119.55,Chemicals,Latin America
5,8.1,3.1,1,Standard Class,1,25.22,Electronics,Europe
5,8.5,3.5,1,Standard Class,1,132.1,Chemicals,North America
2,3.8,1.8,1,First Class,5,174.16,Chemicals,North America
2,4.5,2.5,1,First Class,8,142.99,Automotive,East Asia
5,9.1,4.1,1,Standard Class,3,460.77,Industrial Parts,East Asia
5,8.8,3.8,1,Standard Class,8,123.94,Chemicals,Europe
2,3.4,1.4,1,First Class,3,239.09,Automotive,Europe
2,3.6,1.6,1,First Class,4,479.14,Apparel,North America
2,4.3,2.3,1,First Class,7,440.81,Chemicals,Latin America
5,9.2,4.2,1,Standard Class,3,161.54,Industrial Parts,Latin America
5,9.6,4.6,1,Standard Class,4,169.98,Apparel,East Asia
5,9.0,4.0,1,Standard Class,8,300.73,Chemicals,Europe
5,8.9,3.9,1,Standard Class,4,459.75,Chemicals,Europe
1,3.1,2.1,1,Same Day,9,14.9,Industrial Parts,Latin America
5,8.2,3.2,1,Standard Class,4,202.63,Electronics,East Asia
5,9.0,4.0,1,Standard Class,4,426.39,Industrial Parts,Latin America
3,6.2,3.2,1,Second Class,5,211.13,Automotive,Latin America
5,8.4,3.4,1,Standard Class,1,362.83,Automotive,North America
5,9.7,4.7,1,Standard Class,7,349.04,Industrial Parts,Europe
3,6.3,3.3,1,Second Class,9,110.67,Industrial Parts,North America
3,6.3,3.3,1,Second Class,9,230.3,Industrial Parts,North America
2,3.9,1.9,1,First Class,1,287.43,Industrial Parts,Latin America
5,9.1,4.1,1,Standard Class,6,360.58,Industrial Parts,East Asia
2,3.9,1.9,1,First Class,3,412.97,Chemicals,Latin America
3,5.4,2.4,1,Second Class,4,382.37,Apparel,East Asia
5,9.5,4.5,1,Standard Class,8,23.87,Automotive,Europe
5,9.4,4.4,1,Standard Class,4,338.61,Automotive,South Asia
3,6.0,3.0,1,Second Class,8,253.68,Apparel,Europe
5,9.6,4.6,1,Standard Class,4,291.19,Industrial Parts,Latin America
3,6.5,3.5,1,Second Class,9,192.75,Apparel,East Asia
5,9.8,4.8,1,Standard Class,6,359.87,Industrial Parts,South Asia
5,8.0,3.0,1,Standard Class,1,340.21,Automotive,East Asia
5,8.2,3.2,1,Standard Class,2,293.95,Electronics,East Asia
3,7.0,4.0,1,Second Class,7,432.19,Automotive,South Asia
5,10.0,5.0,1,Standard Class,7,59.93,Automotive,South Asia
2,3.0,1.0,1,First Class,3,157.5,Electronics,Europe
2,3.3,1.3,1,First Class,1,252.61,Apparel,North America
3,6.9,3.9,1,Second Class,8,479.72,Chemicals,South Asia
1,2.3,1.3,1,Same Day,7,45.26,Industrial Parts,North America
2,4.5,2.5,1,First Class,8,175.17,Industrial Parts,North America
5,8.3,3.3,1,Standard Class,1,463.69,Automotive,North America
1,2.5,1.5,1,Same Day,3,449.99,Electronics,North America
2,3.8,1.8,1,First Class,2,433.97,Automotive,South Asia
5,7.8,2.8,1,Standard Class,1,161.11,Automotive,East Asia
5,9.6,4.6,1,Standard Class,5,424.95,Apparel,South Asia
3,5.6,2.6,1,Second Class,3,257.62,Industrial Parts,South Asia
5,9.6,4.6,1,Standard Class,8,313.69,Chemicals,Latin America
2,3.8,1.8,1,First Class,6,127.02,Electronics,Latin America
5,9.2,4.2,1,Standard Class,9,356.27,Chemicals,Europe
5,9.9,4.9,1,Standard Class,9,170.57,Electronics,North America
2,3.9,1.9,1,First Class,6,178.5,Industrial Parts,North America
5,8.8,3.8,1,Standard Class,2,322.04,Apparel,Latin America
5,9.2,4.2,1,Standard Class,9,127.52,Chemicals,East Asia
2,3.4,1.4,1,First Class,2,119.97,Electronics,Europe
5,8.5,3.5,1,Standard Class,3,190.89,Automotive,East Asia
3,7.0,4.0,1,Second Class,6,391.25,Industrial Parts,Latin America
3,5.2,2.2,1,Second Class,2,120.09,Apparel,East Asia
3,5.8,2.8,1,Second Class,5,395.79,Automotive,North America
5,8.7,3.7,1,Standard Class,2,350.85,Apparel,Latin America
5,8.7,3.7,1,Standard Class,4,342.75,Electronics,East Asia
2,3.6,1.6,1,First Class,3,242.63,Automotive,Europe
1,2.0,1.0,1,Same Day,5,375.49,Apparel,Europe
3,6.5,3.5,1,Second Class,6,16.62,Industrial Parts,South Asia
3,6.5,3.5,1,Second Class,7,159.75,Chemicals,Latin America
5,9.1,4.1,1,Standard Class,8,342.78,Chemicals,Latin America
5,10.2,5.2,1,Standard Class,9,493.77,Automotive,Latin America
5,8.8,3.8,1,Standard Class,4,11.23,Industrial Parts,North America
5,8.8,3.8,1,Standard Class,4,259.89,Industrial Parts,North America
5,9.4,4.4,1,Standard Class,7,462.68,Apparel,Latin America
1,3.6,2.6,1,Same Day,9,433.13,Automotive,East Asia
5,8.2,3.2,1,Standard Class,2,21.34,Industrial Parts,North America
5,8.6,3.6,1,Standard Class,6,269.48,Apparel,Latin America
5,9.5,4.5,1,Standard Class,8,12.1,Industrial Parts,North America
1,2.8,1.8,1,Same Day,5,396.89,Automotive,South Asia
2,3.3,1.3,1,First Class,5,161.35,Industrial Parts,Europe
2,4.7,2.7,1,First Class,8,385.14,Industrial Parts,South Asia
1,2.2,1.2,1,Same Day,1,472.95,Industrial Parts,Latin America
5,8.8,3.8,1,Standard Class,6,488.28,Chemicals,Europe
2,4.4,2.4,1,First Class,9,448.11,Electronics,East Asia
5,9.6,4.6,1,Standard Class,6,110.03,Automotive,Latin America
5,9.1,4.1,1,Standard Class,7,105.35,Chemicals,East Asia
3,5.2,2.2,1,Second Class,4,316.63,Electronics,East Asia
3,5.2,2.2,1,Second Class,1,276.59,Industrial Parts,North America
5,9.0,4.0,1,Standard Class,9,14.67,Industrial Parts,North America
5,9.1,4.1,1,Standard Class,6,201.95,Chemicals,Europe
2,3.5,1.5,1,First Class,3,454.28,Apparel,Europe
5,8.6,3.6,1,Standard Class,4,450.2,Automotive,North America
5,8.8,3.8,1,Standard Class,6,109.91,Electronics,Europe
5,9.2,4.2,1,Standard Class,6,197.16,Industrial Parts,South Asia
5,9.8,4.8,1,Standard Class,9,284.58,Automotive,Latin America
3,5.8,2.8,1,Second Class,4,427.86,Industrial Parts,South Asia
5,9.0,4.0,1,Standard Class,5,270.68,Industrial Parts,Latin America
5,8.5,3.5,1,Standard Class,5,484.42,Industrial Parts,North America
2,4.4,2.4,1,First Class,3,401.54,Automotive,South Asia
3,5.4,2.4,1,Second Class,2,477.02,Chemicals,East Asia
5,10.6,5.6,1,Standard Class,8,368.43,Automotive,South Asia
5,9.5,4.5,1,Standard Class,9,440.04,Automotive,Europe
5,10.2,5.2,1,Standard Class,9,417.19,Apparel,South Asia
3,5.6,2.6,1,Second Class,5,134.38,Apparel,North America
2,4.8,2.8,1,First Class,9,122.47,Chemicals,North America
3,5.5,2.5,1,Second Class,4,433.55,Apparel,Europe
1,2.6,1.6,1,Same Day,2,51.49,Chemicals,Latin America
3,5.4,2.4,1,Second Class,3,210.2,Industrial Parts,Europe
2,4.2,2.2,1,First Class,1,412.12,Industrial Parts,Latin America
5,8.7,3.7,1,Standard Class,5,408.49,Automotive,North America
5,8.6,3.6,1,Standard Class,1,78.0,Industrial Parts,North America
1,2.1,1.1,1,Same Day,1,248.98,Apparel,Latin America
5,9.5,4.5,1,Standard Class,7,245.12,Electronics,South Asia
5,8.9,3.9,1,Standard Class,2,168.62,Automotive,South Asia
2,3.5,1.5,1,First Class,8,459.42,Chemicals,Europe
5,9.3,4.3,1,Standard Class,6,330.03,Industrial Parts,North America
2,4.4,2.4,1,First Class,4,490.29,Automotive,South Asia
2,4.9,2.9,1,First Class,9,42.72,Automotive,North America
5,9.0,4.0,1,Standard Class,8,203.23,Automotive,Europe
3,5.1,2.1,1,Second Class,3,419.22,Industrial Parts,East Asia
5,8.2,3.2,1,Standard Class,3,217.12,Chemicals,North America
5,8.8,3.8,1,Standard Class,4,138.32,Automotive,East Asia
2,4.2,2.2,1,First Class,9,498.93,Automotive,North America
2,4.6,2.6,1,First Class,9,437.83,Automotive,Latin America
3,5.8,2.8,1,Second Class,5,277.77,Industrial Parts,East Asia
5,10.3,5.3,1,Standard Class,9,285.24,Apparel,Latin America
2,4.4,2.4,1,First Class,6,13.36,Chemicals,Latin America
5,9.2,4.2,1,Standard Class,8,490.69,Automotive,Europe
1,3.1,2.1,1,Same Day,8,405.08,Automotive,Europe
5,9.6,4.6,1,Standard Class,7,28.0,Automotive,South Asia
3,5.4,2.4,1,Second Class,4,96.4,Industrial Parts,East Asia
5,9.4,4.4,1,Standard Class,4,412.31,Apparel,South Asia
5,8.8,3.8,1,Standard Class,6,52.56,Automotive,East Asia
5,9.8,4.8,1,Standard Class,9,471.48,Automotive,Europe
3,5.7,2.7,1,Second Class,7,499.95,Industrial Parts,Europe
2,3.6,1.6,1,First Class,5,444.35,Chemicals,Europe
1,2.0,1.0,1,Same Day,5,372.06,Chemicals,East Asia
5,9.6,4.6,1,Standard Class,8,248.77,Apparel,Europe
5,10.0,5.0,1,Standard Class,6,50.39,Chemicals,South Asia
5,8.7,3.7,1,Standard Class,1,367.92,Automotive,Latin America
3,5.2,2.2,1,Second Class,1,204.46,Industrial Parts,East Asia
5,10.0,5.0,1,Standard Class,9,289.41,Automotive,Latin America
3,6.7,3.7,1,Second Class,8,153.76,Automotive,South Asia
1,2.1,1.1,1,Same Day,6,128.66,Apparel,North America
1,1.5,0.5,0,Same Day,1,168.91,Chemicals,Europe
2,4.1,2.1,1,First Class,2,408.78,Chemicals,South Asia
2,3.8,1.8,1,First Class,3,218.98,Chemicals,North America
3,5.6,2.6,1,Second Class,3,162.74,Automotive,East Asia
5,9.0,4.0,1,Standard Class,2,222.16,Industrial Parts,South Asia
2,3.5,1.5,1,First Class,2,25.82,Industrial Parts,East Asia
5,9.0,4.0,1,Standard Class,6,446.4,Automotive,Latin America
5,9.0,4.0,1,Standard Class,7,280.36,Electronics,Latin America
5,8.3,3.3,1,Standard Class,4,61.36,Automotive,East Asia
5,9.6,4.6,1,Standard Class,1,151.32,Chemicals,Latin America
5,10.1,5.1,1,Standard Class,6,491.94,Automotive,Latin America
5,8.7,3.7,1,Standard Class,7,300.6,Electronics,Europe
2,3.5,1.5,1,First Class,4,152.79,Automotive,East Asia
5,8.9,3.9,1,Standard Class,6,218.91,Chemicals,East Asia
2,4.7,2.7,1,First Class,9,136.65,Apparel,North America
5,8.9,3.9,1,Standard Class,4,25.58,Industrial Parts,Europe
2,4.0,2.0,1,First Class,4,422.59,Electronics,South Asia
2,3.9,1.9,1,First Class,5,153.31,Apparel,Europe
2,4.2,2.2,1,First Class,3,420.82,Industrial Parts,South Asia
3,4.6,1.6,1,Second Class,2,244.49,Apparel,East Asia
5,9.6,4.6,1,Standard Class,9,99.62,Automotive,Europe
3,5.0,2.0,1,Second Class,1,402.92,Automotive,North America
5,9.0,4.0,1,Standard Class,5,194.78,Industrial Parts,Latin America
5,9.2,4.2,1,Standard Class,5,356.79,Industrial Parts,South Asia
2,4.8,2.8,1,First Class,8,420.24,Automotive,Latin America
5,9.0,4.0,1,Standard Class,6,481.86,Automotive,East Asia
2,3.8,1.8,1,First Class,6,52.05,Industrial Parts,East Asia
2,3.8,1.8,1,First Class,6,14.11,Industrial Parts,East Asia
5,9.2,4.2,1,Standard Class,4,278.73,Industrial Parts,Latin America
5,7.8,2.8,1,Standard Class,1,139.48,Chemicals,East Asia
5,9.1,4.1,1,Standard Class,3,239.86,Chemicals,East Asia
1,2.8,1.8,1,Same Day,6,45.6,Automotive,Latin America
2,3.9,1.9,1,First Class,5,255.78,Chemicals,East Asia
5,9.3,4.3,1,Standard Class,1,71.18,Electronics,South Asia
5,9.2,4.2,1,Standard Class,5,420.91,Automotive,Europe
2,4.0,2.0,1,First Class,2,382.15,Electronics,South Asia
3,5.0,2.0,1,Second Class,1,46.3,Apparel,East Asia
5,8.7,3.7,1,Standard Class,4,419.81,Electronics,East Asia
5,8.5,3.5,1,Standard Class,6,169.23,Apparel,East Asia
3,5.6,2.6,1,Second Class,7,182.9,Electronics,East Asia
5,10.0,5.0,1,Standard Class,9,98.1,Apparel,Latin America
5,8.7,3.7,1,Standard Class,5,419.3,Apparel,Europe
1,2.8,1.8,1,Same Day,8,208.31,Automotive,Latin America
2,4.8,2.8,1,First Class,8,33.93,Industrial Parts,Latin America
5,9.7,4.7,1,Standard Class,9,483.46,Industrial Parts,East Asia
5,9.5,4.5,1,Standard Class,3,135.38,Automotive,South Asia
5,9.3,4.3,1,Standard Class,3,468.73,Apparel,South Asia
5,9.3,4.3,1,Standard Class,9,157.61,Industrial Parts,North America
3,6.2,3.2,1,Second Class,7,417.4,Industrial Parts,Europe
5,8.8,3.8,1,Standard Class,4,335.47,Electronics,North America
3,5.3,2.3,1,Second Class,1,432.03,Chemicals,Latin America
1,2.3,1.3,1,Same Day,7,488.3,Automotive,North America
5,9.3,4.3,1,Standard Class,6,437.03,Chemicals,North America
5,8.6,3.6,1,Standard Class,3,207.8,Apparel,North America
2,3.8,1.8,1,First Class,5,409.11,Electronics,Europe
1,2.6,1.6,1,Same Day,3,358.71,Industrial Parts,South Asia
3,6.8,3.8,1,Second Class,8,40.19,Electronics,South Asia
5,8.7,3.7,1,Standard Class,5,465.58,Automotive,North America
2,3.9,1.9,1,First Class,6,238.32,Apparel,Europe
2,4.1,2.1,1,First Class,2,75.88,Electronics,South Asia
1,2.8,1.8,1,Same Day,8,218.44,Electronics,East Asia
5,9.8,4.8,1,Standard Class,9,305.54,Electronics,South Asia
2,3.8,1.8,1,First Class,3,290.74,Industrial Parts,South Asia
3,5.8,2.8,1,Second Class,6,291.65,Apparel,Europe
5,8.2,3.2,1,Standard Class,6,135.36,Industrial Parts,Europe
5,9.5,4.5,1,Standard Class,2,320.02,Electronics,South Asia
5,9.2,4.2,1,Standard Class,8,454.63,Industrial Parts,East Asia
5,9.0,4.0,1,Standard Class,5,200.45,Industrial Parts,East Asia
5,9.5,4.5,1,Standard Class,8,318.98,Automotive,North America
1,2.8,1.8,1,Same Day,8,129.55,Chemicals,North America
5,8.7,3.7,1,Standard Class,3,33.66,Chemicals,South Asia
5,9.1,4.1,1,Standard Class,5,297.01,Automotive,South Asia
2,4.2,2.2,1,First Class,7,33.3,Automotive,South Asia
5,9.2,4.2,1,Standard Class,5,364.56,Industrial Parts,East Asia
5,9.0,4.0,1,Standard Class,6,338.47,Industrial Parts,Latin America
3,5.0,2.0,1,Second Class,2,190.97,Apparel,North America
3,6.5,3.5,1,Second Class,8,211.53,Chemicals,North America
2,3.9,1.9,1,First Class,5,459.7,Industrial Parts,Latin America
2,4.5,2.5,1,First Class,6,16.44,Apparel,South Asia
5,8.5,3.5,1,Standard Class,1,286.02,Chemicals,North America
1,1.8,0.8,1,Same Day,2,462.45,Apparel,East Asia
5,9.2,4.2,1,Standard Class,4,457.85,Apparel,Latin America
3,6.4,3.4,1,Second Class,9,296.48,Automotive,East Asia
5,10.1,5.1,1,Standard Class,6,196.8,Electronics,South Asia
1,2.5,1.5,1,Same Day,8,58.46,Electronics,North America
3,5.1,2.1,1,Second Class,2,95.15,Electronics,East Asia
3,6.3,3.3,1,Second Class,5,343.04,Apparel,Latin America
5,8.8,3.8,1,Standard Class,1,18.15,Industrial Parts,South Asia
5,8.5,3.5,1,Standard Class,4,442.91,Electronics,North America
2,3.5,1.5,1,First Class,1,298.09,Industrial Parts,North America
3,6.1,3.1,1,Second Class,9,32.12,Chemicals,South Asia
5,9.3,4.3,1,Standard Class,2,127.49,Electronics,South Asia
1,3.6,2.6,1,Same Day,7,301.16,Apparel,South Asia
3,5.3,2.3,1,Second Class,3,27.44,Automotive,East Asia
5,8.0,3.0,1,Standard Class,2,392.19,Apparel,Europe
3,5.6,2.6,1,Second Class,4,460.76,Industrial Parts,North America
2,4.2,2.2,1,First Class,7,481.0,Chemicals,East Asia
5,9.1,4.1,1,Standard Class,7,369.49,Apparel,Latin America
5,9.5,4.5,1,Standard Class,9,429.84,Automotive,North America
2,4.0,2.0,1,First Class,3,309.25,Automotive,Europe
3,6.8,3.8,1,Second Class,7,234.69,Chemicals,Latin America
5,9.2,4.2,1,Standard Class,6,359.44,Electronics,North America
2,4.2,2.2,1,First Class,7,119.85,Apparel,Europe
2,4.6,2.6,1,First Class,7,63.79,Apparel,South Asia
3,5.7,2.7,1,Second Class,5,383.31,Automotive,Europe
5,9.4,4.4,1,Standard Class,9,479.51,Industrial Parts,North America
3,6.0,3.0,1,Second Class,7,292.96,Apparel,Europe
5,8.7,3.7,1,Standard Class,7,246.45,Automotive,North America
5,7.9,2.9,1,Standard Class,3,271.86,Industrial Parts,North America
5,8.0,3.0,1,Standard Class,1,244.45,Electronics,Europe
5,9.2,4.2,1,Standard Class,5,226.68,Electronics,Europe
3,6.8,3.8,1,Second Class,8,474.05,Automotive,Latin America
5,9.6,4.6,1,Standard Class,5,245.08,Automotive,Latin America
3,5.4,2.4,1,Second Class,3,49.74,Electronics,East Asia
5,9.8,4.8,1,Standard Class,9,385.1,Automotive,North America
5,9.3,4.3,1,Standard Class,2,201.87,Chemicals,Latin America
1,2.4,1.4,1,Same Day,3,358.24,Apparel,East Asia
3,5.3,2.3,1,Second Class,4,293.99,Chemicals,North America
5,8.3,3.3,1,Standard Class,1,359.46,Industrial Parts,East Asia
2,3.9,1.9,1,First Class,4,40.38,Automotive,Latin America
5,9.1,4.1,1,Standard Class,4,26.6,Automotive,East Asia
5,9.8,4.8,1,Standard Class,9,195.49,Industrial Parts,Europe
3,6.2,3.2,1,Second Class,8,349.65,Apparel,East Asia
3,6.0,3.0,1,Second Class,2,119.6,Electronics,South Asia
5,9.8,4.8,1,Standard Class,7,222.37,Chemicals,South Asia
1,2.2,1.2,1,Same Day,6,490.6,Apparel,East Asia
2,4.9,2.9,1,First Class,7,115.29,Electronics,South Asia
5,9.3,4.3,1,Standard Class,4,425.49,Electronics,East Asia
2,3.9,1.9,1,First Class,5,414.48,Automotive,East Asia
2,3.9,1.9,1,First Class,6,446.76,Industrial Parts,East Asia
2,4.7,2.7,1,First Class,9,458.42,Automotive,South Asia
5,8.3,3.3,1,Standard Class,2,258.59,Industrial Parts,North America
2,4.0,2.0,1,First Class,9,344.15,Automotive,East Asia
5,8.0,3.0,1,Standard Class,1,313.26,Chemicals,East Asia
3,5.4,2.4,1,Second Class,4,161.38,Automotive,Europe
2,3.8,1.8,1,First Class,5,147.1,Chemicals,Europe
5,9.5,4.5,1,Standard Class,9,177.37,Apparel,Latin America
3,6.4,3.4,1,Second Class,6,117.04,Apparel,South Asia
1,2.6,1.6,1,Same Day,4,381.12,Automotive,North America
1,2.0,1.0,1,Same Day,2,482.64,Apparel,East Asia
5,9.0,4.0,1,Standard Class,5,435.21,Electronics,East Asia
5,10.0,5.0,1,Standard Class,8,116.79,Chemicals,South Asia
2,4.2,2.2,1,First Class,8,35.44,Industrial Parts,Latin America
5,9.0,4.0,1,Standard Class,6,380.98,Chemicals,Latin America
1,1.9,0.9,1,Same Day,1,201.2,Automotive,Europe
5,10.1,5.1,1,Standard Class,8,414.06,Apparel,South Asia
5,9.5,4.5,1,Standard Class,4,391.83,Apparel,Latin America
5,9.3,4.3,1,Standard Class,2,316.45,Electronics,Latin America
5,8.1,3.1,1,Standard Class,1,135.12,Apparel,North America
3,6.2,3.2,1,Second Class,7,60.98,Automotive,Europe
5,8.7,3.7,1,Standard Class,2,133.8,Automotive,Europe
5,9.2,4.2,1,Standard Class,4,259.78,Industrial Parts,Europe
5,9.7,4.7,1,Standard Class,4,489.94,Chemicals,Latin America
2,3.0,1.0,1,First Class,1,41.21,Chemicals,East Asia
5,8.9,3.9,1,Standard Class,2,108.04,Chemicals,Latin America
2,3.7,1.7,1,First Class,1,317.37,Industrial Parts,Latin America
2,4.2,2.2,1,First Class,6,159.14,Industrial Parts,South Asia
3,5.7,2.7,1,Second Class,3,430.67,Industrial Parts,Europe
1,1.6,0.6,1,Same Day,1,78.31,Electronics,Europe
1,3.1,2.1,1,Same Day,8,481.95,Industrial Parts,North America
1,2.6,1.6,1,Same Day,4,457.06,Apparel,Europe
5,9.5,4.5,1,Standard Class,7,444.89,Electronics,Latin America
5,8.4,3.4,1,Standard Class,2,94.8,Apparel,South Asia
5,9.0,4.0,1,Standard Class,6,171.45,Chemicals,North America
3,6.7,3.7,1,Second Class,6,404.01,Automotive,Latin America
1,3.5,2.5,1,Same Day,7,405.83,Chemicals,Latin America
3,5.0,2.0,1,Second Class,1,355.54,Industrial Parts,North America
5,8.8,3.8,1,Standard Class,1,229.54,Automotive,Latin America
1,2.3,1.3,1,Same Day,2,162.68,Chemicals,Latin America
5,8.8,3.8,1,Standard Class,2,481.85,Electronics,South Asia
5,8.9,3.9,1,Standard Class,5,78.24,Industrial Parts,South Asia
5,9.0,4.0,1,Standard Class,1,31.44,Chemicals,South Asia
5,8.3,3.3,1,Standard Class,2,14.47,Automotive,Europe
2,4.0,2.0,1,First Class,6,389.76,Apparel,North America
5,9.3,4.3,1,Standard Class,3,37.79,Chemicals,South Asia
5,9.5,4.5,1,Standard Class,4,273.94,Electronics,Latin America
2,2.9,0.9,1,First Class,1,189.97,Automotive,Europe
3,5.4,2.4,1,Second Class,5,81.98,Chemicals,North America
2,4.3,2.3,1,First Class,4,372.89,Apparel,South Asia
5,10.1,5.1,1,Standard Class,8,36.95,Industrial Parts,South Asia
3,5.2,2.2,1,Second Class,3,166.01,Industrial Parts,North America
1,2.6,1.6,1,Same Day,1,285.47,Industrial Parts,South Asia
5,8.8,3.8,1,Standard Class,5,207.18,Automotive,North America
2,2.9,0.9,1,First Class,1,136.98,Apparel,North America
5,9.0,4.0,1,Standard Class,5,463.74,Apparel,Latin America
5,9.6,4.6,1,Standard Class,9,466.18,Chemicals,North America
2,3.8,1.8,1,First Class,5,213.89,Industrial Parts,East Asia
3,5.9,2.9,1,Second Class,2,202.93,Automotive,South Asia
5,8.5,3.5,1,Standard Class,2,160.62,Industrial Parts,Latin America
3,5.6,2.6,1,Second Class,9,429.32,Industrial Parts,Europe
3,5.8,2.8,1,Second Class,5,288.28,Chemicals,East Asia
1,3.1,2.1,1,Same Day,8,53.87,Chemicals,North America
5,8.2,3.2,1,Standard Class,4,428.13,Chemicals,Europe
1,1.7,0.7,1,Same Day,2,272.09,Electronics,Europe
5,9.5,4.5,1,Standard Class,4,213.64,Electronics,Europe
2,3.8,1.8,1,First Class,4,175.55,Automotive,Europe
5,10.3,5.3,1,Standard Class,9,58.72,Automotive,Latin America
5,10.0,5.0,1,Standard Class,6,478.78,Chemicals,Latin America
3,5.7,2.7,1,Second Class,6,373.21,Apparel,Europe
5,9.6,4.6,1,Standard Class,5,74.57,Automotive,East Asia
5,9.0,4.0,1,Standard Class,6,260.52,Electronics,South Asia
5,9.0,4.0,1,Standard Class,1,282.23,Electronics,South Asia
2,4.3,2.3,1,First Class,5,92.27,Industrial Parts,Latin America
5,8.7,3.7,1,Standard Class,6,219.34,Chemicals,East Asia
3,5.9,2.9,1,Second Class,8,326.42,Apparel,East Asia
5,8.5,3.5,1,Standard Class,4,149.17,Chemicals,North America
5,8.9,3.9,1,Standard Class,5,172.49,Electronics,Latin America
5,8.3,3.3,1,Standard Class,4,69.79,Apparel,East Asia
5,9.1,4.1,1,Standard Class,7,212.49,Automotive,East Asia
5,9.4,4.4,1,Standard Class,6,296.09,Industrial Parts,South Asia
5,8.5,3.5,1,Standard Class,4,67.1,Electronics,East Asia
1,2.7,1.7,1,Same Day,6,311.24,Industrial Parts,East Asia
2,3.4,1.4,1,First Class,4,204.92,Chemicals,Europe
5,9.9,4.9,1,Standard Class,8,342.31,Apparel,South Asia
5,9.1,4.1,1,Standard Class,3,164.27,Chemicals,South Asia
3,6.0,3.0,1,Second Class,8,288.56,Industrial Parts,Europe
5,8.5,3.5,1,Standard Class,2,310.27,Electronics,South Asia
5,8.9,3.9,1,Standard Class,6,348.35,Industrial Parts,North America
3,5.9,2.9,1,Second Class,8,380.9,Electronics,North America
2,3.9,1.9,1,First Class,1,76.81,Industrial Parts,Latin America
2,4.7,2.7,1,First Class,6,482.97,Chemicals,South Asia
5,9.8,4.8,1,Standard Class,9,423.39,Industrial Parts,South Asia
5,8.1,3.1,1,Standard Class,2,285.54,Automotive,North America
2,3.4,1.4,1,First Class,1,446.28,Chemicals,Latin America
5,8.8,3.8,1,Standard Class,2,197.39,Industrial Parts,Latin America
2,4.1,2.1,1,First Class,5,26.8,Industrial Parts,North America
2,4.3,2.3,1,First Class,6,366.25,Apparel,North America
5,7.5,2.5,1,Standard Class,1,472.24,Chemicals,Europe
1,3.5,2.5,1,Same Day,7,89.31,Apparel,Latin America
3,5.9,2.9,1,Second Class,4,325.5,Chemicals,Latin America
3,5.8,2.8,1,Second Class,9,408.58,Electronics,Europe
5,9.0,4.0,1,Standard Class,6,453.48,Chemicals,North America
5,9.2,4.2,1,Standard Class,9,145.5,Chemicals,Europe
5,8.7,3.7,1,Standard Class,1,73.08,Industrial Parts,Europe
5,8.5,3.5,1,Standard Class,4,131.45,Automotive,East Asia
1,2.0,1.0,1,Same Day,2,293.08,Chemicals,Latin America
5,9.6,4.6,1,Standard Class,6,460.18,Apparel,North America
5,8.8,3.8,1,Standard Class,4,295.44,Automotive,East Asia
5,9.3,4.3,1,Standard Class,9,460.61,Chemicals,East Asia
2,4.0,2.0,1,First Class,3,387.32,Automotive,East Asia
5,8.6,3.6,1,Standard Class,1,303.21,Electronics,North America
5,8.1,3.1,1,Standard Class,1,20.68,Automotive,Europe
5,9.2,4.2,1,Standard Class,9,173.21,Electronics,North America
3,6.8,3.8,1,Second Class,9,38.16,Automotive,Latin America
5,9.3,4.3,1,Standard Class,5,167.9,Automotive,Latin America
1,1.6,0.6,1,Same Day,2,40.54,Apparel,Europe
3,6.2,3.2,1,Second Class,9,92.23,Apparel,North America
5,9.8,4.8,1,Standard Class,8,211.24,Industrial Parts,Europe
3,6.1,3.1,1,Second Class,6,262.29,Automotive,Europe
5,9.3,4.3,1,Standard Class,7,116.4,Electronics,North America
1,2.8,1.8,1,Same Day,6,368.96,Automotive,Latin America
2,3.7,1.7,1,First Class,5,299.28,Chemicals,North America
5,9.4,4.4,1,Standard Class,4,348.96,Electronics,Latin America
5,9.9,4.9,1,Standard Class,7,369.06,Chemicals,South Asia
5,9.3,4.3,1,Standard Class,4,366.19,Industrial Parts,South Asia
1,3.8,2.8,1,Same Day,9,468.75,Chemicals,South Asia
5,8.5,3.5,1,Standard Class,5,126.24,Industrial Parts,East Asia
2,5.0,3.0,1,First Class,8,142.38,Industrial Parts,Latin America
5,9.7,4.7,1,Standard Class,6,56.16,Industrial Parts,Latin America
1,1.7,0.7,1,Same Day,4,300.37,Chemicals,North America
5,8.8,3.8,1,Standard Class,3,203.64,Industrial Parts,Latin America
2,4.3,2.3,1,First Class,6,253.14,Industrial Parts,North America
5,8.4,3.4,1,Standard Class,1,93.21,Apparel,East Asia
3,5.2,2.2,1,Second Class,2,328.04,Automotive,North America
5,9.8,4.8,1,Standard Class,7,313.32,Industrial Parts,South Asia
5,8.7,3.7,1,Standard Class,4,139.74,Electronics,North America
5,9.0,4.0,1,Standard Class,5,238.05,Electronics,North America
3,5.3,2.3,1,Second Class,1,448.21,Apparel,North America
5,9.4,4.4,1,Standard Class,2,389.01,Chemicals,Latin America
2,3.3,1.3,1,First Class,4,121.2,Chemicals,Europe
5,9.6,4.6,1,Standard Class,8,440.64,Chemicals,Europe
3,5.4,2.4,1,Second Class,4,42.98,Industrial Parts,Europe
1,2.1,1.1,1,Same Day,3,212.82,Chemicals,Latin America
2,4.4,2.4,1,First Class,3,49.26,Chemicals,South Asia
5,8.6,3.6,1,Standard Class,5,462.86,Automotive,Europe
5,8.8,3.8,1,Standard Class,3,29.94,Industrial Parts,Europe
5,9.6,4.6,1,Standard Class,8,84.11,Industrial Parts,East Asia
5,9.4,4.4,1,Standard Class,5,458.37,Electronics,East Asia
2,5.0,3.0,1,First Class,7,295.26,Electronics,South Asia
2,4.6,2.6,1,First Class,8,399.64,Automotive,North America
1,2.7,1.7,1,Same Day,5,18.04,Apparel,North America
5,9.4,4.4,1,Standard Class,8,215.36,Industrial Parts,East Asia
2,3.9,1.9,1,First Class,3,492.39,Electronics,East Asia
5,9.6,4.6,1,Standard Class,7,294.11,Chemicals,South Asia
2,4.6,2.6,1,First Class,8,426.34,Industrial Parts,South Asia
5,9.8,4.8,1,Standard Class,7,482.14,Industrial Parts,Latin America
5,8.8,3.8,1,Standard Class,2,345.67,Industrial Parts,North America
5,9.7,4.7,1,Standard Class,8,170.54,Electronics,Latin America
3,5.7,2.7,1,Second Class,6,161.22,Automotive,Europe
1,2.1,1.1,1,Same Day,3,44.93,Electronics,South Asia
5,8.5,3.5,1,Standard Class,4,219.61,Chemicals,North America
5,8.9,3.9,1,Standard Class,7,458.54,Chemicals,North America
5,9.4,4.4,1,Standard Class,3,244.25,Apparel,Latin America
2,3.0,1.0,1,First Class,1,456.39,Electronics,East Asia
5,9.1,4.1,1,Standard Class,6,410.4,Electronics,East Asia
3,5.5,2.5,1,Second Class,3,492.25,Apparel,South Asia
1,2.8,1.8,1,Same Day,6,474.37,Apparel,East Asia
1,2.1,1.1,1,Same Day,3,356.18,Industrial Parts,Europe
5,8.6,3.6,1,Standard Class,6,436.9,Industrial Parts,North America
3,5.3,2.3,1,Second Class,4,376.56,Chemicals,East Asia
3,5.8,2.8,1,Second Class,4,354.66,Automotive,South Asia
5,8.5,3.5,1,Standard Class,2,360.62,Chemicals,Europe
2,4.0,2.0,1,First Class,4,363.31,Electronics,Latin America
3,5.9,2.9,1,Second Class,4,195.92,Automotive,Latin America
5,8.9,3.9,1,Standard Class,7,217.55,Industrial Parts,Europe
5,9.0,4.0,1,Standard Class,5,154.09,Apparel,South Asia
5,10.0,5.0,1,Standard Class,8,82.65,Apparel,Latin America
2,4.3,2.3,1,First Class,7,234.64,Chemicals,North America
5,9.3,4.3,1,Standard Class,9,450.98,Electronics,North America
1,3.5,2.5,1,Same Day,8,329.12,Electronics,South Asia
2,4.6,2.6,1,First Class,9,37.53,Apparel,South Asia
2,3.4,1.4,1,First Class,1,407.49,Chemicals,North America
5,9.1,4.1,1,Standard Class,3,468.35,Chemicals,South Asia
2,3.5,1.5,1,First Class,5,416.42,Industrial Parts,Europe
5,9.7,4.7,1,Standard Class,9,366.5,Industrial Parts,South Asia
5,9.6,4.6,1,Standard Class,8,83.56,Industrial Parts,North America
2,3.6,1.6,1,First Class,7,181.01,Automotive,East Asia
5,8.9,3.9,1,Standard Class,2,286.99,Chemicals,South Asia
2,3.8,1.8,1,First Class,6,47.66,Chemicals,Latin America
5,8.4,3.4,1,Standard Class,4,62.07,Industrial Parts,Europe
5,8.5,3.5,1,Standard Class,5,467.78,Apparel,Europe
5,8.1,3.1,1,Standard Class,5,354.32,Industrial Parts,Europe
1,2.5,1.5,1,Same Day,4,144.79,Automotive,Latin America
2,4.0,2.0,1,First Class,4,170.41,Apparel,Latin America
2,3.2,1.2,1,First Class,4,198.37,Chemicals,Europe
5,8.2,3.2,1,Standard Class,2,46.78,Automotive,Europe
5,8.2,3.2,1,Standard Class,1,372.2,Automotive,Europe
1,1.8,0.8,1,Same Day,2,96.65,Apparel,South Asia
5,9.6,4.6,1,Standard Class,7,404.51,Industrial Parts,Latin America
5,8.4,3.4,1,Standard Class,1,424.48,Industrial Parts,North America
2,4.5,2.5,1,First Class,6,322.83,Electronics,South Asia
5,8.8,3.8,1,Standard Class,4,387.23,Apparel,North America
3,5.7,2.7,1,Second Class,2,94.2,Industrial Parts,South Asia
2,4.1,2.1,1,First Class,3,292.21,Automotive,South Asia
5,9.5,4.5,1,Standard Class,7,341.63,Industrial Parts,North America
5,9.8,4.8,1,Standard Class,6,334.16,Industrial Parts,Europe
5,8.7,3.7,1,Standard Class,6,67.47,Automotive,North America
3,5.9,2.9,1,Second Class,8,178.75,Apparel,East Asia
2,4.4,2.4,1,First Class,8,169.27,Electronics,Latin America
5,9.4,4.4,1,Standard Class,6,290.54,Industrial Parts,East Asia
5,9.3,4.3,1,Standard Class,1,384.97,Industrial Parts,South Asia
2,4.3,2.3,1,First Class,7,289.59,Industrial Parts,North America
2,3.8,1.8,1,First Class,8,379.87,Apparel,Europe
5,8.8,3.8,1,Standard Class,5,58.49,Automotive,Europe
5,8.8,3.8,1,Standard Class,4,440.29,Automotive,East Asia
5,9.3,4.3,1,Standard Class,7,272.94,Automotive,East Asia
2,5.0,3.0,1,First Class,6,28.37,Automotive,South Asia
1,3.2,2.2,1,Same Day,6,325.17,Automotive,Latin America
5,9.4,4.4,1,Standard Class,3,263.5,Automotive,South Asia
2,3.5,1.5,1,First Class,4,117.98,Industrial Parts,Europe
5,9.0,4.0,1,Standard Class,5,384.57,Industrial Parts,North America
5,9.0,4.0,1,Standard Class,9,467.45,Automotive,East Asia
5,9.3,4.3,1,Standard Class,8,168.11,Automotive,Europe
3,6.0,3.0,1,Second Class,3,252.02,Apparel,South Asia
5,9.1,4.1,1,Standard Class,6,72.81,Apparel,Latin America
2,3.1,1.1,1,First Class,1,465.6,Chemicals,North America
5,9.5,4.5,1,Standard Class,3,166.21,Industrial Parts,Latin America
5,9.7,4.7,1,Standard Class,7,105.44,Automotive,South Asia
5,9.9,4.9,1,Standard Class,7,244.43,Industrial Parts,South Asia
3,5.9,2.9,1,Second Class,2,31.21,Chemicals,Europe
5,8.4,3.4,1,Standard Class,3,133.89,Apparel,North America
2,4.9,2.9,1,First Class,7,43.15,Chemicals,South Asia
5,8.9,3.9,1,Standard Class,6,72.41,Electronics,Europe
5,10.0,5.0,1,Standard Class,7,64.96,Apparel,South Asia
5,9.4,4.4,1,Standard Class,9,437.49,Industrial Parts,Europe
5,10.1,5.1,1,Standard Class,8,465.91,Apparel,Latin America
5,9.4,4.4,1,Standard Class,6,242.52,Chemicals,Europe
5,9.1,4.1,1,Standard Class,4,318.9,Automotive,Latin America
2,4.7,2.7,1,First Class,9,350.99,Chemicals,East Asia
2,4.1,2.1,1,First Class,7,201.74,Chemicals,South Asia
5,8.9,3.9,1,Standard Class,5,191.4,Automotive,East Asia
5,8.8,3.8,1,Standard Class,2,341.03,Industrial Parts,North America
5,10.2,5.2,1,Standard Class,9,194.59,Industrial Parts,East Asia
5,8.8,3.8,1,Standard Class,7,294.69,Apparel,Europe
5,9.1,4.1,1,Standard Class,9,262.44,Chemicals,Europe
3,6.1,3.1,1,Second Class,9,266.99,Apparel,North America
5,8.9,3.9,1,Standard Class,5,416.39,Automotive,North America
5,9.5,4.5,1,Standard Class,7,354.99,Electronics,South Asia
5,9.1,4.1,1,Standard Class,5,480.73,Industrial Parts,Europe
5,8.5,3.5,1,Standard Class,3,397.58,Automotive,North America
2,4.0,2.0,1,First Class,8,81.44,Industrial Parts,East Asia
5,9.0,4.0,1,Standard Class,8,371.86,Apparel,Europe
5,9.5,4.5,1,Standard Class,9,336.17,Electronics,North America
2,4.6,2.6,1,First Class,6,326.56,Chemicals,South Asia
5,9.2,4.2,1,Standard Class,2,245.56,Industrial Parts,Latin America
3,5.2,2.2,1,Second Class,3,40.61,Chemicals,Europe
2,4.0,2.0,1,First Class,6,476.23,Apparel,Europe
5,8.7,3.7,1,Standard Class,1,427.44,Industrial Parts,Europe
2,3.7,1.7,1,First Class,2,248.54,Apparel,Europe
5,9.7,4.7,1,Standard Class,8,87.7,Chemicals,Latin America
2,4.9,2.9,1,First Class,8,413.99,Apparel,Latin America
5,9.5,4.5,1,Standard Class,6,221.03,Apparel,South Asia
5,8.4,3.4,1,Standard Class,3,201.16,Apparel,Europe
2,3.0,1.0,1,First Class,2,336.04,Automotive,North America
3,6.3,3.3,1,Second Class,6,381.75,Automotive,East Asia
1,1.5,0.5,0,Same Day,1,40.79,Industrial Parts,Europe
2,4.3,2.3,1,First Class,6,386.1,Apparel,Latin America
5,9.4,4.4,1,Standard Class,9,369.63,Apparel,South Asia
5,9.5,4.5,1,Standard Class,7,298.71,Apparel,Europe
5,10.0,5.0,1,Standard Class,9,175.83,Automotive,South Asia
5,8.8,3.8,1,Standard Class,2,90.75,Chemicals,North America
5,9.0,4.0,1,Standard Class,5,60.3,Apparel,North America
1,2.9,1.9,1,Same Day,9,10.58,Electronics,North America
5,9.4,4.4,1,Standard Class,7,111.17,Industrial Parts,North America
5,9.4,4.4,1,Standard Class,9,211.56,Automotive,East Asia
5,9.0,4.0,1,Standard Class,6,129.39,Chemicals,South Asia
3,6.0,3.0,1,Second Class,7,161.4,Electronics,Europe
2,4.1,2.1,1,First Class,5,201.32,Apparel,East Asia
2,3.6,1.6,1,First Class,6,161.05,Automotive,Europe
5,8.1,3.1,1,Standard Class,1,365.06,Apparel,Latin America
3,4.8,1.8,1,Second Class,1,250.95,Industrial Parts,East Asia
5,8.5,3.5,1,Standard Class,2,19.47,Automotive,East Asia
3,5.6,2.6,1,Second Class,4,121.07,Electronics,Latin America
2,4.3,2.3,1,First Class,9,357.73,Chemicals,East Asia
5,9.8,4.8,1,Standard Class,7,157.46,Chemicals,South Asia
5,8.7,3.7,1,Standard Class,6,460.87,Industrial Parts,North America
2,3.5,1.5,1,First Class,1,359.21,Chemicals,Europe
5,9.5,4.5,1,Standard Class,5,152.06,Chemicals,Latin America
3,5.2,2.2,1,Second Class,4,263.04,Industrial Parts,North America
5,9.1,4.1,1,Standard Class,5,336.95,Electronics,East Asia
5,9.8,4.8,1,Standard Class,9,104.75,Automotive,South Asia
5,8.4,3.4,1,Standard Class,3,130.63,Automotive,East Asia
5,9.2,4.2,1,Standard Class,4,258.49,Industrial Parts,Latin America
5,9.5,4.5,1,Standard Class,8,463.2,Apparel,East Asia
5,9.1,4.1,1,Standard Class,3,178.57,Industrial Parts,South Asia
2,3.6,1.6,1,First Class,3,207.04,Industrial Parts,East Asia
5,9.9,4.9,1,Standard Class,9,103.4,Industrial Parts,East Asia
1,2.4,1.4,1,Same Day,5,300.67,Industrial Parts,East Asia
2,3.0,1.0,1,First Class,1,372.67,Chemicals,East Asia
3,6.7,3.7,1,Second Class,7,225.91,Chemicals,South Asia
5,9.0,4.0,1,Standard Class,7,377.62,Electronics,Europe
5,8.9,3.9,1,Standard Class,6,158.28,Industrial Parts,North America
5,9.6,4.6,1,Standard Class,6,356.42,Automotive,Latin America
2,3.6,1.6,1,First Class,3,136.59,Apparel,Europe
3,5.9,2.9,1,Second Class,3,392.52,Chemicals,South Asia
5,9.8,4.8,1,Standard Class,9,417.01,Automotive,Latin America
5,9.3,4.3,1,Standard Class,1,400.88,Chemicals,Latin America
3,5.3,2.3,1,Second Class,7,115.58,Electronics,East Asia
5,9.3,4.3,1,Standard Class,7,350.18,Apparel,North America
2,4.2,2.2,1,First Class,8,273.88,Chemicals,North America
2,4.3,2.3,1,First Class,6,493.16,Apparel,South Asia
3,6.2,3.2,1,Second Class,8,187.17,Apparel,Europe
5,8.0,3.0,1,Standard Class,1,387.91,Automotive,East Asia
5,7.9,2.9,1,Standard Class,1,191.34,Chemicals,North America
2,4.7,2.7,1,First Class,9,204.46,Apparel,East Asia
1,1.9,0.9,1,Same Day,4,64.39,Industrial Parts,Europe
5,9.0,4.0,1,Standard Class,3,127.43,Apparel,Latin America
5,8.3,3.3,1,Standard Class,6,90.6,Apparel,Europe
2,4.3,2.3,1,First Class,9,88.01,Chemicals,Latin America
1,2.2,1.2,1,Same Day,4,14.42,Industrial Parts,Europe
3,6.6,3.6,1,Second Class,9,398.95,Apparel,East Asia
1,2.1,1.1,1,Same Day,5,239.29,Chemicals,Europe
5,9.6,4.6,1,Standard Class,7,404.04,Chemicals,North America
5,8.9,3.9,1,Standard Class,3,310.15,Apparel,North America
2,4.3,2.3,1,First Class,3,417.36,Electronics,South Asia
3,5.7,2.7,1,Second Class,3,256.84,Electronics,North America
5,9.7,4.7,1,Standard Class,8,56.08,Automotive,North America
5,9.3,4.3,1,Standard Class,6,312.21,Electronics,Latin America
3,6.1,3.1,1,Second Class,9,342.1,Electronics,East Asia
5,9.7,4.7,1,Standard Class,9,316.99,Chemicals,East Asia
5,9.4,4.4,1,Standard Class,8,402.65,Chemicals,Latin America
2,3.2,1.2,1,First Class,1,368.43,Apparel,North America
2,4.0,2.0,1,First Class,6,221.99,Apparel,Europe
3,6.2,3.2,1,Second Class,4,411.36,Chemicals,Latin America
5,8.9,3.9,1,Standard Class,4,348.98,Apparel,East Asia
2,3.6,1.6,1,First Class,3,68.98,Chemicals,South Asia
2,3.8,1.8,1,First Class,9,274.54,Electronics,East Asia
2,3.3,1.3,1,First Class,2,366.99,Apparel,Europe
2,3.9,1.9,1,First Class,1,281.11,Electronics,East Asia
5,8.7,3.7,1,Standard Class,3,475.02,Automotive,Latin America
5,9.2,4.2,1,Standard Class,4,59.73,Apparel,South Asia
5,8.8,3.8,1,Standard Class,4,363.94,Chemicals,East Asia
5,9.3,4.3,1,Standard Class,6,413.98,Chemicals,Latin America
2,3.8,1.8,1,First Class,1,354.3,Automotive,Latin America
3,5.7,2.7,1,Second Class,1,198.94,Chemicals,Latin America
3,6.2,3.2,1,Second Class,2,198.89,Electronics,South Asia
3,6.1,3.1,1,Second Class,4,297.42,Chemicals,Latin America
5,9.6,4.6,1,Standard Class,7,204.58,Automotive,South Asia
5,9.3,4.3,1,Standard Class,6,442.76,Industrial Parts,Europe
5,9.4,4.4,1,Standard Class,9,63.87,Industrial Parts,Europe
5,9.0,4.0,1,Standard Class,7,323.19,Electronics,Europe
5,9.2,4.2,1,Standard Class,5,75.72,Industrial Parts,Latin America
2,4.3,2.3,1,First Class,6,274.68,Chemicals,South Asia
1,3.2,2.2,1,Same Day,9,360.63,Automotive,Europe
5,8.6,3.6,1,Standard Class,1,91.1,Electronics,North America
5,9.5,4.5,1,Standard Class,9,354.98,Industrial Parts,Europe
3,6.1,3.1,1,Second Class,6,78.59,Chemicals,Latin America
5,8.8,3.8,1,Standard Class,4,314.07,Chemicals,North America
3,5.4,2.4,1,Second Class,5,257.72,Apparel,East Asia
3,5.0,2.0,1,Second Class,1,156.06,Apparel,North America
1,2.1,1.1,1,Same Day,7,64.66,Automotive,East Asia
5,9.3,4.3,1,Standard Class,8,370.57,Electronics,North America
2,4.6,2.6,1,First Class,5,197.08,Industrial Parts,South Asia
5,8.2,3.2,1,Standard Class,2,52.4,Industrial Parts,North America
2,4.5,2.5,1,First Class,8,388.67,Chemicals,Europe
5,9.3,4.3,1,Standard Class,7,124.12,Industrial Parts,East Asia
5,9.6,4.6,1,Standard Class,9,370.86,Automotive,East Asia
2,3.4,1.4,1,First Class,4,286.8,Apparel,Europe
2,4.6,2.6,1,First Class,9,105.32,Chemicals,South Asia
3,5.8,2.8,1,Second Class,4,47.44,Electronics,North America
3,5.6,2.6,1,Second Class,3,300.69,Chemicals,South Asia
2,3.3,1.3,1,First Class,3,22.35,Industrial Parts,Europe
5,8.5,3.5,1,Standard Class,2,42.08,Automotive,North America
3,6.1,3.1,1,Second Class,3,354.09,Electronics,Europe
2,4.4,2.4,1,First Class,8,274.05,Chemicals,East Asia
3,5.9,2.9,1,Second Class,8,169.88,Industrial Parts,East Asia
1,1.8,0.8,1,Same Day,2,274.22,Chemicals,East Asia
5,8.8,3.8,1,Standard Class,2,299.91,Electronics,Latin America
3,5.8,2.8,1,Second Class,2,286.99,Industrial Parts,Latin America
5,9.4,4.4,1,Standard Class,7,324.85,Apparel,East Asia
5,9.3,4.3,1,Standard Class,6,470.74,Electronics,Latin America
2,3.7,1.7,1,First Class,1,200.5,Apparel,Latin America
5,8.7,3.7,1,Standard Class,2,157.56,Apparel,Europe
3,4.7,1.7,1,Second Class,1,28.83,Industrial Parts,North America
5,9.1,4.1,1,Standard Class,7,82.07,Chemicals,East Asia
5,9.4,4.4,1,Standard Class,6,62.06,Chemicals,Latin America
2,3.3,1.3,1,First Class,2,174.37,Automotive,Europe
3,4.5,1.5,1,Second Class,2,308.9,Electronics,Europe
1,1.6,0.6,1,Same Day,2,32.7,Electronics,North America
3,5.5,2.5,1,Second Class,8,366.56,Industrial Parts,Europe
2,4.3,2.3,1,First Class,7,204.74,Industrial Parts,South Asia
5,8.9,3.9,1,Standard Class,1,482.12,Automotive,South Asia
5,8.8,3.8,1,Standard Class,4,288.51,Automotive,East Asia
5,8.6,3.6,1,Standard Class,4,387.97,Apparel,North America
2,4.0,2.0,1,First Class,7,431.98,Automotive,South Asia
2,3.1,1.1,1,First Class,2,445.53,Chemicals,North America
5,8.3,3.3,1,Standard Class,4,264.05,Apparel,East Asia
3,5.0,2.0,1,Second Class,1,204.4,Automotive,Europe
2,3.6,1.6,1,First Class,4,284.65,Chemicals,Europe
5,7.8,2.8,1,Standard Class,1,207.01,Chemicals,Europe
5,8.8,3.8,1,Standard Class,2,127.95,Apparel,South Asia
3,4.5,1.5,1,Second Class,2,168.72,Apparel,North America
3,5.9,2.9,1,Second Class,3,124.06,Chemicals,South Asia
3,6.5,3.5,1,Second Class,8,142.02,Industrial Parts,Latin America
5,8.5,3.5,1,Standard Class,6,55.87,Apparel,North America
1,2.0,1.0,1,Same Day,6,218.97,Electronics,East Asia
5,10.5,5.5,1,Standard Class,9,125.29,Industrial Parts,South Asia
5,9.4,4.4,1,Standard Class,8,229.7,Electronics,Europe
1,1.6,0.6,1,Same Day,2,398.18,Automotive,Europe
5,8.9,3.9,1,Standard Class,6,229.67,Apparel,Europe
2,3.4,1.4,1,First Class,1,477.76,Apparel,South Asia
5,10.1,5.1,1,Standard Class,9,82.44,Chemicals,South Asia
2,3.6,1.6,1,First Class,4,426.63,Apparel,Europe
1,2.4,1.4,1,Same Day,4,131.65,Electronics,Europe
5,9.8,4.8,1,Standard Class,9,467.63,Industrial Parts,Europe
2,4.3,2.3,1,First Class,3,121.3,Automotive,Latin America
5,9.7,4.7,1,Standard Class,5,376.01,Industrial Parts,South Asia
2,3.1,1.1,1,First Class,1,40.44,Electronics,Europe
5,8.6,3.6,1,Standard Class,6,318.61,Automotive,East Asia
5,8.5,3.5,1,Standard Class,3,117.15,Chemicals,Europe
5,8.8,3.8,1,Standard Class,1,338.38,Apparel,South Asia
5,9.1,4.1,1,Standard Class,6,321.56,Apparel,East Asia
1,2.2,1.2,1,Same Day,2,462.61,Chemicals,South Asia
5,9.5,4.5,1,Standard Class,8,317.07,Electronics,South Asia
5,9.0,4.0,1,Standard Class,2,210.04,Chemicals,South Asia
5,9.4,4.4,1,Standard Class,4,104.85,Electronics,North America
5,9.0,4.0,1,Standard Class,3,332.15,Automotive,East Asia
3,7.1,4.1,1,Second Class,9,67.02,Industrial Parts,Latin America
1,2.2,1.2,1,Same Day,2,415.97,Industrial Parts,Latin America
5,8.3,3.3,1,Standard Class,3,131.19,Chemicals,North America
3,6.7,3.7,1,Second Class,7,266.84,Apparel,South Asia
2,4.5,2.5,1,First Class,4,302.01,Chemicals,Latin America
5,8.9,3.9,1,Standard Class,6,187.62,Apparel,East Asia
2,3.3,1.3,1,First Class,3,335.3,Chemicals,Europe
2,3.0,1.0,1,First Class,1,132.61,Chemicals,East Asia
2,4.5,2.5,1,First Class,6,26.97,Industrial Parts,South Asia
3,5.5,2.5,1,Second Class,4,480.04,Apparel,East Asia
5,9.0,4.0,1,Standard Class,2,166.82,Industrial Parts,South Asia
1,3.0,2.0,1,Same Day,7,359.6,Apparel,East Asia
3,5.9,2.9,1,Second Class,5,258.69,Automotive,North America
5,8.9,3.9,1,Standard Class,6,337.81,Automotive,East Asia
2,4.4,2.4,1,First Class,6,64.36,Automotive,Latin America
5,9.8,4.8,1,Standard Class,9,264.24,Electronics,Europe
1,2.0,1.0,1,Same Day,2,202.19,Industrial Parts,North America
2,4.4,2.4,1,First Class,6,231.41,Industrial Parts,East Asia
5,10.2,5.2,1,Standard Class,9,483.44,Automotive,South Asia
5,8.8,3.8,1,Standard Class,4,76.78,Chemicals,North America
2,4.2,2.2,1,First Class,6,379.8,Industrial Parts,Latin America
5,8.7,3.7,1,Standard Class,7,171.87,Apparel,Europe
5,8.6,3.6,1,Standard Class,1,152.28,Industrial Parts,Europe
5,9.2,4.2,1,Standard Class,5,142.68,Industrial Parts,East Asia
5,9.6,4.6,1,Standard Class,4,180.9,Apparel,Latin America
5,8.5,3.5,1,Standard Class,2,184.99,Automotive,Latin America
5,8.5,3.5,1,Standard Class,2,142.67,Automotive,Europe
5,8.2,3.2,1,Standard Class,2,337.07,Apparel,Europe
2,4.5,2.5,1,First Class,7,33.38,Industrial Parts,Latin America
2,3.1,1.1,1,First Class,4,172.82,Industrial Parts,Europe
5,9.4,4.4,1,Standard Class,6,147.3,Automotive,South Asia
5,9.1,4.1,1,Standard Class,7,378.19,Electronics,Europe
2,5.0,3.0,1,First Class,9,81.78,Automotive,South Asia
5,8.6,3.6,1,Standard Class,2,470.94,Apparel,Europe
5,9.9,4.9,1,Standard Class,9,93.55,Electronics,North America
5,8.8,3.8,1,Standard Class,5,191.31,Electronics,North America
3,5.7,2.7,1,Second Class,6,107.85,Apparel,North America
3,6.5,3.5,1,Second Class,6,150.48,Chemicals,South Asia
3,6.0,3.0,1,Second Class,3,382.9,Automotive,South Asia
3,5.6,2.6,1,Second Class,7,243.44,Industrial Parts,East Asia
2,3.7,1.7,1,First Class,7,89.66,Automotive,East Asia
5,10.0,5.0,1,Standard Class,8,32.85,Apparel,Europe
2,4.4,2.4,1,First Class,5,122.66,Industrial Parts,South Asia
5,8.6,3.6,1,Standard Class,2,473.35,Chemicals,North America
2,3.6,1.6,1,First Class,3,424.21,Apparel,North America
3,6.4,3.4,1,Second Class,9,225.69,Automotive,North America
2,4.3,2.3,1,First Class,6,246.18,Electronics,Europe
5,10.5,5.5,1,Standard Class,8,450.69,Apparel,South Asia
5,9.5,4.5,1,Standard Class,8,299.76,Apparel,Europe
2,4.3,2.3,1,First Class,5,441.58,Automotive,Latin America
2,3.9,1.9,1,First Class,1,251.0,Chemicals,Latin America
3,5.7,2.7,1,Second Class,6,108.05,Automotive,East Asia
5,9.3,4.3,1,Standard Class,7,365.7,Automotive,South Asia
3,6.4,3.4,1,Second Class,9,267.93,Chemicals,North America
2,3.6,1.6,1,First Class,2,337.54,Chemicals,South Asia
3,5.0,2.0,1,Second Class,2,87.04,Apparel,East Asia
2,2.8,0.8,1,First Class,1,327.32,Electronics,North America
2,3.0,1.0,1,First Class,5,197.31,Automotive,Europe
2,2.9,0.9,1,First Class,2,172.68,Electronics,North America
3,5.9,2.9,1,Second Class,3,339.02,Chemicals,Latin America
1,2.2,1.2,1,Same Day,2,300.2,Chemicals,Europe
5,8.5,3.5,1,Standard Class,4,328.06,Automotive,North America
5,8.3,3.3,1,Standard Class,3,483.01,Apparel,Europe
1,3.4,2.4,1,Same Day,9,353.59,Automotive,Latin America
2,3.8,1.8,1,First Class,2,324.04,Apparel,Latin America
2,4.6,2.6,1,First Class,7,310.64,Industrial Parts,South Asia
5,9.3,4.3,1,Standard Class,3,205.37,Apparel,Latin America
5,9.7,4.7,1,Standard Class,8,421.2,Automotive,Latin America
3,5.8,2.8,1,Second Class,4,196.66,Automotive,Latin America
3,5.5,2.5,1,Second Class,4,353.12,Apparel,East Asia
5,10.1,5.1,1,Standard Class,9,153.64,Electronics,Latin America
5,10.0,5.0,1,Standard Class,3,82.4,Apparel,South Asia
3,6.5,3.5,1,Second Class,7,73.58,Industrial Parts,Europe
5,8.3,3.3,1,Standard Class,1,320.93,Industrial Parts,East Asia
3,5.8,2.8,1,Second Class,7,170.7,Electronics,Europe
5,8.4,3.4,1,Standard Class,2,144.77,Industrial Parts,Europe
2,4.3,2.3,1,First Class,6,300.11,Automotive,South Asia
1,3.0,2.0,1,Same Day,9,22.58,Electronics,East Asia
2,4.0,2.0,1,First Class,6,130.65,Electronics,North America
5,9.2,4.2,1,Standard Class,3,176.87,Electronics,Latin America
2,2.6,0.6,1,First Class,1,357.1,Apparel,Europe
5,8.4,3.4,1,Standard Class,4,277.05,Apparel,Europe
5,9.7,4.7,1,Standard Class,4,429.43,Electronics,South Asia
1,3.0,2.0,1,Same Day,8,173.91,Industrial Parts,South Asia
3,6.3,3.3,1,Second Class,7,155.26,Automotive,South Asia
2,4.0,2.0,1,First Class,7,26.27,Automotive,East Asia
5,10.1,5.1,1,Standard Class,7,476.34,Apparel,Latin America
5,8.6,3.6,1,Standard Class,2,255.73,Chemicals,East Asia
5,9.9,4.9,1,Standard Class,9,256.24,Electronics,South Asia
2,4.3,2.3,1,First Class,6,462.48,Chemicals,South Asia
3,5.0,2.0,1,Second Class,2,152.06,Automotive,Europe
2,2.8,0.8,1,First Class,1,172.73,Apparel,East Asia
3,4.8,1.8,1,Second Class,1,331.61,Apparel,East Asia
5,9.3,4.3,1,Standard Class,1,394.74,Apparel,Latin America
5,9.1,4.1,1,Standard Class,4,352.66,Apparel,East Asia
5,9.1,4.1,1,Standard Class,4,396.47,Apparel,Latin America
5,9.3,4.3,1,Standard Class,9,291.8,Electronics,North America
5,9.1,4.1,1,Standard Class,1,432.78,Chemicals,Latin America
1,2.4,1.4,1,Same Day,3,279.55,Automotive,South Asia
5,8.8,3.8,1,Standard Class,3,122.38,Automotive,North America
1,2.4,1.4,1,Same Day,8,275.43,Apparel,Europe
5,8.5,3.5,1,Standard Class,2,359.34,Apparel,Europe
1,2.3,1.3,1,Same Day,6,330.25,Apparel,Europe
2,4.3,2.3,1,First Class,4,129.08,Industrial Parts,South Asia
1,2.8,1.8,1,Same Day,6,30.13,Automotive,Europe
5,9.1,4.1,1,Standard Class,5,133.72,Apparel,Latin America
3,6.5,3.5,1,Second Class,9,492.18,Chemicals,South Asia
1,2.8,1.8,1,Same Day,9,100.39,Industrial Parts,East Asia
5,9.2,4.2,1,Standard Class,1,237.54,Electronics,South Asia
5,9.1,4.1,1,Standard Class,3,322.79,Industrial Parts,South Asia
5,8.2,3.2,1,Standard Class,1,440.94,Industrial Parts,East Asia
1,3.3,2.3,1,Same Day,6,382.53,Industrial Parts,Latin America
2,3.6,1.6,1,First Class,3,455.39,Chemicals,North America
2,3.8,1.8,1,First Class,1,306.15,Automotive,East Asia
5,9.2,4.2,1,Standard Class,6,434.01,Apparel,South Asia
5,8.8,3.8,1,Standard Class,5,139.28,Chemicals,Europe
3,5.7,2.7,1,Second Class,8,220.98,Chemicals,East Asia
5,8.1,3.1,1,Standard Class,2,423.45,Apparel,East Asia
2,4.6,2.6,1,First Class,8,169.53,Industrial Parts,North America
1,2.6,1.6,1,Same Day,5,436.9,Electronics,South Asia
5,9.8,4.8,1,Standard Class,8,187.93,Industrial Parts,Europe
2,3.3,1.3,1,First Class,4,188.06,Industrial Parts,Europe
5,8.7,3.7,1,Standard Class,4,161.43,Automotive,North America
2,3.2,1.2,1,First Class,4,278.0,Industrial Parts,Europe
5,9.7,4.7,1,Standard Class,6,73.24,Electronics,Latin America
3,5.6,2.6,1,Second Class,4,27.94,Chemicals,East Asia
5,9.8,4.8,1,Standard Class,9,449.73,Industrial Parts,East Asia
5,9.7,4.7,1,Standard Class,9,465.18,Chemicals,Europe
2,3.5,1.5,1,First Class,3,47.32,Automotive,Europe
5,9.2,4.2,1,Standard Class,7,279.35,Electronics,Europe
3,5.3,2.3,1,Second Class,5,274.44,Apparel,East Asia
5,9.6,4.6,1,Standard Class,9,192.49,Apparel,Europe
2,3.8,1.8,1,First Class,2,288.76,Automotive,Latin America
5,9.2,4.2,1,Standard Class,3,234.48,Electronics,Latin America
2,4.0,2.0,1,First Class,5,249.92,Chemicals,East Asia
5,9.2,4.2,1,Standard Class,5,380.12,Automotive,South Asia
5,9.5,4.5,1,Standard Class,7,267.72,Industrial Parts,South Asia
5,9.9,4.9,1,Standard Class,8,168.59,Chemicals,South Asia
3,6.5,3.5,1,Second Class,8,294.91,Industrial Parts,Latin America
5,7.8,2.8,1,Standard Class,1,323.97,Industrial Parts,North America
3,5.3,2.3,1,Second Class,1,334.53,Chemicals,South Asia
3,5.7,2.7,1,Second Class,3,312.97,Industrial Parts,North America
5,8.4,3.4,1,Standard Class,1,335.66,Apparel,East Asia
2,3.6,1.6,1,First Class,1,161.95,Chemicals,Latin America
5,10.2,5.2,1,Standard Class,8,228.61,Automotive,South Asia
5,8.7,3.7,1,Standard Class,1,337.67,Apparel,Latin America
3,6.5,3.5,1,Second Class,9,379.64,Automotive,East Asia
2,3.8,1.8,1,First Class,2,222.73,Electronics,Latin America
2,4.4,2.4,1,First Class,9,189.01,Automotive,Europe
5,10.7,5.7,1,Standard Class,7,360.78,Chemicals,South Asia
5,9.7,4.7,1,Standard Class,9,118.86,Automotive,Latin America
5,9.2,4.2,1,Standard Class,3,14.65,Electronics,Latin America
3,5.7,2.7,1,Second Class,1,240.87,Industrial Parts,Latin America
2,3.5,1.5,1,First Class,1,94.95,Chemicals,East Asia
3,6.3,3.3,1,Second Class,6,195.36,Apparel,South Asia
5,10.3,5.3,1,Standard Class,7,152.7,Apparel,South Asia
5,9.3,4.3,1,Standard Class,9,390.86,Automotive,Europe
5,8.9,3.9,1,Standard Class,6,172.39,Apparel,Europe
5,9.6,4.6,1,Standard Class,5,323.93,Electronics,Latin America
5,9.3,4.3,1,Standard Class,2,340.22,Apparel,South Asia
3,5.4,2.4,1,Second Class,2,233.66,Automotive,South Asia
3,6.3,3.3,1,Second Class,8,49.73,Apparel,Latin America
2,3.2,1.2,1,First Class,1,353.18,Industrial Parts,North America
5,10.0,5.0,1,Standard Class,8,46.83,Industrial Parts,South Asia
5,10.0,5.0,1,Standard Class,7,58.61,Apparel,Latin America
3,6.5,3.5,1,Second Class,7,106.04,Chemicals,Latin America
5,9.2,4.2,1,Standard Class,5,147.38,Apparel,North America
1,1.5,0.5,0,Same Day,3,424.76,Industrial Parts,Europe
5,9.3,4.3,1,Standard Class,7,340.71,Industrial Parts,Latin America
5,9.7,4.7,1,Standard Class,7,199.73,Electronics,South Asia
1,2.9,1.9,1,Same Day,7,489.53,Automotive,Europe
5,8.3,3.3,1,Standard Class,2,129.37,Electronics,Europe
2,3.4,1.4,1,First Class,3,308.81,Chemicals,Europe
2,4.0,2.0,1,First Class,3,425.13,Automotive,Latin America
5,9.2,4.2,1,Standard Class,4,402.99,Apparel,South Asia
5,9.9,4.9,1,Standard Class,9,54.25,Apparel,North America
2,3.2,1.2,1,First Class,1,351.66,Chemicals,East Asia
3,6.7,3.7,1,Second Class,7,136.35,Industrial Parts,East Asia
5,9.2,4.2,1,Standard Class,7,184.31,Apparel,Europe
1,2.0,1.0,1,Same Day,4,249.61,Electronics,East Asia
5,8.3,3.3,1,Standard Class,1,397.47,Industrial Parts,East Asia
5,9.4,4.4,1,Standard Class,3,91.44,Apparel,Latin America
5,8.8,3.8,1,Standard Class,5,63.19,Industrial Parts,North America
5,7.6,2.6,1,Standard Class,2,85.19,Automotive,East Asia
5,9.0,4.0,1,Standard Class,7,116.93,Apparel,North America
1,1.9,0.9,1,Same Day,7,39.16,Apparel,East Asia
5,9.0,4.0,1,Standard Class,5,463.91,Industrial Parts,Europe
5,8.7,3.7,1,Standard Class,6,166.35,Automotive,Europe
5,8.3,3.3,1,Standard Class,1,96.72,Electronics,North America
3,5.1,2.1,1,Second Class,4,322.54,Automotive,North America
3,5.5,2.5,1,Second Class,4,395.63,Electronics,North America
5,9.4,4.4,1,Standard Class,8,379.08,Chemicals,North America
5,8.8,3.8,1,Standard Class,2,362.17,Automotive,South Asia
5,8.2,3.2,1,Standard Class,1,34.76,Electronics,Europe
5,8.6,3.6,1,Standard Class,7,393.26,Industrial Parts,East Asia
5,9.6,4.6,1,Standard Class,6,255.92,Electronics,South Asia
5,8.7,3.7,1,Standard Class,5,328.05,Chemicals,North America
5,9.3,4.3,1,Standard Class,8,478.65,Electronics,East Asia
2,3.3,1.3,1,First Class,2,407.23,Automotive,Europe
5,8.3,3.3,1,Standard Class,2,414.43,Electronics,North America
1,3.2,2.2,1,Same Day,9,98.92,Automotive,Latin America
1,1.8,0.8,1,Same Day,1,243.44,Chemicals,North America
2,4.4,2.4,1,First Class,6,475.17,Electronics,East Asia
5,8.5,3.5,1,Standard Class,3,295.52,Electronics,Europe
5,9.0,4.0,1,Standard Class,5,60.27,Chemicals,North America
5,9.8,4.8,1,Standard Class,8,368.59,Electronics,Europe
3,6.6,3.6,1,Second Class,7,31.03,Automotive,South Asia
5,9.4,4.4,1,Standard Class,4,373.73,Apparel,Latin America
3,6.4,3.4,1,Second Class,8,441.09,Apparel,South Asia
1,2.4,1.4,1,Same Day,2,218.37,Automotive,Latin America
5,9.8,4.8,1,Standard Class,7,212.67,Electronics,South Asia
2,4.3,2.3,1,First Class,5,159.06,Automotive,Europe
5,8.6,3.6,1,Standard Class,6,439.7,Chemicals,Europe
5,9.8,4.8,1,Standard Class,3,278.41,Automotive,South Asia
5,9.5,4.5,1,Standard Class,7,293.84,Apparel,East Asia
5,10.0,5.0,1,Standard Class,7,334.24,Industrial Parts,South Asia
3,4.9,1.9,1,Second Class,2,157.11,Chemicals,North America
5,8.0,3.0,1,Standard Class,1,222.07,Electronics,East Asia
5,8.6,3.6,1,Standard Class,2,373.39,Automotive,Europe
2,4.1,2.1,1,First Class,8,492.89,Chemicals,South Asia
2,3.0,1.0,1,First Class,3,26.81,Apparel,East Asia
5,8.9,3.9,1,Standard Class,4,30.9,Electronics,North America
3,6.9,3.9,1,Second Class,8,219.76,Automotive,Latin America
2,4.1,2.1,1,First Class,3,333.21,Automotive,Europe
5,8.9,3.9,1,Standard Class,6,199.32,Electronics,East Asia
5,8.1,3.1,1,Standard Class,2,499.82,Industrial Parts,East Asia
5,8.3,3.3,1,Standard Class,3,105.73,Industrial Parts,East Asia
3,5.7,2.7,1,Second Class,1,13.88,Chemicals,South Asia
2,4.3,2.3,1,First Class,9,103.16,Automotive,Europe
3,5.1,2.1,1,Second Class,4,444.55,Chemicals,Europe
5,9.7,4.7,1,Standard Class,6,81.12,Electronics,South Asia
5,9.4,4.4,1,Standard Class,7,244.7,Chemicals,South Asia
5,9.2,4.2,1,Standard Class,2,215.45,Automotive,South Asia
5,9.5,4.5,1,Standard Class,8,336.21,Industrial Parts,North America
2,4.3,2.3,1,First Class,9,36.75,Industrial Parts,East Asia
3,5.3,2.3,1,Second Class,2,332.79,Electronics,North America
5,8.8,3.8,1,Standard Class,5,183.83,Apparel,Europe
5,8.9,3.9,1,Standard Class,2,463.76,Chemicals,South Asia
5,8.5,3.5,1,Standard Class,5,425.95,Electronics,East Asia
5,8.6,3.6,1,Standard Class,7,205.76,Industrial Parts,Latin America
5,9.0,4.0,1,Standard Class,6,496.52,Automotive,East Asia
5,8.9,3.9,1,Standard Class,4,35.45,Automotive,Latin America
5,8.1,3.1,1,Standard Class,2,396.43,Apparel,East Asia
5,9.4,4.4,1,Standard Class,7,222.58,Apparel,South Asia
5,10.2,5.2,1,Standard Class,9,222.32,Industrial Parts,Latin America
5,9.1,4.1,1,Standard Class,1,93.37,Apparel,Latin America
2,3.6,1.6,1,First Class,3,262.29,Apparel,Europe
5,9.1,4.1,1,Standard Class,7,51.51,Automotive,East Asia
1,3.0,2.0,1,Same Day,9,312.12,Chemicals,North America
5,9.2,4.2,1,Standard Class,5,128.38,Automotive,North America
5,9.6,4.6,1,Standard Class,7,365.18,Automotive,Europe
5,8.9,3.9,1,Standard Class,7,307.61,Industrial Parts,Europe
5,8.2,3.2,1,Standard Class,4,375.74,Industrial Parts,Europe
3,6.3,3.3,1,Second Class,5,377.37,Chemicals,South Asia
5,8.4,3.4,1,Standard Class,2,106.39,Electronics,South Asia
1,3.4,2.4,1,Same Day,8,10.33,Apparel,South Asia
3,5.7,2.7,1,Second Class,1,189.22,Apparel,South Asia
2,3.3,1.3,1,First Class,2,460.34,Automotive,Europe
2,4.0,2.0,1,First Class,3,293.17,Automotive,Europe
2,4.6,2.6,1,First Class,7,366.48,Chemicals,South Asia
5,9.7,4.7,1,Standard Class,6,440.99,Apparel,South Asia
2,4.9,2.9,1,First Class,7,453.97,Automotive,Latin America
5,8.8,3.8,1,Standard Class,5,269.22,Automotive,East Asia
5,9.1,4.1,1,Standard Class,4,275.06,Industrial Parts,Latin America
5,9.0,4.0,1,Standard Class,7,426.96,Electronics,East Asia
2,4.1,2.1,1,First Class,3,405.67,Chemicals,South Asia
3,6.6,3.6,1,Second Class,7,352.44,Electronics,South Asia
5,9.5,4.5,1,Standard Class,2,306.19,Electronics,South Asia
3,6.4,3.4,1,Second Class,8,312.44,Chemicals,Latin America
5,8.9,3.9,1,Standard Class,6,187.83,Apparel,Europe
5,8.8,3.8,1,Standard Class,3,422.05,Automotive,East Asia
5,9.2,4.2,1,Standard Class,3,312.71,Chemicals,Latin America
5,9.4,4.4,1,Standard Class,5,119.53,Automotive,South Asia
5,8.5,3.5,1,Standard Class,3,127.52,Industrial Parts,Europe
2,4.2,2.2,1,First Class,6,432.19,Electronics,Latin America
3,4.9,1.9,1,Second Class,2,316.6,Industrial Parts,East Asia
5,9.9,4.9,1,Standard Class,8,205.37,Electronics,South Asia
5,9.6,4.6,1,Standard Class,9,101.68,Apparel,East Asia
3,6.6,3.6,1,Second Class,7,309.01,Chemicals,South Asia
3,5.9,2.9,1,Second Class,3,100.31,Apparel,South Asia
5,8.8,3.8,1,Standard Class,4,240.38,Electronics,North America
5,8.1,3.1,1,Standard Class,2,341.98,Industrial Parts,East Asia
3,6.4,3.4,1,Second Class,9,287.05,Electronics,Europe
2,3.9,1.9,1,First Class,5,461.83,Apparel,South Asia
5,8.5,3.5,1,Standard Class,2,29.46,Apparel,Europe
5,9.7,4.7,1,Standard Class,6,147.1,Industrial Parts,Latin America
3,6.5,3.5,1,Second Class,7,37.97,Industrial Parts,South Asia
5,9.0,4.0,1,Standard Class,2,105.36,Apparel,South Asia
1,1.9,0.9,1,Same Day,1,70.75,Electronics,South Asia
5,9.1,4.1,1,Standard Class,7,369.0,Electronics,Europe
3,5.6,2.6,1,Second Class,1,190.99,Chemicals,North America
5,8.5,3.5,1,Standard Class,3,463.27,Apparel,East Asia
5,9.2,4.2,1,Standard Class,4,21.46,Chemicals,South Asia
3,4.7,1.7,1,Second Class,2,329.93,Apparel,East Asia
5,9.3,4.3,1,Standard Class,7,485.57,Chemicals,East Asia
2,3.9,1.9,1,First Class,5,96.16,Automotive,East Asia
5,8.1,3.1,1,Standard Class,1,226.79,Electronics,Europe
5,9.2,4.2,1,Standard Class,8,353.93,Electronics,East Asia
5,9.2,4.2,1,Standard Class,7,320.24,Automotive,Latin America
2,3.6,1.6,1,First Class,4,287.35,Industrial Parts,Europe
5,8.5,3.5,1,Standard Class,2,170.11,Automotive,Europe
5,9.0,4.0,1,Standard Class,7,366.82,Electronics,Latin America
5,8.4,3.4,1,Standard Class,2,330.1,Apparel,North America
2,4.4,2.4,1,First Class,6,89.77,Chemicals,North America
3,5.7,2.7,1,Second Class,1,482.4,Electronics,South Asia
5,9.3,4.3,1,Standard Class,7,282.28,Automotive,North America
5,10.0,5.0,1,Standard Class,7,267.48,Apparel,South Asia
1,2.3,1.3,1,Same Day,4,425.64,Electronics,East Asia
5,9.2,4.2,1,Standard Class,4,323.8,Automotive,South Asia
3,5.2,2.2,1,Second Class,5,46.49,Electronics,North America
3,6.6,3.6,1,Second Class,2,258.23,Automotive,South Asia
3,6.5,3.5,1,Second Class,9,392.49,Automotive,Europe
5,9.0,4.0,1,Standard Class,4,352.99,Electronics,North America
3,7.1,4.1,1,Second Class,9,485.68,Apparel,South Asia
3,5.7,2.7,1,Second Class,3,22.21,Electronics,North America
2,5.1,3.1,1,First Class,9,138.0,Electronics,Latin America
5,8.3,3.3,1,Standard Class,1,279.09,Apparel,North America
5,9.5,4.5,1,Standard Class,7,313.55,Electronics,Latin America
5,9.5,4.5,1,Standard Class,4,144.43,Chemicals,South Asia
2,4.6,2.6,1,First Class,7,415.13,Chemicals,Latin America
2,3.9,1.9,1,First Class,6,90.53,Chemicals,North America
5,9.0,4.0,1,Standard Class,4,10.42,Automotive,Europe
5,9.8,4.8,1,Standard Class,4,476.67,Industrial Parts,Latin America
5,9.0,4.0,1,Standard Class,8,201.86,Electronics,North America
2,4.2,2.2,1,First Class,7,479.17,Industrial Parts,Europe
1,1.8,0.8,1,Same Day,4,146.19,Chemicals,East Asia
5,9.5,4.5,1,Standard Class,6,41.09,Apparel,Latin America
5,9.0,4.0,1,Standard Class,6,388.53,Chemicals,Latin America
5,8.6,3.6,1,Standard Class,1,419.55,Electronics,South Asia
2,3.3,1.3,1,First Class,2,251.12,Industrial Parts,East Asia
3,6.4,3.4,1,Second Class,4,46.19,Industrial Parts,South Asia
1,2.6,1.6,1,Same Day,6,330.53,Automotive,South Asia
5,9.1,4.1,1,Standard Class,6,99.25,Apparel,North America
1,2.2,1.2,1,Same Day,1,426.2,Chemicals,South Asia
5,10.2,5.2,1,Standard Class,8,144.27,Apparel,Latin America
2,3.7,1.7,1,First Class,2,425.38,Electronics,South Asia
5,9.0,4.0,1,Standard Class,5,219.19,Automotive,Europe
3,5.9,2.9,1,Second Class,4,302.28,Chemicals,Latin America
2,3.5,1.5,1,First Class,5,396.89,Electronics,North America
2,4.1,2.1,1,First Class,5,29.82,Apparel,South Asia
3,5.9,2.9,1,Second Class,8,412.37,Automotive,Europe
5,8.6,3.6,1,Standard Class,7,77.94,Chemicals,Europe
5,10.4,5.4,1,Standard Class,9,185.62,Apparel,Latin America
3,5.5,2.5,1,Second Class,1,241.66,Chemicals,South Asia
5,9.1,4.1,1,Standard Class,6,448.76,Automotive,Europe
5,9.2,4.2,1,Standard Class,6,21.0,Automotive,South Asia
5,8.9,3.9,1,Standard Class,2,284.01,Apparel,Latin America
2,4.4,2.4,1,First Class,8,324.84,Chemicals,East Asia
5,9.0,4.0,1,Standard Class,6,165.13,Industrial Parts,Europe
5,9.2,4.2,1,Standard Class,9,152.34,Electronics,North America
5,9.7,4.7,1,Standard Class,5,250.33,Automotive,South Asia
5,9.0,4.0,1,Standard Class,7,101.68,Chemicals,Latin America
3,5.8,2.8,1,Second Class,6,239.38,Apparel,Latin America
1,2.3,1.3,1,Same Day,5,384.86,Apparel,North America
2,3.2,1.2,1,First Class,6,424.24,Automotive,East Asia
5,9.0,4.0,1,Standard Class,4,198.73,Automotive,South Asia
1,1.9,0.9,1,Same Day,3,312.48,Industrial Parts,East Asia
2,4.1,2.1,1,First Class,1,10.01,Apparel,Latin America
5,8.1,3.1,1,Standard Class,1,279.67,Chemicals,Europe
1,2.3,1.3,1,Same Day,6,487.87,Electronics,East Asia
3,5.7,2.7,1,Second Class,9,163.01,Electronics,Europe
3,6.1,3.1,1,Second Class,8,301.44,Industrial Parts,North America
3,5.7,2.7,1,Second Class,2,383.52,Chemicals,Latin America
5,9.1,4.1,1,Standard Class,9,308.38,Electronics,Europe
5,10.1,5.1,1,Standard Class,8,215.06,Electronics,South Asia
2,5.1,3.1,1,First Class,9,84.76,Chemicals,Latin America
5,8.5,3.5,1,Standard Class,4,237.21,Chemicals,North America
5,9.4,4.4,1,Standard Class,9,154.44,Automotive,South Asia
3,5.4,2.4,1,Second Class,2,351.0,Electronics,Latin America
3,5.5,2.5,1,Second Class,1,226.54,Electronics,East Asia
5,10.0,5.0,1,Standard Class,9,426.44,Industrial Parts,Latin America
3,6.4,3.4,1,Second Class,8,104.73,Automotive,South Asia
3,6.4,3.4,1,Second Class,7,214.68,Automotive,Europe
2,4.1,2.1,1,First Class,8,283.18,Electronics,Europe
5,8.7,3.7,1,Standard Class,1,71.75,Apparel,Latin America
5,10.6,5.6,1,Standard Class,9,298.08,Apparel,Latin America
5,9.7,4.7,1,Standard Class,9,152.55,Chemicals,North America
5,9.4,4.4,1,Standard Class,9,122.47,Automotive,East Asia
5,9.1,4.1,1,Standard Class,6,79.54,Electronics,North America
5,8.9,3.9,1,Standard Class,4,181.44,Electronics,North America
5,8.6,3.6,1,Standard Class,2,465.2,Electronics,Europe
1,1.8,0.8,1,Same Day,4,25.19,Industrial Parts,Europe
5,10.2,5.2,1,Standard Class,7,427.56,Apparel,South Asia
3,5.5,2.5,1,Second Class,1,204.71,Industrial Parts,North America
2,4.6,2.6,1,First Class,9,285.18,Electronics,South Asia
5,9.0,4.0,1,Standard Class,3,261.28,Electronics,Latin America
1,2.7,1.7,1,Same Day,4,463.61,Automotive,South Asia
2,3.8,1.8,1,First Class,5,387.36,Automotive,Europe
5,8.8,3.8,1,Standard Class,3,492.56,Apparel,North America
3,5.4,2.4,1,Second Class,4,399.27,Chemicals,Europe
5,9.5,4.5,1,Standard Class,5,154.99,Electronics,Latin America
2,3.3,1.3,1,First Class,1,481.81,Automotive,East Asia
5,9.6,4.6,1,Standard Class,9,491.95,Apparel,North America
3,5.6,2.6,1,Second Class,4,70.32,Industrial Parts,Europe
5,9.6,4.6,1,Standard Class,9,451.51,Electronics,East Asia
2,4.1,2.1,1,First Class,4,335.46,Chemicals,Latin America
5,7.7,2.7,1,Standard Class,1,461.78,Apparel,East Asia
2,3.4,1.4,1,First Class,5,458.71,Chemicals,Europe
3,5.9,2.9,1,Second Class,9,446.77,Electronics,Europe
5,8.7,3.7,1,Standard Class,3,443.79,Apparel,Latin America
2,3.9,1.9,1,First Class,5,67.65,Automotive,Latin America
5,8.9,3.9,1,Standard Class,3,80.32,Chemicals,East Asia
3,5.8,2.8,1,Second Class,3,67.71,Industrial Parts,East Asia
5,8.4,3.4,1,Standard Class,1,54.6,Industrial Parts,Europe
3,5.4,2.4,1,Second Class,2,183.11,Chemicals,Latin America
3,5.5,2.5,1,Second Class,2,345.14,Electronics,South Asia
5,9.7,4.7,1,Standard Class,9,183.8,Electronics,Latin America
5,8.9,3.9,1,Standard Class,7,362.95,Electronics,North America
5,9.7,4.7,1,Standard Class,8,411.94,Industrial Parts,North America
3,5.3,2.3,1,Second Class,2,336.45,Industrial Parts,Latin America
5,9.5,4.5,1,Standard Class,9,237.9,Automotive,East Asia
2,3.1,1.1,1,First Class,3,154.8,Electronics,North America
3,5.3,2.3,1,Second Class,2,70.96,Industrial Parts,Europe
5,8.1,3.1,1,Standard Class,1,251.89,Industrial Parts,Europe
2,4.0,2.0,1,First Class,9,362.6,Electronics,Europe
5,9.6,4.6,1,Standard Class,8,278.64,Electronics,Latin America
5,8.9,3.9,1,Standard Class,4,363.53,Industrial Parts,North America
3,5.5,2.5,1,Second Class,7,174.26,Chemicals,East Asia
5,8.4,3.4,1,Standard Class,3,42.73,Industrial Parts,Europe
5,8.5,3.5,1,Standard Class,3,387.84,Automotive,East Asia
3,5.1,2.1,1,Second Class,4,117.66,Apparel,Europe
5,8.6,3.6,1,Standard Class,2,311.98,Electronics,Latin America
1,2.6,1.6,1,Same Day,4,404.1,Automotive,Europe
1,2.1,1.1,1,Same Day,3,78.16,Chemicals,Latin America
5,9.1,4.1,1,Standard Class,8,303.26,Apparel,North America
5,8.5,3.5,1,Standard Class,2,347.79,Industrial Parts,North America
3,6.2,3.2,1,Second Class,9,375.8,Electronics,East Asia
5,8.4,3.4,1,Standard Class,3,82.36,Industrial Parts,Europe
5,8.9,3.9,1,Standard Class,4,414.31,Automotive,North America
3,5.3,2.3,1,Second Class,3,56.13,Electronics,South Asia
5,9.3,4.3,1,Standard Class,3,264.6,Industrial Parts,South Asia
3,5.8,2.8,1,Second Class,8,227.27,Electronics,East Asia
5,8.5,3.5,1,Standard Class,8,118.67,Automotive,North America
5,10.1,5.1,1,Standard Class,6,157.95,Industrial Parts,Latin America
5,9.3,4.3,1,Standard Class,4,90.57,Apparel,South Asia
1,1.9,0.9,1,Same Day,1,218.61,Chemicals,North America
2,4.4,2.4,1,First Class,4,27.4,Industrial Parts,Latin America
3,5.8,2.8,1,Second Class,8,445.57,Electronics,Europe
5,8.9,3.9,1,Standard Class,6,90.11,Industrial Parts,North America
5,8.4,3.4,1,Standard Class,2,444.15,Electronics,Europe
5,8.9,3.9,1,Standard Class,3,433.15,Automotive,South Asia
5,9.5,4.5,1,Standard Class,7,231.32,Chemicals,Europe
2,4.6,2.6,1,First Class,4,253.89,Electronics,South Asia
2,3.6,1.6,1,First Class,4,157.94,Industrial Parts,East Asia
5,9.0,4.0,1,Standard Class,5,498.47,Automotive,East Asia
1,3.6,2.6,1,Same Day,8,338.68,Apparel,South Asia
5,9.7,4.7,1,Standard Class,7,476.39,Industrial Parts,Latin America
1,2.7,1.7,1,Same Day,9,213.25,Chemicals,East Asia
5,8.6,3.6,1,Standard Class,5,442.68,Automotive,Latin America
5,8.8,3.8,1,Standard Class,1,229.63,Industrial Parts,Latin America
5,9.4,4.4,1,Standard Class,4,434.75,Electronics,Latin America
5,8.7,3.7,1,Standard Class,6,74.15,Electronics,North America
2,4.0,2.0,1,First Class,6,322.06,Electronics,North America
5,10.1,5.1,1,Standard Class,9,342.56,Industrial Parts,Latin America
5,9.5,4.5,1,Standard Class,5,331.52,Chemicals,South Asia
3,5.7,2.7,1,Second Class,5,229.04,Electronics,East Asia
2,3.6,1.6,1,First Class,6,345.12,Industrial Parts,Europe
3,6.2,3.2,1,Second Class,6,127.34,Industrial Parts,North America
5,8.5,3.5,1,Standard Class,3,301.97,Chemicals,North America
2,3.7,1.7,1,First Class,6,281.58,Automotive,Europe
2,4.2,2.2,1,First Class,8,165.99,Automotive,Latin America
5,9.1,4.1,1,Standard Class,6,391.64,Industrial Parts,Europe
5,10.1,5.1,1,Standard Class,5,49.63,Automotive,Latin America
5,8.5,3.5,1,Standard Class,3,94.01,Apparel,North America
5,8.1,3.1,1,Standard Class,1,240.86,Chemicals,Europe
5,9.4,4.4,1,Standard Class,5,446.95,Industrial Parts,South Asia
5,9.0,4.0,1,Standard Class,6,291.83,Automotive,East Asia
2,3.8,1.8,1,First Class,6,422.61,Automotive,East Asia
2,4.5,2.5,1,First Class,6,263.61,Chemicals,East Asia
1,2.0,1.0,1,Same Day,3,394.87,Electronics,Europe
3,5.6,2.6,1,Second Class,4,169.64,Automotive,Latin America
5,8.2,3.2,1,Standard Class,3,409.42,Chemicals,North America
3,5.5,2.5,1,Second Class,2,206.83,Electronics,East Asia
3,6.2,3.2,1,Second Class,8,283.83,Industrial Parts,Europe
5,9.0,4.0,1,Standard Class,7,96.18,Electronics,East Asia
2,4.5,2.5,1,First Class,8,461.01,Automotive,Latin America
1,3.2,2.2,1,Same Day,6,353.71,Industrial Parts,South Asia
2,4.4,2.4,1,First Class,7,430.84,Industrial Parts,South Asia
1,1.7,0.7,1,Same Day,1,111.85,Electronics,North America
5,9.6,4.6,1,Standard Class,5,43.17,Industrial Parts,South Asia
5,9.0,4.0,1,Standard Class,4,175.23,Electronics,South Asia
5,8.9,3.9,1,Standard Class,3,263.18,Electronics,Europe
2,2.8,0.8,1,First Class,2,403.16,Electronics,Europe
3,6.3,3.3,1,Second Class,9,204.89,Chemicals,North America
1,2.8,1.8,1,Same Day,8,142.28,Automotive,North America
5,7.8,2.8,1,Standard Class,2,192.55,Industrial Parts,Europe
5,9.3,4.3,1,Standard Class,6,354.77,Apparel,South Asia
3,6.0,3.0,1,Second Class,3,174.75,Automotive,Latin America
2,3.8,1.8,1,First Class,3,489.79,Apparel,South Asia
5,9.3,4.3,1,Standard Class,5,95.74,Electronics,South Asia
5,9.5,4.5,1,Standard Class,7,379.02,Industrial Parts,Latin America
3,6.2,3.2,1,Second Class,7,298.69,Automotive,North America
3,5.2,2.2,1,Second Class,1,124.22,Apparel,Europe
5,9.0,4.0,1,Standard Class,7,379.27,Apparel,North America
5,8.9,3.9,1,Standard Class,7,229.29,Apparel,North America
1,2.7,1.7,1,Same Day,6,344.38,Automotive,North America
2,3.9,1.9,1,First Class,6,334.51,Chemicals,Europe
5,8.7,3.7,1,Standard Class,2,64.22,Electronics,North America
5,8.7,3.7,1,Standard Class,3,421.59,Industrial Parts,North America
3,4.4,1.4,1,Second Class,3,343.92,Apparel,East Asia
5,9.4,4.4,1,Standard Class,3,392.49,Automotive,South Asia
5,8.4,3.4,1,Standard Class,2,229.41,Apparel,East Asia
2,4.4,2.4,1,First Class,9,105.58,Automotive,Europe
5,8.9,3.9,1,Standard Class,6,169.84,Chemicals,Latin America
2,3.6,1.6,1,First Class,2,451.72,Apparel,Latin America
5,8.6,3.6,1,Standard Class,3,469.63,Apparel,East Asia
2,3.5,1.5,1,First Class,6,246.11,Industrial Parts,East Asia
5,9.1,4.1,1,Standard Class,4,156.41,Automotive,East Asia
5,9.9,4.9,1,Standard Class,7,367.85,Automotive,South Asia
5,8.9,3.9,1,Standard Class,6,385.34,Chemicals,Europe
1,3.0,2.0,1,Same Day,6,409.58,Apparel,North America
3,5.5,2.5,1,Second Class,3,25.23,Industrial Parts,East Asia
5,10.3,5.3,1,Standard Class,8,14.77,Electronics,South Asia
3,6.5,3.5,1,Second Class,9,185.01,Industrial Parts,Latin America
2,4.5,2.5,1,First Class,6,84.72,Industrial Parts,Latin America
1,2.7,1.7,1,Same Day,2,404.44,Industrial Parts,Latin America
5,8.6,3.6,1,Standard Class,1,271.09,Industrial Parts,East Asia
2,4.2,2.2,1,First Class,3,414.42,Apparel,Latin America
5,9.4,4.4,1,Standard Class,3,96.69,Industrial Parts,Latin America
5,10.2,5.2,1,Standard Class,8,317.34,Automotive,Latin America
1,1.6,0.6,1,Same Day,5,294.28,Automotive,North America
2,3.5,1.5,1,First Class,1,176.79,Industrial Parts,Latin America
5,8.7,3.7,1,Standard Class,4,263.37,Automotive,South Asia
5,8.6,3.6,1,Standard Class,7,298.62,Apparel,East Asia
3,5.5,2.5,1,Second Class,5,445.85,Electronics,North America
2,3.8,1.8,1,First Class,6,37.26,Industrial Parts,North America
5,9.1,4.1,1,Standard Class,4,413.45,Automotive,East Asia
1,2.0,1.0,1,Same Day,2,490.28,Automotive,Latin America
5,10.0,5.0,1,Standard Class,9,368.57,Apparel,Latin America
5,8.9,3.9,1,Standard Class,2,371.3,Apparel,Europe
1,2.3,1.3,1,Same Day,2,116.81,Electronics,Latin America
5,9.5,4.5,1,Standard Class,2,266.31,Chemicals,South Asia
5,8.2,3.2,1,Standard Class,1,355.91,Chemicals,Latin America
2,3.2,1.2,1,First Class,3,305.12,Chemicals,East Asia
3,6.7,3.7,1,Second Class,6,198.71,Electronics,Latin America
5,8.9,3.9,1,Standard Class,7,470.66,Industrial Parts,East Asia
1,1.6,0.6,1,Same Day,1,261.85,Chemicals,North America
3,6.2,3.2,1,Second Class,5,485.24,Chemicals,Europe
5,9.0,4.0,1,Standard Class,5,286.3,Automotive,North America
3,4.6,1.6,1,Second Class,1,398.76,Automotive,East Asia
5,8.9,3.9,1,Standard Class,4,373.59,Industrial Parts,Europe
5,8.0,3.0,1,Standard Class,1,333.8,Apparel,North America
3,5.4,2.4,1,Second Class,1,17.09,Electronics,Latin America
1,3.1,2.1,1,Same Day,7,47.94,Chemicals,Latin America
5,9.0,4.0,1,Standard Class,7,294.93,Electronics,Europe
5,8.7,3.7,1,Standard Class,3,456.77,Automotive,North America
5,9.4,4.4,1,Standard Class,7,304.56,Electronics,South Asia
5,9.2,4.2,1,Standard Class,3,125.64,Automotive,South Asia
5,9.2,4.2,1,Standard Class,2,166.91,Electronics,South Asia
5,8.7,3.7,1,Standard Class,4,315.35,Automotive,North America
2,3.5,1.5,1,First Class,3,302.56,Electronics,North America
5,9.2,4.2,1,Standard Class,7,478.29,Chemicals,North America
5,8.3,3.3,1,Standard Class,1,269.25,Chemicals,East Asia
3,6.3,3.3,1,Second Class,6,183.96,Industrial Parts,South Asia
3,5.7,2.7,1,Second Class,2,267.25,Electronics,South Asia
5,9.8,4.8,1,Standard Class,8,395.25,Apparel,South Asia
5,8.9,3.9,1,Standard Class,5,274.78,Industrial Parts,East Asia
2,3.3,1.3,1,First Class,3,169.77,Electronics,East Asia
5,9.1,4.1,1,Standard Class,7,175.92,Apparel,North America
5,9.3,4.3,1,Standard Class,2,380.84,Chemicals,South Asia
3,6.8,3.8,1,Second Class,5,42.56,Chemicals,South Asia
5,10.5,5.5,1,Standard Class,8,144.63,Chemicals,Latin America
5,8.8,3.8,1,Standard Class,1,84.99,Apparel,Latin America
5,8.4,3.4,1,Standard Class,1,472.89,Automotive,Latin America
5,8.5,3.5,1,Standard Class,3,54.15,Electronics,East Asia
5,8.6,3.6,1,Standard Class,3,381.51,Industrial Parts,North America
1,2.9,1.9,1,Same Day,7,318.91,Industrial Parts,Europe
5,9.3,4.3,1,Standard Class,6,320.07,Chemicals,South Asia
5,9.6,4.6,1,Standard Class,7,384.08,Automotive,Latin America
5,9.0,4.0,1,Standard Class,4,206.24,Electronics,South Asia
1,2.9,1.9,1,Same Day,2,206.36,Electronics,South Asia
2,4.0,2.0,1,First Class,2,151.47,Industrial Parts,South Asia
5,8.1,3.1,1,Standard Class,1,302.9,Industrial Parts,North America
3,6.8,3.8,1,Second Class,9,465.6,Industrial Parts,South Asia
5,8.7,3.7,1,Standard Class,7,462.75,Electronics,North America
5,8.7,3.7,1,Standard Class,3,354.45,Industrial Parts,Europe
5,8.5,3.5,1,Standard Class,2,454.03,Electronics,Europe
5,8.0,3.0,1,Standard Class,3,482.12,Chemicals,East Asia
5,9.5,4.5,1,Standard Class,7,399.6,Automotive,South Asia
2,4.1,2.1,1,First Class,5,209.84,Industrial Parts,Latin America
5,8.5,3.5,1,Standard Class,3,246.78,Electronics,East Asia
2,4.2,2.2,1,First Class,9,466.32,Chemicals,East Asia
5,8.4,3.4,1,Standard Class,2,338.3,Apparel,Europe
5,10.0,5.0,1,Standard Class,7,412.14,Chemicals,Latin America
5,9.7,4.7,1,Standard Class,6,66.9,Automotive,South Asia
1,3.4,2.4,1,Same Day,6,105.01,Chemicals,South Asia
5,9.3,4.3,1,Standard Class,7,178.61,Industrial Parts,Europe
2,3.8,1.8,1,First Class,6,102.24,Industrial Parts,North America
5,8.3,3.3,1,Standard Class,2,454.17,Apparel,Europe
5,9.6,4.6,1,Standard Class,5,116.28,Electronics,Latin America
5,8.7,3.7,1,Standard Class,3,283.02,Chemicals,North America
5,10.3,5.3,1,Standard Class,9,51.87,Apparel,Latin America
5,9.9,4.9,1,Standard Class,8,85.93,Industrial Parts,South Asia
5,8.0,3.0,1,Standard Class,2,131.23,Electronics,North America
3,5.5,2.5,1,Second Class,1,491.62,Electronics,Latin America
5,8.8,3.8,1,Standard Class,4,400.56,Automotive,South Asia
2,4.0,2.0,1,First Class,4,340.04,Industrial Parts,Latin America
5,8.0,3.0,1,Standard Class,2,458.97,Electronics,North America
2,4.6,2.6,1,First Class,7,478.54,Automotive,South Asia
2,4.0,2.0,1,First Class,3,232.25,Automotive,Latin America
5,9.1,4.1,1,Standard Class,7,170.57,Industrial Parts,East Asia
5,9.1,4.1,1,Standard Class,7,164.5,Electronics,North America
3,4.9,1.9,1,Second Class,1,27.51,Electronics,North America
3,6.1,3.1,1,Second Class,6,147.02,Chemicals,North America
5,9.3,4.3,1,Standard Class,4,183.97,Electronics,South Asia
5,8.8,3.8,1,Standard Class,8,28.08,Automotive,North America
3,6.6,3.6,1,Second Class,8,442.48,Apparel,Latin America
5,9.0,4.0,1,Standard Class,3,425.45,Industrial Parts,East Asia
2,3.9,1.9,1,First Class,4,133.24,Apparel,Latin America
5,8.6,3.6,1,Standard Class,1,403.25,Electronics,Latin America
5,8.6,3.6,1,Standard Class,2,400.14,Automotive,North America
2,3.8,1.8,1,First Class,7,174.16,Apparel,East Asia
2,3.7,1.7,1,First Class,7,351.56,Industrial Parts,East Asia
5,9.0,4.0,1,Standard Class,9,152.03,Chemicals,East Asia
5,9.7,4.7,1,Standard Class,9,44.44,Apparel,East Asia
3,6.5,3.5,1,Second Class,9,257.35,Chemicals,Europe
2,3.7,1.7,1,First Class,6,224.78,Electronics,East Asia
5,9.0,4.0,1,Standard Class,8,77.69,Electronics,North America
2,4.6,2.6,1,First Class,9,250.37,Industrial Parts,East Asia
3,6.4,3.4,1,Second Class,7,475.19,Chemicals,Latin America
3,4.9,1.9,1,Second Class,4,368.38,Chemicals,Europe
2,4.2,2.2,1,First Class,4,372.05,Industrial Parts,Latin America
5,9.1,4.1,1,Standard Class,6,381.2,Apparel,North America
3,5.9,2.9,1,Second Class,4,374.87,Industrial Parts,North America
2,4.3,2.3,1,First Class,7,19.75,Electronics,East Asia
5,9.6,4.6,1,Standard Class,8,463.1,Chemicals,North America
5,9.0,4.0,1,Standard Class,8,416.77,Automotive,Europe
5,9.4,4.4,1,Standard Class,8,144.54,Automotive,Latin America
2,3.5,1.5,1,First Class,2,280.84,Electronics,North America
5,8.4,3.4,1,Standard Class,2,311.35,Chemicals,North America
2,3.5,1.5,1,First Class,2,74.65,Chemicals,Europe
1,2.4,1.4,1,Same Day,2,134.44,Industrial Parts,South Asia
3,6.5,3.5,1,Second Class,4,21.39,Apparel,South Asia
1,2.2,1.2,1,Same Day,5,433.34,Industrial Parts,Europe
1,2.2,1.2,1,Same Day,4,22.2,Automotive,North America
5,8.7,3.7,1,Standard Class,5,166.16,Chemicals,Europe
2,3.3,1.3,1,First Class,4,48.34,Apparel,Europe
5,10.1,5.1,1,Standard Class,7,392.89,Industrial Parts,South Asia
3,5.0,2.0,1,Second Class,1,463.24,Apparel,East Asia
5,9.0,4.0,1,Standard Class,1,285.78,Automotive,North America
1,1.9,0.9,1,Same Day,2,78.39,Apparel,Latin America
2,3.2,1.2,1,First Class,1,283.5,Chemicals,Europe
3,6.0,3.0,1,Second Class,3,387.47,Apparel,South Asia
5,9.4,4.4,1,Standard Class,6,362.02,Apparel,East Asia
5,8.7,3.7,1,Standard Class,6,373.44,Industrial Parts,North America
3,4.9,1.9,1,Second Class,1,146.8,Apparel,Europe
5,9.1,4.1,1,Standard Class,6,46.13,Apparel,South Asia
3,6.1,3.1,1,Second Class,5,82.99,Automotive,Europe
5,9.1,4.1,1,Standard Class,7,478.2,Apparel,Latin America
2,3.9,1.9,1,First Class,6,310.62,Industrial Parts,North America
5,9.9,4.9,1,Standard Class,7,366.67,Industrial Parts,North America
2,3.6,1.6,1,First Class,2,450.54,Chemicals,North America
2,3.5,1.5,1,First Class,1,427.85,Automotive,North America
5,10.2,5.2,1,Standard Class,7,117.02,Electronics,South Asia
5,10.0,5.0,1,Standard Class,9,38.45,Chemicals,Latin America
5,8.5,3.5,1,Standard Class,2,463.31,Apparel,Europe
2,4.6,2.6,1,First Class,7,491.02,Automotive,South Asia
2,3.4,1.4,1,First Class,3,288.0,Chemicals,East Asia
3,5.6,2.6,1,Second Class,6,445.32,Industrial Parts,North America
2,3.9,1.9,1,First Class,3,123.59,Automotive,North America
5,8.7,3.7,1,Standard Class,5,64.41,Automotive,Europe
5,8.3,3.3,1,Standard Class,2,254.91,Apparel,North America
5,8.9,3.9,1,Standard Class,8,407.48,Automotive,North America
5,9.5,4.5,1,Standard Class,8,330.78,Automotive,Europe
1,3.6,2.6,1,Same Day,7,322.29,Electronics,Latin America
3,5.7,2.7,1,Second Class,6,18.55,Apparel,South Asia
5,9.2,4.2,1,Standard Class,1,165.57,Automotive,Latin America
2,4.4,2.4,1,First Class,8,470.35,Automotive,Europe
3,5.4,2.4,1,Second Class,1,75.79,Electronics,North America
5,9.4,4.4,1,Standard Class,8,365.92,Electronics,North America
5,9.1,4.1,1,Standard Class,2,382.06,Industrial Parts,Latin America
5,9.4,4.4,1,Standard Class,8,369.09,Apparel,East Asia
2,3.9,1.9,1,First Class,4,494.75,Electronics,South Asia
1,2.6,1.6,1,Same Day,7,210.51,Automotive,North America
2,3.6,1.6,1,First Class,5,344.27,Electronics,Europe
5,10.1,5.1,1,Standard Class,8,104.89,Chemicals,Latin America
5,9.5,4.5,1,Standard Class,6,205.86,Industrial Parts,South Asia
3,5.8,2.8,1,Second Class,5,250.86,Industrial Parts,East Asia
3,4.7,1.7,1,Second Class,1,115.27,Apparel,North America
2,4.5,2.5,1,First Class,3,454.34,Industrial Parts,Latin America
2,4.4,2.4,1,First Class,9,360.94,Apparel,North America
5,9.5,4.5,1,Standard Class,9,149.04,Chemicals,Latin America
3,6.0,3.0,1,Second Class,5,76.13,Automotive,East Asia
3,5.4,2.4,1,Second Class,3,151.05,Chemicals,Europe
5,9.2,4.2,1,Standard Class,6,315.26,Apparel,Europe
3,7.2,4.2,1,Second Class,5,414.94,Apparel,South Asia
5,8.6,3.6,1,Standard Class,1,256.55,Apparel,North America
5,8.7,3.7,1,Standard Class,2,60.22,Automotive,North America
5,8.7,3.7,1,Standard Class,5,132.16,Apparel,North America
5,9.5,4.5,1,Standard Class,9,179.12,Chemicals,Europe
5,9.2,4.2,1,Standard Class,4,321.71,Automotive,South Asia
5,9.1,4.1,1,Standard Class,9,130.86,Chemicals,Europe
2,3.8,1.8,1,First Class,3,124.62,Automotive,Latin America
5,8.6,3.6,1,Standard Class,1,150.24,Apparel,North America
5,9.6,4.6,1,Standard Class,6,300.34,Automotive,Latin America
5,8.8,3.8,1,Standard Class,7,251.39,Electronics,East Asia
2,4.0,2.0,1,First Class,4,422.4,Chemicals,Latin America
5,9.1,4.1,1,Standard Class,5,351.99,Electronics,Latin America
5,9.3,4.3,1,Standard Class,4,336.74,Electronics,Latin America
3,5.1,2.1,1,Second Class,3,85.78,Apparel,Europe
3,5.4,2.4,1,Second Class,1,37.06,Apparel,Latin America
3,5.4,2.4,1,Second Class,6,259.9,Electronics,North America
5,9.9,4.9,1,Standard Class,5,45.1,Automotive,South Asia
5,8.2,3.2,1,Standard Class,1,188.37,Apparel,East Asia
2,3.7,1.7,1,First Class,5,22.8,Chemicals,North America
5,9.7,4.7,1,Standard Class,6,96.64,Electronics,South Asia
5,9.0,4.0,1,Standard Class,5,64.08,Chemicals,North America
5,8.5,3.5,1,Standard Class,1,402.48,Chemicals,Latin America
3,5.7,2.7,1,Second Class,5,179.6,Chemicals,East Asia
5,8.3,3.3,1,Standard Class,1,48.63,Electronics,North America
1,2.3,1.3,1,Same Day,3,140.09,Industrial Parts,East Asia
3,5.4,2.4,1,Second Class,2,344.58,Apparel,Europe
5,8.2,3.2,1,Standard Class,1,375.36,Chemicals,Europe
3,6.0,3.0,1,Second Class,4,68.73,Electronics,Latin America
2,3.7,1.7,1,First Class,2,391.5,Industrial Parts,Latin America
3,5.7,2.7,1,Second Class,5,191.57,Electronics,Europe
5,8.2,3.2,1,Standard Class,1,342.9,Apparel,North America
3,5.7,2.7,1,Second Class,1,339.04,Electronics,South Asia
5,8.8,3.8,1,Standard Class,4,398.86,Automotive,South Asia
1,2.4,1.4,1,Same Day,7,351.62,Automotive,Europe
5,9.4,4.4,1,Standard Class,2,29.05,Chemicals,South Asia
5,8.2,3.2,1,Standard Class,2,264.55,Electronics,North America
3,5.6,2.6,1,Second Class,1,91.43,Electronics,South Asia
3,6.3,3.3,1,Second Class,5,485.28,Chemicals,South Asia
2,3.8,1.8,1,First Class,6,135.36,Chemicals,Europe
5,8.8,3.8,1,Standard Class,6,215.85,Industrial Parts,East Asia
5,8.7,3.7,1,Standard Class,2,106.38,Electronics,East Asia
1,2.3,1.3,1,Same Day,7,75.95,Apparel,North America
3,5.2,2.2,1,Second Class,6,304.46,Apparel,East Asia
3,7.0,4.0,1,Second Class,8,251.66,Apparel,Latin America
5,8.6,3.6,1,Standard Class,6,193.58,Chemicals,Europe
5,9.7,4.7,1,Standard Class,9,51.86,Chemicals,East Asia
2,3.7,1.7,1,First Class,2,370.62,Chemicals,South Asia
3,6.4,3.4,1,Second Class,7,12.87,Apparel,East Asia
5,8.8,3.8,1,Standard Class,5,234.25,Industrial Parts,Europe
3,5.4,2.4,1,Second Class,1,319.96,Automotive,South Asia
2,4.3,2.3,1,First Class,3,221.05,Electronics,South Asia
5,9.1,4.1,1,Standard Class,4,71.84,Automotive,Europe
5,8.9,3.9,1,Standard Class,2,391.34,Electronics,North America
5,8.4,3.4,1,Standard Class,7,168.73,Chemicals,North America
2,2.6,0.6,1,First Class,1,76.03,Apparel,Europe
5,8.2,3.2,1,Standard Class,3,279.63,Automotive,Europe
5,9.1,4.1,1,Standard Class,9,19.39,Chemicals,Europe
3,5.6,2.6,1,Second Class,2,168.79,Electronics,South Asia
5,9.4,4.4,1,Standard Class,5,377.81,Automotive,South Asia
5,8.8,3.8,1,Standard Class,4,457.23,Automotive,Europe
5,9.3,4.3,1,Standard Class,3,299.95,Automotive,South Asia
2,4.0,2.0,1,First Class,5,116.63,Automotive,Latin America
3,5.8,2.8,1,Second Class,6,117.8,Automotive,Europe
5,8.8,3.8,1,Standard Class,1,305.9,Chemicals,South Asia
3,5.2,2.2,1,Second Class,2,209.31,Electronics,North America
2,3.0,1.0,1,First Class,1,96.86,Electronics,Europe
5,8.6,3.6,1,Standard Class,3,395.82,Industrial Parts,Europe
5,9.0,4.0,1,Standard Class,8,108.12,Apparel,Europe
5,9.8,4.8,1,Standard Class,8,167.6,Automotive,East Asia
5,8.4,3.4,1,Standard Class,4,40.1,Electronics,Europe
3,5.9,2.9,1,Second Class,6,353.67,Apparel,North America
2,4.8,2.8,1,First Class,9,144.89,Apparel,South Asia
5,9.0,4.0,1,Standard Class,7,124.1,Chemicals,Europe
5,8.4,3.4,1,Standard Class,2,158.65,Automotive,Latin America
5,8.8,3.8,1,Standard Class,2,438.32,Industrial Parts,South Asia
2,3.4,1.4,1,First Class,3,263.83,Apparel,North America
5,9.1,4.1,1,Standard Class,8,87.36,Chemicals,East Asia
2,4.6,2.6,1,First Class,9,389.5,Automotive,North America
5,9.1,4.1,1,Standard Class,3,112.14,Electronics,East Asia
2,4.9,2.9,1,First Class,9,212.11,Industrial Parts,South Asia
3,6.3,3.3,1,Second Class,8,288.36,Automotive,East Asia
5,9.8,4.8,1,Standard Class,5,296.38,Chemicals,South Asia
5,8.2,3.2,1,Standard Class,3,43.83,Chemicals,North America
1,3.1,2.1,1,Same Day,7,420.03,Chemicals,North America
5,9.1,4.1,1,Standard Class,9,244.92,Chemicals,East Asia
2,4.4,2.4,1,First Class,6,494.74,Chemicals,Latin America
5,8.8,3.8,1,Standard Class,3,361.55,Industrial Parts,North America
2,4.2,2.2,1,First Class,5,496.36,Apparel,East Asia
5,9.1,4.1,1,Standard Class,7,232.2,Apparel,Europe
1,3.3,2.3,1,Same Day,8,78.98,Electronics,South Asia
3,6.0,3.0,1,Second Class,4,366.38,Apparel,Europe
3,4.7,1.7,1,Second Class,2,391.1,Chemicals,Europe
3,4.9,1.9,1,Second Class,2,427.89,Apparel,Europe
2,3.1,1.1,1,First Class,3,157.71,Apparel,East Asia
5,9.0,4.0,1,Standard Class,8,260.24,Chemicals,North America
3,4.8,1.8,1,Second Class,1,430.18,Industrial Parts,Europe
1,3.0,2.0,1,Same Day,7,433.72,Chemicals,East Asia
5,9.5,4.5,1,Standard Class,6,22.59,Apparel,North America
1,2.5,1.5,1,Same Day,2,338.75,Apparel,South Asia
2,4.6,2.6,1,First Class,9,304.83,Electronics,North America
2,4.0,2.0,1,First Class,5,50.84,Chemicals,North America
5,8.4,3.4,1,Standard Class,2,465.77,Electronics,Europe
5,8.8,3.8,1,Standard Class,3,228.23,Electronics,East Asia
5,9.9,4.9,1,Standard Class,7,340.39,Automotive,Latin America
5,9.9,4.9,1,Standard Class,7,442.57,Electronics,South Asia
2,3.2,1.2,1,First Class,1,73.76,Apparel,East Asia
5,8.8,3.8,1,Standard Class,4,429.36,Apparel,Europe
5,8.9,3.9,1,Standard Class,6,364.91,Automotive,East Asia
1,2.7,1.7,1,Same Day,8,421.4,Automotive,Latin America
5,9.1,4.1,1,Standard Class,3,252.47,Chemicals,South Asia
5,8.6,3.6,1,Standard Class,3,26.41,Automotive,North America
5,9.6,4.6,1,Standard Class,8,338.55,Industrial Parts,South Asia
5,9.6,4.6,1,Standard Class,8,193.52,Apparel,Latin America
3,6.9,3.9,1,Second Class,8,207.18,Apparel,South Asia
2,4.0,2.0,1,First Class,1,226.22,Automotive,South Asia
3,5.6,2.6,1,Second Class,8,251.53,Automotive,Europe
5,9.1,4.1,1,Standard Class,8,334.35,Apparel,North America
2,4.0,2.0,1,First Class,2,366.12,Automotive,Latin America
5,9.1,4.1,1,Standard Class,9,390.65,Chemicals,Europe
5,9.7,4.7,1,Standard Class,7,339.09,Automotive,South Asia
5,9.5,4.5,1,Standard Class,8,403.7,Automotive,South Asia
5,8.1,3.1,1,Standard Class,2,69.85,Chemicals,East Asia
5,8.8,3.8,1,Standard Class,4,420.04,Chemicals,Europe
5,9.8,4.8,1,Standard Class,7,199.77,Chemicals,Latin America
1,3.2,2.2,1,Same Day,6,269.1,Apparel,Latin America
5,10.5,5.5,1,Standard Class,7,222.55,Automotive,Latin America
5,8.7,3.7,1,Standard Class,1,243.1,Chemicals,Latin America
5,9.8,4.8,1,Standard Class,8,149.86,Chemicals,South Asia
2,5.0,3.0,1,First Class,7,93.28,Apparel,South Asia
5,9.0,4.0,1,Standard Class,4,61.4,Industrial Parts,Europe
3,5.2,2.2,1,Second Class,1,231.19,Automotive,North America
1,3.1,2.1,1,Same Day,8,71.38,Industrial Parts,Latin America
5,9.9,4.9,1,Standard Class,7,130.04,Industrial Parts,South Asia
5,9.1,4.1,1,Standard Class,8,75.47,Chemicals,Europe
5,8.5,3.5,1,Standard Class,1,63.47,Apparel,Latin America
2,3.8,1.8,1,First Class,5,442.41,Automotive,North America
5,10.6,5.6,1,Standard Class,9,340.27,Automotive,Latin America
5,8.8,3.8,1,Standard Class,5,462.64,Automotive,East Asia
5,9.0,4.0,1,Standard Class,3,325.57,Industrial Parts,Latin America
2,3.9,1.9,1,First Class,9,423.54,Electronics,East Asia
5,9.2,4.2,1,Standard Class,9,282.1,Apparel,North America
5,8.8,3.8,1,Standard Class,4,236.69,Electronics,East Asia
2,3.7,1.7,1,First Class,4,268.95,Industrial Parts,North America
2,4.8,2.8,1,First Class,8,166.91,Chemicals,Europe
3,5.6,2.6,1,Second Class,7,332.41,Electronics,East Asia
5,9.4,4.4,1,Standard Class,5,449.62,Electronics,Latin America
3,6.1,3.1,1,Second Class,6,393.35,Apparel,Latin America
2,3.5,1.5,1,First Class,3,236.38,Industrial Parts,Europe
5,9.4,4.4,1,Standard Class,6,477.42,Apparel,South Asia
2,3.7,1.7,1,First Class,8,492.86,Chemicals,North America
5,10.2,5.2,1,Standard Class,9,251.62,Automotive,South Asia
1,2.3,1.3,1,Same Day,3,433.67,Industrial Parts,South Asia
5,9.2,4.2,1,Standard Class,8,12.34,Chemicals,Europe
2,3.5,1.5,1,First Class,3,42.66,Chemicals,Europe
5,8.4,3.4,1,Standard Class,2,20.97,Electronics,East Asia
1,1.4,0.4,0,Same Day,5,388.85,Apparel,East Asia
5,8.2,3.2,1,Standard Class,4,49.09,Electronics,East Asia
1,2.2,1.2,1,Same Day,5,18.35,Electronics,East Asia
1,3.1,2.1,1,Same Day,6,82.24,Automotive,East Asia
5,8.8,3.8,1,Standard Class,3,160.08,Apparel,Latin America
3,4.9,1.9,1,Second Class,1,237.7,Automotive,Europe
1,2.6,1.6,1,Same Day,4,42.05,Chemicals,North America
5,9.2,4.2,1,Standard Class,6,254.5,Automotive,North America
5,8.5,3.5,1,Standard Class,2,131.55,Chemicals,North America
2,3.3,1.3,1,First Class,2,144.44,Electronics,North America
5,7.7,2.7,1,Standard Class,1,412.73,Automotive,North America
5,9.5,4.5,1,Standard Class,9,493.59,Apparel,Latin America
5,8.3,3.3,1,Standard Class,3,237.29,Automotive,Europe
5,8.3,3.3,1,Standard Class,2,167.67,Chemicals,East Asia
5,9.1,4.1,1,Standard Class,4,466.41,Industrial Parts,East Asia
5,9.0,4.0,1,Standard Class,6,255.22,Apparel,East Asia
3,4.9,1.9,1,Second Class,1,367.87,Chemicals,Europe
3,6.2,3.2,1,Second Class,9,212.73,Industrial Parts,Europe
5,10.3,5.3,1,Standard Class,9,109.25,Apparel,Latin America
2,4.7,2.7,1,First Class,8,330.89,Industrial Parts,Latin America
2,4.1,2.1,1,First Class,6,335.77,Electronics,East Asia
1,2.0,1.0,1,Same Day,4,235.49,Electronics,Europe
5,7.8,2.8,1,Standard Class,2,142.28,Automotive,East Asia
5,10.0,5.0,1,Standard Class,8,417.59,Automotive,Latin America
1,2.7,1.7,1,Same Day,7,144.91,Automotive,East Asia
1,2.9,1.9,1,Same Day,4,332.92,Automotive,Latin America
3,5.9,2.9,1,Second Class,3,198.15,Industrial Parts,South Asia
3,6.5,3.5,1,Second Class,6,241.52,Apparel,North America
5,8.5,3.5,1,Standard Class,1,113.59,Apparel,South Asia
2,3.0,1.0,1,First Class,2,328.25,Automotive,East Asia
5,9.1,4.1,1,Standard Class,7,120.65,Electronics,East Asia
5,8.5,3.5,1,Standard Class,3,248.0,Chemicals,Europe
3,5.0,2.0,1,Second Class,1,170.95,Automotive,North America
5,8.9,3.9,1,Standard Class,2,482.17,Automotive,Latin America
5,9.4,4.4,1,Standard Class,9,491.29,Electronics,East Asia
1,2.9,1.9,1,Same Day,7,379.21,Chemicals,Latin America
5,9.3,4.3,1,Standard Class,7,492.12,Industrial Parts,Latin America
1,3.4,2.4,1,Same Day,8,65.64,Industrial Parts,Latin America
1,3.7,2.7,1,Same Day,8,496.24,Chemicals,South Asia
2,5.8,3.8,1,First Class,9,60.74,Chemicals,Latin America
5,8.5,3.5,1,Standard Class,2,213.57,Industrial Parts,Europe
5,10.2,5.2,1,Standard Class,8,127.08,Automotive,South Asia
5,9.9,4.9,1,Standard Class,8,477.38,Automotive,South Asia
5,9.1,4.1,1,Standard Class,5,321.54,Electronics,East Asia
5,8.8,3.8,1,Standard Class,5,302.59,Chemicals,North America
1,2.1,1.1,1,Same Day,4,498.74,Automotive,North America
5,8.8,3.8,1,Standard Class,5,310.09,Automotive,East Asia
3,5.8,2.8,1,Second Class,2,326.62,Electronics,North America
5,9.4,4.4,1,Standard Class,2,31.94,Chemicals,Latin America
2,3.5,1.5,1,First Class,5,430.93,Electronics,Europe
1,2.6,1.6,1,Same Day,3,485.34,Electronics,Latin America
5,8.2,3.2,1,Standard Class,1,480.55,Industrial Parts,North America
5,10.0,5.0,1,Standard Class,9,118.34,Electronics,North America
2,2.9,0.9,1,First Class,2,120.7,Chemicals,Europe
3,6.1,3.1,1,Second Class,2,189.36,Automotive,South Asia
2,4.2,2.2,1,First Class,4,162.0,Automotive,South Asia
5,7.8,2.8,1,Standard Class,2,159.75,Industrial Parts,Europe
5,10.3,5.3,1,Standard Class,7,306.56,Chemicals,South Asia
1,1.2,0.2,0,Same Day,1,404.75,Automotive,North America
1,2.1,1.1,1,Same Day,2,469.02,Electronics,South Asia
5,8.5,3.5,1,Standard Class,5,43.25,Apparel,North America
3,5.6,2.6,1,Second Class,2,146.21,Apparel,East Asia
5,9.7,4.7,1,Standard Class,9,134.96,Apparel,Latin America
5,8.9,3.9,1,Standard Class,4,185.15,Apparel,South Asia
5,9.6,4.6,1,Standard Class,9,217.92,Electronics,East Asia
5,8.5,3.5,1,Standard Class,1,200.69,Automotive,South Asia
2,3.3,1.3,1,First Class,1,476.55,Industrial Parts,East Asia
5,8.4,3.4,1,Standard Class,1,224.19,Electronics,Europe
5,8.8,3.8,1,Standard Class,4,280.28,Automotive,East Asia
3,5.7,2.7,1,Second Class,9,376.83,Chemicals,North America
2,4.5,2.5,1,First Class,8,365.29,Automotive,Europe
2,4.5,2.5,1,First Class,7,295.65,Automotive,Europe
1,2.0,1.0,1,Same Day,1,431.81,Automotive,North America
5,9.3,4.3,1,Standard Class,3,315.85,Electronics,South Asia
2,4.3,2.3,1,First Class,9,438.63,Automotive,Europe
3,7.3,4.3,1,Second Class,9,158.36,Automotive,South Asia
2,3.8,1.8,1,First Class,5,74.69,Chemicals,Latin America
5,8.3,3.3,1,Standard Class,6,411.57,Chemicals,East Asia
5,9.4,4.4,1,Standard Class,6,197.43,Apparel,East Asia
3,5.0,2.0,1,Second Class,4,329.03,Electronics,North America
5,8.6,3.6,1,Standard Class,1,371.28,Automotive,North America
3,5.2,2.2,1,Second Class,5,170.09,Apparel,East Asia
2,3.8,1.8,1,First Class,1,257.53,Apparel,Latin America
2,2.9,0.9,1,First Class,1,448.51,Electronics,North America
3,6.2,3.2,1,Second Class,5,441.1,Apparel,Latin America
2,4.2,2.2,1,First Class,5,377.18,Apparel,North America
5,8.9,3.9,1,Standard Class,7,383.74,Electronics,Europe
2,4.4,2.4,1,First Class,2,449.87,Industrial Parts,South Asia
3,5.8,2.8,1,Second Class,6,370.8,Apparel,East Asia
5,9.0,4.0,1,Standard Class,2,176.4,Chemicals,South Asia
5,9.2,4.2,1,Standard Class,5,69.18,Apparel,East Asia
5,9.1,4.1,1,Standard Class,4,216.72,Electronics,North America
1,2.8,1.8,1,Same Day,5,52.8,Electronics,South Asia
5,8.4,3.4,1,Standard Class,2,66.73,Industrial Parts,Latin America
2,4.2,2.2,1,First Class,8,475.58,Industrial Parts,North America
5,8.8,3.8,1,Standard Class,8,341.18,Chemicals,Europe
5,9.5,4.5,1,Standard Class,6,427.29,Chemicals,South Asia
2,3.9,1.9,1,First Class,3,325.02,Apparel,South Asia
5,8.3,3.3,1,Standard Class,4,215.08,Industrial Parts,Europe
2,2.9,0.9,1,First Class,1,22.33,Chemicals,East Asia
3,6.6,3.6,1,Second Class,9,478.36,Apparel,North America
3,5.6,2.6,1,Second Class,5,44.76,Automotive,Europe
5,9.6,4.6,1,Standard Class,8,308.98,Apparel,Latin America
3,5.5,2.5,1,Second Class,3,60.08,Chemicals,North America
2,4.1,2.1,1,First Class,4,149.23,Apparel,Europe
3,5.3,2.3,1,Second Class,4,101.05,Automotive,Europe
5,10.2,5.2,1,Standard Class,8,281.32,Chemicals,South Asia
2,4.9,2.9,1,First Class,9,444.67,Apparel,South Asia
1,3.1,2.1,1,Same Day,3,321.45,Chemicals,South Asia
3,6.3,3.3,1,Second Class,7,335.45,Apparel,North America
5,9.3,4.3,1,Standard Class,9,455.38,Electronics,East Asia
5,8.5,3.5,1,Standard Class,2,377.22,Chemicals,North America
5,9.0,4.0,1,Standard Class,4,434.32,Chemicals,South Asia
5,9.2,4.2,1,Standard Class,3,214.03,Chemicals,South Asia
5,9.1,4.1,1,Standard Class,8,434.02,Chemicals,North America
5,8.5,3.5,1,Standard Class,4,326.47,Apparel,Europe
3,6.6,3.6,1,Second Class,9,76.45,Industrial Parts,Europe
5,8.9,3.9,1,Standard Class,1,28.97,Apparel,South Asia
2,3.8,1.8,1,First Class,1,129.58,Automotive,South Asia
5,8.6,3.6,1,Standard Class,4,195.39,Electronics,East Asia
5,8.5,3.5,1,Standard Class,3,420.41,Apparel,Europe
5,8.4,3.4,1,Standard Class,3,373.21,Apparel,East Asia
5,8.8,3.8,1,Standard Class,2,478.13,Chemicals,South Asia
3,5.6,2.6,1,Second Class,2,284.0,Automotive,South Asia
3,5.8,2.8,1,Second Class,8,376.39,Chemicals,East Asia
5,7.8,2.8,1,Standard Class,1,144.89,Chemicals,East Asia
5,9.8,4.8,1,Standard Class,8,342.99,Industrial Parts,South Asia
5,8.7,3.7,1,Standard Class,3,356.01,Electronics,Latin America
3,6.3,3.3,1,Second Class,2,425.72,Industrial Parts,South Asia
3,5.8,2.8,1,Second Class,9,272.84,Chemicals,Europe
2,4.2,2.2,1,First Class,5,328.01,Electronics,South Asia
2,4.0,2.0,1,First Class,5,109.49,Apparel,North America
3,5.7,2.7,1,Second Class,6,371.01,Automotive,South Asia
5,9.4,4.4,1,Standard Class,4,420.82,Industrial Parts,Latin America
5,8.9,3.9,1,Standard Class,7,300.93,Automotive,Europe
1,2.8,1.8,1,Same Day,7,66.68,Chemicals,South Asia
3,6.4,3.4,1,Second Class,9,163.3,Electronics,East Asia
2,4.1,2.1,1,First Class,6,243.0,Apparel,Europe
2,2.8,0.8,1,First Class,1,341.81,Electronics,Europe
5,9.8,4.8,1,Standard Class,9,166.96,Automotive,Latin America
2,4.7,2.7,1,First Class,9,421.74,Automotive,East Asia
2,3.6,1.6,1,First Class,5,192.18,Apparel,North America
5,9.4,4.4,1,Standard Class,7,30.99,Apparel,South Asia
3,5.0,2.0,1,Second Class,1,399.06,Electronics,North America
3,5.5,2.5,1,Second Class,4,325.67,Industrial Parts,East Asia
5,8.6,3.6,1,Standard Class,4,402.96,Electronics,Europe
5,9.5,4.5,1,Standard Class,5,180.96,Automotive,Latin America
5,9.3,4.3,1,Standard Class,6,18.64,Electronics,Latin America
2,3.8,1.8,1,First Class,4,46.14,Chemicals,Europe
5,9.4,4.4,1,Standard Class,6,64.78,Electronics,Latin America
2,3.6,1.6,1,First Class,7,404.52,Electronics,North America
3,5.8,2.8,1,Second Class,3,157.7,Chemicals,Europe
5,9.5,4.5,1,Standard Class,9,498.97,Automotive,South Asia
1,3.6,2.6,1,Same Day,8,381.61,Apparel,South Asia
1,1.7,0.7,1,Same Day,1,304.57,Electronics,East Asia
5,8.4,3.4,1,Standard Class,2,491.97,Industrial Parts,Europe
5,8.1,3.1,1,Standard Class,2,164.99,Apparel,North America
1,2.8,1.8,1,Same Day,9,91.15,Industrial Parts,Europe
1,3.1,2.1,1,Same Day,9,371.26,Electronics,Europe
5,9.1,4.1,1,Standard Class,9,146.26,Industrial Parts,North America
5,8.6,3.6,1,Standard Class,1,480.91,Apparel,Latin America
5,9.5,4.5,1,Standard Class,7,494.15,Industrial Parts,North America
1,1.8,0.8,1,Same Day,3,463.94,Industrial Parts,Europe
5,9.5,4.5,1,Standard Class,9,472.93,Apparel,Europe
2,4.2,2.2,1,First Class,8,311.67,Apparel,Europe
3,5.1,2.1,1,Second Class,3,349.14,Apparel,Europe
5,8.4,3.4,1,Standard Class,1,56.18,Apparel,East Asia
2,4.8,2.8,1,First Class,9,383.89,Chemicals,Latin America
5,8.0,3.0,1,Standard Class,1,109.01,Electronics,Europe
3,5.5,2.5,1,Second Class,3,421.76,Apparel,East Asia
5,9.0,4.0,1,Standard Class,6,481.15,Automotive,Europe
2,4.4,2.4,1,First Class,6,114.07,Industrial Parts,Latin America
2,4.0,2.0,1,First Class,4,48.24,Apparel,Latin America
5,8.0,3.0,1,Standard Class,2,247.11,Apparel,North America
5,9.0,4.0,1,Standard Class,6,397.86,Electronics,East Asia
5,8.7,3.7,1,Standard Class,5,387.61,Apparel,Latin America
5,9.8,4.8,1,Standard Class,6,351.44,Chemicals,South Asia
3,5.6,2.6,1,Second Class,7,412.14,Automotive,Europe
3,6.9,3.9,1,Second Class,9,95.74,Automotive,Latin America
5,8.7,3.7,1,Standard Class,7,329.45,Apparel,East Asia
2,3.2,1.2,1,First Class,4,306.78,Electronics,East Asia
2,3.5,1.5,1,First Class,5,85.18,Apparel,East Asia
3,6.4,3.4,1,Second Class,6,213.07,Industrial Parts,North America
5,9.3,4.3,1,Standard Class,9,427.74,Automotive,Europe
5,9.9,4.9,1,Standard Class,5,486.18,Industrial Parts,South Asia
5,9.0,4.0,1,Standard Class,5,336.06,Chemicals,East Asia
2,4.0,2.0,1,First Class,7,461.75,Automotive,Europe
5,8.5,3.5,1,Standard Class,2,74.7,Automotive,East Asia
5,8.7,3.7,1,Standard Class,3,487.78,Chemicals,East Asia
5,9.1,4.1,1,Standard Class,2,26.42,Industrial Parts,South Asia
3,5.6,2.6,1,Second Class,2,268.36,Apparel,Europe
5,8.6,3.6,1,Standard Class,3,152.59,Electronics,East Asia
5,9.2,4.2,1,Standard Class,6,408.82,Industrial Parts,North America
5,9.4,4.4,1,Standard Class,5,116.6,Chemicals,East Asia
5,8.4,3.4,1,Standard Class,5,15.65,Chemicals,Europe
2,3.7,1.7,1,First Class,2,213.16,Chemicals,Latin America
5,8.6,3.6,1,Standard Class,2,41.41,Automotive,East Asia
5,7.8,2.8,1,Standard Class,1,152.15,Apparel,North America
2,3.2,1.2,1,First Class,3,325.44,Automotive,North America
5,8.9,3.9,1,Standard Class,7,154.4,Automotive,East Asia
5,9.0,4.0,1,Standard Class,5,130.44,Automotive,Europe
3,6.1,3.1,1,Second Class,7,86.19,Chemicals,East Asia
5,9.2,4.2,1,Standard Class,9,76.23,Industrial Parts,North America
5,9.1,4.1,1,Standard Class,6,267.67,Electronics,East Asia
5,8.2,3.2,1,Standard Class,2,343.94,Electronics,North America
5,9.1,4.1,1,Standard Class,1,231.84,Apparel,Latin America
2,3.3,1.3,1,First Class,1,70.57,Apparel,East Asia
2,5.1,3.1,1,First Class,9,327.4,Chemicals,South Asia
3,6.3,3.3,1,Second Class,6,282.99,Electronics,East Asia
5,9.2,4.2,1,Standard Class,6,196.82,Industrial Parts,North America
5,8.5,3.5,1,Standard Class,4,171.72,Chemicals,Europe
3,5.2,2.2,1,Second Class,2,99.74,Apparel,North America
1,2.1,1.1,1,Same Day,3,81.69,Chemicals,Latin America
5,8.2,3.2,1,Standard Class,3,176.0,Apparel,Europe
5,10.0,5.0,1,Standard Class,8,30.4,Electronics,South Asia
5,10.1,5.1,1,Standard Class,6,223.95,Chemicals,South Asia
5,10.0,5.0,1,Standard Class,7,304.77,Automotive,Latin America
5,10.0,5.0,1,Standard Class,9,471.41,Apparel,Latin America
5,8.3,3.3,1,Standard Class,1,316.66,Automotive,Latin America
3,5.7,2.7,1,Second Class,2,315.8,Apparel,Latin America
2,4.0,2.0,1,First Class,9,193.46,Automotive,East Asia
5,9.0,4.0,1,Standard Class,5,75.33,Electronics,North America
5,8.3,3.3,1,Standard Class,4,229.0,Electronics,East Asia
3,5.1,2.1,1,Second Class,1,303.35,Industrial Parts,Europe
5,9.9,4.9,1,Standard Class,9,364.78,Industrial Parts,South Asia
2,4.9,2.9,1,First Class,9,414.78,Industrial Parts,South Asia
5,8.5,3.5,1,Standard Class,4,135.4,Chemicals,Europe
2,4.4,2.4,1,First Class,9,128.2,Apparel,South Asia
5,9.0,4.0,1,Standard Class,1,287.0,Chemicals,Latin America
5,9.2,4.2,1,Standard Class,5,287.35,Industrial Parts,Latin America
5,8.6,3.6,1,Standard Class,1,116.79,Apparel,Latin America
5,8.7,3.7,1,Standard Class,4,297.86,Chemicals,Europe
5,8.7,3.7,1,Standard Class,5,179.48,Electronics,North America
2,3.3,1.3,1,First Class,3,323.26,Apparel,Europe
5,8.8,3.8,1,Standard Class,2,152.61,Industrial Parts,North America
5,9.6,4.6,1,Standard Class,6,300.22,Electronics,South Asia
2,3.9,1.9,1,First Class,3,386.47,Apparel,South Asia
2,3.2,1.2,1,First Class,1,490.28,Chemicals,South Asia
1,2.1,1.1,1,Same Day,5,456.42,Industrial Parts,North America
2,3.6,1.6,1,First Class,2,256.73,Chemicals,South Asia
5,8.3,3.3,1,Standard Class,2,249.29,Electronics,Europe
2,4.1,2.1,1,First Class,4,224.47,Electronics,North America
1,3.1,2.1,1,Same Day,4,23.6,Electronics,Latin America
3,5.4,2.4,1,Second Class,4,91.32,Apparel,North America
5,8.9,3.9,1,Standard Class,7,39.0,Industrial Parts,Europe
5,8.4,3.4,1,Standard Class,1,351.21,Electronics,Europe
5,9.6,4.6,1,Standard Class,8,212.48,Chemicals,Europe
2,4.8,2.8,1,First Class,9,41.25,Industrial Parts,South Asia
3,6.9,3.9,1,Second Class,6,348.38,Chemicals,Latin America
2,3.9,1.9,1,First Class,4,325.77,Chemicals,Latin America
5,8.9,3.9,1,Standard Class,6,362.78,Electronics,East Asia
3,5.9,2.9,1,Second Class,7,303.92,Industrial Parts,Europe
3,6.3,3.3,1,Second Class,6,89.15,Automotive,South Asia
5,7.9,2.9,1,Standard Class,1,40.08,Apparel,North America
2,4.5,2.5,1,First Class,5,410.4,Automotive,South Asia
5,9.2,4.2,1,Standard Class,8,115.75,Apparel,Europe
3,7.3,4.3,1,Second Class,8,275.84,Industrial Parts,South Asia
3,6.5,3.5,1,Second Class,9,247.76,Electronics,Europe
2,3.7,1.7,1,First Class,4,461.32,Industrial Parts,North America
2,4.5,2.5,1,First Class,6,280.7,Automotive,North America
3,6.6,3.6,1,Second Class,7,294.21,Chemicals,Latin America
5,9.1,4.1,1,Standard Class,5,166.56,Apparel,East Asia
5,9.7,4.7,1,Standard Class,8,479.76,Apparel,South Asia
3,5.3,2.3,1,Second Class,3,310.06,Automotive,East Asia
5,10.2,5.2,1,Standard Class,8,12.44,Electronics,South Asia
5,9.6,4.6,1,Standard Class,5,282.48,Industrial Parts,Latin America
3,5.3,2.3,1,Second Class,1,188.29,Automotive,Latin America
3,6.5,3.5,1,Second Class,6,25.73,Industrial Parts,North America
5,8.3,3.3,1,Standard Class,2,221.46,Electronics,North America
5,9.5,4.5,1,Standard Class,7,389.05,Chemicals,North America
5,10.1,5.1,1,Standard Class,9,256.86,Industrial Parts,South Asia
5,8.7,3.7,1,Standard Class,3,323.33,Electronics,East Asia
5,8.6,3.6,1,Standard Class,4,323.47,Automotive,East Asia
3,5.6,2.6,1,Second Class,4,338.8,Chemicals,North America
5,8.7,3.7,1,Standard Class,4,199.92,Chemicals,Latin America
5,8.9,3.9,1,Standard Class,3,191.3,Chemicals,East Asia
5,9.6,4.6,1,Standard Class,5,12.25,Apparel,Latin America
1,3.5,2.5,1,Same Day,9,85.57,Electronics,North America
5,9.9,4.9,1,Standard Class,8,475.9,Industrial Parts,South Asia
5,8.1,3.1,1,Standard Class,2,422.78,Automotive,Europe
5,9.9,4.9,1,Standard Class,9,144.8,Chemicals,East Asia
2,3.2,1.2,1,First Class,2,206.58,Chemicals,North America
2,3.0,1.0,1,First Class,7,470.56,Chemicals,North America
5,9.0,4.0,1,Standard Class,5,132.72,Electronics,East Asia
5,9.4,4.4,1,Standard Class,7,270.94,Automotive,Europe
5,9.8,4.8,1,Standard Class,5,20.82,Electronics,South Asia
2,3.6,1.6,1,First Class,6,313.67,Automotive,East Asia
2,4.9,2.9,1,First Class,8,465.74,Industrial Parts,South Asia
5,8.4,3.4,1,Standard Class,1,443.52,Apparel,North America
5,8.4,3.4,1,Standard Class,1,255.96,Automotive,East Asia
5,9.2,4.2,1,Standard Class,5,328.32,Electronics,South Asia
5,8.8,3.8,1,Standard Class,1,289.2,Electronics,Latin America
2,4.3,2.3,1,First Class,3,42.82,Electronics,Latin America
5,9.4,4.4,1,Standard Class,9,87.77,Apparel,Latin America
5,9.7,4.7,1,Standard Class,7,482.27,Automotive,South Asia
5,9.8,4.8,1,Standard Class,6,135.42,Automotive,Latin America
1,3.2,2.2,1,Same Day,8,198.38,Automotive,North America
3,7.1,4.1,1,Second Class,8,259.38,Automotive,South Asia
5,9.3,4.3,1,Standard Class,6,489.77,Chemicals,North America
5,9.3,4.3,1,Standard Class,4,348.1,Chemicals,Europe
5,9.6,4.6,1,Standard Class,4,318.5,Electronics,South Asia
5,8.5,3.5,1,Standard Class,4,266.96,Chemicals,Latin America
5,9.3,4.3,1,Standard Class,6,353.33,Automotive,Latin America
2,3.6,1.6,1,First Class,1,335.37,Automotive,Europe
2,3.1,1.1,1,First Class,2,452.39,Chemicals,East Asia
3,6.2,3.2,1,Second Class,6,275.5,Industrial Parts,Europe
5,9.0,4.0,1,Standard Class,1,216.54,Electronics,Latin America
3,7.3,4.3,1,Second Class,9,405.51,Apparel,Latin America
3,5.7,2.7,1,Second Class,6,401.89,Electronics,East Asia
5,8.6,3.6,1,Standard Class,7,93.22,Electronics,Europe
5,8.2,3.2,1,Standard Class,1,126.03,Electronics,North America
5,8.9,3.9,1,Standard Class,8,479.73,Chemicals,Europe
5,8.7,3.7,1,Standard Class,5,227.61,Electronics,North America
5,8.5,3.5,1,Standard Class,5,264.63,Automotive,Latin America
2,4.4,2.4,1,First Class,6,161.98,Electronics,Latin America
5,9.3,4.3,1,Standard Class,7,245.72,Automotive,Europe
1,3.2,2.2,1,Same Day,7,374.24,Chemicals,Latin America
5,9.1,4.1,1,Standard Class,5,246.35,Chemicals,East Asia
1,2.4,1.4,1,Same Day,1,164.24,Electronics,South Asia
5,9.3,4.3,1,Standard Class,9,57.04,Automotive,North America
3,6.7,3.7,1,Second Class,6,464.85,Automotive,Latin America
5,9.7,4.7,1,Standard Class,9,437.11,Automotive,North America
5,8.7,3.7,1,Standard Class,4,397.77,Automotive,Europe
3,5.2,2.2,1,Second Class,2,350.09,Apparel,East Asia
5,8.4,3.4,1,Standard Class,3,262.6,Chemicals,North America
2,4.5,2.5,1,First Class,4,449.72,Automotive,Latin America
2,4.8,2.8,1,First Class,8,397.93,Apparel,South Asia
5,8.8,3.8,1,Standard Class,3,409.85,Apparel,East Asia
5,8.7,3.7,1,Standard Class,8,161.68,Chemicals,Europe
3,6.3,3.3,1,Second Class,6,217.49,Industrial Parts,Latin America
5,8.8,3.8,1,Standard Class,4,356.33,Electronics,East Asia
2,4.2,2.2,1,First Class,7,191.82,Chemicals,Latin America
3,5.4,2.4,1,Second Class,5,252.05,Industrial Parts,Europe
5,9.1,4.1,1,Standard Class,5,326.79,Electronics,Europe
5,10.2,5.2,1,Standard Class,9,224.5,Electronics,South Asia
3,5.4,2.4,1,Second Class,3,398.59,Electronics,East Asia
5,9.7,4.7,1,Standard Class,4,66.98,Apparel,South Asia
5,9.6,4.6,1,Standard Class,5,361.85,Automotive,South Asia
5,9.2,4.2,1,Standard Class,1,81.15,Electronics,South Asia
2,3.8,1.8,1,First Class,7,469.54,Automotive,North America
5,9.4,4.4,1,Standard Class,8,163.88,Electronics,Europe
5,9.6,4.6,1,Standard Class,6,399.76,Apparel,South Asia
3,5.9,2.9,1,Second Class,9,265.49,Electronics,North America
5,9.1,4.1,1,Standard Class,3,54.63,Chemicals,North America
5,8.3,3.3,1,Standard Class,2,295.47,Industrial Parts,North America
1,3.0,2.0,1,Same Day,5,456.97,Electronics,South Asia
2,4.2,2.2,1,First Class,9,87.04,Industrial Parts,North America
3,6.0,3.0,1,Second Class,1,167.44,Industrial Parts,South Asia
5,8.2,3.2,1,Standard Class,1,225.19,Apparel,East Asia
3,5.3,2.3,1,Second Class,3,144.78,Industrial Parts,Europe
5,9.0,4.0,1,Standard Class,3,472.45,Apparel,Latin America
5,9.4,4.4,1,Standard Class,5,194.98,Electronics,South Asia
5,8.5,3.5,1,Standard Class,4,332.45,Automotive,Europe
5,9.3,4.3,1,Standard Class,6,119.72,Apparel,South Asia
3,5.9,2.9,1,Second Class,8,117.66,Industrial Parts,East Asia
5,9.3,4.3,1,Standard Class,8,96.17,Industrial Parts,Europe
2,3.7,1.7,1,First Class,4,223.06,Electronics,Europe
3,4.9,1.9,1,Second Class,1,271.1,Apparel,North America
2,4.3,2.3,1,First Class,7,15.27,Electronics,South Asia
5,9.2,4.2,1,Standard Class,6,418.13,Apparel,South Asia
2,4.0,2.0,1,First Class,5,261.25,Automotive,Latin America
5,8.8,3.8,1,Standard Class,4,87.03,Chemicals,North America
5,9.3,4.3,1,Standard Class,6,42.97,Electronics,North America
1,2.9,1.9,1,Same Day,8,40.97,Industrial Parts,Latin America
5,9.1,4.1,1,Standard Class,6,136.25,Electronics,North America
5,8.7,3.7,1,Standard Class,3,254.65,Apparel,North America
3,6.8,3.8,1,Second Class,9,431.52,Electronics,East Asia
5,9.2,4.2,1,Standard Class,3,452.45,Automotive,Europe
2,4.4,2.4,1,First Class,4,417.84,Apparel,Latin America
5,9.1,4.1,1,Standard Class,5,171.0,Industrial Parts,East Asia
5,8.6,3.6,1,Standard Class,2,160.21,Industrial Parts,East Asia
5,8.2,3.2,1,Standard Class,2,493.85,Apparel,East Asia
5,8.7,3.7,1,Standard Class,6,343.83,Automotive,North America
5,8.4,3.4,1,Standard Class,2,159.43,Electronics,Latin America
3,5.1,2.1,1,Second Class,1,171.25,Chemicals,North America
2,4.0,2.0,1,First Class,8,222.98,Industrial Parts,North America
1,1.9,0.9,1,Same Day,1,314.69,Automotive,East Asia
5,9.2,4.2,1,Standard Class,6,450.01,Automotive,South Asia
2,3.7,1.7,1,First Class,1,107.17,Automotive,Latin America
2,4.5,2.5,1,First Class,8,51.36,Electronics,Latin America
1,1.9,0.9,1,Same Day,5,208.82,Automotive,East Asia
5,8.3,3.3,1,Standard Class,3,130.27,Automotive,East Asia
2,3.6,1.6,1,First Class,5,292.26,Apparel,Europe
3,5.0,2.0,1,Second Class,1,352.62,Apparel,East Asia
5,8.1,3.1,1,Standard Class,1,162.26,Automotive,North America
3,5.2,2.2,1,Second Class,4,345.87,Automotive,East Asia
5,9.7,4.7,1,Standard Class,9,178.14,Apparel,Latin America
3,5.7,2.7,1,Second Class,9,321.13,Electronics,South Asia
1,2.1,1.1,1,Same Day,1,320.2,Apparel,South Asia
2,3.5,1.5,1,First Class,3,146.3,Apparel,North America
5,9.1,4.1,1,Standard Class,4,321.5,Apparel,South Asia
5,8.5,3.5,1,Standard Class,2,196.67,Apparel,East Asia
1,3.4,2.4,1,Same Day,7,174.86,Chemicals,South Asia
5,8.9,3.9,1,Standard Class,3,151.75,Industrial Parts,East Asia
5,8.5,3.5,1,Standard Class,1,179.37,Electronics,Europe
2,3.4,1.4,1,First Class,1,395.5,Electronics,Latin America
5,8.3,3.3,1,Standard Class,3,130.14,Automotive,North America
5,8.8,3.8,1,Standard Class,6,344.17,Chemicals,Europe
5,9.4,4.4,1,Standard Class,4,451.3,Automotive,South Asia
5,8.3,3.3,1,Standard Class,1,181.71,Electronics,North America
2,3.8,1.8,1,First Class,7,24.46,Electronics,East Asia
2,3.6,1.6,1,First Class,2,22.06,Automotive,Europe
2,3.9,1.9,1,First Class,5,78.36,Industrial Parts,Latin America
3,6.4,3.4,1,Second Class,8,63.92,Automotive,Latin America
3,6.0,3.0,1,Second Class,7,376.56,Industrial Parts,Europe
2,4.5,2.5,1,First Class,8,154.48,Industrial Parts,Europe
5,9.3,4.3,1,Standard Class,6,329.73,Apparel,Europe
2,4.7,2.7,1,First Class,7,30.8,Electronics,South Asia
5,9.6,4.6,1,Standard Class,9,154.91,Apparel,Latin America
2,4.7,2.7,1,First Class,6,124.73,Electronics,Latin America
2,4.6,2.6,1,First Class,9,145.67,Apparel,South Asia
5,8.3,3.3,1,Standard Class,2,103.45,Industrial Parts,North America
1,2.0,1.0,1,Same Day,2,312.78,Apparel,Latin America
5,8.4,3.4,1,Standard Class,2,334.71,Chemicals,North America
2,3.6,1.6,1,First Class,6,82.75,Apparel,North America
5,8.5,3.5,1,Standard Class,2,373.16,Apparel,North America
1,2.6,1.6,1,Same Day,3,132.52,Apparel,Latin America
5,9.5,4.5,1,Standard Class,8,148.63,Chemicals,East Asia
5,9.4,4.4,1,Standard Class,8,416.12,Electronics,North America
5,8.8,3.8,1,Standard Class,4,451.57,Apparel,East Asia
5,9.7,4.7,1,Standard Class,9,414.13,Electronics,South Asia
5,9.1,4.1,1,Standard Class,8,82.4,Automotive,East Asia
2,3.1,1.1,1,First Class,1,499.64,Industrial Parts,East Asia
5,9.3,4.3,1,Standard Class,8,339.36,Automotive,Europe
5,8.1,3.1,1,Standard Class,1,260.23,Chemicals,North America
5,9.3,4.3,1,Standard Class,4,477.87,Chemicals,Latin America
3,6.5,3.5,1,Second Class,6,410.52,Electronics,Europe
2,4.2,2.2,1,First Class,7,348.95,Electronics,East Asia
3,5.9,2.9,1,Second Class,4,420.81,Apparel,South Asia
2,4.9,2.9,1,First Class,8,198.88,Automotive,Latin America
5,9.7,4.7,1,Standard Class,8,345.37,Electronics,South Asia
5,9.6,4.6,1,Standard Class,9,103.38,Electronics,East Asia
5,9.7,4.7,1,Standard Class,6,494.12,Electronics,South Asia
3,5.6,2.6,1,Second Class,4,298.6,Industrial Parts,Europe
1,2.2,1.2,1,Same Day,2,408.98,Electronics,South Asia
5,9.2,4.2,1,Standard Class,7,209.6,Industrial Parts,Europe
5,8.4,3.4,1,Standard Class,3,381.71,Chemicals,North America
5,8.9,3.9,1,Standard Class,3,199.82,Apparel,Latin America
5,8.6,3.6,1,Standard Class,3,299.1,Automotive,South Asia
2,3.6,1.6,1,First Class,4,391.29,Electronics,Europe
5,9.0,4.0,1,Standard Class,2,67.07,Industrial Parts,East Asia
1,1.5,0.5,0,Same Day,5,184.83,Electronics,East Asia
5,7.9,2.9,1,Standard Class,3,277.02,Electronics,Europe
1,2.8,1.8,1,Same Day,5,173.66,Industrial Parts,Latin America
3,6.2,3.2,1,Second Class,7,161.49,Electronics,North America
3,5.8,2.8,1,Second Class,9,148.02,Automotive,North America
2,3.8,1.8,1,First Class,2,121.62,Chemicals,Latin America
2,4.9,2.9,1,First Class,9,425.96,Apparel,South Asia
2,3.7,1.7,1,First Class,6,462.61,Electronics,Europe
2,4.0,2.0,1,First Class,6,353.08,Industrial Parts,North America
2,3.6,1.6,1,First Class,3,24.7,Automotive,Latin America
1,3.2,2.2,1,Same Day,9,395.25,Electronics,North America
3,4.9,1.9,1,Second Class,4,270.65,Chemicals,North America
3,6.2,3.2,1,Second Class,5,381.47,Chemicals,South Asia
3,5.4,2.4,1,Second Class,3,224.3,Industrial Parts,North America
5,8.8,3.8,1,Standard Class,5,30.23,Electronics,Europe
5,9.6,4.6,1,Standard Class,8,344.06,Electronics,Latin America
5,10.0,5.0,1,Standard Class,8,227.62,Electronics,South Asia
2,4.6,2.6,1,First Class,8,438.28,Chemicals,South Asia
3,5.8,2.8,1,Second Class,6,371.69,Electronics,Latin America
5,8.0,3.0,1,Standard Class,1,186.19,Electronics,Europe
2,3.9,1.9,1,First Class,6,364.8,Electronics,North America
2,3.9,1.9,1,First Class,7,252.65,Electronics,North America
5,9.4,4.4,1,Standard Class,9,107.73,Industrial Parts,Europe
2,4.4,2.4,1,First Class,8,215.74,Chemicals,East Asia
3,6.4,3.4,1,Second Class,8,119.06,Apparel,Latin America
5,9.1,4.1,1,Standard Class,7,12.44,Industrial Parts,Europe
2,3.2,1.2,1,First Class,2,130.93,Electronics,North America
2,4.0,2.0,1,First Class,1,112.67,Apparel,Latin America
5,8.9,3.9,1,Standard Class,2,12.13,Automotive,Latin America
5,9.2,4.2,1,Standard Class,6,394.12,Apparel,North America
1,1.6,0.6,1,Same Day,2,47.72,Industrial Parts,Europe
5,9.2,4.2,1,Standard Class,4,230.04,Chemicals,East Asia
5,9.3,4.3,1,Standard Class,3,214.76,Industrial Parts,Latin America
5,10.0,5.0,1,Standard Class,6,98.89,Chemicals,Latin America
2,4.7,2.7,1,First Class,8,483.77,Chemicals,Latin America
2,3.7,1.7,1,First Class,6,305.83,Chemicals,Europe
2,3.7,1.7,1,First Class,2,408.62,Automotive,Latin America
5,8.9,3.9,1,Standard Class,5,253.11,Apparel,North America
3,5.9,2.9,1,Second Class,6,364.18,Industrial Parts,North America
5,9.9,4.9,1,Standard Class,9,485.19,Industrial Parts,South Asia
5,9.5,4.5,1,Standard Class,6,180.72,Chemicals,Latin America
5,8.9,3.9,1,Standard Class,5,257.09,Automotive,East Asia
5,8.6,3.6,1,Standard Class,1,262.12,Automotive,South Asia
3,6.0,3.0,1,Second Class,5,496.08,Electronics,Latin America
1,3.2,2.2,1,Same Day,5,124.22,Automotive,Latin America
5,9.4,4.4,1,Standard Class,6,340.9,Chemicals,Europe
3,5.7,2.7,1,Second Class,7,77.73,Chemicals,Europe
3,6.1,3.1,1,Second Class,4,464.27,Apparel,North America
1,2.9,1.9,1,Same Day,7,299.29,Chemicals,South Asia
5,9.5,4.5,1,Standard Class,5,431.11,Apparel,South Asia
2,4.9,2.9,1,First Class,6,448.67,Automotive,South Asia
5,8.5,3.5,1,Standard Class,4,282.98,Electronics,North America
3,5.8,2.8,1,Second Class,8,344.18,Industrial Parts,East Asia
5,9.6,4.6,1,Standard Class,9,352.37,Chemicals,East Asia
2,3.3,1.3,1,First Class,2,235.64,Automotive,East Asia
5,9.2,4.2,1,Standard Class,4,223.07,Chemicals,South Asia
5,9.4,4.4,1,Standard Class,8,101.23,Apparel,Latin America
2,5.2,3.2,1,First Class,8,198.12,Automotive,South Asia
3,6.8,3.8,1,Second Class,9,495.47,Industrial Parts,Latin America
2,3.7,1.7,1,First Class,3,142.23,Apparel,Europe
3,5.4,2.4,1,Second Class,1,383.6,Automotive,North America
5,8.9,3.9,1,Standard Class,9,39.08,Industrial Parts,East Asia
2,3.8,1.8,1,First Class,1,239.06,Apparel,South Asia
5,8.7,3.7,1,Standard Class,3,38.62,Industrial Parts,South Asia
5,8.8,3.8,1,Standard Class,3,243.14,Automotive,Europe
2,5.2,3.2,1,First Class,9,23.5,Apparel,Latin America
2,3.1,1.1,1,First Class,1,310.51,Electronics,East Asia
2,4.0,2.0,1,First Class,7,297.39,Chemicals,North America
3,5.9,2.9,1,Second Class,2,400.94,Electronics,Latin America
2,4.7,2.7,1,First Class,7,295.81,Industrial Parts,Latin America
5,8.2,3.2,1,Standard Class,1,463.74,Automotive,East Asia
5,9.5,4.5,1,Standard Class,8,393.72,Chemicals,North America
2,3.2,1.2,1,First Class,2,75.0,Automotive,East Asia
5,8.6,3.6,1,Standard Class,3,140.08,Industrial Parts,East Asia
5,9.5,4.5,1,Standard Class,8,22.85,Automotive,South Asia
5,8.9,3.9,1,Standard Class,3,199.21,Apparel,North America
2,3.4,1.4,1,First Class,1,259.67,Apparel,Latin America
5,9.5,4.5,1,Standard Class,9,473.51,Industrial Parts,East Asia
3,5.8,2.8,1,Second Class,8,265.91,Automotive,Europe
2,3.5,1.5,1,First Class,4,392.7,Industrial Parts,North America
5,9.1,4.1,1,Standard Class,8,141.33,Chemicals,Europe
3,6.3,3.3,1,Second Class,5,85.05,Automotive,Latin America
2,3.9,1.9,1,First Class,3,407.31,Apparel,North America
2,3.5,1.5,1,First Class,1,131.24,Electronics,South Asia
2,3.5,1.5,1,First Class,5,436.95,Apparel,North America
5,9.8,4.8,1,Standard Class,6,93.23,Automotive,Latin America
2,3.9,1.9,1,First Class,4,427.28,Automotive,South Asia
5,10.3,5.3,1,Standard Class,7,388.7,Automotive,Latin America
1,1.7,0.7,1,Same Day,3,309.5,Automotive,North America
3,6.6,3.6,1,Second Class,7,426.61,Chemicals,Latin America
2,2.7,0.7,1,First Class,1,172.05,Electronics,North America
5,9.4,4.4,1,Standard Class,7,91.36,Apparel,South Asia
5,8.0,3.0,1,Standard Class,1,86.95,Chemicals,North America
5,8.6,3.6,1,Standard Class,1,142.48,Industrial Parts,Latin America
5,9.1,4.1,1,Standard Class,2,228.65,Automotive,Latin America
5,8.9,3.9,1,Standard Class,2,439.25,Apparel,Latin America
2,3.9,1.9,1,First Class,4,53.87,Industrial Parts,Europe
5,8.5,3.5,1,Standard Class,1,458.47,Electronics,Europe
1,1.9,0.9,1,Same Day,4,463.49,Apparel,Europe
5,8.4,3.4,1,Standard Class,2,366.35,Chemicals,East Asia
1,2.5,1.5,1,Same Day,4,451.14,Industrial Parts,North America
1,1.9,0.9,1,Same Day,4,387.29,Apparel,Europe
2,5.0,3.0,1,First Class,9,268.87,Chemicals,Latin America
3,6.5,3.5,1,Second Class,9,304.37,Automotive,Latin America
5,8.0,3.0,1,Standard Class,1,317.83,Apparel,Europe
2,3.7,1.7,1,First Class,5,72.18,Automotive,Europe
5,9.3,4.3,1,Standard Class,7,104.6,Industrial Parts,Latin America
5,9.1,4.1,1,Standard Class,4,266.45,Industrial Parts,Europe
2,2.9,0.9,1,First Class,5,66.46,Industrial Parts,East Asia
5,8.6,3.6,1,Standard Class,2,482.84,Automotive,East Asia
2,3.6,1.6,1,First Class,3,258.49,Automotive,East Asia
5,9.6,4.6,1,Standard Class,7,196.24,Chemicals,South Asia
5,8.5,3.5,1,Standard Class,7,87.19,Apparel,East Asia
5,9.3,4.3,1,Standard Class,4,214.1,Chemicals,Latin America
5,8.7,3.7,1,Standard Class,1,158.19,Automotive,South Asia
5,8.5,3.5,1,Standard Class,1,53.08,Apparel,Latin America
5,9.5,4.5,1,Standard Class,4,483.83,Industrial Parts,Latin America
5,9.1,4.1,1,Standard Class,4,139.84,Chemicals,Europe
3,5.6,2.6,1,Second Class,6,348.33,Chemicals,North America
5,8.9,3.9,1,Standard Class,7,54.75,Chemicals,East Asia
2,3.5,1.5,1,First Class,9,457.45,Automotive,North America
5,9.0,4.0,1,Standard Class,9,299.47,Apparel,North America
3,5.4,2.4,1,Second Class,5,331.87,Industrial Parts,Europe
5,8.9,3.9,1,Standard Class,3,393.07,Automotive,North America
5,8.7,3.7,1,Standard Class,3,306.9,Industrial Parts,East Asia
2,4.8,2.8,1,First Class,6,44.74,Electronics,South Asia
5,8.9,3.9,1,Standard Class,1,220.5,Electronics,Latin America
2,4.1,2.1,1,First Class,7,138.39,Industrial Parts,East Asia
5,8.6,3.6,1,Standard Class,3,248.49,Electronics,Europe
1,3.0,2.0,1,Same Day,5,208.12,Apparel,South Asia
5,9.1,4.1,1,Standard Class,7,415.0,Apparel,Europe
5,9.2,4.2,1,Standard Class,7,131.05,Automotive,East Asia
3,6.8,3.8,1,Second Class,9,108.64,Industrial Parts,Latin America
5,8.3,3.3,1,Standard Class,1,479.46,Automotive,North America
3,5.2,2.2,1,Second Class,3,475.26,Apparel,North America
5,9.9,4.9,1,Standard Class,9,496.8,Apparel,Europe
3,7.1,4.1,1,Second Class,8,288.51,Apparel,South Asia
5,8.5,3.5,1,Standard Class,2,65.44,Chemicals,Latin America
3,5.5,2.5,1,Second Class,8,441.28,Electronics,Europe
3,6.4,3.4,1,Second Class,8,81.11,Automotive,Latin America
5,8.2,3.2,1,Standard Class,2,86.24,Automotive,Europe
5,9.4,4.4,1,Standard Class,8,104.76,Apparel,South Asia
5,8.4,3.4,1,Standard Class,3,330.18,Chemicals,East Asia
1,3.0,2.0,1,Same Day,7,62.53,Automotive,North America
5,10.1,5.1,1,Standard Class,9,391.36,Automotive,Latin America
5,9.4,4.4,1,Standard Class,4,38.54,Chemicals,Latin America
5,10.0,5.0,1,Standard Class,6,64.12,Apparel,South Asia
5,10.2,5.2,1,Standard Class,9,222.9,Chemicals,Latin America
2,3.7,1.7,1,First Class,5,195.79,Electronics,East Asia
1,2.1,1.1,1,Same Day,1,494.96,Automotive,East Asia
2,3.8,1.8,1,First Class,3,483.76,Electronics,South Asia
3,5.8,2.8,1,Second Class,9,102.94,Automotive,Europe
2,3.9,1.9,1,First Class,3,473.87,Electronics,Europe
5,9.3,4.3,1,Standard Class,2,349.21,Automotive,Latin America
5,9.1,4.1,1,Standard Class,4,210.33,Apparel,Latin America
2,4.1,2.1,1,First Class,5,372.42,Industrial Parts,South Asia
1,2.8,1.8,1,Same Day,7,451.07,Chemicals,East Asia
3,6.2,3.2,1,Second Class,7,98.27,Automotive,South Asia
5,9.4,4.4,1,Standard Class,9,106.03,Chemicals,Europe
5,9.4,4.4,1,Standard Class,8,210.27,Automotive,East Asia
5,8.7,3.7,1,Standard Class,2,92.91,Industrial Parts,Latin America
1,3.1,2.1,1,Same Day,8,186.59,Apparel,Europe
3,6.2,3.2,1,Second Class,8,326.39,Apparel,North America
3,5.6,2.6,1,Second Class,5,408.28,Chemicals,Europe
5,8.8,3.8,1,Standard Class,3,157.95,Industrial Parts,East Asia
2,4.4,2.4,1,First Class,9,148.05,Chemicals,East Asia
5,9.5,4.5,1,Standard Class,7,392.07,Apparel,South Asia
5,8.6,3.6,1,Standard Class,1,196.7,Electronics,East Asia
2,4.2,2.2,1,First Class,8,411.05,Chemicals,North America
5,7.9,2.9,1,Standard Class,5,496.76,Automotive,North America
5,9.1,4.1,1,Standard Class,6,490.04,Apparel,East Asia
3,6.2,3.2,1,Second Class,9,334.72,Automotive,Latin America
3,6.7,3.7,1,Second Class,8,193.85,Industrial Parts,East Asia
5,9.1,4.1,1,Standard Class,3,42.09,Apparel,Latin America
2,3.9,1.9,1,First Class,5,371.64,Apparel,East Asia
5,8.9,3.9,1,Standard Class,4,489.2,Chemicals,Europe
3,4.5,1.5,1,Second Class,1,43.31,Chemicals,East Asia
3,5.8,2.8,1,Second Class,5,13.02,Automotive,Europe
3,6.1,3.1,1,Second Class,7,417.57,Chemicals,Latin America
3,4.9,1.9,1,Second Class,1,60.11,Electronics,East Asia
5,9.3,4.3,1,Standard Class,4,50.0,Apparel,Latin America
5,8.8,3.8,1,Standard Class,6,456.06,Industrial Parts,North America
5,9.4,4.4,1,Standard Class,9,48.98,Apparel,South Asia
5,9.9,4.9,1,Standard Class,8,65.87,Automotive,Latin America
3,5.4,2.4,1,Second Class,2,289.09,Chemicals,Europe
5,8.8,3.8,1,Standard Class,3,380.84,Apparel,South Asia
5,8.6,3.6,1,Standard Class,5,205.79,Chemicals,East Asia
5,9.1,4.1,1,Standard Class,7,216.09,Automotive,Europe
1,3.1,2.1,1,Same Day,3,319.99,Chemicals,South Asia
5,10.2,5.2,1,Standard Class,7,257.66,Industrial Parts,South Asia
2,4.6,2.6,1,First Class,5,19.13,Automotive,Latin America
5,9.6,4.6,1,Standard Class,6,65.66,Apparel,East Asia
5,9.3,4.3,1,Standard Class,6,294.98,Apparel,East Asia
5,8.8,3.8,1,Standard Class,4,398.89,Industrial Parts,East Asia
3,6.2,3.2,1,Second Class,8,383.92,Electronics,Latin America
2,4.3,2.3,1,First Class,9,372.63,Chemicals,Latin America
3,5.1,2.1,1,Second Class,2,387.92,Apparel,East Asia
5,10.1,5.1,1,Standard Class,9,31.78,Industrial Parts,South Asia
5,9.4,4.4,1,Standard Class,4,448.6,Chemicals,East Asia
1,2.9,1.9,1,Same Day,6,445.75,Automotive,Latin America
5,9.2,4.2,1,Standard Class,7,270.64,Industrial Parts,East Asia
2,4.2,2.2,1,First Class,4,131.81,Automotive,Latin America
3,6.2,3.2,1,Second Class,8,300.17,Automotive,East Asia
5,10.4,5.4,1,Standard Class,8,283.36,Automotive,South Asia
3,6.0,3.0,1,Second Class,1,119.25,Chemicals,South Asia
5,9.8,4.8,1,Standard Class,8,305.53,Electronics,Latin America
5,8.8,3.8,1,Standard Class,3,400.67,Automotive,Latin America
5,8.7,3.7,1,Standard Class,5,404.99,Apparel,Europe
3,6.1,3.1,1,Second Class,8,39.25,Chemicals,North America
5,8.8,3.8,1,Standard Class,6,106.61,Chemicals,Europe
3,6.3,3.3,1,Second Class,4,337.43,Automotive,Latin America
1,2.4,1.4,1,Same Day,4,431.32,Apparel,Latin America
2,4.1,2.1,1,First Class,4,265.4,Industrial Parts,East Asia
2,4.1,2.1,1,First Class,6,356.69,Chemicals,Europe
5,8.8,3.8,1,Standard Class,7,20.33,Automotive,North America
5,9.3,4.3,1,Standard Class,5,308.13,Automotive,Europe
5,9.5,4.5,1,Standard Class,8,481.34,Electronics,South Asia
2,5.1,3.1,1,First Class,7,333.9,Electronics,South Asia
1,3.0,2.0,1,Same Day,8,461.92,Industrial Parts,Europe
1,2.8,1.8,1,Same Day,4,287.34,Industrial Parts,Europe
3,5.8,2.8,1,Second Class,8,423.26,Industrial Parts,Latin America
3,5.8,2.8,1,Second Class,6,70.84,Industrial Parts,East Asia
5,9.1,4.1,1,Standard Class,3,70.52,Automotive,South Asia
2,4.0,2.0,1,First Class,8,68.89,Automotive,North America
3,6.2,3.2,1,Second Class,7,249.54,Automotive,East Asia
5,8.8,3.8,1,Standard Class,5,171.83,Apparel,Europe
1,3.1,2.1,1,Same Day,4,362.4,Industrial Parts,South Asia
5,8.0,3.0,1,Standard Class,1,452.28,Apparel,Europe
2,3.4,1.4,1,First Class,3,313.49,Chemicals,South Asia
3,5.0,2.0,1,Second Class,2,114.47,Chemicals,North America
1,2.9,1.9,1,Same Day,8,466.13,Automotive,East Asia
5,9.6,4.6,1,Standard Class,8,268.65,Chemicals,North America
3,5.4,2.4,1,Second Class,5,362.77,Automotive,North America
2,3.9,1.9,1,First Class,5,446.35,Industrial Parts,East Asia
5,8.8,3.8,1,Standard Class,4,495.02,Apparel,East Asia
3,5.1,2.1,1,Second Class,1,257.97,Automotive,North America
2,3.7,1.7,1,First Class,1,405.95,Electronics,Europe
2,3.8,1.8,1,First Class,6,287.76,Electronics,East Asia
5,8.4,3.4,1,Standard Class,4,248.36,Industrial Parts,North America
5,8.7,3.7,1,Standard Class,4,273.48,Apparel,North America
2,3.4,1.4,1,First Class,3,247.29,Automotive,North America
5,9.7,4.7,1,Standard Class,9,216.3,Industrial Parts,Europe
5,9.0,4.0,1,Standard Class,3,364.62,Apparel,Latin America
1,3.3,2.3,1,Same Day,8,132.34,Electronics,Latin America
2,3.2,1.2,1,First Class,2,312.03,Automotive,East Asia
3,5.3,2.3,1,Second Class,4,359.35,Apparel,Latin America
5,8.9,3.9,1,Standard Class,1,447.12,Chemicals,South Asia
5,9.2,4.2,1,Standard Class,5,172.62,Automotive,East Asia
5,8.6,3.6,1,Standard Class,2,431.69,Chemicals,East Asia
5,7.8,2.8,1,Standard Class,1,473.19,Industrial Parts,North America
2,3.6,1.6,1,First Class,1,327.85,Apparel,South Asia
2,3.7,1.7,1,First Class,2,388.0,Apparel,Latin America
5,9.0,4.0,1,Standard Class,5,208.8,Apparel,East Asia
5,10.1,5.1,1,Standard Class,9,476.55,Apparel,South Asia
5,8.1,3.1,1,Standard Class,6,338.72,Automotive,Europe
5,8.4,3.4,1,Standard Class,4,161.98,Chemicals,Europe
5,8.4,3.4,1,Standard Class,3,208.09,Chemicals,North America
1,3.1,2.1,1,Same Day,8,312.7,Industrial Parts,South Asia
2,3.4,1.4,1,First Class,3,124.73,Industrial Parts,East Asia
2,3.0,1.0,1,First Class,1,379.42,Apparel,Europe
5,8.6,3.6,1,Standard Class,4,120.1,Electronics,Europe
1,3.0,2.0,1,Same Day,5,299.98,Electronics,Latin America
2,4.6,2.6,1,First Class,5,351.53,Apparel,Latin America
3,6.2,3.2,1,Second Class,5,431.28,Chemicals,South Asia
5,10.0,5.0,1,Standard Class,8,369.61,Industrial Parts,Latin America
1,3.4,2.4,1,Same Day,8,401.42,Automotive,South Asia
3,5.9,2.9,1,Second Class,4,457.34,Electronics,East Asia
3,6.5,3.5,1,Second Class,9,302.91,Industrial Parts,East Asia
5,8.9,3.9,1,Standard Class,1,424.68,Electronics,East Asia
5,9.5,4.5,1,Standard Class,5,123.62,Chemicals,Latin America
5,8.8,3.8,1,Standard Class,5,409.22,Chemicals,Latin America
5,9.3,4.3,1,Standard Class,5,118.63,Apparel,North America
3,6.4,3.4,1,Second Class,8,467.97,Apparel,Europe
5,9.7,4.7,1,Standard Class,9,171.69,Electronics,East Asia
5,8.6,3.6,1,Standard Class,3,94.2,Electronics,Latin America
5,9.8,4.8,1,Standard Class,9,82.6,Industrial Parts,Europe
5,9.6,4.6,1,Standard Class,8,101.76,Apparel,East Asia
5,8.1,3.1,1,Standard Class,3,229.29,Chemicals,East Asia
3,5.4,2.4,1,Second Class,2,265.85,Industrial Parts,Europe
2,3.7,1.7,1,First Class,4,457.76,Industrial Parts,Europe
5,8.9,3.9,1,Standard Class,2,196.7,Automotive,Latin America
5,8.7,3.7,1,Standard Class,4,116.57,Chemicals,Europe
5,8.3,3.3,1,Standard Class,5,374.47,Industrial Parts,Europe
5,8.9,3.9,1,Standard Class,2,75.98,Automotive,Latin America
2,4.4,2.4,1,First Class,8,447.22,Apparel,East Asia
3,4.8,1.8,1,Second Class,1,210.61,Chemicals,Europe
3,5.3,2.3,1,Second Class,3,310.78,Apparel,North America
3,6.4,3.4,1,Second Class,7,101.23,Automotive,South Asia
5,8.1,3.1,1,Standard Class,1,81.31,Chemicals,Europe
1,1.3,0.3,0,Same Day,2,401.43,Electronics,Europe
3,6.1,3.1,1,Second Class,3,220.55,Electronics,South Asia
1,1.9,0.9,1,Same Day,2,493.5,Electronics,North America
5,8.2,3.2,1,Standard Class,2,266.91,Industrial Parts,East Asia
1,2.8,1.8,1,Same Day,6,424.37,Electronics,North America
3,6.8,3.8,1,Second Class,7,490.18,Industrial Parts,South Asia
3,5.8,2.8,1,Second Class,6,147.76,Industrial Parts,Europe
5,9.4,4.4,1,Standard Class,6,402.43,Automotive,East Asia
3,6.7,3.7,1,Second Class,9,20.78,Electronics,North America
1,2.5,1.5,1,Same Day,8,343.08,Chemicals,North America
2,3.9,1.9,1,First Class,8,375.15,Industrial Parts,East Asia
2,3.2,1.2,1,First Class,6,243.91,Automotive,North America
1,2.6,1.6,1,Same Day,5,89.43,Industrial Parts,South Asia
5,9.3,4.3,1,Standard Class,9,312.19,Chemicals,East Asia
2,3.4,1.4,1,First Class,2,449.79,Chemicals,South Asia
5,8.9,3.9,1,Standard Class,7,466.35,Electronics,East Asia
1,3.2,2.2,1,Same Day,6,375.59,Industrial Parts,South Asia
5,9.2,4.2,1,Standard Class,7,139.22,Chemicals,Europe
2,3.4,1.4,1,First Class,4,436.46,Apparel,Europe
2,4.7,2.7,1,First Class,9,445.52,Chemicals,North America
3,5.5,2.5,1,Second Class,7,189.95,Chemicals,East Asia
2,3.5,1.5,1,First Class,2,99.66,Industrial Parts,East Asia
1,2.6,1.6,1,Same Day,4,438.58,Chemicals,South Asia
1,2.3,1.3,1,Same Day,5,443.7,Automotive,North America
5,8.5,3.5,1,Standard Class,2,59.44,Chemicals,North America
5,9.7,4.7,1,Standard Class,8,483.82,Apparel,East Asia
5,8.5,3.5,1,Standard Class,1,271.21,Chemicals,Europe
5,8.9,3.9,1,Standard Class,3,496.93,Electronics,East Asia
2,2.8,0.8,1,First Class,1,228.05,Industrial Parts,East Asia
1,2.7,1.7,1,Same Day,5,271.31,Apparel,Latin America
3,6.4,3.4,1,Second Class,8,140.38,Automotive,South Asia
5,9.3,4.3,1,Standard Class,7,450.48,Chemicals,South Asia
5,10.2,5.2,1,Standard Class,9,227.42,Chemicals,Latin America
2,2.7,0.7,1,First Class,2,409.16,Automotive,North America
2,4.6,2.6,1,First Class,8,49.07,Chemicals,South Asia
5,9.1,4.1,1,Standard Class,8,396.24,Electronics,North America
3,5.7,2.7,1,Second Class,6,250.22,Apparel,Europe
1,1.7,0.7,1,Same Day,3,12.65,Chemicals,North America
5,8.7,3.7,1,Standard Class,2,120.87,Automotive,South Asia
3,6.7,3.7,1,Second Class,8,104.93,Automotive,North America
5,8.9,3.9,1,Standard Class,6,378.36,Apparel,Europe
3,5.7,2.7,1,Second Class,4,243.83,Electronics,Latin America
5,9.5,4.5,1,Standard Class,5,88.26,Apparel,South Asia
5,8.9,3.9,1,Standard Class,5,135.83,Chemicals,Europe
1,3.5,2.5,1,Same Day,9,257.0,Electronics,East Asia
5,9.8,4.8,1,Standard Class,9,19.62,Electronics,Latin America
3,6.7,3.7,1,Second Class,8,217.82,Automotive,Latin America
5,9.5,4.5,1,Standard Class,8,342.25,Electronics,South Asia
5,8.2,3.2,1,Standard Class,2,263.7,Chemicals,Europe
5,8.4,3.4,1,Standard Class,3,303.07,Chemicals,East Asia
5,8.9,3.9,1,Standard Class,8,170.04,Chemicals,Europe
2,3.8,1.8,1,First Class,5,99.71,Industrial Parts,North America
5,9.8,4.8,1,Standard Class,7,406.77,Electronics,South Asia
2,4.2,2.2,1,First Class,8,453.76,Electronics,North America
2,3.4,1.4,1,First Class,6,260.26,Chemicals,North America
3,5.8,2.8,1,Second Class,5,159.47,Automotive,Latin America
5,9.7,4.7,1,Standard Class,8,260.49,Electronics,Latin America
1,1.3,0.3,0,Same Day,1,440.7,Industrial Parts,North America
5,7.6,2.6,1,Standard Class,1,348.79,Electronics,Europe
5,9.1,4.1,1,Standard Class,1,430.72,Apparel,South Asia
5,9.6,4.6,1,Standard Class,3,170.91,Industrial Parts,South Asia
5,9.3,4.3,1,Standard Class,6,358.87,Automotive,Europe
5,9.1,4.1,1,Standard Class,6,329.99,Industrial Parts,North America
2,4.1,2.1,1,First Class,5,290.09,Industrial Parts,South Asia
5,10.3,5.3,1,Standard Class,7,268.83,Electronics,Latin America
5,9.2,4.2,1,Standard Class,5,279.98,Industrial Parts,East Asia
3,5.4,2.4,1,Second Class,2,426.34,Chemicals,Latin America
5,9.2,4.2,1,Standard Class,4,458.84,Industrial Parts,Europe
5,8.3,3.3,1,Standard Class,1,65.3,Electronics,East Asia
5,10.1,5.1,1,Standard Class,7,288.7,Chemicals,South Asia
3,6.5,3.5,1,Second Class,4,460.02,Automotive,South Asia
5,8.5,3.5,1,Standard Class,4,76.02,Apparel,East Asia
5,9.2,4.2,1,Standard Class,4,212.3,Industrial Parts,South Asia
2,3.5,1.5,1,First Class,3,53.65,Chemicals,East Asia
2,4.2,2.2,1,First Class,8,65.6,Chemicals,North America
2,3.3,1.3,1,First Class,4,453.01,Automotive,Europe
3,6.6,3.6,1,Second Class,8,228.63,Automotive,Latin America
5,9.4,4.4,1,Standard Class,9,347.48,Apparel,East Asia
5,8.2,3.2,1,Standard Class,1,78.07,Apparel,East Asia
5,8.2,3.2,1,Standard Class,4,20.75,Electronics,North America
5,9.4,4.4,1,Standard Class,6,446.34,Apparel,Latin America
5,9.9,4.9,1,Standard Class,8,291.53,Apparel,North America
5,9.1,4.1,1,Standard Class,6,19.79,Chemicals,North America
2,3.8,1.8,1,First Class,6,496.25,Industrial Parts,Europe
2,4.3,2.3,1,First Class,4,251.17,Industrial Parts,South Asia
5,10.4,5.4,1,Standard Class,9,243.18,Apparel,Latin America
3,5.7,2.7,1,Second Class,7,314.25,Electronics,North America
5,10.1,5.1,1,Standard Class,6,13.87,Electronics,South Asia
5,8.5,3.5,1,Standard Class,1,288.88,Industrial Parts,South Asia
2,3.7,1.7,1,First Class,2,318.45,Automotive,South Asia
5,9.4,4.4,1,Standard Class,6,155.51,Chemicals,South Asia
5,8.6,3.6,1,Standard Class,1,366.16,Apparel,Europe
5,8.5,3.5,1,Standard Class,5,194.94,Chemicals,Europe
1,2.0,1.0,1,Same Day,1,361.71,Apparel,North America
3,5.9,2.9,1,Second Class,3,80.47,Apparel,South Asia
5,9.2,4.2,1,Standard Class,7,457.71,Industrial Parts,North America
3,6.0,3.0,1,Second Class,5,440.93,Chemicals,East Asia
3,5.2,2.2,1,Second Class,1,83.81,Chemicals,Europe
2,3.5,1.5,1,First Class,1,469.84,Automotive,Europe
3,6.9,3.9,1,Second Class,8,283.31,Automotive,Latin America
5,10.2,5.2,1,Standard Class,9,353.81,Chemicals,East Asia
5,9.5,4.5,1,Standard Class,7,421.74,Automotive,Europe
2,4.0,2.0,1,First Class,3,50.95,Automotive,South Asia
2,4.5,2.5,1,First Class,6,92.95,Apparel,South Asia
2,4.5,2.5,1,First Class,3,152.29,Industrial Parts,South Asia
2,3.7,1.7,1,First Class,4,243.83,Apparel,North America
1,2.3,1.3,1,Same Day,4,179.57,Automotive,Europe
1,2.4,1.4,1,Same Day,3,257.86,Apparel,North America
3,5.7,2.7,1,Second Class,6,101.1,Apparel,Europe
3,5.9,2.9,1,Second Class,5,344.26,Electronics,Latin America
1,3.1,2.1,1,Same Day,9,37.31,Apparel,North America
5,9.3,4.3,1,Standard Class,9,187.11,Apparel,Europe
5,9.5,4.5,1,Standard Class,3,97.73,Industrial Parts,Latin America
5,8.7,3.7,1,Standard Class,9,367.67,Chemicals,Europe
3,5.2,2.2,1,Second Class,3,442.99,Electronics,East Asia
2,3.7,1.7,1,First Class,4,48.61,Electronics,North America
3,5.4,2.4,1,Second Class,1,394.67,Electronics,South Asia
5,9.8,4.8,1,Standard Class,5,448.9,Electronics,Latin America
5,10.0,5.0,1,Standard Class,9,487.25,Industrial Parts,Latin America
3,5.6,2.6,1,Second Class,2,293.9,Chemicals,South Asia
5,9.3,4.3,1,Standard Class,4,170.42,Industrial Parts,Latin America
5,8.6,3.6,1,Standard Class,2,167.77,Electronics,South Asia
5,10.1,5.1,1,Standard Class,8,195.7,Chemicals,South Asia
5,9.9,4.9,1,Standard Class,9,310.21,Industrial Parts,Europe
3,5.3,2.3,1,Second Class,3,250.21,Chemicals,North America
5,9.5,4.5,1,Standard Class,9,330.28,Industrial Parts,East Asia
2,4.1,2.1,1,First Class,6,29.26,Chemicals,Latin America
5,8.8,3.8,1,Standard Class,6,61.88,Industrial Parts,Europe
3,6.3,3.3,1,Second Class,7,488.5,Electronics,East Asia
5,8.9,3.9,1,Standard Class,5,497.74,Electronics,East Asia
2,5.1,3.1,1,First Class,6,375.86,Electronics,Latin America
3,5.7,2.7,1,Second Class,1,135.63,Industrial Parts,Latin America
5,8.2,3.2,1,Standard Class,3,477.16,Chemicals,Europe
3,7.5,4.5,1,Second Class,9,114.71,Chemicals,Latin America
2,3.4,1.4,1,First Class,5,368.4,Automotive,East Asia
5,9.3,4.3,1,Standard Class,5,66.48,Apparel,Latin America
5,9.4,4.4,1,Standard Class,8,327.96,Electronics,Europe
1,2.0,1.0,1,Same Day,2,382.16,Electronics,Europe
3,5.8,2.8,1,Second Class,7,431.22,Electronics,Europe
5,10.0,5.0,1,Standard Class,9,369.81,Automotive,Latin America
5,9.6,4.6,1,Standard Class,7,462.51,Automotive,North America
3,6.1,3.1,1,Second Class,5,265.25,Automotive,Europe
2,4.5,2.5,1,First Class,6,341.94,Electronics,North America
3,5.8,2.8,1,Second Class,4,191.08,Chemicals,South Asia
5,9.3,4.3,1,Standard Class,7,15.09,Electronics,Europe
3,5.2,2.2,1,Second Class,1,380.78,Automotive,North America
5,8.2,3.2,1,Standard Class,4,436.23,Automotive,North America
5,8.5,3.5,1,Standard Class,3,95.22,Apparel,East Asia
2,3.8,1.8,1,First Class,4,24.03,Industrial Parts,North America
1,1.7,0.7,1,Same Day,1,90.61,Apparel,East Asia
5,8.2,3.2,1,Standard Class,2,448.69,Apparel,North America
5,9.6,4.6,1,Standard Class,9,154.8,Electronics,North America
2,5.0,3.0,1,First Class,7,124.52,Industrial Parts,South Asia
2,4.0,2.0,1,First Class,6,17.15,Industrial Parts,North America
3,5.1,2.1,1,Second Class,2,155.56,Electronics,Latin America
3,5.9,2.9,1,Second Class,1,360.66,Chemicals,Latin America
5,8.5,3.5,1,Standard Class,2,479.95,Electronics,Latin America
1,2.8,1.8,1,Same Day,7,163.24,Chemicals,South Asia
3,5.3,2.3,1,Second Class,2,127.94,Chemicals,North America
3,6.0,3.0,1,Second Class,3,445.15,Industrial Parts,South Asia
2,4.0,2.0,1,First Class,8,427.73,Electronics,North America
3,6.2,3.2,1,Second Class,7,170.8,Electronics,East Asia
5,10.0,5.0,1,Standard Class,9,43.71,Industrial Parts,South Asia
5,8.7,3.7,1,Standard Class,4,496.07,Apparel,Latin America
3,6.2,3.2,1,Second Class,7,343.55,Electronics,Latin America
5,8.7,3.7,1,Standard Class,1,464.02,Automotive,Latin America
5,8.4,3.4,1,Standard Class,2,177.52,Automotive,North America
3,5.8,2.8,1,Second Class,7,327.37,Electronics,North America
3,5.2,2.2,1,Second Class,2,340.5,Chemicals,South Asia
5,8.8,3.8,1,Standard Class,6,437.72,Industrial Parts,Europe
3,6.5,3.5,1,Second Class,9,496.6,Chemicals,North America
2,3.8,1.8,1,First Class,5,63.25,Automotive,Europe
2,4.3,2.3,1,First Class,7,319.25,Automotive,Europe
3,5.3,2.3,1,Second Class,1,174.86,Industrial Parts,North America
5,9.4,4.4,1,Standard Class,8,407.71,Automotive,South Asia
5,9.3,4.3,1,Standard Class,9,379.53,Apparel,Europe
5,9.6,4.6,1,Standard Class,5,447.33,Automotive,South Asia
2,4.6,2.6,1,First Class,6,178.41,Chemicals,South Asia
2,4.4,2.4,1,First Class,8,100.42,Chemicals,North America
3,5.8,2.8,1,Second Class,4,20.68,Apparel,Europe
3,6.2,3.2,1,Second Class,2,135.2,Chemicals,South Asia
2,3.7,1.7,1,First Class,8,189.91,Chemicals,Europe
3,5.7,2.7,1,Second Class,2,473.57,Chemicals,South Asia
5,9.1,4.1,1,Standard Class,5,250.77,Electronics,North America
5,9.8,4.8,1,Standard Class,6,282.66,Apparel,South Asia
3,6.2,3.2,1,Second Class,5,441.26,Apparel,North America
5,9.5,4.5,1,Standard Class,6,443.68,Automotive,North America
5,9.4,4.4,1,Standard Class,6,268.68,Apparel,Europe
2,3.3,1.3,1,First Class,3,65.71,Industrial Parts,Europe
5,8.8,3.8,1,Standard Class,3,142.55,Apparel,Europe
3,6.9,3.9,1,Second Class,9,233.88,Industrial Parts,East Asia
5,9.0,4.0,1,Standard Class,3,378.07,Chemicals,Europe
5,8.7,3.7,1,Standard Class,3,358.72,Industrial Parts,Europe
5,9.4,4.4,1,Standard Class,2,324.93,Electronics,South Asia
2,4.1,2.1,1,First Class,7,441.32,Chemicals,East Asia
5,8.8,3.8,1,Standard Class,4,403.3,Industrial Parts,East Asia
2,3.7,1.7,1,First Class,1,491.24,Chemicals,South Asia
3,5.4,2.4,1,Second Class,6,445.69,Electronics,Europe
1,3.1,2.1,1,Same Day,5,105.87,Chemicals,Latin America
5,8.4,3.4,1,Standard Class,2,38.23,Chemicals,North America
5,9.1,4.1,1,Standard Class,6,213.11,Apparel,East Asia
2,3.9,1.9,1,First Class,1,312.58,Automotive,South Asia
1,2.3,1.3,1,Same Day,3,325.12,Industrial Parts,Latin America
1,2.4,1.4,1,Same Day,4,141.08,Automotive,North America
5,9.0,4.0,1,Standard Class,3,431.34,Electronics,Latin America
3,5.8,2.8,1,Second Class,6,171.33,Electronics,Europe
5,8.3,3.3,1,Standard Class,4,460.37,Chemicals,South Asia
5,8.3,3.3,1,Standard Class,1,241.08,Automotive,North America
5,8.6,3.6,1,Standard Class,5,15.09,Industrial Parts,North America
5,8.8,3.8,1,Standard Class,5,89.4,Industrial Parts,Europe
5,9.2,4.2,1,Standard Class,9,60.14,Chemicals,Europe
5,9.1,4.1,1,Standard Class,8,31.57,Industrial Parts,Europe
2,4.7,2.7,1,First Class,8,359.87,Apparel,South Asia
5,9.0,4.0,1,Standard Class,5,104.23,Automotive,East Asia
2,5.2,3.2,1,First Class,8,420.92,Electronics,Latin America
5,9.8,4.8,1,Standard Class,7,139.59,Industrial Parts,South Asia
5,8.7,3.7,1,Standard Class,1,25.84,Industrial Parts,South Asia
5,9.6,4.6,1,Standard Class,7,412.13,Industrial Parts,Latin America
5,9.6,4.6,1,Standard Class,8,238.41,Chemicals,North America
2,4.1,2.1,1,First Class,3,303.76,Electronics,Latin America
5,9.1,4.1,1,Standard Class,9,174.75,Automotive,Europe
2,4.0,2.0,1,First Class,8,32.56,Industrial Parts,North America
5,9.0,4.0,1,Standard Class,2,191.39,Apparel,South Asia
2,4.3,2.3,1,First Class,6,263.96,Chemicals,Latin America
3,5.9,2.9,1,Second Class,4,15.73,Automotive,South Asia
5,9.1,4.1,1,Standard Class,3,291.4,Industrial Parts,South Asia
5,9.6,4.6,1,Standard Class,6,447.59,Automotive,Latin America
5,10.1,5.1,1,Standard Class,9,116.74,Chemicals,South Asia
2,3.3,1.3,1,First Class,2,464.12,Apparel,East Asia
5,9.1,4.1,1,Standard Class,5,57.83,Industrial Parts,East Asia
2,4.6,2.6,1,First Class,6,414.46,Apparel,South Asia
2,3.3,1.3,1,First Class,4,421.76,Chemicals,North America
1,2.5,1.5,1,Same Day,7,136.3,Apparel,North America
2,3.3,1.3,1,First Class,2,479.34,Chemicals,North America
2,4.0,2.0,1,First Class,7,214.13,Apparel,North America
5,8.2,3.2,1,Standard Class,2,79.22,Automotive,East Asia
1,1.5,0.5,0,Same Day,1,299.94,Automotive,North America
3,6.4,3.4,1,Second Class,5,498.34,Chemicals,Latin America
5,8.1,3.1,1,Standard Class,2,450.65,Automotive,North America
3,6.5,3.5,1,Second Class,8,146.52,Apparel,Latin America
5,9.7,4.7,1,Standard Class,8,292.72,Apparel,East Asia
3,5.5,2.5,1,Second Class,1,66.53,Industrial Parts,Latin America
3,6.7,3.7,1,Second Class,4,236.3,Chemicals,Latin America
5,10.5,5.5,1,Standard Class,9,266.3,Automotive,South Asia
3,5.5,2.5,1,Second Class,5,164.49,Chemicals,Latin America
5,9.2,4.2,1,Standard Class,6,247.25,Automotive,South Asia
5,8.6,3.6,1,Standard Class,3,460.77,Industrial Parts,North America
5,9.2,4.2,1,Standard Class,5,255.07,Apparel,Latin America
3,5.7,2.7,1,Second Class,1,417.19,Apparel,Latin America
5,9.5,4.5,1,Standard Class,8,165.52,Electronics,Europe
5,8.6,3.6,1,Standard Class,6,485.99,Chemicals,North America
3,6.0,3.0,1,Second Class,2,55.8,Automotive,Latin America
5,9.8,4.8,1,Standard Class,4,296.94,Electronics,Latin America
5,8.3,3.3,1,Standard Class,4,397.05,Chemicals,Europe
5,9.9,4.9,1,Standard Class,9,408.88,Automotive,South Asia
5,9.4,4.4,1,Standard Class,9,107.16,Industrial Parts,North America
5,9.2,4.2,1,Standard Class,5,206.81,Chemicals,Europe
5,9.0,4.0,1,Standard Class,3,315.86,Automotive,North America
1,1.6,0.6,1,Same Day,1,164.78,Apparel,North America
3,6.2,3.2,1,Second Class,6,332.57,Chemicals,South Asia
5,10.2,5.2,1,Standard Class,8,195.6,Automotive,South Asia
5,8.2,3.2,1,Standard Class,1,181.92,Apparel,East Asia
5,8.3,3.3,1,Standard Class,1,62.95,Apparel,Europe
2,4.3,2.3,1,First Class,7,29.23,Electronics,Europe
5,9.4,4.4,1,Standard Class,7,419.28,Automotive,North America
5,8.5,3.5,1,Standard Class,2,249.88,Electronics,East Asia
3,5.0,2.0,1,Second Class,3,285.81,Electronics,East Asia
5,8.6,3.6,1,Standard Class,2,192.39,Industrial Parts,North America
5,9.9,4.9,1,Standard Class,6,77.0,Electronics,South Asia
3,6.3,3.3,1,Second Class,8,230.29,Electronics,East Asia
2,3.8,1.8,1,First Class,8,122.19,Industrial Parts,Europe
5,9.1,4.1,1,Standard Class,1,420.46,Industrial Parts,South Asia
2,4.6,2.6,1,First Class,9,493.53,Chemicals,Latin America
5,8.6,3.6,1,Standard Class,8,445.66,Electronics,East Asia
3,6.2,3.2,1,Second Class,9,268.85,Apparel,North America
5,9.1,4.1,1,Standard Class,9,317.78,Industrial Parts,Europe
3,5.8,2.8,1,Second Class,6,474.58,Automotive,East Asia
1,1.6,0.6,1,Same Day,3,273.95,Chemicals,North America
1,1.6,0.6,1,Same Day,1,322.91,Chemicals,Europe
1,2.3,1.3,1,Same Day,8,318.32,Electronics,East Asia
2,3.2,1.2,1,First Class,3,356.98,Apparel,Europe
5,9.7,4.7,1,Standard Class,7,323.74,Industrial Parts,Latin America
5,9.5,4.5,1,Standard Class,6,338.65,Automotive,Europe
2,3.4,1.4,1,First Class,3,365.69,Electronics,North America
3,5.8,2.8,1,Second Class,6,406.46,Apparel,East Asia
5,8.8,3.8,1,Standard Class,3,207.5,Electronics,North America
1,3.5,2.5,1,Same Day,9,375.46,Electronics,Latin America
3,5.7,2.7,1,Second Class,1,59.1,Chemicals,South Asia
1,3.0,2.0,1,Same Day,8,439.33,Automotive,Europe
3,5.5,2.5,1,Second Class,5,152.12,Automotive,North America
5,8.5,3.5,1,Standard Class,4,207.7,Automotive,East Asia
5,8.3,3.3,1,Standard Class,1,403.77,Automotive,East Asia
5,9.3,4.3,1,Standard Class,9,322.12,Industrial Parts,South Asia
5,8.8,3.8,1,Standard Class,9,161.23,Industrial Parts,East Asia
2,4.7,2.7,1,First Class,5,120.45,Automotive,Latin America
3,7.2,4.2,1,Second Class,9,479.28,Apparel,South Asia
3,6.5,3.5,1,Second Class,9,53.01,Industrial Parts,Latin America
2,3.7,1.7,1,First Class,7,12.12,Industrial Parts,Europe
5,9.9,4.9,1,Standard Class,8,339.74,Apparel,Latin America
5,8.5,3.5,1,Standard Class,1,311.09,Automotive,Europe
5,8.9,3.9,1,Standard Class,4,371.43,Electronics,Latin America
5,9.2,4.2,1,Standard Class,4,368.5,Industrial Parts,South Asia
2,3.8,1.8,1,First Class,9,433.0,Electronics,Europe
5,8.9,3.9,1,Standard Class,3,461.83,Electronics,Latin America
5,8.7,3.7,1,Standard Class,1,389.76,Apparel,Latin America
5,8.9,3.9,1,Standard Class,5,123.82,Automotive,East Asia
2,5.2,3.2,1,First Class,7,237.11,Electronics,Latin America
5,8.3,3.3,1,Standard Class,4,324.44,Automotive,East Asia
5,10.4,5.4,1,Standard Class,9,274.29,Chemicals,Latin America
5,8.8,3.8,1,Standard Class,6,87.86,Automotive,North America
1,2.2,1.2,1,Same Day,6,298.74,Apparel,East Asia
5,9.4,4.4,1,Standard Class,3,444.4,Apparel,South Asia
2,4.1,2.1,1,First Class,5,215.07,Chemicals,South Asia
3,5.5,2.5,1,Second Class,6,337.78,Apparel,Europe
2,4.3,2.3,1,First Class,4,311.81,Automotive,South Asia
1,2.1,1.1,1,Same Day,3,194.75,Automotive,Europe
5,9.3,4.3,1,Standard Class,5,286.98,Automotive,South Asia
5,9.7,4.7,1,Standard Class,7,113.0,Apparel,East Asia
5,8.8,3.8,1,Standard Class,6,277.59,Automotive,North America
2,2.8,0.8,1,First Class,2,401.43,Industrial Parts,Europe
5,7.9,2.9,1,Standard Class,1,381.88,Chemicals,North America
5,9.0,4.0,1,Standard Class,5,185.4,Industrial Parts,Latin America
2,4.1,2.1,1,First Class,5,64.92,Automotive,Latin America
2,4.3,2.3,1,First Class,6,401.97,Apparel,North America
5,8.0,3.0,1,Standard Class,3,139.87,Chemicals,East Asia
2,3.7,1.7,1,First Class,1,35.99,Industrial Parts,North America
2,3.4,1.4,1,First Class,4,228.14,Automotive,North America
5,8.5,3.5,1,Standard Class,4,372.34,Apparel,North America
5,8.2,3.2,1,Standard Class,2,406.16,Automotive,Europe
3,5.9,2.9,1,Second Class,8,491.28,Industrial Parts,Europe
2,3.8,1.8,1,First Class,6,102.81,Industrial Parts,North America
5,8.5,3.5,1,Standard Class,3,153.96,Chemicals,East Asia
5,8.8,3.8,1,Standard Class,1,308.65,Apparel,Latin America
2,3.3,1.3,1,First Class,3,407.56,Electronics,Latin America
1,3.2,2.2,1,Same Day,8,124.7,Automotive,Latin America
2,4.3,2.3,1,First Class,4,210.86,Apparel,South Asia
5,8.5,3.5,1,Standard Class,3,210.12,Electronics,East Asia
5,8.6,3.6,1,Standard Class,4,388.74,Apparel,Europe
3,5.8,2.8,1,Second Class,4,128.06,Automotive,Latin America
5,8.7,3.7,1,Standard Class,2,484.69,Automotive,Europe
1,2.3,1.3,1,Same Day,4,260.13,Chemicals,Europe
1,2.8,1.8,1,Same Day,9,148.21,Industrial Parts,Europe
5,8.9,3.9,1,Standard Class,4,149.3,Industrial Parts,Europe
1,2.0,1.0,1,Same Day,1,18.97,Industrial Parts,North America
5,7.8,2.8,1,Standard Class,1,349.29,Chemicals,Europe
3,5.8,2.8,1,Second Class,1,390.21,Industrial Parts,South Asia
5,8.6,3.6,1,Standard Class,5,25.89,Apparel,Europe
5,9.9,4.9,1,Standard Class,6,297.11,Industrial Parts,Latin America
2,3.6,1.6,1,First Class,6,393.02,Industrial Parts,Europe
3,6.3,3.3,1,Second Class,6,194.36,Automotive,Latin America
5,9.5,4.5,1,Standard Class,9,222.04,Chemicals,Europe
2,2.6,0.6,1,First Class,1,187.2,Chemicals,East Asia
5,8.4,3.4,1,Standard Class,6,164.67,Industrial Parts,North America
5,9.7,4.7,1,Standard Class,8,250.66,Electronics,Latin America
5,10.4,5.4,1,Standard Class,8,91.39,Automotive,South Asia
5,8.5,3.5,1,Standard Class,3,225.94,Industrial Parts,Europe
5,9.5,4.5,1,Standard Class,5,471.49,Electronics,Latin America
5,7.8,2.8,1,Standard Class,4,23.43,Apparel,North America
5,8.5,3.5,1,Standard Class,1,90.72,Automotive,Europe
5,9.6,4.6,1,Standard Class,9,391.07,Chemicals,North America
5,9.6,4.6,1,Standard Class,5,74.71,Electronics,South Asia
1,2.3,1.3,1,Same Day,2,142.93,Industrial Parts,Latin America
5,8.6,3.6,1,Standard Class,2,232.87,Electronics,South Asia
1,2.4,1.4,1,Same Day,7,472.15,Chemicals,North America
3,5.2,2.2,1,Second Class,4,99.92,Apparel,East Asia
2,3.3,1.3,1,First Class,1,462.31,Electronics,East Asia
2,4.2,2.2,1,First Class,5,362.08,Industrial Parts,Latin America
3,5.4,2.4,1,Second Class,2,338.86,Electronics,Europe
5,9.9,4.9,1,Standard Class,7,364.54,Apparel,South Asia
2,4.9,2.9,1,First Class,9,25.31,Electronics,East Asia
2,3.2,1.2,1,First Class,1,58.46,Apparel,East Asia
2,3.2,1.2,1,First Class,2,174.07,Apparel,Europe
3,6.4,3.4,1,Second Class,6,46.24,Automotive,South Asia
5,8.5,3.5,1,Standard Class,8,493.92,Automotive,North America
2,3.9,1.9,1,First Class,7,294.4,Industrial Parts,East Asia
2,5.0,3.0,1,First Class,9,248.8,Industrial Parts,Latin America
5,8.8,3.8,1,Standard Class,2,394.9,Industrial Parts,Latin America
5,9.4,4.4,1,Standard Class,9,488.71,Apparel,North America
2,3.5,1.5,1,First Class,4,478.01,Apparel,Europe
3,5.8,2.8,1,Second Class,3,398.6,Automotive,Europe
5,9.2,4.2,1,Standard Class,7,194.82,Apparel,East Asia
3,5.6,2.6,1,Second Class,5,42.32,Automotive,East Asia
5,9.6,4.6,1,Standard Class,5,58.2,Electronics,East Asia
5,8.0,3.0,1,Standard Class,2,10.56,Industrial Parts,North America
5,8.8,3.8,1,Standard Class,6,10.93,Industrial Parts,North America
5,8.7,3.7,1,Standard Class,6,468.85,Chemicals,East Asia
5,8.5,3.5,1,Standard Class,4,464.24,Automotive,Europe
5,9.8,4.8,1,Standard Class,5,337.1,Chemicals,South Asia
3,5.6,2.6,1,Second Class,7,366.07,Industrial Parts,East Asia
3,6.1,3.1,1,Second Class,8,261.47,Chemicals,Europe
5,9.1,4.1,1,Standard Class,6,126.54,Electronics,Europe
5,9.5,4.5,1,Standard Class,5,458.05,Chemicals,Latin America
5,8.9,3.9,1,Standard Class,3,146.07,Electronics,South Asia
2,4.2,2.2,1,First Class,7,372.44,Industrial Parts,East Asia
5,9.7,4.7,1,Standard Class,8,130.26,Apparel,South Asia
5,8.5,3.5,1,Standard Class,3,436.37,Automotive,East Asia
1,2.5,1.5,1,Same Day,5,329.11,Chemicals,South Asia
3,5.4,2.4,1,Second Class,2,324.92,Electronics,South Asia
5,8.8,3.8,1,Standard Class,4,57.71,Industrial Parts,Europe
5,10.0,5.0,1,Standard Class,4,215.54,Industrial Parts,South Asia
5,9.8,4.8,1,Standard Class,8,267.21,Apparel,South Asia
3,5.3,2.3,1,Second Class,3,154.08,Industrial Parts,East Asia
2,3.9,1.9,1,First Class,5,441.68,Industrial Parts,Europe
5,9.7,4.7,1,Standard Class,5,420.46,Apparel,South Asia
3,5.5,2.5,1,Second Class,2,251.87,Industrial Parts,Europe
5,9.6,4.6,1,Standard Class,9,176.62,Electronics,Europe
5,8.6,3.6,1,Standard Class,4,402.76,Chemicals,North America
5,9.7,4.7,1,Standard Class,9,106.48,Chemicals,East Asia
5,9.6,4.6,1,Standard Class,9,45.04,Electronics,North America
5,8.4,3.4,1,Standard Class,2,32.4,Chemicals,Europe
5,10.3,5.3,1,Standard Class,9,28.95,Industrial Parts,South Asia
5,9.6,4.6,1,Standard Class,9,249.56,Chemicals,East Asia
5,8.7,3.7,1,Standard Class,2,135.1,Chemicals,Latin America
3,5.5,2.5,1,Second Class,6,348.28,Industrial Parts,East Asia
5,9.0,4.0,1,Standard Class,9,330.41,Chemicals,North America
5,8.4,3.4,1,Standard Class,4,275.59,Industrial Parts,East Asia
2,3.9,1.9,1,First Class,2,182.89,Apparel,South Asia
3,6.3,3.3,1,Second Class,7,426.72,Apparel,East Asia
3,6.7,3.7,1,Second Class,9,357.75,Chemicals,Latin America
5,9.1,4.1,1,Standard Class,6,143.05,Apparel,North America
5,8.9,3.9,1,Standard Class,4,255.83,Chemicals,North America
3,4.7,1.7,1,Second Class,1,86.57,Apparel,Europe
2,3.5,1.5,1,First Class,4,171.1,Chemicals,North America
5,8.7,3.7,1,Standard Class,3,498.6,Automotive,Latin America
1,3.0,2.0,1,Same Day,7,119.68,Electronics,Latin America
5,8.9,3.9,1,Standard Class,5,352.17,Apparel,North America
1,2.0,1.0,1,Same Day,3,126.83,Industrial Parts,East Asia
3,5.4,2.4,1,Second Class,2,469.69,Electronics,Latin America
2,3.5,1.5,1,First Class,2,161.97,Chemicals,North America
1,2.4,1.4,1,Same Day,5,179.88,Electronics,North America
3,6.2,3.2,1,Second Class,8,300.99,Industrial Parts,East Asia
5,9.3,4.3,1,Standard Class,8,298.17,Industrial Parts,North America
5,9.2,4.2,1,Standard Class,5,293.75,Chemicals,South Asia
5,8.0,3.0,1,Standard Class,2,290.89,Apparel,Europe
5,9.3,4.3,1,Standard Class,4,162.97,Apparel,Latin America
3,6.1,3.1,1,Second Class,7,222.86,Automotive,East Asia
5,9.0,4.0,1,Standard Class,6,300.78,Industrial Parts,East Asia
5,9.8,4.8,1,Standard Class,7,338.92,Automotive,Europe
2,4.2,2.2,1,First Class,5,134.03,Industrial Parts,South Asia
3,5.3,2.3,1,Second Class,2,353.72,Automotive,Europe
5,9.3,4.3,1,Standard Class,8,462.41,Apparel,North America
5,8.4,3.4,1,Standard Class,2,381.38,Industrial Parts,East Asia
5,9.0,4.0,1,Standard Class,8,51.27,Apparel,North America
2,4.0,2.0,1,First Class,7,239.87,Electronics,East Asia
5,8.8,3.8,1,Standard Class,3,223.28,Apparel,East Asia
2,3.8,1.8,1,First Class,4,174.89,Industrial Parts,North America
5,9.4,4.4,1,Standard Class,7,250.75,Electronics,Europe
5,9.0,4.0,1,Standard Class,4,225.42,Automotive,Latin America
1,3.7,2.7,1,Same Day,9,13.02,Chemicals,Latin America
5,8.8,3.8,1,Standard Class,7,125.91,Industrial Parts,Europe
5,8.8,3.8,1,Standard Class,1,114.75,Chemicals,South Asia
5,7.9,2.9,1,Standard Class,1,181.14,Chemicals,Europe
5,9.2,4.2,1,Standard Class,4,95.48,Electronics,Europe
2,4.4,2.4,1,First Class,9,43.22,Automotive,Europe
5,9.5,4.5,1,Standard Class,4,106.34,Apparel,Latin America
5,9.0,4.0,1,Standard Class,5,428.55,Electronics,East Asia
5,9.0,4.0,1,Standard Class,1,400.55,Automotive,South Asia
2,3.5,1.5,1,First Class,2,226.63,Apparel,South Asia
3,6.0,3.0,1,Second Class,4,440.13,Apparel,South Asia
2,3.3,1.3,1,First Class,4,124.01,Automotive,North America
2,3.8,1.8,1,First Class,6,296.26,Apparel,Europe
5,9.0,4.0,1,Standard Class,6,80.03,Industrial Parts,East Asia
5,9.0,4.0,1,Standard Class,8,418.37,Industrial Parts,East Asia
5,9.1,4.1,1,Standard Class,9,73.98,Electronics,North America
5,8.4,3.4,1,Standard Class,1,25.61,Apparel,Latin America
5,8.4,3.4,1,Standard Class,1,143.99,Apparel,North America
2,3.8,1.8,1,First Class,6,451.46,Automotive,North America
2,3.2,1.2,1,First Class,4,73.43,Industrial Parts,Europe
1,2.6,1.6,1,Same Day,4,172.03,Chemicals,Latin America
5,8.5,3.5,1,Standard Class,1,165.04,Electronics,North America
2,4.3,2.3,1,First Class,9,402.81,Industrial Parts,East Asia
3,4.9,1.9,1,Second Class,3,216.55,Automotive,Europe
2,4.2,2.2,1,First Class,5,309.67,Electronics,Latin America
5,8.0,3.0,1,Standard Class,1,208.15,Chemicals,East Asia
5,9.9,4.9,1,Standard Class,8,280.21,Electronics,South Asia
5,8.4,3.4,1,Standard Class,3,40.6,Industrial Parts,Europe
5,8.3,3.3,1,Standard Class,1,193.27,Chemicals,East Asia
3,5.3,2.3,1,Second Class,6,429.0,Automotive,North America
5,8.3,3.3,1,Standard Class,1,348.62,Electronics,North America
5,8.5,3.5,1,Standard Class,3,491.1,Industrial Parts,Europe
3,5.8,2.8,1,Second Class,5,396.08,Automotive,Latin America
3,5.5,2.5,1,Second Class,4,231.24,Chemicals,North America
5,9.0,4.0,1,Standard Class,7,341.38,Electronics,East Asia
2,4.4,2.4,1,First Class,6,390.2,Apparel,South Asia
5,8.7,3.7,1,Standard Class,3,142.14,Industrial Parts,Latin America
5,9.3,4.3,1,Standard Class,8,39.41,Industrial Parts,Europe
5,8.7,3.7,1,Standard Class,8,208.87,Apparel,North America
2,3.7,1.7,1,First Class,2,80.89,Automotive,Latin America
1,3.1,2.1,1,Same Day,7,145.85,Industrial Parts,South Asia
5,9.2,4.2,1,Standard Class,1,473.95,Automotive,Latin America
2,3.7,1.7,1,First Class,2,425.07,Chemicals,Latin America
5,9.8,4.8,1,Standard Class,8,300.31,Apparel,Europe
2,4.0,2.0,1,First Class,1,206.62,Automotive,South Asia
5,8.9,3.9,1,Standard Class,2,139.52,Chemicals,South Asia
5,8.7,3.7,1,Standard Class,1,290.01,Electronics,Latin America
3,5.3,2.3,1,Second Class,5,271.25,Industrial Parts,North America
2,4.3,2.3,1,First Class,7,392.58,Apparel,Latin America
5,9.0,4.0,1,Standard Class,6,464.73,Electronics,East Asia
5,8.9,3.9,1,Standard Class,6,171.18,Electronics,North America
5,9.2,4.2,1,Standard Class,6,111.09,Electronics,Europe
5,10.0,5.0,1,Standard Class,8,207.37,Automotive,South Asia
3,5.7,2.7,1,Second Class,5,224.4,Industrial Parts,North America
1,2.8,1.8,1,Same Day,7,29.54,Apparel,Europe
5,9.1,4.1,1,Standard Class,3,432.23,Industrial Parts,Latin America
5,9.4,4.4,1,Standard Class,9,497.84,Industrial Parts,Europe
3,5.1,2.1,1,Second Class,3,462.37,Industrial Parts,East Asia
5,9.5,4.5,1,Standard Class,6,431.73,Chemicals,Europe
2,3.6,1.6,1,First Class,3,496.37,Chemicals,North America
5,8.9,3.9,1,Standard Class,1,454.83,Chemicals,South Asia
3,4.8,1.8,1,Second Class,1,347.3,Chemicals,North America
2,4.2,2.2,1,First Class,3,91.71,Industrial Parts,North America
3,5.8,2.8,1,Second Class,4,86.61,Industrial Parts,South Asia
3,5.2,2.2,1,Second Class,2,33.9,Apparel,East Asia
5,9.5,4.5,1,Standard Class,9,211.8,Apparel,North America
3,6.3,3.3,1,Second Class,8,406.32,Apparel,South Asia
3,6.0,3.0,1,Second Class,3,250.25,Apparel,South Asia
5,9.2,4.2,1,Standard Class,7,189.5,Apparel,North America
5,8.9,3.9,1,Standard Class,4,63.53,Chemicals,South Asia
5,9.5,4.5,1,Standard Class,5,35.36,Industrial Parts,Latin America
5,8.4,3.4,1,Standard Class,4,205.6,Apparel,North America
5,9.4,4.4,1,Standard Class,9,58.96,Automotive,East Asia
2,4.3,2.3,1,First Class,7,60.74,Apparel,Latin America
5,8.9,3.9,1,Standard Class,4,203.72,Apparel,East Asia
3,6.2,3.2,1,Second Class,8,256.39,Industrial Parts,North America
5,8.1,3.1,1,Standard Class,2,101.47,Chemicals,Europe
5,9.5,4.5,1,Standard Class,7,345.47,Electronics,South Asia
5,8.6,3.6,1,Standard Class,1,215.16,Industrial Parts,Latin America
5,9.5,4.5,1,Standard Class,8,55.04,Chemicals,North America
5,9.3,4.3,1,Standard Class,6,322.15,Automotive,South Asia
5,8.8,3.8,1,Standard Class,5,184.9,Electronics,Europe
5,9.4,4.4,1,Standard Class,9,35.64,Chemicals,East Asia
3,6.2,3.2,1,Second Class,9,474.51,Chemicals,North America
3,5.9,2.9,1,Second Class,3,289.89,Industrial Parts,North America
5,9.2,4.2,1,Standard Class,9,244.08,Chemicals,Europe
3,6.2,3.2,1,Second Class,9,430.98,Apparel,East Asia
3,5.3,2.3,1,Second Class,2,469.0,Chemicals,North America
5,9.3,4.3,1,Standard Class,5,117.96,Electronics,South Asia
1,1.7,0.7,1,Same Day,2,406.97,Chemicals,Europe
3,5.2,2.2,1,Second Class,1,417.23,Automotive,North America
5,9.4,4.4,1,Standard Class,7,36.66,Apparel,East Asia
5,9.6,4.6,1,Standard Class,4,358.85,Electronics,Latin America
5,8.8,3.8,1,Standard Class,5,40.85,Electronics,North America
5,8.5,3.5,1,Standard Class,4,301.39,Industrial Parts,East Asia
3,5.6,2.6,1,Second Class,6,337.93,Industrial Parts,Europe
5,8.8,3.8,1,Standard Class,2,189.86,Apparel,East Asia
3,6.2,3.2,1,Second Class,8,441.59,Electronics,East Asia
3,5.3,2.3,1,Second Class,4,402.25,Automotive,Europe
2,4.5,2.5,1,First Class,8,463.72,Chemicals,Latin America
2,3.7,1.7,1,First Class,3,164.3,Chemicals,South Asia
5,9.3,4.3,1,Standard Class,5,20.55,Chemicals,Latin America
5,9.3,4.3,1,Standard Class,3,407.62,Industrial Parts,South Asia
2,5.1,3.1,1,First Class,7,119.26,Electronics,South Asia
5,9.4,4.4,1,Standard Class,3,238.91,Electronics,South Asia
5,9.3,4.3,1,Standard Class,8,410.49,Automotive,North America
3,6.5,3.5,1,Second Class,9,115.91,Industrial Parts,Latin America
2,3.4,1.4,1,First Class,2,162.84,Automotive,East Asia
5,8.0,3.0,1,Standard Class,3,225.15,Electronics,North America
2,3.8,1.8,1,First Class,7,143.19,Chemicals,Europe
3,5.8,2.8,1,Second Class,5,236.05,Industrial Parts,Europe
5,10.0,5.0,1,Standard Class,7,14.7,Industrial Parts,South Asia
5,8.8,3.8,1,Standard Class,2,113.97,Industrial Parts,North America
1,2.1,1.1,1,Same Day,4,417.95,Chemicals,North America
5,8.6,3.6,1,Standard Class,1,212.61,Industrial Parts,Europe
5,8.7,3.7,1,Standard Class,5,321.84,Apparel,East Asia
5,9.6,4.6,1,Standard Class,8,123.82,Industrial Parts,Latin America
3,5.6,2.6,1,Second Class,1,328.44,Chemicals,Latin America
5,10.1,5.1,1,Standard Class,7,499.99,Industrial Parts,South Asia
5,10.0,5.0,1,Standard Class,7,301.69,Apparel,South Asia
5,10.0,5.0,1,Standard Class,7,317.9,Apparel,South Asia
1,1.9,0.9,1,Same Day,1,64.64,Industrial Parts,Europe
5,8.8,3.8,1,Standard Class,3,207.66,Electronics,Europe
2,3.8,1.8,1,First Class,2,431.76,Electronics,Latin America
1,3.0,2.0,1,Same Day,5,418.79,Automotive,South Asia
5,9.2,4.2,1,Standard Class,2,265.98,Apparel,North America
1,2.6,1.6,1,Same Day,5,452.69,Electronics,East Asia
1,2.3,1.3,1,Same Day,5,80.04,Automotive,Europe
3,6.3,3.3,1,Second Class,4,332.51,Electronics,South Asia
5,9.4,4.4,1,Standard Class,7,131.95,Industrial Parts,South Asia
2,3.8,1.8,1,First Class,6,326.33,Apparel,Europe
3,5.6,2.6,1,Second Class,2,52.83,Electronics,Latin America
1,2.4,1.4,1,Same Day,4,472.37,Industrial Parts,Latin America
5,10.2,5.2,1,Standard Class,7,395.3,Automotive,Latin America
3,6.9,3.9,1,Second Class,9,108.47,Industrial Parts,Latin America
5,9.6,4.6,1,Standard Class,9,322.27,Automotive,North America
5,9.1,4.1,1,Standard Class,3,381.98,Electronics,South Asia
5,8.4,3.4,1,Standard Class,1,112.63,Chemicals,Latin America
3,6.7,3.7,1,Second Class,9,55.73,Industrial Parts,Latin America
5,9.2,4.2,1,Standard Class,8,182.37,Chemicals,East Asia
2,3.7,1.7,1,First Class,7,76.52,Apparel,East Asia
1,3.2,2.2,1,Same Day,6,287.2,Chemicals,South Asia
5,9.1,4.1,1,Standard Class,7,217.82,Apparel,Europe
2,4.3,2.3,1,First Class,9,236.59,Electronics,Latin America
5,9.0,4.0,1,Standard Class,6,276.0,Electronics,North America
5,8.6,3.6,1,Standard Class,3,491.21,Industrial Parts,East Asia
2,4.2,2.2,1,First Class,3,398.39,Chemicals,Latin America
1,2.2,1.2,1,Same Day,4,318.44,Apparel,Europe
2,4.0,2.0,1,First Class,8,188.22,Apparel,North America
3,6.4,3.4,1,Second Class,9,23.26,Chemicals,East Asia
5,9.1,4.1,1,Standard Class,8,67.1,Electronics,Europe
5,8.6,3.6,1,Standard Class,2,368.12,Electronics,Europe
2,3.9,1.9,1,First Class,4,190.91,Apparel,North America
5,8.0,3.0,1,Standard Class,4,173.87,Industrial Parts,North America
5,8.2,3.2,1,Standard Class,2,445.6,Electronics,East Asia
2,4.3,2.3,1,First Class,8,247.41,Automotive,North America
5,9.1,4.1,1,Standard Class,3,450.79,Apparel,Latin America
5,8.8,3.8,1,Standard Class,2,444.45,Chemicals,North America
2,4.4,2.4,1,First Class,7,49.29,Chemicals,Europe
2,3.4,1.4,1,First Class,1,473.23,Apparel,North America
1,1.9,0.9,1,Same Day,6,47.71,Apparel,East Asia
2,3.9,1.9,1,First Class,3,482.12,Electronics,Latin America
5,8.7,3.7,1,Standard Class,3,231.78,Apparel,North America
1,2.8,1.8,1,Same Day,5,382.82,Apparel,Latin America
3,5.3,2.3,1,Second Class,3,356.01,Automotive,North America
5,9.6,4.6,1,Standard Class,4,264.06,Chemicals,Latin America
5,8.7,3.7,1,Standard Class,3,313.53,Electronics,North America
2,4.0,2.0,1,First Class,7,475.46,Industrial Parts,North America
2,3.7,1.7,1,First Class,3,464.4,Electronics,South Asia
3,6.0,3.0,1,Second Class,4,330.62,Chemicals,Europe
3,5.3,2.3,1,Second Class,2,332.28,Industrial Parts,East Asia
2,3.2,1.2,1,First Class,2,131.0,Apparel,East Asia
1,3.7,2.7,1,Same Day,9,416.03,Automotive,South Asia
2,2.7,0.7,1,First Class,1,319.98,Automotive,North America
5,8.8,3.8,1,Standard Class,1,414.86,Chemicals,Europe
3,5.7,2.7,1,Second Class,1,332.35,Chemicals,Latin America
5,9.8,4.8,1,Standard Class,3,156.67,Automotive,South Asia
3,5.4,2.4,1,Second Class,2,102.85,Industrial Parts,East Asia
1,2.1,1.1,1,Same Day,3,47.71,Industrial Parts,East Asia
2,3.6,1.6,1,First Class,5,297.14,Electronics,East Asia
2,4.2,2.2,1,First Class,9,149.19,Apparel,North America
5,8.5,3.5,1,Standard Class,2,318.95,Industrial Parts,Latin America
5,9.3,4.3,1,Standard Class,1,38.74,Apparel,Latin America
5,9.5,4.5,1,Standard Class,6,194.07,Chemicals,Latin America
2,3.7,1.7,1,First Class,3,137.67,Industrial Parts,North America
3,6.3,3.3,1,Second Class,7,191.46,Industrial Parts,East Asia
2,3.8,1.8,1,First Class,6,36.6,Industrial Parts,East Asia
5,8.9,3.9,1,Standard Class,7,364.85,Electronics,North America
5,8.6,3.6,1,Standard Class,5,67.18,Chemicals,Europe
3,4.6,1.6,1,Second Class,1,17.06,Automotive,North America
5,8.2,3.2,1,Standard Class,3,473.68,Electronics,North America
2,3.6,1.6,1,First Class,3,104.51,Electronics,East Asia
3,6.7,3.7,1,Second Class,7,415.75,Industrial Parts,Latin America
2,3.5,1.5,1,First Class,3,482.59,Electronics,East Asia
5,9.1,4.1,1,Standard Class,5,271.72,Automotive,Europe
3,6.3,3.3,1,Second Class,4,267.8,Electronics,South Asia
5,9.2,4.2,1,Standard Class,4,190.03,Electronics,South Asia
1,2.9,1.9,1,Same Day,7,218.54,Industrial Parts,North America
5,8.8,3.8,1,Standard Class,1,246.22,Chemicals,South Asia
5,9.5,4.5,1,Standard Class,7,84.53,Automotive,Latin America
3,6.1,3.1,1,Second Class,8,188.72,Industrial Parts,East Asia
5,8.1,3.1,1,Standard Class,3,409.89,Electronics,Europe
3,5.3,2.3,1,Second Class,3,99.38,Automotive,Europe
3,4.8,1.8,1,Second Class,4,367.63,Apparel,Europe
3,6.0,3.0,1,Second Class,6,329.28,Electronics,East Asia
1,2.7,1.7,1,Same Day,7,38.08,Chemicals,Latin America
5,8.2,3.2,1,Standard Class,1,20.99,Electronics,Europe
3,6.5,3.5,1,Second Class,4,182.74,Chemicals,South Asia
5,9.7,4.7,1,Standard Class,7,349.16,Apparel,Latin America
5,8.3,3.3,1,Standard Class,2,171.9,Industrial Parts,Latin America
3,5.6,2.6,1,Second Class,1,337.19,Industrial Parts,Latin America
5,8.2,3.2,1,Standard Class,1,336.07,Industrial Parts,Europe
2,4.7,2.7,1,First Class,6,405.21,Automotive,Latin America
2,3.7,1.7,1,First Class,5,58.75,Chemicals,Europe
2,4.0,2.0,1,First Class,1,292.79,Electronics,South Asia
1,2.7,1.7,1,Same Day,3,40.62,Automotive,South Asia
5,10.0,5.0,1,Standard Class,7,96.21,Automotive,South Asia
2,4.9,2.9,1,First Class,9,169.5,Electronics,South Asia
3,7.1,4.1,1,Second Class,9,356.62,Apparel,Latin America
5,9.3,4.3,1,Standard Class,6,487.2,Industrial Parts,Latin America
5,8.0,3.0,1,Standard Class,3,177.84,Apparel,Europe
2,3.4,1.4,1,First Class,1,265.36,Apparel,South Asia
5,8.6,3.6,1,Standard Class,3,136.94,Industrial Parts,North America
5,9.0,4.0,1,Standard Class,2,340.99,Apparel,South Asia
3,5.7,2.7,1,Second Class,5,189.63,Automotive,East Asia
2,4.6,2.6,1,First Class,8,245.98,Electronics,North America
1,2.4,1.4,1,Same Day,5,288.23,Automotive,East Asia
3,5.1,2.1,1,Second Class,1,346.26,Automotive,North America
2,3.7,1.7,1,First Class,3,39.43,Chemicals,Europe
5,8.8,3.8,1,Standard Class,5,281.9,Industrial Parts,Latin America
5,9.4,4.4,1,Standard Class,7,221.27,Industrial Parts,Europe
5,9.2,4.2,1,Standard Class,5,75.54,Automotive,North America
1,3.1,2.1,1,Same Day,5,111.94,Industrial Parts,South Asia
5,9.2,4.2,1,Standard Class,7,443.11,Chemicals,Europe
5,9.5,4.5,1,Standard Class,8,437.17,Electronics,North America
2,4.1,2.1,1,First Class,8,26.33,Apparel,South Asia
5,9.6,4.6,1,Standard Class,7,347.81,Industrial Parts,Latin America
5,8.2,3.2,1,Standard Class,3,281.55,Automotive,North America
2,3.4,1.4,1,First Class,2,470.51,Industrial Parts,East Asia
5,7.9,2.9,1,Standard Class,1,454.92,Automotive,East Asia
5,9.3,4.3,1,Standard Class,6,293.99,Apparel,East Asia
5,9.9,4.9,1,Standard Class,9,78.09,Industrial Parts,South Asia
3,5.5,2.5,1,Second Class,3,235.31,Apparel,South Asia
2,3.5,1.5,1,First Class,5,365.33,Automotive,Europe
5,9.6,4.6,1,Standard Class,9,476.35,Chemicals,South Asia
2,4.3,2.3,1,First Class,9,188.28,Chemicals,North America
5,9.3,4.3,1,Standard Class,7,394.49,Electronics,East Asia
1,2.4,1.4,1,Same Day,4,344.84,Automotive,Latin America
5,8.0,3.0,1,Standard Class,2,48.36,Automotive,East Asia
2,3.3,1.3,1,First Class,2,283.41,Automotive,North America
3,6.0,3.0,1,Second Class,4,99.92,Chemicals,Latin America
3,4.9,1.9,1,Second Class,1,344.94,Chemicals,Europe
5,9.0,4.0,1,Standard Class,4,308.94,Chemicals,South Asia
5,9.4,4.4,1,Standard Class,6,486.79,Industrial Parts,North America
3,6.2,3.2,1,Second Class,6,468.34,Industrial Parts,South Asia
5,8.7,3.7,1,Standard Class,7,14.59,Chemicals,Europe
3,6.1,3.1,1,Second Class,5,49.21,Apparel,Latin America
3,6.4,3.4,1,Second Class,9,386.88,Industrial Parts,North America
3,5.8,2.8,1,Second Class,2,345.97,Industrial Parts,Latin America
5,7.9,2.9,1,Standard Class,2,402.46,Industrial Parts,North America
3,5.9,2.9,1,Second Class,4,140.74,Industrial Parts,Europe
2,3.7,1.7,1,First Class,4,426.17,Electronics,Europe
3,5.7,2.7,1,Second Class,4,226.79,Industrial Parts,Europe
5,9.6,4.6,1,Standard Class,1,138.34,Apparel,South Asia
5,8.9,3.9,1,Standard Class,4,15.2,Electronics,East Asia
5,9.5,4.5,1,Standard Class,5,436.97,Industrial Parts,Latin America
5,9.4,4.4,1,Standard Class,9,272.32,Automotive,North America
2,3.9,1.9,1,First Class,3,487.94,Electronics,Latin America
1,1.6,0.6,1,Same Day,3,360.19,Industrial Parts,East Asia
5,9.4,4.4,1,Standard Class,5,49.4,Apparel,South Asia
3,6.8,3.8,1,Second Class,6,298.21,Chemicals,South Asia
5,8.7,3.7,1,Standard Class,3,18.39,Industrial Parts,East Asia
5,8.9,3.9,1,Standard Class,1,283.31,Automotive,North America
5,9.5,4.5,1,Standard Class,8,181.6,Apparel,East Asia
5,8.9,3.9,1,Standard Class,1,325.21,Electronics,South Asia
1,2.4,1.4,1,Same Day,2,275.37,Apparel,South Asia
5,9.6,4.6,1,Standard Class,3,138.06,Industrial Parts,Latin America
2,3.8,1.8,1,First Class,6,89.55,Automotive,North America
5,8.5,3.5,1,Standard Class,4,208.31,Apparel,North America
1,2.4,1.4,1,Same Day,4,493.55,Apparel,South Asia
5,10.1,5.1,1,Standard Class,9,223.49,Chemicals,East Asia
5,9.6,4.6,1,Standard Class,6,376.91,Chemicals,South Asia
5,8.9,3.9,1,Standard Class,2,37.92,Industrial Parts,Latin America
5,9.3,4.3,1,Standard Class,7,195.64,Electronics,East Asia
5,9.0,4.0,1,Standard Class,3,294.36,Electronics,South Asia
3,6.0,3.0,1,Second Class,9,378.09,Automotive,North America
2,4.1,2.1,1,First Class,6,268.91,Industrial Parts,Latin America
2,4.5,2.5,1,First Class,8,262.49,Electronics,South Asia
2,3.1,1.1,1,First Class,1,384.31,Apparel,South Asia
5,8.4,3.4,1,Standard Class,2,163.51,Industrial Parts,Europe
5,8.5,3.5,1,Standard Class,6,54.4,Apparel,East Asia
1,2.2,1.2,1,Same Day,3,180.1,Automotive,Europe
3,5.3,2.3,1,Second Class,1,87.91,Industrial Parts,North America
3,5.6,2.6,1,Second Class,6,483.31,Automotive,East Asia
3,6.2,3.2,1,Second Class,5,292.98,Chemicals,Latin America
5,9.7,4.7,1,Standard Class,9,228.83,Automotive,East Asia
5,10.0,5.0,1,Standard Class,6,456.91,Chemicals,South Asia
5,9.3,4.3,1,Standard Class,5,451.18,Industrial Parts,South Asia
5,8.4,3.4,1,Standard Class,1,213.69,Apparel,South Asia
5,8.0,3.0,1,Standard Class,1,438.62,Apparel,East Asia
5,8.3,3.3,1,Standard Class,1,41.37,Apparel,South Asia
2,4.8,2.8,1,First Class,7,444.0,Automotive,South Asia
3,4.8,1.8,1,Second Class,6,162.19,Industrial Parts,Europe
3,5.9,2.9,1,Second Class,5,286.91,Industrial Parts,South Asia
1,2.2,1.2,1,Same Day,4,142.15,Chemicals,Europe
5,9.0,4.0,1,Standard Class,8,492.55,Industrial Parts,North America
5,9.0,4.0,1,Standard Class,8,45.17,Apparel,East Asia
2,4.0,2.0,1,First Class,5,229.01,Industrial Parts,Europe
5,8.4,3.4,1,Standard Class,4,314.28,Chemicals,East Asia
5,8.3,3.3,1,Standard Class,2,311.65,Industrial Parts,East Asia
5,9.9,4.9,1,Standard Class,7,371.99,Industrial Parts,Latin America
5,8.7,3.7,1,Standard Class,5,364.96,Apparel,Europe
2,4.7,2.7,1,First Class,3,398.64,Industrial Parts,South Asia
5,10.3,5.3,1,Standard Class,9,124.8,Automotive,Latin America
2,4.7,2.7,1,First Class,9,191.55,Chemicals,Europe
2,3.8,1.8,1,First Class,8,197.2,Chemicals,Europe
5,8.2,3.2,1,Standard Class,1,478.36,Chemicals,North America
5,9.0,4.0,1,Standard Class,3,210.56,Industrial Parts,South Asia
5,8.3,3.3,1,Standard Class,2,118.72,Automotive,North America
5,8.5,3.5,1,Standard Class,4,319.85,Chemicals,East Asia
3,5.7,2.7,1,Second Class,2,219.36,Electronics,South Asia
3,5.4,2.4,1,Second Class,8,132.54,Apparel,North America
2,2.9,0.9,1,First Class,1,360.42,Electronics,North America
5,9.8,4.8,1,Standard Class,4,104.04,Electronics,South Asia
2,3.6,1.6,1,First Class,5,320.34,Chemicals,Europe
2,3.4,1.4,1,First Class,4,220.96,Electronics,East Asia
5,9.8,4.8,1,Standard Class,8,166.39,Electronics,Latin America
2,3.8,1.8,1,First Class,2,473.53,Automotive,Latin America
5,9.3,4.3,1,Standard Class,9,168.96,Apparel,Latin America
2,3.3,1.3,1,First Class,2,180.28,Industrial Parts,East Asia
3,5.9,2.9,1,Second Class,2,436.61,Chemicals,South Asia
5,9.1,4.1,1,Standard Class,2,73.23,Chemicals,South Asia
3,6.4,3.4,1,Second Class,8,62.95,Electronics,South Asia
5,9.5,4.5,1,Standard Class,3,148.53,Industrial Parts,Latin America
5,9.7,4.7,1,Standard Class,8,299.9,Industrial Parts,Europe
1,3.0,2.0,1,Same Day,7,198.31,Industrial Parts,North America
1,2.9,1.9,1,Same Day,4,308.19,Chemicals,Latin America
5,9.0,4.0,1,Standard Class,7,88.28,Chemicals,East Asia
5,9.9,4.9,1,Standard Class,8,138.11,Automotive,South Asia
5,9.4,4.4,1,Standard Class,6,286.93,Chemicals,North America
5,8.9,3.9,1,Standard Class,6,116.4,Chemicals,South Asia
3,5.7,2.7,1,Second Class,3,217.17,Automotive,South Asia
1,3.0,2.0,1,Same Day,5,290.6,Chemicals,South Asia
2,3.2,1.2,1,First Class,2,487.09,Electronics,Europe
5,8.7,3.7,1,Standard Class,5,49.14,Electronics,North America
2,4.7,2.7,1,First Class,5,235.6,Automotive,Latin America
5,9.4,4.4,1,Standard Class,7,204.17,Automotive,Europe
1,2.4,1.4,1,Same Day,4,413.88,Electronics,East Asia
3,5.6,2.6,1,Second Class,6,451.15,Industrial Parts,East Asia
2,4.7,2.7,1,First Class,9,454.44,Chemicals,Latin America
5,8.8,3.8,1,Standard Class,4,193.82,Apparel,North America
5,9.6,4.6,1,Standard Class,6,159.28,Apparel,Latin America
5,10.0,5.0,1,Standard Class,9,230.08,Automotive,Europe
3,5.2,2.2,1,Second Class,1,178.55,Apparel,North America
5,9.8,4.8,1,Standard Class,8,362.24,Industrial Parts,East Asia
5,8.4,3.4,1,Standard Class,1,114.65,Apparel,North America
5,8.6,3.6,1,Standard Class,4,332.76,Electronics,North America
3,5.1,2.1,1,Second Class,3,464.22,Automotive,North America
5,9.4,4.4,1,Standard Class,4,147.16,Apparel,Latin America
3,6.4,3.4,1,Second Class,7,341.68,Chemicals,South Asia
3,6.2,3.2,1,Second Class,9,80.34,Automotive,Europe
1,2.7,1.7,1,Same Day,9,69.48,Industrial Parts,North America
5,8.3,3.3,1,Standard Class,1,66.67,Electronics,North America
5,8.9,3.9,1,Standard Class,1,77.88,Apparel,Latin America
