distance_km,transport_mode,shipment_weight_kg,supplier_count,traffic_density_index,shipping_cost_inr
3985.1,Sea,7754.8,14,9.1,34367.39
534.6,Road,2363.8,26,3.7,24526.49
818.8,Road,2301.6,16,2.1,24101.1
550.0,Sea,7112.7,29,9.1,22252.51
775.2,Sea,5375.3,19,6.9,18134.79
4046.4,Road,4208.7,22,4.2,79263.82
3816.4,Rail,498.8,18,5.5,41474.4
1198.5,Multimodal,4707.9,24,9.0,34627.02
3172.3,Rail,4090.5,28,7.7,44895.46
3548.6,Road,1629.9,17,5.2,65431.47
701.2,Rail,9306.1,18,9.2,23977.79
1030.6,Road,4072.7,6,9.4,27036.0
2152.7,Rail,18.3,9,7.4,23800.03
2866.6,Sea,9685.6,29,8.8,35771.02
1896.4,Road,4667.8,18,6.7,46483.06
3523.5,Road,6230.7,21,7.5,76374.07
4456.4,Rail,3856.0,26,8.6,55527.07
3892.3,Rail,7838.0,27,2.8,51243.89
3832.8,Sea,3106.7,5,1.8,23329.21
911.1,Road,4538.1,20,1.3,31123.51
4070.5,Air,4250.0,25,3.3,209204.12
4459.4,Multimodal,4346.1,14,3.3,66026.03
2548.3,Road,6281.7,11,9.0,57300.0
3421.7,Road,7877.6,6,5.7,70044.25
2698.8,Multimodal,3921.3,22,4.2,49197.09
4464.2,Road,6287.6,26,7.0,93043.98
2723.0,Rail,654.5,19,6.0,33205.16
2135.9,Road,726.8,15,6.6,41781.99
705.6,Road,1073.0,8,4.4,16877.05
3798.6,Road,2288.7,15,5.4,69590.13
915.2,Road,1788.1,12,3.5,22978.31
3052.2,Multimodal,4790.2,17,7.5,53736.65
1105.8,Sea,2675.3,10,4.5,14177.81
3144.6,Road,6877.5,6,7.5,64771.99
212.2,Road,7798.9,17,8.0,25642.13
792.8,Road,4041.8,6,2.9,22464.96
3239.2,Rail,8847.9,26,1.6,45893.82
2661.1,Air,5857.5,21,3.6,176786.29
2504.5,Multimodal,8766.5,17,5.6,52451.34
426.3,Air,4659.0,5,9.7,76233.25
3878.2,Road,3434.7,11,8.2,72715.38
2856.8,Road,5356.6,2,3.1,53879.04
2602.6,Road,3859.1,26,8.5,60245.98
4321.5,Road,3195.4,20,3.0,79986.7
2483.1,Road,1075.1,17,2.8,47256.87
3634.9,Road,4724.7,9,3.5,67807.36
970.0,Road,6394.6,15,4.2,33586.25
1486.1,Road,7959.5,21,4.4,46885.79
2973.1,Road,8686.5,26,1.4,71625.94
2836.8,Rail,1706.2,9,6.1,30567.83
393.3,Road,3867.7,24,9.7,24606.36
250.0,Road,6116.5,7,8.6,18702.67
965.1,Rail,6361.2,19,6.4,23622.98
2404.7,Road,8702.7,27,8.2,66272.28
3480.6,Sea,5186.6,20,7.9,32568.4
1753.1,Air,5454.5,6,3.4,132838.18
1136.9,Air,3597.6,22,3.7,96018.45
2661.6,Road,9570.9,13,7.8,65417.75
449.6,Rail,2145.0,8,1.7,10208.74
776.3,Road,7259.8,12,9.1,31427.44
2040.5,Rail,5235.4,29,9.0,37099.61
4350.2,Road,2675.8,19,5.3,80527.36
1472.1,Road,1989.0,8,7.3,30776.5
3830.5,Sea,5863.1,5,2.0,24496.92
4394.2,Air,461.5,4,5.9,167531.4
3702.2,Road,9562.4,22,9.7,86863.43
1991.2,Road,3423.7,26,9.4,50124.74
3651.2,Road,9985.3,1,2.9,73628.35
206.5,Rail,5604.9,1,7.2,8417.72
3889.3,Road,3090.5,9,4.0,68953.6
2205.5,Road,2309.6,28,4.8,50939.4
2028.8,Road,7666.0,10,8.0,50721.26
3298.3,Rail,553.8,28,9.3,43656.5
4190.4,Road,7791.8,25,3.3,88694.92
1148.5,Multimodal,6329.0,21,8.6,35120.45
1909.2,Road,3484.0,23,9.4,47578.32
2929.9,Rail,5700.8,2,7.4,32486.17
2731.1,Road,8858.6,19,4.4,66481.65
1060.4,Sea,9480.0,10,7.5,17227.44
85.4,Sea,9343.0,6,7.2,10321.23
737.7,Road,5148.3,14,7.0,27669.25
183.1,Sea,5879.3,21,9.9,16277.36
276.7,Road,1834.5,27,4.9,20227.38
1109.5,Sea,9192.9,21,2.1,21494.16
3259.0,Rail,651.9,22,2.8,37466.55
1159.2,Road,4842.0,17,8.1,35102.55
1017.1,Sea,2097.4,29,5.3,22227.22
2866.9,Rail,4373.1,28,2.0,40082.47
2536.6,Rail,6887.0,5,1.3,29248.84
2289.7,Road,4234.3,19,4.8,51534.26
2908.5,Sea,9255.1,27,7.8,34310.25
1609.9,Road,6405.0,21,2.7,45567.23
71.7,Road,5683.0,1,1.2,12344.08
1938.0,Road,4351.9,15,9.7,46124.36
1653.7,Multimodal,3487.2,21,2.2,35374.31
3474.5,Rail,8949.1,11,2.7,41719.71
410.9,Rail,4189.6,23,6.9,18859.12
3516.1,Multimodal,5805.3,14,4.7,58119.44
3201.0,Road,4928.0,20,9.3,69359.14
1507.2,Road,6026.7,7,9.5,38662.61
2825.6,Road,2152.9,27,7.1,60674.45
2372.2,Sea,9826.5,17,4.9,26248.76
961.7,Road,3826.9,20,2.5,30728.96
4068.5,Road,2674.1,3,1.8,66850.94
857.8,Rail,387.0,15,7.2,15638.21
625.6,Rail,8431.7,26,1.1,25256.93
1847.4,Rail,6513.4,16,6.6,29897.6
3344.8,Road,2987.2,13,5.9,63282.72
1000.0,Road,3729.9,12,4.3,27752.32
3900.7,Sea,4764.1,13,1.6,27684.84
2601.7,Rail,4202.2,19,10.0,36955.92
859.7,Road,4255.9,7,7.5,24768.33
2444.6,Road,6240.8,28,7.4,62587.38
1050.5,Air,8492.1,15,7.6,149082.95
914.4,Road,3778.6,10,7.9,26300.3
694.5,Rail,1809.8,16,1.6,15440.85
2649.6,Rail,317.0,11,2.1,27229.22
49.7,Air,4492.5,11,6.1,63136.87
4288.4,Road,2141.5,29,3.5,81932.23
125.8,Road,2169.2,5,8.9,8744.2
4186.2,Multimodal,889.0,27,9.7,67644.91
1496.8,Rail,1545.6,9,7.9,19592.39
2567.3,Road,4490.5,10,1.6,51058.77
2253.3,Road,6856.6,10,5.3,51923.44
1388.1,Road,4497.1,23,5.2,40300.05
1406.6,Road,7192.6,7,5.6,38268.94
611.7,Sea,7726.9,10,7.1,14147.1
1520.9,Road,6612.4,26,2.1,46636.27
2854.5,Road,258.4,10,7.2,50039.1
2665.3,Road,5518.4,14,8.2,58700.13
3846.2,Sea,2889.4,3,3.0,23027.5
1010.7,Road,8661.4,8,5.0,35309.35
731.3,Road,9046.5,1,1.4,28084.61
3621.0,Rail,4213.5,8,1.7,36666.91
3632.1,Road,7504.1,19,5.4,78187.69
3279.7,Rail,3802.0,27,8.4,45422.41
635.3,Air,4860.6,19,3.3,91934.82
4043.2,Road,9828.1,1,5.9,80865.9
1795.7,Road,1735.8,23,1.9,40624.11
1606.7,Multimodal,6049.8,6,8.0,33283.22
667.0,Sea,6383.4,17,9.6,17350.93
808.9,Road,8446.2,1,3.9,28401.1
442.0,Road,1492.9,15,8.9,17042.47
2406.2,Multimodal,9047.6,6,1.7,45247.82
1707.7,Road,6795.0,17,3.5,46151.67
684.5,Road,9934.2,28,5.6,41620.28
3052.6,Road,5358.2,7,5.0,59980.49
1471.3,Road,6282.2,3,2.7,35240.4
3043.0,Road,1917.8,1,8.3,52389.2
3599.9,Road,4035.8,26,2.6,73124.79
2824.5,Road,7855.3,21,3.5,66665.29
47.5,Multimodal,3026.2,24,3.0,17859.99
1279.3,Rail,9451.9,12,1.8,25017.22
119.9,Air,7533.0,29,3.0,110181.33
1610.9,Road,2236.2,15,3.3,35544.41
3778.3,Road,9192.7,21,2.9,83024.13
3642.1,Road,2312.0,27,1.0,70316.38
735.5,Road,5433.9,4,7.4,23616.13
3043.0,Air,5977.4,23,5.7,193635.26
3948.9,Road,3879.0,22,5.8,78155.82
3890.5,Rail,2679.1,12,5.7,41510.56
3619.0,Air,624.8,18,6.2,148084.04
1091.6,Rail,8546.2,29,4.0,30800.83
4385.7,Rail,1675.2,3,6.9,41503.91
3235.6,Rail,2480.0,27,9.0,44176.6
3129.5,Road,8315.5,7,2.4,65325.32
4135.4,Road,3345.0,24,8.3,82489.36
1550.2,Sea,6396.8,26,9.6,26195.08
2025.6,Road,5838.6,14,3.5,47803.62
1962.7,Road,7890.2,13,4.5,50449.7
527.9,Road,6484.3,11,3.0,25112.37
1302.1,Rail,3867.1,9,9.7,20389.37
3168.7,Road,8445.7,28,2.9,75773.26
181.6,Road,6433.0,24,6.0,25765.63
2082.6,Multimodal,4511.7,13,8.8,40157.15
3258.2,Air,3671.4,7,2.6,164998.89
3311.9,Rail,6070.5,7,8.7,38963.33
4120.2,Sea,204.2,11,2.6,26554.54
2523.9,Road,7507.1,10,5.4,57245.75
937.2,Road,7353.9,15,1.2,34360.23
3470.3,Rail,4702.1,23,6.2,45042.77
2278.3,Air,3868.2,13,5.6,136365.72
3664.3,Sea,8028.3,22,7.4,35370.59
996.5,Rail,1576.1,7,8.4,14406.58
37.3,Multimodal,7405.7,11,9.8,18504.63
1266.8,Road,278.5,2,7.4,21812.62
827.2,Sea,9082.3,6,6.2,13910.81
3229.8,Road,9523.3,28,8.4,81256.36
2261.2,Multimodal,7226.6,7,8.3,43673.1
1685.3,Road,7480.1,5,9.0,43000.72
351.2,Road,3668.2,24,8.9,23555.17
964.3,Rail,8781.8,4,7.4,19131.62
4177.9,Road,3045.2,7,7.4,74298.85
931.5,Road,5677.1,14,3.2,31009.81
2611.4,Rail,7400.9,3,1.4,29343.11
3695.4,Sea,5851.3,2,5.8,24790.53
1313.1,Sea,4940.2,14,4.2,17878.04
3608.8,Road,2295.4,14,4.0,65531.47
1460.7,Road,6563.3,9,5.3,38741.06
2591.1,Road,7575.8,8,8.4,58673.83
1271.4,Air,5693.6,4,7.3,118431.28
2594.5,Air,8184.6,14,2.9,198971.36
953.2,Road,5996.5,19,2.5,34054.4
3640.1,Sea,7483.8,8,9.9,30004.92
2165.4,Air,9328.3,10,6.9,196984.45
4128.1,Sea,2728.8,15,7.1,32305.51
2836.6,Road,4487.1,7,8.1,56407.6
3726.5,Road,9075.1,22,5.9,84163.24
3826.8,Road,4863.0,1,4.3,67781.5
2370.8,Rail,81.0,4,6.0,23067.4
3224.8,Air,451.3,4,6.8,125856.04
2502.9,Rail,1013.8,21,5.5,32347.61
107.0,Rail,4081.2,8,6.4,9375.75
3233.2,Air,3822.3,8,9.5,169791.87
4471.0,Road,6189.3,15,4.7,86553.63
3915.6,Road,2124.6,19,6.8,73768.69
241.6,Road,4214.2,20,7.3,21033.31
4204.9,Rail,6906.1,25,5.8,53940.4
908.1,Multimodal,9899.6,13,1.2,32876.43
250.2,Rail,4751.2,7,9.9,10883.58
57.5,Road,37.9,14,4.3,7816.99
1905.7,Sea,6173.7,19,6.8,24132.15
1356.9,Multimodal,5205.8,4,8.9,28317.1
807.4,Rail,3534.0,26,8.4,23189.61
393.7,Road,3352.5,8,6.3,16353.79
1610.8,Rail,7266.0,16,7.5,28818.17
1033.1,Rail,3230.1,4,3.2,14136.62
2872.7,Rail,9734.1,26,4.3,45096.87
1698.9,Multimodal,966.2,28,9.9,37350.49
2027.6,Road,878.9,13,8.0,39876.6
3450.6,Road,9226.4,17,2.7,76377.62
1573.1,Rail,4244.6,16,9.2,26173.16
749.1,Rail,4816.4,9,5.7,15813.31
1330.2,Road,980.0,4,8.8,25189.59
3059.1,Road,3596.1,9,7.1,58814.13
535.9,Rail,5648.7,8,7.1,14395.08
2949.6,Road,906.7,19,1.2,54017.54
3271.5,Road,6995.8,17,8.8,72622.42
2899.7,Air,6484.1,8,5.2,187692.24
1638.0,Air,5805.0,22,1.2,139608.52
2942.8,Road,3749.5,28,5.5,65117.31
3741.5,Sea,3802.4,10,9.7,29857.57
1422.9,Road,8701.2,1,7.3,38911.07
1213.0,Road,349.0,14,8.6,26730.75
4307.3,Rail,7609.3,9,1.5,45379.77
4010.8,Rail,1907.0,24,9.1,49200.07
1218.4,Road,7718.9,12,2.3,38018.79
772.5,Multimodal,4886.5,26,9.7,30628.12
1907.1,Rail,3615.1,24,6.0,31203.02
2276.9,Air,2855.2,19,4.2,126438.98
761.6,Road,4847.9,20,8.1,30301.87
115.2,Rail,7092.7,27,6.1,20681.3
3684.0,Road,5535.6,4,6.5,69417.52
4161.2,Air,6398.8,5,1.9,228320.61
314.9,Road,9353.5,14,1.3,28467.82
3783.4,Sea,6219.4,10,1.5,26459.32
1993.4,Road,5876.4,14,1.7,46885.28
805.9,Air,3764.3,8,4.6,80126.87
1741.3,Rail,3249.5,10,1.5,22136.97
3897.0,Road,5295.8,18,8.7,79932.06
554.0,Sea,143.9,1,8.4,6944.38
448.1,Rail,5765.6,1,9.6,10905.78
4346.0,Road,3340.6,24,3.7,82839.67
1324.4,Road,7758.1,6,3.8,37256.52
3876.6,Road,1380.2,8,6.0,66359.56
2529.0,Sea,7229.6,9,7.6,23355.31
1085.7,Road,4468.6,21,5.0,34633.69
1331.0,Rail,4215.2,7,7.3,19594.95
1856.8,Road,463.2,17,4.4,37231.63
677.1,Sea,3443.2,26,6.5,19903.72
3196.3,Road,9324.4,27,1.8,76863.14
1882.4,Road,132.2,8,2.0,32231.13
4002.1,Rail,1442.6,16,1.7,40770.94
4120.9,Sea,7860.4,29,2.0,37345.13
4111.8,Road,4068.4,8,1.2,71906.37
2923.6,Road,1483.3,2,5.0,48726.1
2145.0,Road,1743.4,2,3.9,37079.94
384.3,Sea,1202.1,12,9.0,11434.23
3401.1,Air,449.0,6,7.6,133558.5
405.3,Rail,9917.6,17,4.3,21105.66
825.2,Road,4880.9,21,4.9,31430.82
3793.2,Sea,2671.4,24,6.0,33905.13
3842.5,Air,5196.6,8,8.1,207509.32
1959.0,Air,3704.3,25,3.9,127894.33
3241.3,Sea,8148.5,8,6.1,26313.73
994.5,Road,6006.0,10,5.0,31030.87
4035.6,Rail,8305.1,27,1.9,52188.46
2944.8,Rail,2364.5,8,8.4,32701.84
3860.4,Rail,5416.1,4,2.4,38204.48
1766.6,Rail,2640.2,17,6.2,26095.23
184.8,Road,2528.1,4,6.3,9854.18
4469.2,Sea,1815.1,22,2.8,33869.94
3430.9,Road,4020.6,18,7.9,69751.43
753.1,Road,6972.2,21,2.1,33725.38
2882.2,Road,5081.6,10,2.0,56828.81
4255.6,Air,9725.8,14,2.0,275684.61
4042.7,Multimodal,2663.0,14,9.1,62316.98
4230.2,Road,6906.5,29,5.0,90665.76
499.2,Road,3754.2,22,3.3,24699.1
3844.5,Road,3492.8,18,2.7,72291.79
4011.5,Air,4326.2,19,8.5,208468.95
817.7,Road,2408.7,1,7.0,18078.76
3185.3,Rail,9332.9,9,3.3,39131.79
3118.8,Road,3795.0,21,1.8,62905.51
3100.5,Air,2645.3,21,6.7,155313.0
2579.1,Sea,5889.8,16,5.1,25367.27
1075.2,Air,1646.5,21,8.3,70664.68
488.4,Road,7302.8,12,5.1,26583.26
1109.7,Road,4070.6,23,4.4,35135.55
4115.1,Rail,5230.3,3,9.1,43794.99
1019.5,Road,8332.8,10,7.2,36009.23
1945.8,Road,1453.5,8,3.9,36167.06
1986.9,Multimodal,5876.9,17,2.3,40943.29
4160.0,Air,349.5,15,6.1,162825.47
522.1,Road,3992.1,11,9.3,21082.22
2156.0,Road,8538.5,21,2.7,57472.79
3643.5,Rail,7253.3,7,6.3,41657.73
282.5,Sea,7855.3,3,7.0,9371.24
3356.9,Road,4205.6,27,4.3,71154.03
427.7,Air,4775.9,14,1.4,81306.41
2038.4,Road,8404.0,16,8.0,54956.22
715.0,Rail,5066.8,18,5.4,19746.77
1757.3,Rail,5936.1,5,9.3,24384.33
172.6,Road,8426.7,27,8.2,30636.25
3790.6,Rail,8156.9,12,2.0,43477.09
606.5,Air,2444.8,6,9.2,56591.23
847.7,Road,5879.6,15,3.7,30718.35
2064.7,Air,2065.2,2,8.6,103173.76
92.5,Road,413.1,12,6.6,8236.56
4145.2,Rail,1047.4,4,5.7,38649.97
1863.8,Road,4693.9,15,8.5,45161.96
2386.3,Multimodal,8888.3,25,10.0,56437.12
3913.2,Road,4779.2,6,8.2,73511.07
2594.4,Road,1270.8,8,7.4,47013.03
363.4,Sea,1433.8,23,9.2,16462.43
3615.1,Sea,6210.3,3,3.2,23591.04
4122.1,Road,8588.7,28,1.8,89522.58
3638.0,Multimodal,3208.6,11,7.2,55767.37
859.5,Air,5504.3,20,8.6,108762.89
2167.6,Road,8924.5,5,4.5,51844.32
1351.1,Rail,1333.5,29,2.8,26127.87
2693.3,Road,1573.5,13,1.7,48965.56
3768.2,Rail,3778.1,11,6.6,41523.53
1803.7,Sea,4539.9,4,3.0,15209.2
2667.5,Rail,2302.6,16,6.9,33233.9
50.9,Road,5500.6,22,8.1,21284.83
1581.6,Rail,8981.9,11,1.3,26442.36
2796.5,Road,8846.9,2,8.3,61422.3
4457.4,Road,628.3,25,7.1,82327.07
1255.5,Road,6039.2,9,8.2,35338.99
790.5,Road,2158.4,17,4.2,24053.09
4031.1,Road,6644.1,26,9.4,88463.66
2534.2,Sea,5689.7,4,8.8,21125.66
4480.9,Rail,2245.0,19,5.4,48976.9
1147.4,Multimodal,9410.5,5,6.4,32060.88
884.8,Multimodal,4738.8,6,6.2,22368.5
1604.0,Road,3925.8,23,9.9,43589.4
2602.5,Air,7917.7,18,9.0,200134.85
348.5,Road,2983.2,6,6.9,14116.77
1753.0,Road,5922.4,3,5.0,39298.14
300.2,Rail,2053.4,7,6.9,8742.12
2961.9,Road,621.9,28,2.7,58521.22
1551.7,Rail,4988.3,18,5.5,26722.74
4368.1,Rail,1636.1,29,1.5,49500.38
468.7,Road,3613.4,11,2.7,18990.1
4025.0,Rail,4767.3,18,6.2,47486.48
123.0,Rail,69.2,10,7.3,6796.31
2948.9,Rail,3489.7,22,5.7,38919.4
4266.0,Air,4450.6,19,1.3,214555.59
3184.4,Rail,5456.3,19,4.2,40449.29
142.6,Road,8404.5,13,5.7,23845.11
2959.0,Road,3271.6,29,8.7,66390.65
1301.8,Rail,9222.9,11,8.4,25892.65
3284.5,Rail,3370.1,1,2.6,30520.98
2037.0,Rail,5648.7,16,8.5,31312.3
2784.9,Rail,789.7,26,5.3,36702.31
111.6,Road,4027.3,3,8.5,10978.22
1264.9,Multimodal,7778.6,27,6.7,41011.32
1362.1,Rail,2976.9,24,4.4,25791.95
2017.1,Road,121.7,17,2.4,38432.79
3963.4,Road,9286.0,2,1.8,76777.16
1664.4,Rail,78.4,10,5.0,19459.08
3167.7,Sea,2671.0,26,2.9,30364.67
1608.7,Road,9023.0,26,3.6,52852.74
908.4,Rail,1384.4,5,9.5,12741.03
2085.7,Multimodal,8595.8,6,5.6,42263.61
1100.3,Rail,9560.6,26,2.7,30251.2
242.1,Air,6234.7,26,1.6,97577.84
967.8,Road,3331.1,9,8.1,26000.84
376.4,Rail,3091.6,21,6.2,16600.47
218.2,Road,1395.1,17,6.2,14194.28
3325.0,Road,9018.5,23,4.8,77785.7
3129.6,Rail,7940.6,8,2.5,36503.86
695.0,Road,2239.7,24,7.1,26266.35
188.2,Rail,6689.2,13,7.1,14663.51
111.8,Rail,5930.0,25,2.3,18676.54
3293.0,Rail,1420.8,11,3.2,33775.18
1908.0,Road,2390.1,6,1.5,35695.69
1936.1,Road,1360.9,29,6.4,45963.8
291.5,Multimodal,5394.9,29,6.1,26711.39
3606.6,Road,1944.8,4,7.2,62050.63
1316.5,Road,9835.9,11,4.0,43126.39
1892.6,Sea,2767.0,19,5.0,22178.71
1991.7,Rail,7231.4,24,8.2,35964.96
3969.7,Road,3272.3,28,1.0,77217.59
3750.4,Rail,3581.8,25,3.7,45925.4
1482.0,Air,3118.7,9,4.3,96783.88
335.5,Rail,1092.4,29,6.2,18053.54
2509.6,Sea,9276.2,24,5.6,30136.1
1237.6,Road,7790.8,17,2.6,40739.69
1393.1,Road,2377.5,28,2.4,38081.81
3971.8,Rail,3081.6,10,7.5,42789.31
3314.9,Road,4416.7,19,5.0,67633.61
1757.1,Sea,7748.6,6,5.4,17825.14
2914.5,Road,8765.2,1,2.1,60076.0
865.5,Road,7680.9,28,3.0,39873.83
3005.2,Road,9501.1,8,2.5,66076.33
286.5,Road,7613.9,22,4.3,28538.13
2956.5,Road,2247.3,4,4.1,51137.26
3990.6,Road,3791.7,20,4.7,77094.08
2614.4,Road,7427.1,29,6.4,67381.37
1535.1,Road,1274.3,23,2.6,36151.93
2514.8,Road,2305.4,19,7.6,52613.07
1493.8,Air,9820.6,7,3.2,176581.53
1315.6,Road,6652.1,22,8.0,43171.66
27.1,Road,1790.4,9,5.4,8263.47
1136.6,Road,931.6,20,4.4,28517.23
4023.2,Rail,9623.7,9,4.9,46987.59
810.3,Air,4992.5,24,6.8,102411.33
2851.8,Rail,4214.9,3,4.8,29812.08
2763.3,Sea,7966.3,12,2.3,24147.49
1019.5,Road,6695.5,1,7.3,29014.87
3473.9,Sea,5585.2,9,9.7,28699.15
1979.6,Sea,2296.5,16,2.5,20302.54
3588.5,Road,5557.3,20,3.6,73504.84
60.4,Air,5407.8,22,8.3,79497.52
674.6,Rail,1023.7,17,8.0,15683.48
1693.1,Rail,5017.7,27,1.6,30944.57
2140.2,Sea,6028.9,3,4.5,17182.01
2460.8,Road,7312.3,18,9.1,60988.33
3550.3,Road,5558.4,21,5.5,74422.78
4064.0,Sea,5605.7,6,2.4,26253.8
1431.0,Air,5672.6,27,4.7,133848.3
3991.7,Sea,2714.0,21,9.9,35928.03
1202.2,Sea,8758.4,3,3.7,13777.91
326.7,Rail,6181.3,2,2.0,10077.73
2611.4,Road,6831.2,25,4.2,63690.93
2999.3,Road,5031.5,1,1.2,54192.99
1332.8,Air,1474.1,7,5.5,71007.92
767.2,Road,1608.3,4,8.0,17379.53
440.7,Road,4606.5,28,6.5,28240.79
1987.0,Sea,8712.5,23,4.5,26745.45
1843.2,Sea,1220.3,2,3.4,13149.96
1286.1,Road,5032.9,13,2.1,34520.31
997.9,Road,406.8,12,4.1,21861.62
180.5,Rail,8719.4,6,3.7,13183.68
3102.0,Sea,2622.1,8,5.6,23129.75
1761.5,Air,3519.6,22,2.8,117156.4
975.4,Rail,1649.8,17,5.1,18402.21
2324.4,Rail,3144.1,4,6.7,25588.58
3963.9,Road,3935.3,15,9.0,77295.79
1049.9,Road,1607.0,16,3.0,26410.91
2761.7,Sea,2825.4,25,4.2,28661.12
4130.9,Rail,6848.9,23,5.2,51819.68
1717.7,Rail,8673.9,16,6.9,30874.92
4268.9,Sea,6483.7,13,5.5,32574.93
61.7,Rail,9627.9,2,2.1,11325.4
539.0,Road,2465.8,16,5.7,20498.8
2401.0,Multimodal,3621.7,26,8.6,48610.05
2246.3,Road,3297.2,13,3.1,46038.32
4421.4,Road,5306.5,25,1.3,86324.93
647.7,Rail,7132.7,20,8.9,22416.63
4458.4,Road,2126.2,6,3.2,73922.38
3834.6,Road,8245.1,25,8.1,87012.65
1006.4,Rail,3394.5,6,7.1,15563.37
1657.0,Road,4634.2,27,2.4,45738.28
543.2,Road,8361.9,7,5.6,27242.9
4089.8,Rail,3285.1,28,4.0,49814.67
1738.4,Sea,6705.6,17,9.1,23043.05
179.3,Sea,4641.5,3,7.0,7635.16
2601.0,Rail,2741.8,4,6.6,27611.9
1164.0,Sea,4484.3,11,2.5,15320.96
1732.7,Road,7594.6,7,9.7,45091.71
2115.5,Sea,6683.9,27,2.2,27501.05
347.5,Road,7549.7,29,7.7,32701.64
2204.1,Sea,3143.3,7,9.5,19854.06
1302.1,Road,7708.0,12,5.0,39792.6
3206.4,Sea,4053.1,8,3.5,23213.9
1155.5,Air,5373.8,23,6.6,118915.06
4249.1,Sea,8787.3,8,6.6,31810.18
3342.2,Road,7179.8,16,6.9,72638.7
542.7,Multimodal,7157.1,4,6.7,20957.26
633.8,Rail,4999.8,15,1.4,17282.99
1620.1,Road,5802.5,3,2.2,36404.56
127.6,Rail,7548.1,19,5.4,17600.02
225.2,Road,50.8,17,5.4,11761.42
3235.6,Road,4139.1,14,4.6,63430.48
1476.2,Road,3001.0,27,7.9,41281.75
920.3,Road,2563.1,5,2.0,21035.17
1659.8,Road,8292.1,28,5.6,53563.51
4422.0,Air,4772.0,27,3.2,228770.8
4061.4,Road,508.3,19,5.9,72495.37
1149.6,Road,9760.0,11,5.8,40769.65
348.5,Road,1474.7,3,1.0,9753.54
1480.3,Multimodal,4341.1,4,5.4,27846.0
45.2,Sea,6321.6,4,3.7,7999.27
1001.8,Rail,5647.3,26,6.4,26456.29
2812.1,Road,4358.2,17,1.7,57629.75
408.5,Rail,3052.4,24,9.7,18346.71
778.5,Rail,5694.5,1,8.2,13549.35
1944.4,Air,8556.8,3,7.8,176896.8
3219.2,Rail,2407.3,17,6.2,38116.84
2375.7,Rail,639.4,12,4.0,26424.62
3300.7,Rail,3583.6,11,6.9,37541.5
421.0,Multimodal,7476.2,16,9.3,25645.03
730.1,Road,9913.5,20,9.3,39062.15
4007.6,Air,6512.7,16,5.9,231633.38
4318.7,Road,5098.1,2,9.3,79255.67
3693.9,Sea,776.9,5,6.9,24609.39
3242.1,Rail,3418.8,8,5.4,34749.81
237.1,Rail,575.8,18,9.7,12031.53
4493.6,Road,4208.2,22,5.1,86825.7
952.7,Road,4909.9,27,9.5,36642.3
1855.4,Rail,2753.9,15,3.0,25175.71
2830.9,Rail,708.0,15,4.2,31559.87
2443.7,Road,4276.4,25,7.5,57732.02
4459.1,Sea,9710.1,9,4.5,32379.94
2669.6,Sea,3225.7,1,3.6,17396.71
1001.9,Rail,3147.7,8,3.7,15723.94
2537.8,Sea,1491.0,20,2.3,24163.15
1467.5,Road,5563.9,28,1.6,44764.64
2996.4,Rail,5364.9,19,9.1,41148.57
181.7,Rail,3868.3,5,6.5,8440.1
1247.5,Rail,8941.4,14,5.5,25937.82
2469.8,Rail,950.5,6,7.3,25952.66
3496.7,Sea,9212.8,4,9.0,27771.21
3751.3,Road,4122.8,20,4.0,73722.23
4115.5,Road,1367.8,12,5.5,71562.72
1705.4,Road,5639.9,29,1.4,48873.14
2644.9,Road,6801.7,19,8.0,62894.33
2638.5,Multimodal,2801.0,10,1.6,40392.12
4047.9,Road,8371.9,8,4.8,80805.77
3808.8,Rail,121.9,24,7.5,44935.05
1913.2,Multimodal,3494.1,15,5.0,36452.48
2679.6,Rail,8780.0,24,5.2,42180.01
4121.1,Road,6779.8,17,8.8,85679.47
4499.2,Sea,2245.6,6,4.5,28118.96
3324.6,Rail,4547.9,12,9.8,40476.32
313.1,Multimodal,2687.6,21,7.4,19244.64
4013.8,Sea,4740.9,1,8.0,26817.6
2153.1,Multimodal,8376.3,29,2.5,52069.87
1581.1,Air,515.0,23,6.7,75928.63
1309.1,Road,2464.4,16,3.1,31765.08
3617.6,Sea,323.3,8,2.9,23223.71
4042.8,Rail,9914.2,26,9.2,57772.39
3087.4,Road,1601.8,25,3.0,60873.14
272.8,Rail,2824.3,28,7.0,18746.28
4440.8,Road,8533.5,22,2.4,91854.3
2512.1,Sea,5120.3,14,10.0,25663.64
3724.4,Road,9444.0,21,1.6,81929.14
3246.6,Sea,5906.2,8,3.4,24177.59
1512.1,Rail,7222.6,15,8.4,27740.55
4130.8,Air,6174.8,12,7.4,231195.92
1375.2,Road,7376.3,26,8.9,47335.66
4409.0,Rail,2691.6,16,6.7,48328.93
4428.0,Air,3329.7,1,6.7,202297.76
199.1,Road,6036.3,28,5.8,27056.07
586.0,Sea,8605.9,6,5.1,12389.94
1058.7,Road,2295.0,5,4.6,23157.02
1664.9,Sea,9571.0,23,7.3,26215.7
2942.2,Rail,4480.6,1,3.7,29339.38
1646.3,Rail,1358.5,27,4.5,28033.21
4218.3,Road,8720.6,10,5.4,85398.58
2145.1,Sea,9278.5,2,3.0,17632.25
2510.2,Road,8230.8,1,6.4,54645.83
2820.2,Road,4356.2,22,7.0,62089.37
1917.3,Road,9434.0,21,1.1,55143.78
2857.6,Multimodal,3328.5,2,2.7,40464.61
407.8,Rail,894.8,17,4.9,12941.27
2261.8,Rail,3443.2,11,6.7,28468.24
1489.3,Road,3663.4,25,6.4,41489.62
913.2,Rail,8012.9,24,1.8,26254.92
174.7,Road,7153.9,1,2.8,16497.37
3515.2,Multimodal,6215.3,23,4.7,62882.22
550.6,Road,1933.0,25,9.0,24069.86
773.5,Air,8001.3,3,8.1,127902.12
760.9,Rail,329.7,25,4.9,19012.84
4412.0,Road,2200.1,17,9.2,82242.93
1144.0,Sea,5494.1,29,7.9,24737.12
842.3,Rail,4764.8,25,6.0,23785.8
4361.7,Road,6908.2,2,1.9,78449.68
2824.3,Road,7932.5,5,5.1,60176.25
3072.8,Road,8651.2,13,8.0,70271.48
3668.1,Road,9649.2,11,1.9,77159.69
2460.4,Road,5538.3,6,2.1,49685.85
2444.9,Road,5809.5,26,8.8,61481.49
4492.4,Multimodal,5611.0,21,3.8,71837.34
3106.1,Rail,8963.5,15,8.0,43051.12
3203.3,Road,7726.4,22,3.0,72247.29
401.3,Sea,4978.5,27,6.1,19723.0
518.7,Road,6844.9,21,8.2,30473.51
2287.1,Rail,3055.7,23,1.9,32065.25
3280.6,Air,1670.9,1,6.0,140820.03
3393.6,Sea,482.4,8,5.2,23503.95
3526.7,Road,4153.3,15,5.0,68616.72
3209.1,Rail,3730.4,2,4.5,31729.84
532.1,Sea,7588.8,21,6.6,18612.78
3753.5,Road,5038.7,15,7.0,74827.73
3451.5,Road,1719.4,23,6.9,67598.08
1683.7,Road,989.8,2,2.1,28236.84
1842.0,Multimodal,804.4,19,4.0,33195.07
2493.3,Sea,188.1,1,5.2,15926.17
4467.8,Air,755.5,22,9.6,184274.34
3350.2,Road,7540.7,14,7.1,72667.05
3770.8,Rail,7737.0,3,5.3,40889.59
929.4,Rail,3556.4,24,6.8,23096.41
2278.4,Sea,339.6,16,7.7,22643.35
2534.1,Road,1296.8,25,6.1,53226.26
203.8,Rail,5079.4,29,9.1,20576.37
506.2,Rail,9770.4,23,4.5,24571.71
968.9,Road,1233.0,7,7.8,21202.58
3975.9,Road,1551.6,16,1.5,69075.32
3489.4,Rail,4054.5,5,3.2,34837.43
2191.0,Rail,6159.6,8,5.4,28607.46
3530.0,Road,3925.3,16,9.8,71319.67
2348.0,Rail,6264.6,14,7.6,33440.79
4149.0,Rail,661.6,9,1.2,37694.77
1287.2,Road,1797.6,20,7.6,33051.37
539.3,Road,717.5,14,2.8,16215.92
225.4,Multimodal,8751.9,27,8.0,29998.15
1974.8,Road,7989.1,28,8.9,58833.83
1377.2,Road,2674.9,12,8.2,32507.48
4353.4,Road,7543.2,28,3.0,91854.18
3971.3,Rail,8110.3,16,6.9,49652.89
1937.6,Rail,8512.3,22,9.9,36153.27
79.7,Air,4335.9,2,9.6,58363.6
427.5,Road,9689.6,2,10.0,25803.14
973.3,Sea,8923.8,23,5.9,22083.6
1768.1,Road,7099.5,23,4.1,50491.8
3608.6,Road,328.8,17,4.8,63847.75
3838.4,Air,7374.4,22,1.8,236265.93
4496.0,Rail,6287.1,9,7.1,49394.25
2392.4,Road,9455.9,19,3.1,61926.18
4266.6,Air,4547.2,21,8.2,221018.9
2941.1,Multimodal,5889.1,17,9.6,55081.67
2153.4,Rail,5691.6,11,4.3,28815.02
611.9,Road,250.6,21,6.9,20006.51
4125.1,Road,2144.7,23,8.4,79916.02
4022.8,Rail,1831.9,16,3.1,42099.99
3958.1,Air,3555.3,2,3.0,186432.56
4336.7,Air,2764.1,19,1.7,197207.97
3686.7,Air,3239.3,6,3.6,175104.89
29.9,Sea,750.9,12,9.0,9385.16
3219.1,Air,1537.7,23,1.9,144903.91
1874.2,Sea,5069.9,7,3.6,17184.72
4248.8,Sea,5097.0,20,8.7,37039.76
3530.5,Road,979.3,12,8.5,63364.54
3615.1,Road,6059.3,18,2.0,73100.49
494.2,Road,9782.1,21,7.5,35380.82
2091.6,Road,3926.4,6,4.3,42031.97
2054.0,Road,1633.2,8,1.4,37359.08
2228.1,Air,9955.0,11,1.4,205423.77
3583.8,Multimodal,5268.3,23,3.9,61762.42
996.1,Road,2436.8,15,8.4,27445.18
811.6,Rail,8774.4,12,8.7,21686.74
3861.2,Multimodal,1271.5,28,8.8,64128.81
3757.5,Road,1864.3,2,2.7,60842.84
2999.6,Sea,7573.9,29,6.2,34299.81
286.2,Road,9111.6,7,1.8,24467.04
3241.6,Road,4306.9,29,8.6,72556.63
490.0,Air,713.5,23,9.3,39359.73
1788.9,Road,6252.0,5,7.6,42103.38
3778.0,Road,7649.1,29,1.9,83311.81
142.6,Rail,5268.6,5,3.5,9211.11
2856.1,Air,3928.0,2,8.1,153984.3
2488.0,Rail,6780.8,22,6.0,37995.44
1699.1,Multimodal,4729.6,17,2.3,36029.88
962.8,Road,7819.0,7,9.9,33126.2
749.7,Rail,71.8,29,6.1,20575.71
3780.9,Road,6088.0,29,2.0,80551.52
502.3,Multimodal,8458.2,28,3.8,33111.51
4343.4,Road,6817.8,10,9.4,86506.99
886.5,Air,5683.4,21,4.6,111819.47
3247.5,Road,2240.7,8,4.7,57726.3
2509.8,Road,5513.7,12,7.4,55122.47
1687.8,Road,8152.1,26,6.0,52928.59
4114.5,Road,8582.5,20,3.5,86830.17
158.5,Multimodal,6383.2,5,6.3,15746.04
3452.8,Sea,9843.7,4,1.8,23936.45
3329.7,Road,1195.6,9,2.5,56322.6
3761.0,Rail,6838.6,10,8.9,45117.9
4013.2,Rail,444.2,12,2.4,38494.58
2060.6,Rail,8544.5,19,7.2,35072.49
3039.5,Air,7778.1,1,4.1,204483.05
2590.7,Road,8149.0,14,7.3,61934.72
2664.8,Road,3620.5,5,5.0,50048.76
117.2,Rail,2150.1,11,1.1,9102.29
4332.9,Sea,2132.9,5,3.9,26491.77
733.6,Sea,9082.2,27,7.2,23033.1
1867.6,Road,5227.3,25,2.5,48960.17
3153.3,Road,1910.2,17,7.1,60751.87
962.8,Sea,802.1,11,8.6,13838.4
527.0,Road,4174.7,14,2.2,22225.46
4031.3,Rail,1371.2,13,3.1,40374.25
2614.2,Road,3554.9,25,5.5,58339.42
610.5,Sea,1360.2,15,2.0,13432.09
3929.2,Multimodal,5424.9,21,9.4,68373.09
853.1,Multimodal,659.8,15,9.8,20458.59
2960.3,Rail,620.9,2,6.1,27588.04
3850.7,Road,8166.7,10,3.7,77818.65
2790.5,Road,845.2,11,3.9,49118.22
36.4,Road,9691.1,1,4.8,19073.95
2925.1,Rail,5783.2,22,8.7,42087.73
2557.0,Road,2948.0,1,8.3,46686.07
2378.8,Rail,2728.0,12,9.1,30210.64
1381.1,Rail,6651.8,3,9.3,20832.57
2821.0,Sea,8630.7,25,4.0,31141.91
79.2,Sea,5218.2,22,7.4,15903.36
2334.1,Road,7652.3,14,2.9,55530.63
1480.4,Air,9358.0,10,7.1,172614.88
220.1,Road,6057.2,26,6.0,26526.6
1184.6,Road,4220.9,13,3.9,31896.75
3765.9,Multimodal,1120.8,6,1.7,48861.26
1166.5,Road,6913.6,2,4.2,31676.67
2126.9,Road,8521.5,9,4.6,52401.73
2545.7,Air,185.2,20,8.9,106164.29
1295.6,Rail,6470.9,9,9.3,22683.42
2447.5,Air,685.9,20,9.6,108890.78
4299.8,Road,9427.4,11,3.5,87160.69
833.1,Road,4151.5,4,8.8,23143.76
4015.3,Road,1861.5,6,8.1,69731.64
2527.4,Rail,2030.7,27,9.4,37685.25
3508.0,Road,914.6,7,6.4,59564.25
2698.1,Road,6579.8,29,1.4,65159.5
1377.3,Sea,8787.3,6,6.7,16592.77
2588.0,Sea,3815.9,17,7.1,25696.07
1920.2,Road,5313.0,8,5.7,43236.96
2674.2,Road,2596.4,17,1.5,52324.01
2546.5,Road,7767.5,7,9.5,58335.35
3052.7,Road,6498.2,2,1.9,58334.89
3264.2,Road,9982.3,7,1.1,69508.53
2466.9,Road,8513.6,3,4.8,54846.72
3649.2,Rail,1416.3,12,3.8,37342.67
3087.8,Road,8442.6,11,7.8,69150.13
1147.3,Air,548.1,4,3.9,51752.53
4224.8,Road,1502.0,22,4.2,77134.36
324.3,Sea,3854.6,21,9.6,16322.89
2850.3,Road,1904.7,18,2.9,54716.74
2757.4,Rail,2859.0,15,7.8,34420.61
2002.7,Rail,7104.2,14,2.7,29740.05
2150.2,Road,5613.2,16,4.7,50716.69
3499.8,Rail,3995.7,28,7.2,47439.09
3251.4,Road,6463.7,18,7.5,71111.43
1867.3,Rail,12.0,1,8.1,17956.48
967.7,Sea,8791.1,28,2.0,23860.45
282.7,Road,3949.7,19,3.9,20480.78
3260.3,Road,4895.5,2,5.3,60234.01
3134.9,Rail,1180.5,15,2.9,33748.32
1284.6,Multimodal,7575.2,15,7.6,35715.86
4288.7,Road,9950.3,20,9.3,95712.12
2930.3,Sea,7665.6,5,7.5,23838.95
2998.0,Rail,1404.0,28,4.7,39713.7
2537.2,Road,9300.5,4,5.1,57758.8
2909.4,Rail,5848.9,17,8.6,39757.13
4495.8,Road,8661.8,18,4.7,92544.21
3607.8,Road,4227.0,13,6.4,69823.61
1904.2,Road,2792.3,19,4.6,43038.04
881.3,Road,223.3,7,6.4,17739.0
3391.1,Air,9486.4,21,8.3,248615.82
3956.5,Road,1546.3,18,9.4,74487.46
2354.7,Air,7822.5,10,9.9,186798.65
4156.1,Road,2790.7,7,1.6,70067.87
2514.7,Road,5711.7,3,4.9,50631.55
978.7,Road,8258.3,23,4.6,40621.19
1920.0,Sea,3506.2,6,9.4,17968.51
1900.4,Road,4326.7,27,1.4,48530.99
788.0,Rail,1446.4,6,4.4,11644.37
3096.1,Sea,4212.3,27,9.0,33903.25
3790.9,Rail,8257.8,15,8.9,48829.36
944.1,Road,8801.4,15,9.3,38175.24
3456.7,Sea,6340.2,2,3.7,22664.38
660.1,Road,4683.0,3,2.7,20188.31
1497.9,Road,2075.2,10,6.5,31919.67
3328.9,Sea,4556.7,27,5.7,33617.72
1802.5,Road,8068.4,20,7.1,52256.38
40.9,Rail,3103.1,10,2.7,8778.96
3666.1,Road,8016.1,16,9.7,80641.79
1013.1,Road,45.4,4,3.2,17667.29
3849.3,Sea,3487.6,6,5.0,25824.23
1148.0,Road,9902.0,4,7.6,38196.77
1150.4,Sea,9110.9,24,9.6,24139.68
3977.6,Sea,6473.0,24,5.6,36057.16
1576.0,Air,4928.2,24,2.7,128239.4
3001.6,Rail,7088.2,17,6.6,40666.9
1609.9,Road,9808.8,6,2.1,44760.99
2438.1,Road,312.2,9,5.0,42386.4
3469.7,Road,2764.4,2,2.4,58041.0
4133.6,Sea,9952.0,10,3.2,30428.64
2934.9,Road,6047.3,12,8.9,63409.66
1716.5,Road,7311.7,19,7.0,48937.34
1776.4,Sea,7540.9,16,7.5,22867.17
706.6,Road,3958.2,25,2.6,29403.51
2546.8,Road,9410.5,10,9.5,62509.04
3790.9,Sea,1653.2,16,1.6,27483.75
590.1,Road,8114.5,3,9.5,25925.17
1178.3,Sea,5519.6,21,3.3,20471.3
92.1,Road,2883.1,12,1.6,12487.53
2369.7,Multimodal,4796.4,5,5.2,39388.87
266.5,Road,5335.6,11,5.5,19337.45
2608.3,Sea,3643.0,11,8.2,23509.8
1282.7,Road,3056.3,17,6.8,33756.72
3613.2,Sea,4441.8,11,4.4,27038.05
2409.2,Road,8367.0,22,6.5,62819.16
2169.6,Rail,7127.5,12,6.4,31357.17
1046.2,Road,822.5,10,9.4,23250.16
4165.8,Rail,7667.0,24,1.3,50982.57
4285.6,Road,9282.4,4,6.9,85656.78
3394.8,Air,9583.2,21,7.8,249774.07
1381.7,Sea,4069.1,13,6.2,17816.3
3548.8,Road,9170.2,11,8.8,78241.52
3260.5,Rail,1684.1,2,9.7,32738.84
955.7,Rail,4001.3,1,3.2,12920.06
371.8,Rail,5072.6,3,8.8,10403.63
872.6,Rail,1835.7,6,5.6,12797.41
3901.3,Road,6887.4,18,7.3,81898.15
708.1,Sea,4119.5,9,3.3,12408.33
3565.4,Rail,1290.5,23,8.4,43970.51
1436.4,Sea,5274.2,25,5.2,23716.9
3257.0,Air,2874.8,28,7.3,167270.7
4048.0,Road,9410.9,6,8.8,84244.43
3547.7,Road,8258.2,10,6.7,74942.56
2420.6,Rail,8181.8,22,6.4,38958.7
26.8,Road,6430.6,19,1.6,21062.81
624.6,Road,977.5,22,7.2,22037.52
3526.5,Road,4461.7,28,4.2,74679.18
441.8,Rail,6484.0,17,8.7,18551.47
4379.4,Rail,1993.5,22,5.0,49100.75
4366.4,Road,4029.0,17,8.6,84470.87
1326.2,Road,4822.5,9,8.8,34348.91
158.7,Road,8343.6,18,7.2,26196.02
3362.2,Road,3811.9,17,1.7,64722.98
864.3,Road,3499.7,6,3.3,22476.31
3301.5,Road,7261.1,22,3.4,73095.1
1510.6,Road,3411.6,9,7.8,34493.74
1680.7,Road,997.2,13,9.1,34844.76
2706.2,Road,7862.2,25,6.6,67970.27
741.7,Road,3700.5,25,3.2,29653.07
4362.9,Air,9867.1,18,4.0,284357.85
199.9,Road,5073.0,19,5.7,21377.98
4265.5,Sea,651.3,10,1.8,26397.68
1347.1,Road,7632.7,15,8.4,42251.91
3000.7,Rail,3783.1,17,6.6,37694.19
4490.9,Road,1238.9,25,3.0,81194.95
1070.2,Rail,5575.0,5,9.2,18028.44
2141.0,Sea,2496.3,18,5.8,22895.44
110.6,Road,9393.4,5,1.5,21349.61
970.3,Road,7011.9,4,7.4,30070.02
628.3,Road,4154.3,22,5.3,27566.44
3395.0,Road,7702.8,5,5.4,68710.78
3116.8,Road,4646.3,5,7.2,59805.11
2202.4,Sea,9206.4,13,2.8,22726.22
12.9,Air,7122.9,8,9.6,92042.11
929.9,Road,9787.8,20,8.4,41948.01
3045.5,Rail,3398.6,17,9.1,38883.77
65.1,Multimodal,8290.4,2,9.2,16097.49
2624.2,Road,2824.5,19,4.7,54055.4
728.5,Road,3398.2,26,3.9,29300.63
2621.1,Sea,2428.5,8,6.0,20898.55
3560.1,Road,8376.2,15,2.1,75227.71
3934.7,Rail,9005.0,10,5.6,46610.97
1948.7,Rail,1974.6,15,6.3,26207.53
2717.5,Sea,8652.8,25,2.0,29937.53
2401.7,Rail,9647.5,15,7.7,37348.56
2432.0,Rail,5318.0,19,9.2,36232.64
1740.9,Sea,2433.9,9,3.7,16478.15
3552.4,Rail,9313.4,19,1.1,45377.45
1525.3,Multimodal,9240.2,5,9.0,36972.17
2666.9,Rail,1324.2,3,4.3,25542.11
2052.9,Sea,9585.4,26,1.1,27544.85
1547.0,Road,3041.6,20,2.0,37965.1
1646.8,Multimodal,4427.4,4,7.1,30379.67
1952.7,Road,5539.5,26,5.8,52370.94
1838.0,Road,3311.3,11,2.6,38869.77
3190.9,Multimodal,655.5,7,5.8,44056.6
2542.7,Road,7175.2,5,4.4,54341.28
2300.5,Road,7701.4,20,3.0,57856.48
775.5,Rail,5316.1,22,8.7,22795.68
2123.6,Sea,4309.0,26,8.4,28023.19
2179.2,Road,7274.7,27,7.1,59738.37
3185.1,Sea,9944.0,19,2.7,30009.56
1970.7,Road,9323.9,23,4.6,57629.02
2340.4,Road,5631.9,5,7.5,49622.82
1806.6,Rail,8175.6,19,8.1,32891.05
4403.2,Road,2209.5,3,9.3,75967.7
3851.8,Rail,3733.8,12,2.5,40273.74
199.2,Road,9607.6,19,3.9,29435.75
3859.8,Road,5560.2,13,2.6,73952.1
1643.1,Multimodal,5396.9,4,9.8,32328.91
1500.7,Air,2419.8,23,8.2,96271.42
433.8,Road,4933.8,1,4.8,16530.42
4078.6,Sea,1687.4,21,7.2,34207.34
3948.4,Road,7330.9,23,8.1,86177.11
4206.9,Sea,8729.7,20,7.1,37277.5
3470.8,Road,7739.6,26,2.3,77873.45
480.7,Rail,1248.7,18,1.0,14037.36
124.9,Multimodal,5621.7,28,8.5,24495.7
4096.6,Road,3668.6,28,7.1,83561.28
2474.3,Air,3255.3,27,8.7,143550.46
1073.4,Air,7968.9,24,2.3,146918.31
395.7,Road,4804.4,1,4.2,15710.18
659.4,Road,8481.2,6,2.9,28387.56
712.4,Road,4062.8,22,8.3,28979.29
2881.4,Road,5448.2,4,5.2,56252.34
1159.4,Rail,3209.7,4,9.7,16325.52
1379.7,Air,3997.3,16,9.7,107974.15
2696.1,Road,6854.6,23,7.6,65500.22
3557.3,Multimodal,2841.8,10,4.8,52317.03
1806.5,Road,9975.3,27,7.8,59030.02
178.6,Rail,8161.2,15,1.8,16721.37
2938.0,Multimodal,1213.7,3,2.4,38512.18
3082.5,Rail,2309.9,29,6.1,42207.92
1517.4,Road,6728.4,6,7.2,39084.32
10.5,Rail,1753.0,28,9.6,15446.43
2574.7,Rail,73.5,3,1.1,22462.17
3488.5,Road,6492.1,16,1.3,70682.28
990.6,Road,2347.8,4,6.1,21814.09
2309.5,Rail,1765.2,7,3.0,24404.52
3140.5,Sea,6782.0,12,8.2,28037.81
2652.9,Road,4087.8,25,3.3,58991.59
3471.9,Sea,9419.1,28,8.0,37942.43
1839.5,Road,2672.3,19,3.4,41570.26
3916.2,Sea,2470.0,28,3.1,34550.84
1436.2,Sea,5646.5,4,4.2,14273.5
698.0,Air,4937.4,2,7.5,87909.12
3530.5,Multimodal,967.2,27,3.1,56027.3
50.7,Air,6073.8,22,3.1,87139.39
4279.4,Rail,7404.4,5,4.0,44828.07
336.2,Sea,1969.2,3,9.2,7438.71
3545.7,Sea,2542.1,11,2.1,24742.42
549.1,Rail,669.2,19,9.3,15246.68
1266.4,Sea,1897.2,14,3.5,16308.93
2706.2,Rail,3851.5,16,6.7,34836.52
635.1,Sea,6698.9,2,2.9,9998.47
442.4,Sea,5080.9,6,2.3,10106.65
4192.4,Rail,1868.7,14,3.0,42479.97
3242.7,Rail,1152.4,14,5.2,35408.7
543.9,Rail,4956.5,21,8.3,19885.5
2338.3,Road,9558.4,14,1.8,58687.73
3757.6,Rail,3156.9,4,8.6,38805.43
396.1,Air,1574.1,19,3.6,44019.33
3649.1,Road,8276.4,4,7.6,74411.38
3793.6,Rail,2872.6,18,5.0,43103.4
1540.3,Road,1079.1,18,1.7,33299.64
4480.0,Road,9904.9,23,2.4,95398.69
1770.6,Air,2143.7,19,7.6,100808.73
4060.7,Air,3482.7,28,1.3,199869.33
4041.2,Rail,1942.4,12,2.0,40000.66
3212.0,Rail,9515.1,1,2.9,35615.27
8.8,Road,6807.9,19,4.0,21522.89
3074.0,Rail,7389.4,21,4.3,42369.71
429.3,Air,1032.3,3,6.6,31704.48
167.4,Road,6724.7,5,3.6,17538.15
816.2,Rail,5209.4,21,1.0,21547.26
2303.5,Air,4776.3,7,7.2,146108.47
2074.6,Road,5086.4,7,7.4,45247.35
1755.8,Road,6296.4,12,1.2,43170.17
2409.0,Rail,841.8,5,4.8,23981.96
1195.0,Rail,5878.5,7,1.4,18734.41
1412.0,Sea,4864.6,21,4.2,21588.18
943.6,Road,3699.2,22,5.3,31546.61
2038.0,Rail,5522.7,1,9.9,24957.66
3215.6,Road,3639.7,15,4.3,62528.44
2304.9,Road,1398.7,13,3.2,43554.83
3831.3,Road,663.5,2,6.6,62105.59
2213.9,Road,1234.9,24,1.8,46412.97
912.7,Sea,6559.6,21,2.5,19626.23
2307.2,Rail,7484.3,8,4.8,30515.6
1675.8,Sea,6727.9,23,4.1,24296.8
2215.3,Sea,86.4,22,3.2,23368.03
446.7,Sea,5307.3,2,3.2,8401.27
3496.1,Multimodal,139.2,23,3.1,52605.58
1563.8,Road,655.0,4,5.2,27457.9
80.9,Road,735.0,11,9.2,8224.78
2550.2,Rail,1065.9,10,3.2,26971.18
3078.7,Multimodal,390.1,6,5.1,41607.73
331.6,Road,645.4,20,4.4,15761.89
1690.6,Rail,7245.5,5,7.8,24612.06
2161.0,Road,4916.5,5,4.0,44233.06
2264.7,Rail,9551.4,22,4.9,38354.77
165.5,Road,5609.6,2,1.1,14053.16
2849.3,Multimodal,9696.2,3,1.1,49698.92
427.9,Sea,3010.1,11,5.1,11698.89
1580.7,Sea,4318.3,12,2.9,17668.23
2285.4,Road,6377.0,26,7.1,59376.69
3379.6,Sea,6211.8,24,7.2,33905.56
1647.4,Rail,39.5,19,4.6,23323.11
3696.4,Air,5023.9,12,5.2,200386.11
3479.9,Sea,4425.5,5,2.1,22642.03
1826.5,Rail,2132.9,14,9.7,25772.56
3946.1,Road,7331.3,21,6.8,84402.12
4330.0,Rail,7849.0,27,8.8,58563.31
1222.1,Air,6116.1,7,5.5,122902.48
3698.4,Rail,4112.1,28,3.0,46930.68
1289.7,Sea,3459.7,2,3.5,11540.01
3088.2,Rail,1456.9,15,2.7,33658.64
3006.8,Sea,6375.4,6,5.7,23351.89
3558.8,Rail,7697.5,27,3.7,48950.35
982.4,Air,1289.9,22,8.8,63593.34
4204.0,Rail,3784.7,5,8.3,43733.87
1935.2,Rail,4235.0,22,5.5,31116.34
15.4,Road,7148.7,29,9.4,26767.59
3480.0,Road,919.8,19,4.6,63629.83
4192.7,Road,2531.3,2,3.7,69138.93
4357.8,Road,6469.7,17,4.0,85620.87
1635.6,Rail,9641.7,8,6.0,27204.74
96.6,Rail,7551.4,15,5.0,15536.34
1542.1,Sea,7283.5,16,7.2,21371.35
3977.0,Rail,2283.1,26,8.9,50031.91
3797.4,Multimodal,3276.6,18,2.8,58393.39
1709.6,Road,2858.3,4,6.3,34100.5
692.9,Rail,7465.4,7,3.6,16652.54
2902.9,Sea,291.8,29,4.4,30186.35
2989.8,Rail,4182.2,3,9.0,32774.21
2840.0,Road,7727.4,8,5.7,61564.43
682.2,Rail,1449.7,21,4.0,17509.24
3710.4,Road,9429.8,7,6.2,77900.21
168.7,Road,9090.1,28,5.6,32148.16
4364.6,Road,9707.7,16,8.0,93637.3
4057.9,Road,5443.9,2,9.1,75695.5
4473.5,Road,1464.8,1,1.3,69426.41
2699.0,Air,7636.4,29,4.8,203589.06
2718.1,Rail,8435.3,10,2.8,34750.96
1733.5,Rail,796.5,19,5.4,24849.4
512.5,Air,4443.0,23,5.4,84517.57
3397.9,Rail,6055.0,20,2.4,42477.38
2214.8,Rail,6664.5,24,9.8,37816.76
1642.6,Sea,4905.8,3,5.4,14689.09
3940.8,Rail,505.0,14,2.2,38826.9
13.7,Rail,5915.0,26,6.1,18337.96
2155.8,Road,926.7,1,3.3,35087.47
2937.1,Road,751.9,24,8.7,59109.23
23.3,Road,854.7,6,6.5,5197.26
3275.6,Rail,9454.5,4,7.6,39816.89
751.2,Rail,6892.0,26,6.5,25430.02
3805.4,Rail,6179.2,29,8.5,53258.63
3441.5,Road,7341.5,9,5.3,70532.65
633.3,Sea,2426.0,4,6.5,9442.78
2585.2,Sea,3148.3,22,8.2,28170.98
3409.2,Road,9032.0,4,7.6,71948.37
136.8,Road,6580.7,15,5.9,21280.69
2454.4,Rail,8331.9,15,3.1,34963.38
232.5,Road,9459.2,24,7.1,32099.65
2789.9,Road,4507.6,22,7.4,62197.13
3970.2,Road,5818.9,13,7.4,78890.6
1779.5,Multimodal,3075.5,3,8.2,29760.37
1964.8,Road,8370.0,24,9.0,57639.71
4397.8,Road,4546.3,26,6.0,88212.74
2054.8,Rail,7187.9,2,8.0,26443.87
1288.5,Road,5663.9,15,4.5,37130.83
4483.6,Sea,5313.8,18,9.9,38269.25
3064.8,Rail,1581.1,28,8.2,41995.22
2619.5,Rail,7236.2,22,6.9,39933.39
2969.5,Road,533.7,29,5.9,60310.17
3559.2,Sea,7789.5,28,4.8,35935.7
173.2,Road,9220.2,14,8.9,26303.47
903.5,Road,7997.8,4,8.3,30909.78
169.4,Road,1923.4,22,2.2,16519.68
1356.2,Road,3066.0,5,7.2,29427.59
3416.2,Rail,2110.2,7,7.7,35741.54
1818.8,Road,2322.9,25,4.1,43521.88
3135.7,Road,8142.6,1,5.4,63733.87
1379.0,Road,641.1,16,6.4,30218.54
4421.0,Rail,4699.0,13,3.0,46491.39
414.2,Road,5956.9,25,1.7,28636.19
2590.4,Rail,9493.3,27,1.4,41869.7
2707.4,Rail,6526.4,26,2.7,40141.16
3286.2,Rail,7050.2,23,9.6,47236.07
56.0,Sea,5454.0,16,2.1,13173.19
1181.5,Rail,3708.9,14,7.5,21050.67
1999.1,Rail,3540.3,23,9.3,32568.37
2372.1,Rail,7036.5,1,5.3,27644.37
303.6,Road,3698.7,18,3.7,19989.77
3673.1,Multimodal,6708.2,5,2.8,56272.93
608.9,Air,5473.5,29,5.1,103033.92
2591.1,Sea,5557.7,27,5.1,30206.8
1479.1,Road,3264.7,6,8.0,32400.13
2249.8,Sea,2009.9,2,4.3,15629.93
212.7,Air,341.9,9,8.2,18381.08
3808.1,Air,2668.5,22,1.5,178466.15
1260.7,Air,5667.4,11,1.5,119880.08
1307.5,Rail,8307.5,9,3.0,23157.22
1940.2,Road,8017.0,26,3.3,55888.03
1211.8,Rail,7660.6,25,4.6,29204.74
2618.9,Road,1751.6,16,3.8,50402.18
3889.1,Sea,6815.5,15,9.3,33844.49
1990.3,Road,2313.0,11,3.2,39543.31
512.6,Road,3308.2,7,7.8,17781.83
3945.8,Road,7415.4,22,4.6,83850.33
2353.8,Rail,3007.4,9,7.4,28193.02
4318.7,Rail,6272.0,23,8.1,54811.13
3920.7,Rail,6767.1,17,4.8,47196.17
3904.2,Road,9657.5,4,8.1,81147.38
552.1,Rail,1608.9,6,3.6,9760.33
2363.5,Air,1795.4,7,1.4,110480.27
3813.0,Multimodal,4599.0,15,8.4,62364.58
3547.8,Rail,5264.2,4,4.6,36758.61
2356.7,Road,3858.9,26,4.8,55149.82
4472.5,Multimodal,6369.0,7,7.0,68545.82
4134.6,Road,5956.2,11,8.4,81394.13
1912.7,Sea,6611.2,28,7.0,28378.57
1066.9,Road,9023.2,4,4.7,34843.29
1710.5,Air,1481.0,29,3.9,94174.65
1275.3,Road,8158.3,21,4.2,43850.06
2922.3,Road,6037.4,7,3.9,58768.37
3182.8,Rail,8825.8,27,6.6,48326.83
627.4,Road,172.4,9,7.6,14771.57
1298.2,Road,8307.4,16,4.0,42344.36
4203.6,Road,2124.7,28,4.1,80533.99
2867.4,Rail,9502.0,28,2.6,45016.01
3140.0,Road,3196.8,10,5.3,58867.61
217.5,Rail,7186.2,15,7.6,16328.87
1867.2,Road,8112.7,5,3.9,45594.73
4273.4,Road,9245.3,27,6.4,95459.44
3549.3,Road,2019.1,21,5.0,67775.04
3518.8,Sea,6207.0,26,6.4,35149.67
4037.5,Road,360.6,28,5.5,75649.3
926.4,Rail,600.1,25,4.3,20588.59
4436.9,Road,4151.9,5,7.6,79694.48
1995.4,Multimodal,6940.9,28,4.8,48498.07
3795.5,Road,6547.2,25,5.0,81571.94
1374.2,Road,4688.3,13,8.1,36475.76
2928.8,Rail,6037.0,28,2.0,42097.03
286.5,Rail,6201.0,7,7.2,12389.18
4313.7,Air,8394.0,14,8.1,265706.05
531.0,Multimodal,8876.7,22,7.6,31603.94
3107.0,Sea,3825.6,17,5.0,27478.83
32.8,Rail,664.3,12,3.5,7465.7
2314.8,Road,2410.5,18,3.8,47919.48
1455.9,Road,968.8,11,5.5,29585.31
1049.4,Road,7923.9,19,9.9,40234.26
3214.1,Road,606.0,18,3.3,57942.97
1997.4,Road,4680.3,28,2.3,51389.32
1432.5,Sea,5421.6,21,5.4,21917.74
2021.7,Rail,8297.6,20,2.7,33642.23
1421.6,Road,7014.1,24,7.8,46215.81
1903.4,Rail,5990.5,5,1.5,23523.86
744.7,Road,5810.6,14,2.2,28381.75
4161.8,Rail,4717.4,14,4.9,46055.89
1896.4,Road,8990.5,7,4.7,48676.04
2099.9,Sea,1784.3,1,7.2,15452.16
3267.1,Road,9635.8,19,2.1,74865.97
563.0,Road,6039.5,22,3.4,29841.52
882.7,Rail,2384.7,6,6.6,13446.59
680.5,Rail,7320.3,5,8.8,16014.41
2160.0,Road,3743.7,10,3.0,44122.72
2644.2,Rail,1016.7,23,4.3,34011.23
3217.3,Road,825.0,6,4.5,53654.11
4245.9,Road,5648.1,14,6.3,82634.3
392.1,Road,6436.0,24,5.4,28986.64
3029.3,Rail,3298.7,15,6.4,36546.81
3398.5,Sea,6931.8,3,2.5,22489.22
2992.0,Rail,2700.3,1,3.2,27814.86
3848.3,Air,3457.5,21,1.1,188888.98
2343.4,Rail,2292.2,26,8.6,35589.26
3682.4,Road,6345.7,9,8.5,74272.75
318.0,Air,4901.6,7,6.3,75900.11
2867.0,Air,1509.2,4,5.1,124971.82
4234.2,Air,9736.1,23,7.4,282545.0
2050.1,Road,8962.8,16,1.7,54247.51
552.1,Multimodal,7829.1,24,9.8,31334.56
1639.7,Multimodal,970.7,19,9.6,32403.4
3827.4,Air,4372.8,27,2.2,202330.71
576.7,Rail,5196.1,11,9.9,15940.13
2375.1,Road,9446.7,23,5.2,64283.54
3858.2,Road,3619.5,2,5.3,67049.54
3539.2,Rail,6699.4,25,4.8,47571.7
2308.0,Air,5540.8,2,8.2,153498.6
2811.3,Road,8100.4,16,6.5,65913.09
1262.5,Rail,1119.6,23,5.7,23082.62
4199.2,Road,8258.3,11,1.9,82479.89
144.5,Sea,6519.2,20,5.7,15801.62
1648.0,Road,1110.4,6,2.1,29712.09
1782.6,Sea,7450.1,2,8.0,16627.33
3491.2,Sea,3337.9,22,4.7,31148.61
2130.8,Sea,807.2,5,6.5,16629.18
3860.8,Rail,4405.0,13,5.6,43223.85
1282.4,Road,1767.0,27,3.9,35259.86
802.9,Rail,2727.6,24,9.4,21667.6
1116.1,Road,9980.3,19,3.4,43899.15
783.5,Rail,1520.8,2,8.8,10397.35
1538.3,Road,3814.5,4,8.0,33437.82
1097.8,Rail,6627.2,3,5.1,17592.77
2777.4,Sea,9748.9,2,1.1,19842.45
65.0,Road,3749.0,7,3.8,11509.18
2273.1,Road,2134.6,9,5.3,43327.09
1770.9,Road,4067.3,1,3.6,34977.51
1498.1,Rail,1608.4,17,3.5,22385.67
343.4,Road,9865.1,28,8.1,36375.63
3275.0,Road,4755.2,4,3.5,60152.85
1632.8,Road,6612.4,22,5.1,47249.75
4230.2,Road,3581.6,8,5.4,75353.41
4276.0,Road,2603.5,14,9.7,79872.57
2583.7,Road,941.3,10,2.7,45305.57
1585.7,Multimodal,7812.8,15,1.7,38336.64
1801.1,Multimodal,5638.6,25,8.7,43880.49
1297.9,Air,2088.5,27,2.2,85554.2
3078.4,Sea,6689.2,3,5.6,22443.38
2407.2,Road,2458.7,4,5.9,43812.98
1903.2,Road,2128.3,16,3.3,40263.71
2357.9,Road,8724.4,25,4.5,63332.91
551.2,Road,4949.7,13,3.6,23575.97
2984.4,Road,5324.7,16,6.1,63310.71
2319.4,Rail,7696.7,3,9.0,30002.56
2769.3,Air,4798.1,21,2.9,167596.95
1252.7,Air,2398.2,13,5.3,82077.27
3345.0,Sea,7317.1,8,1.4,24170.14
2156.6,Rail,8493.8,19,9.3,36567.16
448.6,Road,6347.6,22,8.7,29102.15
3014.1,Road,8021.4,4,8.9,64573.5
512.4,Multimodal,297.5,1,6.5,8998.43
272.0,Air,4880.6,1,3.0,71054.2
3351.6,Rail,4171.4,8,8.5,38011.42
2123.3,Air,590.7,12,7.7,91833.05
119.0,Sea,2099.7,20,5.4,13899.72
2310.1,Road,4325.1,12,5.4,49128.24
4029.0,Rail,6816.3,26,7.9,54089.25
431.3,Rail,3874.1,24,8.9,19341.3
1564.4,Road,7232.2,1,1.6,37126.36
3737.2,Road,6745.8,27,5.3,81977.88
1147.5,Road,9615.8,20,5.7,44475.15
492.9,Air,1423.8,10,2.1,41502.31
1998.6,Rail,9739.4,21,8.0,36756.81
3891.6,Road,819.3,22,8.1,73196.08
1465.4,Road,8139.5,4,5.2,39380.93
3764.9,Road,3132.5,29,9.3,79163.15
515.6,Road,4226.5,4,4.9,17788.41
1835.3,Road,2764.2,24,4.7,44311.69
2200.6,Rail,8147.3,11,1.5,30485.22
1780.6,Road,4757.5,3,7.1,38227.81
3993.7,Rail,6728.9,20,6.0,49824.12
1410.1,Rail,9516.5,4,3.2,22824.58
3889.5,Road,3679.9,25,9.2,80334.78
3751.5,Rail,4826.5,11,1.2,39267.03
3507.9,Road,681.9,2,2.2,54766.97
1151.3,Sea,5998.3,29,4.3,24226.94
1642.8,Road,3172.1,6,4.9,34105.15
2532.7,Road,6112.1,13,5.9,56367.01
674.4,Sea,3033.8,11,3.9,12808.98
1964.1,Sea,1100.4,29,9.4,27614.16
36.9,Rail,3074.2,10,5.2,8708.13
988.0,Road,8208.1,28,7.3,43501.72
3918.7,Rail,1833.3,2,4.0,35458.85
52.2,Road,1771.9,3,8.2,5981.25
1680.4,Road,8233.9,10,7.2,46134.32
4180.2,Road,2589.5,3,8.5,72554.85
3556.0,Sea,3328.1,21,2.8,29992.87
674.1,Rail,5408.0,28,9.5,24677.24
1384.7,Road,4243.4,2,9.3,31107.19
3281.9,Air,8213.5,13,5.0,224177.85
2479.1,Sea,5780.0,12,2.0,21914.24
3586.2,Rail,7152.5,16,5.0,44541.7
752.5,Road,7087.9,6,4.7,27505.31
1661.4,Road,778.9,18,8.5,36331.82
3406.6,Sea,9743.6,9,1.0,25585.58
1859.8,Rail,718.5,28,1.6,28922.06
2992.5,Sea,9489.3,14,6.7,28642.1
884.7,Rail,9877.2,5,1.2,19140.97
2935.3,Road,2616.4,14,7.2,57421.57
782.5,Rail,6440.8,23,4.3,23746.02
3429.9,Road,541.7,12,9.8,61753.47
2441.9,Air,6809.5,8,5.0,175155.85
1939.4,Road,1880.6,13,7.8,40218.27
322.0,Rail,9411.2,28,6.6,25045.85
2994.4,Rail,6554.0,10,5.4,36587.67
860.2,Rail,7653.8,7,5.3,18341.5
553.4,Rail,9456.9,8,9.5,18269.83
707.5,Rail,8579.6,27,9.8,27514.41
836.1,Road,4679.3,23,9.1,32636.9
3082.6,Rail,1715.2,17,4.4,35571.22
2194.4,Road,3235.9,23,2.0,49257.99
2105.2,Rail,5892.7,9,3.5,27476.87
2085.7,Rail,7462.7,29,5.0,38158.0
1855.7,Sea,2556.9,14,5.9,19889.35
2321.4,Road,4488.9,19,4.2,52319.96
726.4,Rail,3580.5,25,7.9,22063.88
1279.3,Road,4726.1,10,5.2,33074.09
455.7,Road,3311.4,9,8.7,17773.67
3765.8,Rail,1589.8,6,5.0,36391.86
4499.6,Road,4867.1,3,6.2,80152.14
3168.0,Road,9498.3,6,6.0,69300.38
219.7,Road,1073.5,14,1.9,12069.88
2126.5,Multimodal,8357.4,8,5.3,43261.04
34.6,Road,7353.0,29,4.5,27423.63
1245.9,Rail,3299.5,15,5.6,21320.62
366.2,Road,1385.1,7,3.2,11660.69
1894.0,Rail,9322.0,12,6.4,31031.7
1944.7,Air,3799.2,1,6.8,118592.36
797.7,Rail,4352.3,19,4.4,20274.14
3733.4,Rail,3204.4,25,6.9,47213.63
3453.4,Rail,8481.4,13,4.2,42650.58
3722.5,Rail,2279.3,18,5.6,42403.77
2460.4,Road,7600.6,16,7.8,60062.82
42.0,Sea,2465.9,28,2.7,17358.12
4157.3,Rail,3420.4,12,10.0,47029.53
4136.4,Road,9248.8,2,3.1,80003.19
2448.9,Road,6177.5,18,7.6,58138.88
4067.7,Sea,6924.8,1,8.3,28039.98
1204.1,Rail,6264.3,29,6.5,30093.92
2329.7,Road,1791.7,20,3.7,47967.2
3103.1,Rail,6659.2,21,2.4,41061.18
2265.7,Rail,5394.8,20,2.4,32821.45
3823.0,Rail,8275.3,16,3.6,46551.44
2441.1,Sea,9882.7,11,4.5,23743.0
757.0,Road,6237.2,21,1.8,32372.06
3731.5,Road,3350.1,7,1.9,64866.99
3183.1,Rail,8582.5,25,8.4,48040.11
2309.3,Sea,8450.4,23,3.0,27619.4
2242.2,Rail,8554.9,13,5.1,33234.11
3110.8,Road,3590.5,15,2.2,59948.24
2990.0,Multimodal,4138.1,2,3.5,43601.55
1180.0,Road,7698.8,18,4.5,40465.75
3374.8,Air,4232.5,16,7.6,182414.2
3847.3,Air,4903.1,29,6.7,212911.73
1066.5,Road,106.9,14,1.6,22786.25
2026.6,Sea,8900.6,16,6.2,24280.3
1374.2,Rail,4760.2,21,6.7,26559.26
804.6,Road,9025.3,28,6.4,41894.98
419.2,Road,9714.0,14,1.0,30576.72
3731.6,Rail,1592.9,4,5.0,35246.51
1022.1,Rail,859.4,8,8.7,14592.45
2825.6,Rail,6689.8,3,9.4,33749.91
1969.4,Road,2549.2,19,5.2,43959.38
2273.7,Rail,4407.4,20,6.7,33467.75
2410.3,Air,89.4,11,1.3,93330.6
2784.4,Sea,4287.1,19,8.1,28371.39
3585.6,Road,9710.5,1,3.1,72166.71
799.6,Rail,976.2,13,1.9,14060.3
1415.1,Rail,6875.6,17,1.4,25878.04
516.1,Rail,5334.5,9,7.0,14514.87
3134.6,Rail,8496.5,3,4.9,35963.87
1412.4,Rail,6519.5,5,8.5,21691.8
3576.2,Road,11.5,26,1.6,65095.65
3273.8,Road,6732.5,7,2.6,64651.16
198.8,Road,8180.8,18,1.2,26355.93
463.1,Road,7320.1,17,9.1,28743.16
2712.7,Sea,7314.6,7,6.8,23239.77
3159.4,Sea,8824.1,25,1.7,31782.78
1671.4,Multimodal,6072.0,13,3.8,36360.59
901.6,Air,6692.9,6,7.3,118062.01
717.1,Road,5364.1,13,1.5,26624.69
1086.2,Rail,9458.3,24,3.6,29225.22
751.8,Sea,6730.9,1,7.8,10554.29
1449.0,Sea,2829.7,3,6.3,13130.79
2210.0,Road,8446.3,23,5.4,59972.89
3052.4,Multimodal,3380.8,20,3.5,51262.01
3901.1,Rail,8615.3,14,4.3,47093.71
3262.0,Rail,1719.0,6,3.0,31451.86
2936.2,Road,1906.0,29,5.8,62237.8
3544.5,Road,5253.3,13,2.5,68553.48
4069.5,Rail,3685.5,5,7.1,41680.29
1038.2,Road,9506.3,6,7.1,36601.79
2803.1,Sea,7140.6,13,2.2,24423.37
174.5,Road,4898.6,23,2.2,22410.7
4462.5,Air,9681.5,26,7.8,291901.34
3861.1,Sea,9413.7,4,6.5,28319.23
1663.9,Road,2195.7,4,1.4,30805.42
2770.7,Road,2402.0,15,6.2,54419.95
2456.0,Air,8054.8,11,4.5,191658.64
3799.5,Sea,4328.7,21,2.8,31466.52
2155.4,Rail,1514.6,22,2.0,29350.02
595.9,Road,9192.5,12,1.7,31297.74
2163.7,Rail,7407.1,27,6.9,38633.67
537.0,Multimodal,3801.9,20,1.1,22734.87
3635.2,Road,9877.7,18,6.5,82742.83
752.5,Rail,6193.6,18,4.1,21042.71
1664.5,Sea,5154.0,10,2.0,17180.53
481.4,Rail,5235.1,5,6.2,12164.59
1706.7,Road,3443.1,1,7.5,33968.68
4335.2,Air,3217.2,24,2.2,205112.58
4183.7,Rail,9709.4,18,6.7,53718.3
2536.7,Air,8720.1,26,2.9,208788.84
2874.3,Rail,2840.1,18,7.7,36734.84
1587.7,Road,9277.2,22,6.6,51857.09
951.0,Air,826.5,7,8.7,50100.69
1255.0,Air,2885.6,25,4.8,93219.07
361.2,Road,9167.5,25,3.6,33829.19
2006.3,Road,627.1,26,5.2,44191.64
388.5,Multimodal,9261.9,21,9.7,30154.53
1679.0,Rail,3559.3,2,8.3,19956.46
3830.5,Multimodal,1809.9,23,8.4,62060.66
1762.0,Road,1629.4,16,7.3,38228.49
1962.6,Road,4144.1,27,4.5,49988.96
2373.7,Road,7013.9,13,5.1,55326.87
1418.1,Road,6464.7,13,1.7,39086.96
374.4,Rail,3201.9,25,6.1,18526.43
3428.2,Road,4276.2,10,2.6,63887.91
1088.8,Rail,2557.6,1,4.0,12743.72
658.0,Road,4078.0,17,5.5,25605.82
397.9,Multimodal,1947.5,25,6.5,21001.69
3062.8,Road,7593.9,18,1.5,67442.02
82.2,Multimodal,3894.2,16,2.3,15953.91
2672.4,Rail,3554.3,19,8.7,36462.19
1571.1,Rail,6251.9,16,8.7,27832.68
2283.2,Road,2634.2,18,1.5,47031.68
4083.7,Road,4134.2,21,1.7,77703.74
8.3,Rail,856.3,17,3.9,9686.91
2860.2,Road,1386.1,16,4.9,53821.29
4022.3,Road,5231.5,27,7.5,85137.19
1103.6,Road,9983.9,10,9.1,40573.95
528.2,Rail,5591.5,24,1.9,21211.43
1755.9,Road,4572.5,28,6.2,48492.21
4280.5,Sea,2326.5,24,3.6,34613.49
2628.3,Road,3680.6,1,1.3,46309.84
4261.9,Road,7935.2,19,2.8,86986.47
1220.1,Multimodal,4638.8,9,7.3,27804.33
3247.2,Road,6890.6,5,8.9,66705.95
1242.1,Air,3323.5,22,3.0,96262.74
2324.3,Air,1987.8,22,1.8,118288.91
4070.2,Multimodal,5309.5,24,6.3,69371.48
401.5,Rail,3544.3,24,2.3,18366.8
1335.6,Rail,1123.4,12,6.1,18907.6
1599.0,Road,3449.9,16,2.4,37878.59
267.8,Multimodal,4140.7,20,4.3,20361.38
1070.3,Sea,7346.0,12,4.2,16748.27
288.1,Sea,4229.0,21,2.4,15887.94
1328.2,Road,9187.4,11,8.9,43086.69
130.1,Road,6355.0,21,8.1,23544.63
178.7,Rail,8793.3,2,1.2,11391.72
1061.0,Road,1988.6,27,5.1,32598.2
1707.6,Road,8218.6,10,6.0,46067.41
1795.4,Rail,844.7,25,8.5,28986.73
1582.2,Sea,7308.7,11,2.3,18238.85
2313.7,Rail,3334.3,9,3.3,26738.24
4110.2,Road,3002.3,24,6.3,80268.23
2063.4,Road,6612.6,17,6.1,52056.72
454.3,Sea,693.5,1,3.1,6311.07
3069.3,Sea,9532.5,3,4.7,23116.74
4300.0,Air,2340.0,20,9.7,196299.42
883.9,Road,8153.7,26,7.3,40820.11
875.3,Rail,6794.1,24,8.5,25723.92
1134.8,Rail,4083.8,24,2.8,24685.11
226.7,Sea,7206.1,16,9.4,14824.02
3628.3,Rail,3587.3,21,5.8,44293.15
1717.7,Sea,6676.8,15,9.2,22187.15
3486.8,Road,43.0,19,8.9,64436.51
2819.5,Road,9580.0,1,7.6,62397.76
509.4,Road,1503.3,25,2.9,22227.38
2458.3,Rail,5162.7,2,1.7,25767.89
3224.4,Sea,2641.6,18,8.8,29864.84
223.4,Road,3815.1,9,3.5,14811.11
1897.5,Sea,3337.3,24,3.3,24239.64
3646.4,Sea,9813.9,13,9.4,33102.41
4421.5,Rail,1322.4,19,6.0,48077.19
3143.1,Multimodal,1502.7,8,1.5,43171.5
1397.4,Road,9716.2,18,1.7,46905.29
1267.1,Road,1329.9,21,3.8,31554.32
2641.6,Multimodal,868.9,18,7.9,43630.69
4200.2,Road,5079.5,8,2.7,76009.08
1029.2,Air,2046.7,19,7.1,72752.0
1041.9,Air,2139.2,26,1.5,76491.68
2309.0,Rail,8196.0,21,4.8,37060.95
2592.8,Road,2368.2,23,1.8,53602.57
4216.2,Rail,3257.9,5,5.9,41723.95
1457.3,Road,6667.7,3,6.9,36515.34
1927.4,Road,9892.4,19,3.8,55966.6
1609.2,Road,4921.7,21,9.4,44592.0
3302.8,Road,6626.1,20,5.6,72163.31
1604.3,Rail,5014.7,3,9.7,21352.29
1961.8,Multimodal,1805.8,11,2.4,32096.69
1644.2,Sea,4448.6,3,6.2,14744.12
130.5,Road,6295.0,14,2.4,20228.89
2441.3,Road,654.4,10,2.8,42755.01
1777.0,Multimodal,1701.5,29,4.7,38472.67
586.9,Road,8156.7,4,1.6,25715.83
2704.9,Road,828.1,24,1.2,52597.95
3103.6,Road,1666.2,16,1.4,56435.91
2305.5,Road,2550.4,24,9.1,52529.31
1122.1,Rail,565.4,27,9.6,23897.6
2404.6,Rail,7913.2,5,1.5,29144.54
1253.3,Rail,5325.1,19,1.6,24246.51
679.9,Rail,2055.2,14,8.5,15285.24
438.2,Air,961.5,29,1.5,42518.13
764.6,Rail,5735.3,21,4.1,21995.95
4233.1,Road,6074.8,18,6.7,85366.19
1307.8,Road,6855.0,9,8.8,37766.8
2887.0,Rail,7722.8,29,8.1,46355.74
3438.1,Rail,9722.9,17,1.9,44337.86
2546.8,Rail,8376.2,15,8.5,37817.65
2283.6,Road,2383.1,24,8.7,51699.91
1572.9,Road,805.0,12,9.6,32534.85
926.6,Rail,959.0,29,1.1,22223.98
4044.9,Road,8375.9,18,9.6,88179.81
2698.2,Road,7594.7,18,2.8,62546.61
649.1,Rail,450.1,25,8.2,18410.3
3353.3,Road,7324.6,2,8.4,67585.5
433.6,Road,7377.1,10,7.7,25239.68
2340.8,Road,8187.5,9,9.6,56701.83
281.1,Road,6555.7,24,4.5,27473.21
2145.3,Rail,5393.7,27,7.3,36614.82
2436.4,Road,2985.6,6,6.9,46661.5
2264.9,Air,609.2,5,9.3,94474.97
1978.9,Rail,992.1,22,2.4,27567.05
1101.4,Rail,4363.3,1,2.0,14194.49
416.6,Road,1801.5,9,6.8,14487.48
2820.7,Road,177.9,24,7.9,56105.46
699.4,Rail,4577.9,7,4.4,14160.02
1716.3,Sea,9954.5,1,4.9,16117.66
3312.9,Sea,9736.4,8,9.5,28969.52
2731.4,Rail,7572.6,8,7.2,35089.12
3928.7,Rail,2542.9,1,1.8,34426.86
3065.6,Rail,7873.3,3,6.0,35410.81
4229.0,Road,6330.8,24,2.2,85480.16
971.9,Multimodal,3290.8,3,7.2,20018.92
190.5,Multimodal,462.9,4,7.4,6793.75
361.3,Rail,4891.5,28,7.8,21376.48
919.8,Road,5869.5,8,9.2,29430.75
242.9,Sea,6109.2,24,2.6,17859.67
1195.6,Road,3026.1,10,6.4,29030.34
3839.1,Rail,7179.5,27,8.6,53514.02
1184.8,Sea,6834.4,22,4.2,21608.43
3673.2,Road,3047.6,7,8.6,67174.77
1442.0,Road,7354.5,25,5.4,47173.27
1972.3,Road,7476.8,27,7.7,57085.04
3837.4,Sea,8371.1,21,2.4,33053.05
2219.3,Air,4267.7,19,9.4,143097.25
557.5,Road,9352.4,28,9.2,38916.27
1622.5,Road,9621.4,8,5.7,46399.76
3663.2,Multimodal,7173.2,29,8.1,70498.48
323.4,Rail,6561.5,7,8.7,13103.68
3324.7,Road,8208.7,12,8.1,73045.93
3319.2,Road,1376.7,6,9.5,58634.23
2002.7,Multimodal,7768.1,20,5.7,46366.15
96.1,Road,4368.8,1,9.7,10453.25
1103.3,Multimodal,9147.8,21,7.7,38494.92
1237.9,Rail,948.8,6,2.3,14476.89
3432.8,Sea,1845.8,6,4.1,22839.13
2421.9,Road,3625.3,4,1.9,44818.98
1513.3,Road,9703.7,20,8.8,51026.75
2773.9,Sea,5897.2,3,8.8,21960.49
476.6,Road,9189.2,28,2.3,36849.95
4480.3,Sea,9380.1,2,7.5,31169.09
348.9,Road,347.4,6,7.5,9361.71
3705.7,Rail,7304.0,19,9.6,49486.8
1990.1,Sea,2796.4,8,8.8,18730.67
3994.9,Road,3960.5,16,7.0,76979.4
898.8,Road,75.5,16,7.8,22010.72
2480.8,Rail,6929.4,2,2.1,27629.33
2676.0,Sea,8485.3,8,5.2,23245.91
2095.0,Road,997.2,9,6.7,38918.84
1265.8,Sea,6228.5,20,2.0,20475.46
3647.1,Rail,2567.2,21,6.4,43823.96
934.3,Road,9838.1,17,5.2,40322.4
1180.1,Road,553.1,21,4.0,28846.7
1859.5,Sea,5274.5,8,8.7,18959.53
3737.9,Sea,8381.2,14,4.4,30619.25
41.3,Rail,7399.0,8,8.6,11834.77
4024.4,Road,5493.7,10,1.9,74474.75
2452.1,Road,8595.2,12,4.7,58865.78
430.5,Rail,9805.1,29,7.1,26709.3
1005.7,Rail,1035.0,26,1.8,21679.48
326.3,Road,744.2,23,2.4,17194.77
2023.9,Road,8328.1,21,4.3,55745.55
89.6,Air,2447.3,16,1.2,42190.67
3043.3,Road,8767.0,16,1.9,68628.46
537.7,Road,3466.3,14,6.4,21456.72
924.0,Rail,2135.2,27,1.8,22463.99
70.7,Road,3230.6,7,1.3,10572.43
1058.6,Road,9084.3,8,6.7,36938.79
173.8,Rail,7409.2,15,5.4,16064.35
436.0,Multimodal,418.0,8,3.0,11232.57
4329.9,Road,9908.0,23,6.9,96061.18
409.5,Road,2133.9,18,6.8,18851.41
3538.1,Road,4885.7,27,6.4,76203.18
2902.7,Road,2289.6,1,1.3,47816.11
1320.5,Sea,2776.4,23,5.0,21206.04
3873.1,Multimodal,720.2,21,3.2,56897.99
2139.5,Road,6601.1,23,3.2,54873.21
1331.2,Road,5339.5,16,5.6,37854.17
3590.6,Air,6667.9,26,4.9,222592.91
3132.8,Air,3740.5,9,8.4,165056.31
364.5,Road,8638.0,17,9.4,29587.58
1486.4,Air,5315.0,9,1.8,122747.0
2993.7,Rail,9605.7,22,7.5,45552.3
1155.6,Multimodal,8331.0,22,6.7,38234.51
2769.6,Road,5472.0,20,5.6,61952.41
1364.1,Sea,9766.7,11,6.3,19061.78
937.3,Road,2301.0,24,8.1,30339.61
1598.5,Sea,5822.3,3,2.2,14049.79
1627.2,Multimodal,6982.0,14,3.9,37652.83
2953.8,Road,813.1,2,2.0,46720.88
2661.1,Road,5154.5,6,6.4,53743.16
1955.2,Road,1778.7,25,4.3,44671.4
3363.7,Road,6795.3,29,8.7,78943.4
3885.1,Rail,1521.6,19,2.6,41827.14
374.9,Rail,7860.7,10,9.5,16207.47
2871.6,Rail,6027.6,14,9.1,38334.59
3208.2,Rail,1613.2,2,8.8,31850.11
1975.6,Road,6163.5,26,2.0,52721.13
260.2,Rail,93.1,25,7.4,14785.25
1978.0,Road,378.0,29,3.9,44223.75
3929.0,Rail,2195.1,4,3.5,36493.52
730.1,Rail,3787.7,27,8.7,23247.78
1643.2,Road,1466.9,19,9.1,37863.23
3344.2,Road,7877.1,2,4.9,66705.54
3937.9,Road,1127.5,15,2.7,68157.05
4114.1,Road,457.3,18,3.6,71484.57
3501.9,Sea,83.0,22,5.8,30483.18
2676.8,Rail,5646.0,16,9.7,37404.54
1575.7,Rail,5753.8,7,8.6,23384.04
2195.6,Road,1870.2,9,7.6,42367.09
41.9,Rail,2646.8,15,2.5,10643.05
1579.5,Road,7798.9,14,7.6,45573.47
3264.1,Road,8934.9,7,7.7,70913.13
2951.0,Road,3281.1,19,4.1,59634.65
42.1,Road,4370.6,23,7.2,19517.76
2464.9,Sea,696.6,24,5.0,26288.09
38.0,Road,8454.4,9,7.3,20445.82
1638.1,Rail,6574.0,9,5.4,24889.71
4457.9,Road,801.6,24,9.0,83527.45
1845.8,Sea,5902.3,29,8.5,28640.68
4018.5,Rail,1031.6,12,6.6,41620.48
76.7,Rail,7435.2,25,7.8,19909.64
3240.0,Air,1325.8,21,8.0,145142.85
2058.7,Sea,4675.5,3,6.3,16872.89
2463.4,Road,7088.9,27,6.5,63604.53
4467.2,Road,1830.3,3,6.3,74235.72
1377.2,Air,1000.3,8,1.5,66626.0
3879.6,Sea,7569.4,3,8.2,28233.59
4122.6,Air,7367.8,8,9.5,244647.34
1342.9,Sea,3382.4,16,6.5,18664.84
218.5,Road,2137.5,28,8.7,20460.61
3538.6,Road,9207.6,3,1.1,70395.4
4200.9,Road,6456.7,27,5.8,88914.98
2151.8,Road,5346.8,16,3.9,49892.02
3937.2,Road,2733.1,8,1.2,66955.64
997.3,Sea,3658.3,4,5.8,11537.1
3407.3,Sea,3386.4,12,4.1,25957.26
3166.8,Road,9531.4,10,7.9,71997.11
2375.8,Road,1385.8,5,9.7,43254.9
1439.2,Road,4350.8,26,5.1,42099.72
1131.5,Road,444.9,18,9.3,27599.29
3235.8,Rail,5202.9,21,1.6,40357.69
2571.7,Road,8433.6,21,8.8,65909.47
3885.3,Road,9680.6,6,2.5,78531.5
3692.9,Road,3105.5,10,4.7,66837.17
795.2,Rail,1926.9,7,5.5,12670.97
968.8,Road,6203.5,22,9.9,37160.79
4248.0,Rail,3091.6,13,9.2,47582.0
1696.9,Road,1003.5,1,4.5,28723.1
2464.9,Sea,2067.5,9,5.7,20357.44
1905.3,Sea,224.1,8,8.5,17196.9
2541.0,Rail,8849.8,26,6.8,42622.74
3040.7,Road,3762.5,14,8.2,61484.88
1642.3,Road,7794.7,2,7.6,41260.0
1496.4,Road,6554.1,13,2.8,40563.05
3803.4,Multimodal,1941.0,23,9.9,62819.55
2781.6,Air,3962.0,12,6.0,155301.57
3841.6,Road,4460.3,11,6.1,72856.74
3909.8,Road,6512.8,24,6.4,83518.96
731.7,Road,9269.3,11,1.4,32874.61
3603.7,Road,1911.2,4,9.7,63325.66
4051.8,Sea,4041.5,20,6.9,34511.65
1977.8,Rail,2031.1,12,2.8,24045.62
2274.9,Air,8245.1,1,7.9,184170.84
1692.1,Multimodal,7363.9,18,1.5,40210.59
682.2,Road,8258.1,19,3.3,34254.57
2403.8,Rail,7736.5,13,3.6,33412.56
1792.8,Sea,280.9,15,1.3,17819.84
3703.6,Rail,2665.0,20,9.3,45581.96
2187.4,Road,3541.2,18,5.9,48717.52
4304.9,Multimodal,8024.1,3,3.9,65145.74
3316.4,Rail,8521.4,3,5.3,37568.86
1051.2,Road,4710.3,26,6.0,36992.66
1814.5,Rail,9862.5,9,8.7,30153.31
2760.7,Road,5306.9,4,8.9,55657.15
610.3,Sea,5096.5,29,1.3,21017.08
2290.7,Road,5370.4,3,5.4,46726.69
3909.1,Road,7384.1,22,8.4,85436.39
789.9,Road,3772.3,21,5.5,28974.75
384.8,Air,9065.8,15,7.9,132003.59
2238.7,Air,5499.4,10,1.0,151719.31
4009.9,Sea,4306.4,22,6.9,35388.01
3164.9,Sea,2468.6,7,2.0,21279.54
2587.4,Multimodal,3674.5,14,9.0,45834.09
791.2,Road,6601.1,29,9.5,38109.23
3344.0,Sea,9738.2,1,8.7,25613.49
3036.3,Rail,5825.0,16,6.6,39458.6
4310.9,Sea,5371.4,28,1.8,36687.77
561.3,Road,3034.8,21,9.2,24506.13
1489.3,Rail,9207.8,14,7.3,28620.59
2178.0,Road,6146.1,28,4.5,57307.85
2883.5,Rail,8488.0,18,5.9,41073.87
2117.1,Multimodal,671.0,24,8.2,39748.55
1753.6,Rail,7658.6,21,4.0,31741.68
1666.3,Rail,2633.0,27,9.1,30525.53
435.9,Road,9567.8,14,8.2,30976.29
1843.9,Sea,1462.1,1,9.3,14423.2
1135.8,Air,1085.3,11,2.4,60621.59
1314.8,Road,3446.4,11,3.7,31544.59
19.8,Rail,3017.0,11,7.9,9090.8
167.3,Rail,9861.2,6,2.2,14039.19
1285.1,Air,6249.6,13,9.1,130023.03
864.2,Rail,7796.9,4,4.3,17055.58
2513.2,Road,1426.0,5,5.0,43746.18
2310.3,Road,9954.6,6,9.4,58026.79
3844.3,Rail,8653.0,14,7.4,48333.61
280.8,Road,9488.0,9,6.0,26140.82
3094.4,Multimodal,2182.9,13,1.9,46037.78
4092.3,Rail,3242.8,20,3.2,45775.56
2787.5,Road,8711.6,5,5.3,61175.67
3826.1,Multimodal,3733.9,1,6.1,53657.63
2584.2,Rail,145.2,14,8.7,30389.38
3500.2,Sea,9387.1,6,7.6,27989.84
305.7,Multimodal,1880.2,8,8.4,12146.98
752.2,Sea,152.9,1,2.1,7223.47
408.9,Multimodal,3033.6,22,8.6,21503.68
4103.1,Road,6848.7,22,3.2,84260.54
2563.1,Road,6340.1,11,8.0,57253.53
1541.7,Multimodal,2003.4,18,5.9,31485.27
2397.5,Rail,4673.1,10,7.7,30562.76
46.2,Sea,6804.3,28,8.4,19162.95
3120.0,Rail,5727.2,6,7.3,35899.47
1186.5,Sea,7272.2,25,10.0,24122.49
1113.1,Road,4395.1,29,9.4,39306.69
1101.6,Road,3912.5,13,4.0,30061.04
1398.8,Air,586.1,29,6.6,72947.37
2989.7,Road,8928.4,13,8.8,69833.69
2803.8,Road,8798.4,10,3.2,62900.74
2678.1,Air,4322.1,17,6.1,158173.86
1369.9,Multimodal,8269.3,14,6.7,37195.07
3373.4,Rail,6251.3,16,1.3,40004.3
4422.1,Rail,2534.0,17,7.8,49561.75
2829.3,Air,1781.8,28,9.7,139651.75
2407.3,Road,524.3,13,2.8,43217.08
788.4,Rail,6607.1,27,1.5,25266.05
359.8,Sea,2833.8,17,1.8,13787.97
1019.6,Sea,8975.7,20,6.4,21111.86
2190.9,Sea,8541.0,14,3.3,23004.25
1288.8,Sea,7197.1,10,5.6,17168.63
4430.8,Road,6161.8,14,5.0,85622.57
2779.9,Rail,9268.3,3,10.0,35959.2
1520.9,Road,8449.6,20,6.8,48311.58
3318.9,Road,2626.2,6,7.4,59880.48
995.2,Sea,2581.3,10,3.7,13539.39
4096.7,Sea,227.6,14,9.8,32345.05
2195.5,Road,4912.2,10,8.2,48508.69
2306.8,Rail,4561.5,27,1.8,35313.22
1020.7,Road,2507.2,1,10.0,21939.7
80.4,Road,9664.1,5,4.0,21422.33
4460.6,Road,5428.7,26,2.7,88540.1
3378.9,Road,1526.4,17,3.3,61636.72
3536.6,Rail,8440.7,24,6.7,49685.68
1489.8,Sea,4445.4,14,5.7,18836.38
2689.1,Rail,7554.1,21,8.6,41128.39
1733.0,Multimodal,3626.1,26,2.0,38778.72
74.0,Road,742.5,8,6.0,6595.7
3591.6,Rail,9913.2,22,8.9,51810.77
40.3,Air,8314.8,8,8.1,107271.65
2428.5,Road,2224.8,29,4.3,54309.99
2346.6,Sea,8356.8,6,7.3,21562.75
1601.2,Road,8096.4,24,4.5,50291.58
79.5,Multimodal,8026.2,10,7.9,19588.14
2832.8,Sea,2489.1,15,2.1,23530.12
3183.2,Rail,1581.3,17,3.5,35796.9
48.4,Air,5138.5,14,8.5,72284.81
1465.4,Rail,7057.6,15,3.0,25958.68
2408.9,Road,4784.3,29,2.6,58058.97
4383.8,Road,4227.6,6,4.4,77330.16
2486.3,Rail,4634.3,11,7.5,31802.7
3726.4,Rail,9549.3,1,1.9,39243.74
1977.8,Air,9244.8,27,4.1,196117.58
147.2,Rail,9392.1,8,8.0,14559.09
1466.7,Rail,3011.2,21,9.8,26447.94
1957.5,Road,270.2,13,2.7,36113.78
2279.8,Road,9762.2,20,7.2,62741.29
1172.6,Road,655.0,19,6.1,28417.92
1975.6,Rail,9408.1,6,1.9,27694.45
1761.3,Rail,5004.8,14,7.2,27132.15
684.3,Rail,5791.4,8,6.8,15779.29
3231.1,Air,847.4,11,1.4,131456.98
1495.0,Sea,9203.0,19,9.0,23782.48
1417.8,Road,1520.8,1,4.8,25480.43
348.4,Sea,8816.0,14,1.7,14826.39
4156.8,Multimodal,1941.9,15,6.3,61210.21
3008.0,Road,1869.0,7,7.7,54197.11
3342.3,Air,1496.8,9,2.1,142548.49
3155.0,Road,1583.2,10,4.5,55897.14
720.4,Sea,6702.4,12,3.4,14765.8
585.7,Rail,32.0,28,9.5,18977.46
4255.1,Sea,7995.8,14,6.6,34287.85
75.6,Air,7284.1,3,8.2,93986.72
3979.8,Rail,4161.3,23,4.0,47501.83
4130.0,Road,8315.3,9,8.7,84808.83
2494.2,Rail,6977.3,28,3.8,40321.3
1682.4,Road,9711.6,5,3.4,45617.35
2674.6,Multimodal,6584.9,20,2.9,51451.9
2445.9,Road,6287.3,11,3.5,53656.44
4393.3,Road,1058.8,17,5.9,77736.51
1582.3,Road,8919.7,8,1.8,43621.71
2679.8,Air,6252.4,1,1.5,172307.88
2362.8,Air,4738.6,12,3.7,148897.92
772.0,Road,105.1,24,3.2,23077.77
3937.3,Road,5017.3,21,7.8,80721.49
936.1,Road,5850.3,22,1.6,34787.23
2725.1,Sea,7118.2,19,5.1,27891.62
1603.3,Road,1703.2,9,9.8,33352.66
3812.7,Road,969.6,24,3.8,70668.33
3819.0,Road,5718.9,5,4.9,71384.73
643.5,Road,8420.8,26,6.7,37386.94
4287.8,Rail,6413.0,3,5.0,43714.37
658.4,Multimodal,7658.3,26,4.1,32760.21
2048.2,Rail,3602.5,29,8.1,35368.69
3143.9,Road,2006.7,23,3.7,61813.07
1830.4,Road,2652.5,26,4.7,44928.15
2498.0,Road,2083.6,1,5.2,43022.59
4483.3,Multimodal,9114.5,24,7.0,80511.93
1165.0,Road,9283.9,12,7.0,40838.37
3431.2,Road,5780.6,17,9.5,73318.73
2966.9,Road,6432.1,23,9.3,69679.04
4262.8,Rail,8825.0,20,5.0,53257.95
456.2,Road,3171.2,6,2.6,15721.16
1210.4,Rail,2659.1,14,3.0,19536.2
3448.8,Multimodal,8954.4,4,6.5,58453.53
3682.5,Road,1888.1,13,1.3,63893.92
3223.4,Road,9987.0,16,3.7,74276.49
687.5,Rail,7974.2,28,5.8,26642.62
1490.4,Road,8846.7,7,3.3,42068.44
1015.1,Rail,2642.3,10,1.7,16006.12
3443.4,Sea,8508.3,4,1.4,23262.57
4022.2,Sea,3609.9,15,1.6,28772.49
2759.6,Road,4283.6,21,3.6,59278.14
707.4,Sea,6469.1,11,2.5,14180.66
3908.4,Rail,9572.2,1,3.5,41667.6
1964.1,Sea,5399.2,27,5.7,27396.05
790.0,Multimodal,6066.0,4,8.1,22609.81
2794.2,Rail,9014.5,13,8.2,39558.14
381.6,Rail,2312.2,1,3.0,6738.89
2698.4,Road,4809.8,3,7.6,52838.66
4372.1,Road,8782.5,20,8.4,94268.46
2673.0,Sea,8296.1,11,2.0,23275.45
3856.7,Sea,604.6,28,6.2,35355.59
3894.1,Rail,574.9,5,4.6,35876.94
755.0,Sea,8651.2,17,3.9,18142.25
3017.4,Road,2591.8,12,1.8,55320.05
2405.6,Road,3527.6,22,6.0,53997.94
211.5,Road,6784.1,14,4.9,22319.25
838.2,Rail,6632.6,10,2.8,18213.83
769.7,Road,7045.6,22,6.2,35081.53
2792.0,Sea,883.4,3,4.9,18438.39
713.5,Sea,6003.1,13,9.0,15593.04
1373.2,Air,4810.2,26,8.3,121759.66
490.7,Rail,8055.4,4,7.3,14456.26
280.3,Road,1547.3,28,1.7,20091.73
4487.7,Road,7036.4,23,2.6,90409.89
1785.6,Road,7635.8,12,7.7,47661.37
2260.2,Rail,9874.4,8,7.7,33163.49
168.8,Multimodal,6135.3,9,4.5,17172.28
725.3,Sea,2592.3,19,6.5,16779.18
2697.0,Road,8470.2,4,5.8,59124.06
1804.2,Road,7966.9,27,7.1,55209.09
2756.8,Air,371.9,3,7.4,107871.54
1398.9,Rail,7575.6,5,7.4,22280.12
2214.6,Road,6906.7,26,8.5,59623.34
4097.9,Sea,2411.1,25,2.4,33606.17
2777.6,Rail,5901.7,5,9.9,33758.72
3205.6,Air,5266.6,13,6.6,186904.0
4164.2,Sea,2665.3,18,4.6,32243.94
3221.3,Rail,4647.6,18,6.9,40975.38
2914.3,Rail,1945.9,23,4.9,37320.01
3841.4,Rail,1596.0,6,3.6,36180.93
3119.3,Road,9394.8,1,8.3,67036.85
2712.0,Multimodal,5743.2,11,1.8,46118.08
1083.7,Multimodal,8113.3,4,2.5,28306.54
122.4,Road,3391.4,11,3.6,13459.95
1896.6,Sea,3392.9,27,1.3,25016.37
3689.0,Multimodal,5007.6,7,7.0,57125.65
2356.2,Road,8557.9,5,6.1,54565.44
382.1,Road,9491.2,8,8.7,27338.81
1985.3,Rail,487.1,14,6.0,24724.72
2723.4,Road,4678.8,10,1.7,53654.65
1070.9,Multimodal,8756.9,28,1.9,39819.02
382.8,Road,5480.1,22,8.6,26500.81
2512.7,Road,4512.1,28,6.3,60262.72
399.9,Sea,1520.7,25,5.9,17291.93
58.3,Sea,4439.1,24,8.6,16369.74
3333.2,Road,7399.1,21,6.0,74633.87
2065.1,Road,6789.7,2,3.7,44823.69
191.7,Road,4395.0,6,9.8,14214.97
2689.0,Rail,7672.6,24,8.7,42571.25
64.5,Rail,5943.2,2,3.9,7985.07
1472.3,Sea,2753.3,26,7.3,23786.55
774.7,Air,1394.8,13,1.5,52373.56
1782.5,Road,6674.8,1,5.5,40313.24
69.7,Rail,1761.0,9,7.3,7439.68
4372.2,Rail,2122.8,22,4.5,48758.58
670.8,Air,2792.9,16,7.6,67460.86
4311.7,Rail,9485.4,19,3.9,53140.42
2280.3,Road,6803.0,8,5.3,51330.24
308.9,Air,9274.0,12,5.7,130271.21
3959.9,Multimodal,2456.5,21,5.8,62255.96
1866.2,Road,6162.5,9,9.9,45601.59
665.4,Air,6736.2,10,9.3,111979.27
1221.2,Sea,9506.3,4,7.3,15282.17
1324.1,Rail,4674.2,9,4.6,20346.88
2740.2,Rail,6432.0,17,7.2,38125.18
4373.6,Road,8777.2,4,4.2,84391.64
841.2,Road,1425.9,15,8.2,23239.54
961.6,Road,9108.4,2,2.2,32136.59
4362.0,Road,3290.8,1,1.5,71153.57
993.1,Sea,4298.0,4,4.0,11590.1
1039.2,Road,5050.7,24,4.3,36152.02
4462.2,Road,7177.6,10,9.6,89249.33
2948.3,Road,1583.6,6,9.4,53159.75
1386.6,Rail,6856.8,9,5.5,23051.95
1093.3,Road,961.5,4,5.3,20783.76
2154.0,Road,3836.1,18,7.4,49219.62
1445.5,Multimodal,6189.0,13,9.1,35019.37
46.1,Road,1413.5,1,9.4,4274.62
318.8,Rail,6681.1,20,3.4,18759.8
2429.9,Multimodal,9543.8,24,8.8,57065.3
1185.9,Road,9566.6,24,6.2,46950.47
4239.4,Rail,5863.2,22,6.9,52609.71
3130.2,Rail,5192.6,29,4.7,44575.86
4400.2,Sea,4360.1,27,5.4,38612.59
3623.9,Multimodal,4565.0,27,5.4,63785.57
1414.5,Road,5680.1,10,7.5,37404.26
3351.8,Road,4353.3,27,3.8,71096.53
2093.7,Road,4269.5,10,4.4,44524.86
2313.8,Multimodal,2890.4,6,7.7,37167.34
2386.4,Sea,6781.1,13,8.8,24760.87
3081.0,Multimodal,8732.1,10,1.9,54340.62
1628.6,Road,347.0,18,4.3,33919.75
3529.9,Road,9638.7,13,1.6,75801.9
785.7,Multimodal,7246.4,21,2.7,31350.06
1611.5,Road,104.9,16,3.8,32211.52
3043.3,Rail,1008.2,5,3.7,28749.09
3806.9,Road,9334.6,29,3.4,87532.29
3853.6,Rail,6713.0,4,8.9,43059.78
1516.6,Multimodal,615.2,26,4.5,32379.55
1898.9,Sea,3381.9,26,7.5,26365.27
1183.3,Rail,8843.0,15,9.1,26352.36
2794.2,Air,8558.8,19,3.1,212871.2
1686.9,Road,1914.9,7,1.1,31862.16
4174.0,Rail,4238.5,2,3.8,39566.33
1580.3,Rail,7528.1,9,4.2,24939.44
3049.0,Road,6868.1,9,1.9,62100.56
3000.9,Road,1005.6,9,2.4,51083.13
2225.5,Rail,5957.5,9,1.9,27970.14
100.1,Rail,262.7,6,1.4,4854.92
1322.0,Multimodal,3620.8,2,8.1,24326.28
3181.6,Road,5181.9,13,5.7,64683.71
1850.6,Road,439.4,3,6.2,31277.86
317.3,Rail,8444.0,6,7.6,14253.47
4040.9,Sea,4138.8,23,8.4,36808.25
2637.0,Rail,4061.8,7,6.7,30492.86
376.3,Rail,1106.9,5,7.2,7735.48
213.0,Road,4755.3,15,5.3,19185.8
434.5,Sea,876.8,7,9.2,9383.38
4495.1,Road,1524.7,2,4.6,72537.64
1273.3,Rail,8350.7,6,4.7,21830.68
3164.1,Rail,6829.0,3,6.1,35440.48
757.0,Road,5966.1,7,3.6,25858.62
1175.4,Rail,5078.6,14,1.8,21249.47
37.0,Multimodal,4733.8,14,8.3,15879.11
3854.2,Road,9514.0,15,1.1,81006.76
4462.9,Road,9911.6,15,9.5,96316.87
1703.4,Road,3857.3,14,9.4,40966.91
961.0,Road,146.7,25,9.5,27414.35
738.9,Air,9102.1,6,5.4,140855.51
1178.5,Air,3209.2,6,7.5,86279.69
1727.8,Rail,9238.2,15,3.9,30195.42
3252.5,Sea,5335.8,18,6.9,30132.53
3196.4,Road,9645.3,13,2.6,71361.95
2314.6,Rail,5130.9,27,4.7,36983.9
1782.7,Rail,4313.9,14,4.4,25908.93
2299.6,Road,9223.6,18,5.2,60422.3
2536.3,Rail,7199.2,7,10.0,33650.6
2768.4,Sea,8422.0,14,5.2,26419.53
2934.4,Multimodal,765.9,8,2.4,40021.37
2905.9,Road,6136.9,18,8.4,65502.97
950.4,Air,6681.8,12,4.9,122024.22
2168.7,Rail,1339.6,7,9.3,24900.7
1514.1,Rail,3007.6,10,7.0,21341.77
2680.1,Road,8914.4,6,7.1,61155.43
2245.1,Sea,2302.1,14,7.2,22058.13
904.7,Road,7790.6,20,2.6,37088.5
3061.4,Road,262.4,14,6.8,54899.42
92.3,Road,1821.9,16,7.7,12504.39
1413.9,Road,525.0,23,2.7,32897.98
3532.0,Rail,4076.1,18,3.4,41219.05
3451.9,Rail,2038.2,27,9.0,45645.55
4273.5,Rail,2609.7,16,3.3,44933.73
2643.1,Rail,5065.1,7,1.6,29269.91
2159.5,Air,5188.1,11,1.9,145905.33
3002.4,Road,2136.6,10,5.6,55001.47
3803.2,Road,8510.2,17,9.4,84067.96
2700.5,Road,3362.2,23,3.6,57665.59
3349.7,Rail,3793.8,10,9.8,39181.13
1414.5,Rail,8962.7,24,9.4,32669.49
1474.8,Rail,4309.9,25,6.9,28944.94
322.3,Rail,2167.6,11,5.6,10868.84
1215.8,Road,868.2,25,3.1,31635.68
2212.5,Sea,6664.0,2,6.3,18092.99
2990.0,Road,1925.4,6,4.3,52082.79
2466.4,Rail,7969.1,7,6.2,32319.31
3239.4,Road,8935.4,11,7.1,72128.27
2044.6,Road,5091.9,14,1.0,45974.67
2311.0,Road,5844.9,2,1.5,46035.05
2106.9,Rail,757.5,2,4.2,20009.29
2709.2,Road,6594.2,20,6.0,63148.64
1529.3,Road,9133.8,19,4.2,48682.11
2761.8,Sea,17.8,5,1.6,17405.87
1832.9,Road,2167.1,8,8.6,37090.23
2698.2,Rail,3306.7,15,1.9,32008.41
1545.5,Air,8184.2,25,5.8,167502.63
736.5,Sea,1086.5,15,8.4,14591.58
881.2,Rail,4425.1,11,2.9,17110.34
655.7,Road,1864.4,20,6.2,23155.32
718.8,Sea,9126.4,25,7.3,22108.67
2789.8,Road,2101.6,28,4.5,59340.95
3953.9,Road,3122.3,13,4.5,72029.71
3968.1,Multimodal,5528.5,24,1.3,65548.22
3281.2,Road,816.6,17,8.3,61389.81
2448.5,Sea,4282.7,23,2.1,26138.86
2085.0,Road,3141.5,11,2.1,42017.99
575.9,Sea,8692.7,15,2.2,16170.88
898.7,Rail,7955.7,29,7.6,29133.46
4234.3,Air,9266.9,16,2.4,270608.59
1446.0,Rail,2791.5,22,4.7,25463.21
2651.7,Road,8148.5,19,8.6,65731.98
2777.8,Multimodal,8216.2,27,4.4,58895.28
982.0,Rail,1166.6,18,5.9,18619.37
3417.7,Air,5007.8,9,6.4,189511.78
437.6,Sea,9727.7,29,7.2,22691.84
1213.7,Rail,8312.2,27,3.2,30558.6
2509.9,Rail,6573.4,22,3.1,37078.0
2188.9,Road,5141.2,29,3.3,55749.06
3299.9,Rail,7099.1,1,7.4,36484.96
4314.0,Rail,8009.2,19,8.5,54815.73
1115.1,Road,4944.2,7,4.2,29538.72
163.4,Sea,7418.1,3,4.1,8559.67
1488.5,Road,1557.5,15,2.3,32267.81
3707.6,Sea,3946.2,8,8.2,27988.97
3320.2,Multimodal,571.3,14,6.9,49139.08
2312.4,Multimodal,7665.7,25,1.3,50622.05
2034.4,Air,2122.5,9,9.6,106165.08
1712.9,Air,1659.1,7,3.1,86394.8
962.1,Sea,4383.2,11,7.3,15132.39
1538.0,Rail,5353.0,7,4.1,21568.18
872.4,Road,1667.1,26,8.9,29135.33
298.8,Road,3634.4,26,3.8,23311.15
3996.5,Rail,5800.9,8,9.2,45508.81
1099.9,Rail,923.1,20,5.1,20116.71
441.1,Road,3179.3,26,9.4,24997.39
2256.7,Multimodal,2619.9,26,2.9,43460.28
1130.6,Road,7210.8,2,8.5,32294.97
1819.5,Road,1666.2,6,6.9,34575.71
4335.5,Air,4944.3,21,1.1,223752.26
846.2,Rail,3278.4,27,4.3,23180.48
1391.3,Road,7226.2,14,5.3,41180.99
2313.7,Road,9629.2,28,3.7,65349.49
1916.8,Rail,8651.4,7,1.1,26739.31
448.6,Road,5173.2,25,5.6,28091.5
3353.1,Rail,8562.5,16,5.8,44153.22
2119.4,Sea,7100.3,12,6.5,22258.61
1168.4,Rail,1922.6,11,9.9,18313.08
3466.4,Rail,6918.0,27,8.6,50095.03
1723.9,Road,5850.8,8,9.1,42122.76
1435.8,Road,2047.6,13,1.0,31214.99
3389.8,Road,9729.7,5,2.4,70775.33
502.4,Road,8157.8,9,9.7,27346.17
4089.7,Road,7690.7,20,8.2,87872.66
216.0,Rail,9772.6,6,4.5,14398.11
634.0,Road,9882.8,4,9.3,30304.58
1048.3,Road,4771.1,2,8.1,26535.18
3041.1,Air,5063.5,23,7.3,183469.47
3093.3,Rail,8493.2,28,7.4,48009.58
4478.4,Sea,6337.5,17,8.9,37599.85
2463.6,Rail,796.6,22,3.4,31557.97
3728.7,Rail,6914.0,4,10.0,42746.13
2035.6,Road,4734.8,1,9.9,42070.3
2892.4,Road,602.0,26,3.5,56843.81
278.7,Road,9141.4,19,8.9,29969.83
3699.9,Rail,2341.4,29,2.9,45728.84
2932.8,Road,9525.5,11,5.6,67734.47
2831.7,Sea,5027.1,9,5.9,23370.75
995.5,Road,6450.8,13,1.9,32777.17
1824.3,Road,2640.1,15,1.4,38855.99
1035.1,Sea,9861.6,17,8.3,20592.08
3171.2,Road,478.1,18,7.8,59241.99
4479.6,Rail,8621.9,13,2.3,49985.14
872.9,Sea,678.5,27,8.6,20489.9
562.1,Road,9072.7,4,5.1,27256.9
1521.7,Rail,9087.9,24,2.0,32013.77
2274.9,Multimodal,3685.0,12,1.1,38349.59
3161.9,Rail,6003.5,7,8.6,37578.15
2235.1,Road,8542.2,5,3.7,51831.66
4434.6,Road,3173.6,2,3.5,73748.11
3334.0,Sea,1305.2,8,8.6,25303.55
844.4,Rail,9162.1,7,1.1,19128.17
1325.3,Road,752.2,25,7.7,33970.05
3614.4,Road,1326.3,28,6.7,71640.35
3952.5,Sea,1781.3,24,8.7,35942.27
2392.6,Sea,6184.3,18,1.6,24183.76
2030.3,Rail,3193.0,25,5.0,32037.13
691.4,Sea,5579.1,22,2.9,18671.8
1112.1,Road,7796.7,13,5.7,37502.98
3168.6,Rail,6046.1,14,6.0,39631.79
225.4,Road,9108.0,10,6.2,24948.03
2726.3,Road,1013.6,21,7.2,54357.58
1023.5,Rail,9249.5,23,3.8,28139.53
1002.9,Rail,4862.4,22,1.3,23180.99
1897.4,Air,583.6,13,3.4,82601.8
2038.3,Road,8889.5,24,3.7,58040.5
2922.5,Rail,1147.7,16,5.1,33539.13
677.7,Road,6717.7,24,2.3,33586.65
1550.3,Air,2839.3,27,7.4,104769.26
730.9,Road,1059.5,27,4.3,25724.83
2388.8,Sea,8431.6,13,4.4,23825.24
869.5,Sea,4278.4,18,4.0,17310.9
3960.5,Road,6200.8,15,5.4,79159.7
258.2,Road,7059.9,8,1.6,20678.53
2554.1,Road,5529.1,3,8.7,52311.62
3183.6,Air,7795.0,15,7.5,217756.4
4037.2,Rail,5006.2,9,1.3,40847.94
1110.0,Sea,4165.5,1,8.8,11487.97
3052.4,Rail,7520.5,18,7.7,42515.56
3195.0,Road,2102.3,16,8.4,61897.69
2590.5,Road,9422.7,8,6.0,61007.96
3831.2,Road,3004.7,25,8.5,77552.03
2060.1,Road,397.2,21,4.1,41938.52
3217.4,Road,5430.8,17,9.0,69042.79
832.5,Rail,3022.2,7,9.2,14448.79
4364.8,Road,1593.1,19,1.6,76383.7
2770.2,Rail,7832.1,17,4.7,38665.09
3307.9,Road,5906.7,25,4.4,72595.49
1357.5,Rail,5929.5,25,9.2,29865.41
1915.0,Rail,5163.9,21,8.3,32055.99
800.3,Air,6455.0,10,4.9,113120.24
4278.9,Road,9223.7,7,6.8,86787.61
4076.3,Multimodal,3309.0,10,7.7,61034.9
685.7,Air,6358.1,6,3.2,105809.79
1107.3,Road,7834.9,7,7.4,35154.44
2396.4,Air,2040.5,23,8.5,124183.15
541.1,Road,7345.5,24,8.4,33184.6
2632.3,Road,3822.8,4,8.7,50902.4
1199.3,Air,8414.8,22,7.5,156705.38
2886.7,Sea,2957.9,6,8.3,22484.06
358.5,Road,6932.3,19,9.0,27282.66
739.0,Road,5111.2,2,1.9,21563.86
2376.4,Rail,7497.8,8,2.4,30223.9
3129.1,Sea,8126.5,4,8.3,25005.0
2629.0,Rail,1223.0,24,1.0,33171.68
1411.3,Road,2634.4,22,5.3,36845.32
2621.8,Road,2579.5,17,3.2,52127.83
1237.9,Rail,462.1,14,6.5,18504.3
4315.8,Air,9581.2,13,8.9,280220.99
729.0,Multimodal,5582.7,9,6.4,23209.65
2748.3,Sea,2213.8,14,4.6,23589.89
2073.2,Air,5658.0,21,5.2,153984.97
1553.5,Road,8291.1,3,9.9,41753.55
2229.6,Air,1603.9,14,3.5,107300.08
541.1,Air,6487.5,26,7.9,111586.59
1936.1,Rail,1502.6,3,5.3,19908.07
4045.9,Rail,8504.8,26,1.3,51633.33
692.0,Sea,2403.6,2,2.8,8431.27
2527.2,Rail,6056.3,22,8.7,38850.89
3515.2,Sea,187.0,25,5.6,31902.74
3689.3,Rail,21.7,29,8.3,46485.56
783.0,Road,6819.1,1,9.2,25728.55
3330.4,Air,574.1,16,8.6,137460.67
3430.2,Multimodal,2127.8,27,2.3,56182.02
2462.7,Multimodal,9392.6,20,2.2,52977.54
1907.9,Multimodal,6461.3,29,6.1,47428.61
281.9,Rail,2626.5,3,5.7,7302.29
42.8,Rail,6717.9,16,2.1,14827.36
2624.5,Air,9933.8,8,4.8,218995.27
1628.8,Road,4365.2,19,2.9,41261.08
1264.9,Road,5104.3,7,4.1,32126.07
518.7,Road,5348.7,17,3.7,25688.01
4197.9,Road,1615.1,4,3.0,68113.54
825.4,Road,5341.0,15,8.0,29889.09
2979.1,Rail,6304.0,2,4.3,32033.0
179.7,Road,4902.4,12,7.0,17650.41
2961.4,Air,4614.1,23,2.8,173176.99
2942.0,Road,2207.7,29,7.0,63380.66
4078.1,Sea,5815.0,28,3.9,37131.11
2667.5,Multimodal,5486.9,8,7.4,46134.21
118.9,Rail,9295.4,23,7.3,20943.43
4314.1,Road,3677.1,10,7.6,79225.57
447.7,Road,7012.0,13,8.6,26148.69
1081.9,Sea,7836.0,2,5.7,12756.73
3346.6,Road,7921.5,19,5.2,74670.87
3162.1,Road,5659.1,2,6.5,60583.72
3249.2,Air,6249.2,10,7.7,199510.55
1891.0,Sea,8016.1,15,6.9,22917.79
1720.0,Sea,299.6,27,1.4,23002.57
2650.9,Rail,2157.6,26,8.6,38185.7
1230.0,Rail,5254.8,25,7.1,27683.85
893.8,Sea,7303.2,17,8.2,18806.04
719.8,Sea,1811.9,4,8.4,9770.82
1736.4,Road,8692.1,22,1.6,51791.23
4038.1,Road,5138.6,26,3.4,82129.58
4161.4,Road,3791.5,18,4.2,78465.27
4016.6,Sea,1525.9,24,8.6,36168.47
922.5,Rail,5604.3,12,1.6,18799.9
2674.5,Multimodal,7885.0,8,4.7,48696.16
2929.9,Sea,3137.3,25,9.1,31742.2
2079.4,Rail,4969.5,10,7.0,27978.41
2569.4,Multimodal,1776.7,15,6.3,42091.81
567.9,Multimodal,2606.0,17,5.1,20282.33
4046.1,Rail,6915.9,26,6.8,53539.79
610.9,Rail,9664.7,19,7.8,23794.58
3757.0,Rail,6128.5,24,9.3,50887.96
239.3,Road,6318.4,24,1.3,26321.57
1812.0,Sea,8809.6,16,3.7,22442.41
881.5,Air,1824.7,9,9.0,60449.48
720.0,Rail,8139.2,27,9.5,27113.94
3035.0,Road,8587.2,28,1.2,73189.47
3997.7,Sea,6939.3,21,5.1,34719.72
3557.1,Air,362.8,6,7.9,138254.16
1312.9,Sea,9260.1,3,9.1,15562.17
2735.6,Road,5933.9,7,2.3,54980.57
1329.2,Road,2224.9,19,3.4,33035.57
412.3,Rail,4872.8,9,5.2,13022.0
529.1,Road,5686.6,6,5.0,21657.49
783.7,Rail,809.6,4,3.7,10053.4
2975.3,Sea,5933.7,26,6.7,32476.02
607.5,Multimodal,6205.1,9,9.1,22847.26
2593.0,Road,7957.4,21,7.3,64812.97
10.7,Sea,9224.9,2,4.6,8188.49
3293.4,Rail,4626.7,15,4.7,39261.97
1166.0,Road,2802.4,4,9.1,25932.24
2563.1,Air,6797.4,29,8.6,190227.56
1564.4,Road,1499.8,16,6.9,34943.75
2405.9,Road,996.2,11,1.8,42895.74
876.6,Road,7828.7,29,5.6,41134.48
2787.8,Multimodal,8622.5,9,7.5,52801.55
3970.2,Road,8140.0,10,3.0,78975.77
2606.3,Road,8893.3,16,1.6,62242.57
1992.5,Rail,2777.3,2,8.1,21924.26
2133.9,Road,6282.5,8,6.9,48686.8
1823.1,Sea,6121.1,19,6.3,23483.13
1063.7,Road,453.1,7,1.1,20180.69
1712.8,Rail,265.1,15,9.8,23560.33
1900.3,Road,8759.0,4,2.8,46494.41
3101.4,Road,186.8,10,9.4,54848.32
1436.3,Rail,7302.3,16,8.1,27458.33
1698.3,Rail,4300.6,14,6.7,25812.48
2805.4,Road,404.0,15,4.7,50770.92
3554.3,Road,8510.5,3,6.0,72037.5
3788.9,Road,3902.7,28,9.1,80273.01
2693.5,Rail,7356.6,12,5.9,35816.01
2064.1,Rail,5014.5,20,5.1,31842.06
2977.0,Road,8694.5,29,4.1,74288.89
143.8,Road,5027.0,10,4.7,16274.52
2525.8,Road,7553.5,24,2.7,62646.0
1388.8,Road,6004.4,28,1.9,44562.13
2337.9,Road,7816.8,12,4.3,55519.29
1309.1,Rail,1099.0,16,5.7,20310.24
819.1,Multimodal,3549.3,18,3.8,24947.87
1096.1,Rail,3677.3,4,2.1,14915.73
3345.6,Road,1127.8,5,8.8,57797.84
1691.9,Road,8959.2,11,8.2,48246.02
3263.4,Rail,2668.5,5,4.4,32451.3
3383.3,Road,7782.5,6,2.1,67298.08
93.3,Rail,4869.1,23,1.2,16626.58
4227.2,Rail,8879.5,3,6.3,46233.51
454.9,Sea,7300.0,26,4.9,20252.7
2124.5,Road,7578.6,2,5.9,47870.95
4276.9,Rail,4874.5,27,3.5,52111.34
716.3,Road,3898.6,3,9.7,20430.34
868.7,Road,4690.6,8,7.8,26294.5
1057.3,Rail,4900.0,2,9.2,15916.67
3737.1,Sea,598.5,13,6.2,28003.37
3786.3,Air,1072.1,28,7.6,164779.19
4053.1,Road,2901.4,9,8.4,73671.44
2276.0,Rail,4141.4,1,1.8,23001.41
4060.4,Multimodal,681.9,21,3.9,59578.55
1215.1,Sea,4806.1,10,1.2,15035.52
2747.8,Rail,5812.0,7,4.8,32119.06
1930.3,Road,9608.1,23,8.9,58804.04
1298.9,Road,1053.3,25,4.2,33350.06
3432.6,Road,8099.0,19,9.0,78196.81
3311.2,Sea,7317.2,25,9.6,35691.8
3371.6,Rail,7459.0,2,1.7,34932.67
2694.9,Road,8455.2,27,2.1,67846.68
1520.2,Air,9655.1,18,9.0,181645.91
3025.0,Sea,6410.1,29,1.3,31783.91
909.1,Sea,8844.2,9,7.4,15658.75
1122.1,Sea,1263.5,14,5.3,15710.61
4308.7,Road,2387.6,10,7.1,76432.91
2450.4,Air,3781.2,29,2.7,147643.12
3223.8,Road,782.1,24,7.7,63292.96
2052.3,Air,2212.4,22,5.7,112547.53
12.6,Air,9797.8,7,1.4,123746.38
2299.8,Sea,7416.0,8,4.6,20868.61
2430.2,Sea,7193.7,5,6.3,20625.47
440.9,Road,5352.3,10,7.6,21622.79
957.0,Road,2266.0,11,6.3,24397.75
568.3,Rail,1229.7,16,8.7,14515.26
3971.3,Rail,5244.4,4,6.2,41221.02
140.7,Road,6595.2,20,1.6,23487.55
3420.2,Air,5632.3,2,1.1,191295.87
1942.8,Road,4609.9,13,7.5,45054.37
16.6,Road,258.5,22,2.5,11281.26
2023.5,Road,5985.3,17,1.1,48667.72
4399.1,Air,5213.2,8,9.9,229168.72
2027.5,Road,2837.4,8,4.1,39900.3
1231.5,Rail,7964.9,21,2.0,27514.92
4140.7,Road,6928.0,10,7.9,82515.01
366.7,Sea,9723.9,23,3.4,19258.55
3407.0,Rail,5016.1,9,4.3,37412.31
1115.4,Sea,688.3,7,4.8,12162.47
3187.7,Road,9285.8,16,9.8,75508.35
628.6,Rail,4586.5,19,4.8,19028.54
221.5,Multimodal,9941.3,16,9.9,26816.71
3063.8,Road,5033.9,10,1.5,59243.69
1701.6,Air,4196.1,29,2.9,126238.93
4452.3,Multimodal,770.9,24,4.0,65538.46
2528.6,Road,1250.3,18,1.8,48257.08
249.8,Road,1138.8,14,7.2,12776.1
639.6,Road,6405.2,28,1.5,34229.09
4044.9,Sea,5320.9,27,3.0,35722.51
322.9,Rail,9859.7,29,8.9,26036.2
2428.3,Road,4347.8,18,3.8,53131.36
83.1,Air,1598.8,10,5.4,29182.77
3232.5,Road,2836.2,12,3.3,59621.67
635.7,Rail,8015.2,12,1.4,18781.63
813.7,Road,8240.9,3,2.4,28880.08
1275.7,Rail,1187.9,21,3.4,21876.37
18.4,Rail,9853.7,14,6.2,16457.69
2361.7,Road,3530.5,22,6.8,53581.61
4368.8,Road,3588.3,1,4.6,73895.54
3128.8,Rail,2856.1,10,9.3,36137.79
4286.7,Air,7678.1,16,2.7,253529.45
591.3,Sea,9379.1,18,8.2,18453.56
1088.5,Rail,7135.4,11,8.8,22184.08
1567.1,Road,950.9,22,8.3,36970.72
3342.8,Rail,7730.6,6,4.6,38238.91
4481.8,Road,7784.7,27,2.2,93259.04
3854.6,Sea,6503.0,3,2.2,24098.8
2639.5,Road,1924.0,14,1.6,49223.27
2633.5,Rail,5003.1,19,1.6,34580.29
3467.4,Road,338.4,11,5.6,59331.64
852.3,Road,2559.9,7,1.4,20909.45
3703.5,Rail,6721.3,26,6.2,50332.83
3324.6,Road,3633.2,6,1.7,58830.39
312.2,Road,1612.7,29,8.2,21476.88
191.9,Rail,1081.3,10,1.8,8156.4
699.1,Multimodal,7645.8,9,6.2,25881.53
2941.9,Rail,2831.4,13,8.4,35246.84
4292.8,Air,9635.0,4,5.2,273498.28
506.7,Road,7391.0,13,7.9,27728.79
2742.0,Road,3538.2,27,5.9,61295.56
2678.5,Sea,3436.6,10,6.9,22868.18
769.2,Road,1421.4,24,4.9,25742.96
1187.7,Rail,7162.2,16,1.2,23967.54
2429.0,Rail,4947.9,5,8.5,29228.18
1513.9,Rail,8232.4,6,8.9,24710.63
716.0,Multimodal,2766.4,19,4.0,23055.84
1936.3,Sea,3404.0,24,3.2,24215.59
408.2,Multimodal,4791.7,10,2.9,18371.66
2613.6,Road,7068.8,18,8.5,62680.73
654.0,Rail,8612.0,12,9.5,20102.59
3281.1,Road,9541.7,15,5.6,74881.16
2464.2,Rail,492.2,23,1.1,30906.32
358.6,Road,8456.3,25,6.6,32583.0
1006.4,Air,1267.3,22,3.1,63299.21
1934.3,Rail,9824.4,29,4.9,39058.23
1778.2,Rail,451.1,18,7.5,25045.28
3716.0,Sea,3127.9,12,1.4,25837.28
2826.8,Sea,9990.6,22,6.5,31379.49
3990.9,Rail,2489.9,19,2.7,43548.47
2483.2,Multimodal,8556.3,28,5.3,56659.56
1419.3,Road,8344.6,26,4.8,48842.25
147.9,Road,2652.6,25,3.9,18874.4
954.3,Rail,5047.5,28,2.1,25791.08
1161.7,Road,777.6,27,5.3,31910.2
414.5,Rail,1369.7,6,6.4,8575.37
2387.5,Rail,3599.6,15,6.3,31340.6
2872.1,Rail,9060.1,3,7.8,35631.88
231.7,Road,6623.1,28,3.9,28514.14
1556.7,Rail,6047.7,7,9.9,23798.26
128.2,Road,9520.3,23,4.4,30002.86
3280.8,Sea,7789.3,14,1.1,26685.7
2248.7,Air,9944.0,27,2.9,213710.66
3115.7,Rail,4603.1,13,5.2,36922.39
2787.4,Rail,1940.2,19,5.7,34677.27
3844.5,Road,4253.8,4,5.9,69111.11
3951.1,Rail,4253.4,27,8.9,52116.21
2519.7,Road,7767.8,24,3.9,63484.76
2082.5,Sea,2672.1,7,7.8,18463.68
4460.0,Rail,5295.4,3,6.4,45024.65
872.6,Road,4068.4,4,3.9,22837.36
2879.1,Air,4546.8,5,7.5,163221.89
2792.0,Multimodal,1008.1,15,3.5,42543.35
4306.3,Road,5647.6,11,4.7,81138.56
428.8,Road,6342.4,17,4.4,26254.54
4264.9,Sea,498.2,21,1.2,30974.09
3439.8,Road,1308.7,8,1.7,57331.35
585.3,Road,714.3,17,1.9,18266.37
882.8,Air,2038.6,27,8.0,70966.73
1243.0,Rail,713.1,9,4.5,16065.89
3048.6,Road,4139.0,10,6.7,59755.5
3369.6,Road,2589.2,5,9.1,60899.34
3318.2,Sea,7394.6,10,5.7,27066.73
2938.2,Road,9291.7,28,8.7,76408.4
607.8,Road,5281.9,7,9.5,22964.48
197.9,Road,3586.1,10,2.8,14528.66
1251.5,Sea,5590.9,5,8.3,14535.68
2704.6,Rail,1467.7,22,7.6,35779.26
1592.4,Road,8057.6,24,9.3,51231.5
3824.9,Sea,5459.6,26,6.7,36513.84
3695.9,Road,267.6,24,7.6,69674.59
984.6,Road,4979.3,16,4.0,31564.44
2967.6,Road,6230.8,9,2.8,60118.99
3737.2,Road,1486.5,20,4.9,69282.7
4050.6,Air,3845.3,11,7.6,199927.27
1926.4,Rail,2769.6,13,6.2,25761.01
4083.4,Rail,4867.5,7,3.2,41223.02
3334.7,Road,4731.6,10,3.9,63851.91
1338.1,Air,8798.9,15,8.6,163410.3
1539.8,Multimodal,8848.0,25,8.2,45344.47
629.4,Air,2733.2,2,6.9,58923.14
1709.3,Rail,7432.5,29,6.8,35479.27
1641.7,Sea,1341.2,23,5.9,22399.81
2811.3,Sea,3695.4,8,4.1,21563.91
1384.2,Road,3699.0,7,6.2,31790.45
1897.1,Road,8457.8,20,3.3,53227.46
596.2,Road,742.3,2,4.2,11876.96
3292.2,Air,5163.8,19,9.8,193002.39
188.1,Road,4346.8,15,7.2,18065.69
3369.6,Road,5966.6,5,1.0,62877.52
805.5,Multimodal,8700.9,11,4.9,29459.35
4414.7,Road,721.6,8,7.0,74234.61
4449.8,Road,9805.9,21,8.0,97638.42
4472.7,Sea,6605.3,7,6.9,31829.42
63.6,Sea,7640.8,29,9.5,19929.59
980.2,Rail,3985.3,7,3.8,15823.05
2493.2,Road,9424.0,10,9.3,61710.03
3304.4,Road,3326.0,1,6.5,58139.58
3671.6,Road,7738.8,18,1.6,76792.13
613.7,Air,8218.5,15,8.7,130080.36
3851.6,Road,6845.5,8,6.9,76370.0
3146.9,Sea,7590.7,24,1.1,30375.69
1307.9,Multimodal,1463.7,18,9.7,28546.33
42.7,Sea,1141.6,14,4.1,10497.26
4110.1,Rail,5600.6,6,2.2,41126.37
895.9,Road,3413.6,21,1.0,29333.39
1643.6,Road,8601.5,4,7.6,43549.91
3826.3,Road,2253.2,7,7.3,67490.49
2986.4,Rail,6670.1,25,9.0,44847.3
600.8,Rail,2446.6,5,6.7,10783.27
4407.0,Rail,1698.3,2,7.5,41545.66
1440.7,Road,1943.3,27,9.6,39230.72
2678.5,Sea,2894.6,24,1.6,26799.8
2828.5,Rail,8228.9,14,9.7,40221.2
2556.6,Rail,9972.7,29,1.1,42878.81
2609.7,Road,5202.6,15,5.8,56861.86
1095.5,Rail,1233.2,29,3.2,24112.31
4320.2,Road,7956.8,13,2.0,84722.44
2196.8,Multimodal,1207.4,6,3.1,31644.06
635.8,Rail,2471.1,14,9.3,15346.45
3823.6,Road,9528.9,15,4.3,82445.86
666.3,Multimodal,2155.8,15,7.2,20096.1
3882.0,Road,5694.5,10,2.6,73176.83
2522.8,Rail,9050.0,11,6.8,35823.66
202.4,Road,7119.4,17,7.0,24271.98
556.6,Road,7711.4,24,1.7,33484.93
4246.1,Road,2504.6,22,4.1,79202.16
580.1,Road,8376.8,15,9.7,31727.57
2642.3,Sea,3049.2,19,5.5,25955.88
1415.9,Road,5087.5,17,8.9,39736.07
3588.7,Air,4784.0,16,4.1,194947.48
3575.6,Rail,4898.0,18,7.4,44498.68
3589.3,Sea,8123.4,5,4.3,25712.24
938.0,Road,4212.8,17,5.8,30231.54
3201.8,Road,8351.0,21,10.0,76268.55
415.5,Road,9123.9,5,4.9,25605.77
349.4,Sea,8698.0,11,3.2,13506.05
1842.9,Rail,9161.3,10,7.0,29719.77
2689.7,Rail,2052.6,29,1.2,36675.05
1412.5,Road,7684.0,2,3.9,36610.16
1377.3,Rail,4473.9,24,7.4,27889.27
341.3,Rail,8057.1,21,4.6,20752.18
886.0,Rail,3898.7,13,8.2,18307.8
2747.6,Rail,6007.6,2,5.6,30392.77
3066.7,Road,1146.2,15,1.9,54698.41
4084.4,Sea,5135.0,3,8.2,28224.0
1689.6,Road,2827.9,16,9.7,39852.03
1067.9,Road,4854.9,2,1.6,25942.25
3238.0,Sea,7873.2,27,9.8,36532.69
3032.0,Road,2857.7,11,3.7,56401.32
1242.6,Rail,8017.8,23,6.1,29316.45
3461.0,Road,8118.8,15,1.7,72959.99
908.0,Road,8611.4,1,8.4,30872.47
1568.6,Rail,887.1,2,5.0,15778.0
1107.2,Road,56.2,11,4.8,22540.18
2924.0,Road,6369.9,23,9.5,68994.91
2215.2,Sea,535.3,15,4.5,20874.21
3304.2,Road,4135.8,29,7.3,72604.57
488.4,Rail,9028.1,18,9.6,21846.94
1159.0,Multimodal,2588.5,18,9.5,28416.05
2185.6,Road,2679.8,8,8.4,43382.67
260.1,Rail,5836.6,27,9.4,20937.94
3292.1,Road,9851.6,20,4.5,77307.54
1272.8,Sea,1046.5,25,6.4,21472.18
2719.0,Road,9611.9,3,5.2,60796.22
4056.6,Sea,6388.9,17,5.5,33227.55
1143.3,Road,7587.2,15,7.4,38838.48
3361.7,Road,1787.0,6,1.5,56054.52
2852.5,Road,5995.8,28,8.9,69127.19
812.7,Road,1559.0,25,9.6,27584.96
3302.3,Sea,4859.5,22,3.9,30488.25
280.4,Sea,4269.2,25,4.8,17769.97
2337.2,Multimodal,7521.0,15,9.3,49083.97
539.3,Road,3692.4,28,3.3,27923.57
3090.8,Road,756.2,28,9.2,63688.99
1372.1,Multimodal,9443.8,21,8.4,42564.73
3627.4,Road,1458.5,17,9.5,68548.24
2205.3,Rail,3837.7,28,3.0,34784.91
367.0,Rail,5208.2,16,7.6,16306.24
2693.0,Road,8877.3,8,3.6,60717.59
63.6,Sea,971.0,29,8.1,17264.32
1325.7,Air,6770.1,4,8.2,133496.92
1213.7,Road,4311.3,18,2.0,34371.49
4412.5,Sea,7876.5,2,1.5,26115.44
1101.1,Rail,8709.5,24,4.5,28777.66
3046.9,Rail,2124.8,7,8.5,32959.98
1160.8,Road,6145.3,22,2.7,38843.26
362.2,Road,5242.9,23,6.2,25933.78
287.6,Road,5781.6,23,1.9,25587.08
4168.0,Road,8553.9,20,2.1,86714.03
439.0,Air,2965.8,11,6.7,58865.39
3742.3,Road,2997.6,28,7.3,77001.04
2448.4,Air,7174.5,28,3.2,188077.63
1947.1,Road,5065.1,5,7.3,42366.12
4486.5,Rail,6022.5,27,2.1,53869.91
4010.1,Rail,7772.1,27,5.8,53893.91
1077.7,Road,3733.1,2,4.7,24592.07
2697.2,Rail,3184.0,3,4.7,27497.12
715.3,Road,4146.6,22,1.4,28435.5
2691.3,Road,266.8,3,2.3,42309.64
570.8,Road,8198.1,28,8.9,37055.74
2824.7,Sea,3886.7,16,9.8,27673.87
4376.8,Rail,4178.4,11,2.8,44612.68
2619.8,Rail,7861.7,7,8.1,34236.83
569.8,Air,2051.7,3,9.7,49187.48
3600.1,Road,1505.3,13,4.9,64104.86
1498.1,Rail,9098.6,25,7.9,33657.91
427.4,Multimodal,9245.2,13,6.6,26849.61
2952.5,Rail,7944.6,21,3.0,41316.46
3738.4,Rail,1519.3,12,6.5,39632.43
2175.0,Road,8273.1,16,6.9,56415.6
4192.7,Sea,9345.7,17,9.7,37782.29
3072.3,Sea,8537.1,20,2.1,29132.56
2815.1,Road,4014.4,2,8.6,53063.83
1594.7,Rail,929.9,25,4.5,26317.08
1407.7,Road,3828.7,10,8.6,34201.45
1276.8,Rail,52.4,19,2.4,19728.33
4311.9,Rail,5198.4,27,4.5,53403.42
2928.8,Road,122.6,16,7.9,53919.11
2675.8,Road,5599.3,5,3.8,53252.05
1444.9,Sea,4502.2,11,4.0,16941.36
1595.2,Road,3443.1,15,9.5,38973.23
1259.5,Rail,3008.8,18,2.1,21798.12
709.3,Sea,8296.1,16,5.7,17448.47
4140.2,Rail,5115.6,10,6.1,45162.79
2622.8,Sea,2881.1,25,5.7,28636.9
3300.9,Rail,6822.9,6,5.1,37264.53
2140.9,Air,6000.3,9,7.6,155899.69
261.0,Rail,3189.6,11,9.7,11264.44
2117.3,Road,9882.7,20,2.1,58722.53
195.2,Rail,7777.8,15,3.7,16527.43
4258.4,Rail,6914.0,4,4.6,44075.35
1546.1,Sea,977.7,4,5.1,12988.37
697.2,Road,1402.9,20,8.7,23112.08
1025.4,Multimodal,5774.0,12,7.4,28454.33
4101.0,Road,9148.7,11,9.5,87306.3
936.4,Rail,4681.5,18,4.3,21126.27
602.9,Road,1416.4,5,4.9,14570.46
2779.8,Road,5369.0,1,4.1,52824.12
428.3,Road,9424.3,18,1.9,32047.95
2126.8,Road,5704.5,21,5.3,52851.01
3054.6,Rail,8437.3,25,6.4,45853.87
635.6,Rail,8594.5,3,5.3,15567.87
3506.7,Road,2071.9,23,8.4,70058.94
1932.3,Multimodal,5378.4,13,3.7,38220.73
3203.9,Road,713.7,12,9.1,58157.9
1144.3,Sea,1406.1,16,2.7,16248.15
1968.7,Multimodal,4054.0,9,6.9,35790.23
2146.5,Air,689.0,28,5.1,100070.18
1334.3,Rail,1263.6,15,5.6,20218.81
3561.2,Road,2247.4,8,4.3,62263.72
803.4,Rail,7161.9,10,2.5,18459.41
2986.0,Road,1154.2,19,2.7,55715.91
4196.1,Road,7767.6,12,2.0,82084.26
3770.6,Air,5598.3,4,3.0,205135.45
3439.6,Road,9838.3,16,1.2,76026.48
646.9,Sea,780.4,1,1.5,7033.6
3416.1,Road,8000.7,4,4.4,68601.67
1688.8,Road,4712.7,18,1.0,41862.43
469.6,Road,442.9,28,9.1,21399.09
3141.7,Road,8347.2,14,8.8,71577.56
301.6,Sea,5200.3,18,7.5,15264.04
1719.1,Rail,4219.3,19,8.9,28719.39
3869.8,Road,6477.6,14,9.3,80163.67
3091.1,Road,3889.4,19,4.1,62821.27
2330.1,Road,4683.6,4,4.6,46257.26
3971.8,Multimodal,3217.7,1,9.4,56588.15
3373.8,Road,2780.1,27,6.0,69743.66
2116.6,Road,4493.2,24,6.7,52277.99
3363.2,Rail,4329.4,20,8.7,43685.45
3975.0,Rail,997.8,22,9.9,47693.45
651.1,Road,2799.8,11,6.4,20562.79
905.1,Road,1507.7,19,8.7,26153.73
3268.1,Sea,3208.3,7,9.1,25436.84
770.3,Road,5094.6,27,9.8,34163.29
753.5,Sea,5677.8,29,3.0,22184.57
2954.8,Road,8313.2,28,5.4,73387.19
2412.0,Air,4878.0,2,4.6,148040.42
3406.8,Rail,1970.3,28,1.1,41672.93
1438.3,Road,4613.6,3,2.2,31584.99
2740.0,Rail,9549.4,11,1.7,35991.29
4035.6,Air,8601.1,20,7.3,260366.09
4066.1,Road,7069.8,13,9.7,84070.86
2940.8,Rail,4030.8,3,3.2,29690.81
109.9,Rail,2808.5,1,8.8,5292.79
2380.4,Road,4570.8,22,9.3,56563.75
311.1,Road,6668.2,19,4.5,25794.78
4454.0,Road,8853.1,1,2.5,83301.99
4486.6,Rail,9459.9,8,9.5,53447.8
526.4,Sea,7701.2,16,9.8,16671.84
2055.5,Road,6319.5,4,9.5,46532.58
3876.0,Road,669.2,21,1.8,68485.76
526.8,Rail,6359.9,16,1.2,18123.21
2487.5,Air,7498.0,5,4.6,183449.84
902.6,Rail,8437.3,25,8.4,28046.0
2188.1,Road,4356.5,3,5.8,43429.73
914.3,Road,283.3,19,4.7,23544.51
2388.7,Road,1584.0,21,6.9,49938.0
1855.0,Road,3798.7,9,8.0,40488.07
1775.4,Rail,6864.1,5,4.4,24081.39
725.8,Multimodal,5077.7,25,1.7,29010.28
2970.8,Sea,6498.5,19,9.5,30734.22
320.8,Rail,5708.9,29,6.0,21963.74
4202.7,Air,9396.1,8,2.5,267451.48
270.3,Rail,7877.8,9,2.9,14483.41
1854.8,Sea,8149.0,24,7.2,27047.37
1294.1,Road,6962.4,9,1.1,36038.42
2484.9,Road,830.1,20,7.7,49986.13
116.9,Air,9802.5,6,9.7,127089.17
1978.3,Road,712.0,24,6.5,43276.71
3392.9,Rail,3569.4,1,7.7,34261.04
3633.4,Road,8073.8,25,8.4,83573.71
4204.5,Rail,3123.2,10,7.1,44556.33
492.1,Rail,6317.2,21,5.8,20441.71
2495.5,Sea,8951.8,29,8.2,33217.52
1809.2,Sea,8160.8,8,2.8,18376.78
2915.0,Road,5630.4,3,7.3,57541.58
3744.4,Rail,5158.3,15,3.2,42389.29
2699.7,Multimodal,2122.4,8,8.9,42082.78
1034.4,Rail,5950.8,26,9.0,27411.2
1449.2,Road,6933.3,15,6.5,42298.59
4017.1,Road,6093.8,17,5.7,80791.76
3023.5,Rail,2392.5,8,4.8,31749.35
2684.2,Multimodal,8634.7,1,9.7,48935.13
630.6,Air,5374.6,26,1.2,100767.77
1539.3,Sea,985.6,16,4.3,18209.13
1457.2,Road,1488.5,19,2.8,33627.8
121.4,Sea,8587.6,27,3.8,19623.65
4182.6,Rail,3085.5,6,5.7,41620.61
1495.7,Rail,5618.1,14,7.5,25376.17
466.6,Sea,4680.1,24,6.5,18410.22
2225.4,Road,5154.5,14,8.1,51185.09
2021.9,Rail,7081.4,11,7.7,29943.97
3826.0,Rail,7629.0,9,3.0,42548.26
3600.2,Air,9703.8,11,3.4,251725.17
3518.4,Road,7020.1,3,3.7,67550.15
4195.6,Rail,3146.1,27,4.0,50123.18
1688.6,Road,6502.0,24,6.2,49163.2
2654.7,Sea,5837.6,9,9.4,24271.96
3014.6,Road,5365.4,25,8.3,69001.74
2127.4,Road,106.4,17,6.2,41195.5
1101.2,Rail,8079.6,7,3.7,20498.89
4046.1,Road,9339.0,24,1.7,87929.09
4053.8,Road,2755.7,10,7.2,73174.29
3455.9,Road,680.6,28,1.4,65256.2
1560.8,Road,1798.4,8,1.9,30597.61
17.8,Sea,9969.6,14,9.3,13830.59
2212.9,Rail,6402.8,11,2.8,29448.99
2363.0,Road,3750.5,20,7.6,53290.92
2198.4,Sea,2719.5,14,5.0,21273.77
438.7,Road,9882.4,11,4.8,30003.12
3546.6,Air,1885.8,10,1.8,154768.55
2397.0,Sea,1914.2,24,6.2,26852.15
1002.0,Road,4344.4,20,8.3,33245.78
4304.5,Air,3691.8,10,5.3,205379.39
1362.8,Road,1665.0,17,5.7,32225.79
1721.7,Road,7261.5,14,5.7,46402.94
1809.3,Road,9799.3,18,2.2,53174.66
1809.4,Road,2423.2,1,2.3,32382.01
2894.0,Road,6022.2,22,5.1,65502.06
1281.1,Road,2334.7,28,7.4,37331.87
4065.7,Sea,4920.7,1,6.7,26156.47
2579.8,Road,8042.3,9,4.2,58150.79
3960.2,Road,4891.8,11,4.6,74536.02
4128.6,Road,8310.7,6,9.9,84240.72
3460.3,Road,5734.1,14,4.6,69820.09
1100.2,Road,9822.9,3,3.2,36106.43
1487.2,Sea,5356.9,17,4.5,20200.08
1035.3,Road,7365.5,8,6.4,33410.42
2058.6,Air,2157.8,14,2.2,107504.34
2301.9,Road,2228.3,4,2.7,40740.36
1526.9,Multimodal,3581.2,23,2.4,35088.92
3926.5,Sea,2209.4,12,5.9,28918.81
1783.0,Road,152.4,6,4.3,30639.72
3170.7,Road,2174.1,23,8.7,64984.59
3753.2,Road,4918.6,26,3.1,77345.38
728.6,Road,6690.8,5,7.2,26310.93
3218.5,Road,5558.5,17,6.3,67961.56
722.6,Rail,1904.4,19,1.2,16967.45
3438.4,Rail,1305.6,14,4.1,36554.63
2555.3,Road,8285.0,4,2.5,55313.27
2316.4,Sea,7775.0,12,4.0,22623.9
2388.0,Sea,2436.1,7,3.1,18297.39
1809.8,Rail,5210.6,4,7.8,23316.14
228.1,Road,6735.2,4,9.8,18144.96
2489.3,Road,6945.0,8,3.1,53933.21
106.0,Road,4560.0,4,8.1,12359.49
4107.4,Air,4810.8,24,1.1,215387.16
1124.5,Air,4828.4,10,1.8,104549.02
2921.9,Road,5667.3,21,4.3,64421.8
2523.5,Road,4673.5,1,3.0,47235.49
2777.3,Sea,4844.0,21,2.9,27268.19
1462.7,Road,8197.3,1,3.8,37873.3
2025.3,Road,2064.4,4,8.2,37913.42
3371.8,Multimodal,4631.6,2,2.4,48160.68
1763.4,Road,6891.9,11,3.7,44501.33
1285.3,Sea,5488.2,4,8.0,14251.16
144.7,Road,2976.7,5,8.3,10499.4
2144.5,Rail,1008.3,9,1.4,22675.58
3127.1,Rail,6668.8,28,4.6,45465.44
1303.0,Sea,7115.0,11,5.0,17540.51
3896.3,Road,647.6,14,9.8,70275.7
525.7,Road,7235.8,20,7.0,30922.91
1683.1,Road,8241.7,13,2.9,46377.12
3329.5,Rail,8951.4,2,3.7,37028.41
4362.9,Rail,9854.9,13,7.2,53410.83
1703.4,Road,5895.1,3,7.0,38974.71
3337.2,Rail,9828.7,1,1.6,36302.46
3115.7,Road,5491.9,9,8.4,63706.23
4216.1,Road,6744.4,19,7.9,87463.4
2257.5,Rail,6884.3,23,3.6,35875.3
2657.0,Road,7383.0,10,3.2,58131.83
734.0,Rail,7708.9,22,2.4,23859.95
1203.4,Sea,5646.3,22,5.0,21368.98
2850.1,Air,7690.4,1,4.5,196923.36
2522.5,Road,2538.1,12,1.1,47555.07
2008.2,Road,5167.0,20,8.7,50688.1
3153.9,Road,1773.2,1,4.0,51832.83
1106.0,Sea,4281.7,11,2.6,15005.85
3148.0,Sea,3895.8,6,5.4,22795.91
849.5,Sea,280.9,11,8.4,13049.94
2228.8,Road,2816.9,5,8.4,43051.01
515.1,Rail,7037.5,20,4.1,20747.25
2329.9,Road,4533.2,25,6.7,56109.52
3696.9,Sea,9233.8,24,7.3,36872.84
2179.2,Rail,4056.7,4,1.8,23540.12
1479.1,Air,4597.7,10,3.0,114647.76
625.1,Rail,7767.5,11,4.5,18159.03
1617.9,Sea,867.1,26,2.5,22647.36
3856.5,Rail,9245.3,16,9.6,51210.87
1763.0,Sea,4950.9,14,8.7,21095.83
836.1,Rail,7381.9,22,8.7,25050.85
3998.7,Rail,7077.2,27,7.6,54295.13
4176.5,Road,3073.5,27,9.8,84873.97
4293.1,Sea,9995.1,10,6.9,33667.08
2336.8,Sea,397.2,12,1.4,18925.04
2532.1,Road,9296.6,12,9.9,63248.76
1369.4,Road,984.4,29,3.5,36026.67
1519.2,Road,3106.1,17,7.3,37619.77
2321.0,Road,9003.9,18,1.8,59188.08
732.1,Rail,2148.4,12,7.3,14730.89
4330.6,Rail,646.2,26,9.6,52195.69
3084.3,Road,7241.6,25,2.7,70871.84
214.8,Road,2883.6,14,4.1,15256.55
1165.8,Road,3995.9,24,8.6,36967.95
1354.2,Sea,4488.8,8,5.3,15340.42
51.2,Sea,6774.5,26,4.9,18136.89
4429.4,Road,7338.9,14,5.2,87782.76
1262.3,Rail,3347.6,22,3.0,24135.63
237.1,Road,9040.6,4,7.2,22309.84
3943.4,Road,2151.7,9,7.4,70134.5
501.7,Rail,7595.8,16,7.4,19476.55
2053.8,Sea,7239.9,15,2.3,21982.99
1644.0,Road,5230.8,4,7.0,37393.96
355.6,Rail,9714.7,28,9.7,25853.54
151.4,Road,4685.2,14,5.4,17628.65
1213.4,Road,8591.6,11,1.7,38955.26
1622.0,Road,635.7,5,5.0,28717.84
3360.9,Sea,3991.8,7,3.9,23675.66
3260.6,Sea,2156.3,12,5.6,25574.82
2092.1,Road,8570.9,13,5.8,54065.47
949.9,Road,4287.5,27,3.4,34753.69
3790.5,Sea,5279.8,20,6.2,33348.98
2923.4,Rail,6657.4,18,4.5,39205.94
1573.0,Road,4061.2,29,9.6,46048.16
3919.6,Sea,3622.5,7,2.4,25219.99
3682.3,Rail,3374.0,28,4.6,46987.29
7.7,Road,7710.9,17,4.9,22159.41
3910.8,Road,9868.4,10,1.3,80300.75
2384.7,Sea,3262.8,16,7.6,24116.26
4160.2,Road,6742.7,7,6.9,80546.19
3469.4,Rail,8782.1,8,7.1,42440.05
662.6,Road,9838.8,15,3.5,35043.07
1538.5,Rail,5787.3,22,10.0,30152.58
1406.1,Road,1838.3,2,9.2,27135.6
3164.6,Sea,5442.3,17,2.1,26999.8
2425.7,Rail,6556.3,21,9.6,38306.2
1220.9,Road,4798.1,10,9.9,33228.83
3428.3,Rail,3084.4,24,5.3,43196.61
2944.4,Road,3134.8,8,3.7,54140.12
3570.3,Road,8009.3,10,8.9,76019.51
3362.9,Rail,9659.3,13,8.2,45087.37
2763.1,Sea,6887.2,20,6.0,28819.15
751.3,Road,4556.5,3,8.9,22032.08
879.8,Road,3193.2,25,5.2,30969.3
3544.0,Road,1625.8,23,5.9,68417.64
3853.3,Rail,2993.3,10,7.9,41876.48
2262.5,Road,185.3,21,1.6,43693.07
4442.2,Rail,3359.0,12,3.7,45357.54
1332.0,Road,1799.4,20,4.2,32963.42
3293.9,Road,264.0,25,4.0,61985.95
3015.4,Sea,1201.9,16,9.7,27630.46
3360.4,Sea,9016.6,8,7.0,27686.75
1874.5,Rail,2732.8,12,1.7,23658.24
1103.2,Sea,5385.2,8,4.3,14325.23
1824.9,Rail,2497.9,11,2.5,22762.03
857.6,Road,6544.4,14,9.3,32458.22
507.6,Road,1610.3,15,5.8,18059.38
3080.7,Air,4490.2,4,6.2,168828.56
4436.2,Air,2242.8,20,2.2,195173.91
3002.8,Air,5451.4,1,1.7,174313.56
609.3,Air,999.1,24,2.8,46883.62
2348.9,Sea,5874.4,18,6.6,25760.53
2720.6,Air,7309.7,17,9.2,196921.7
3311.7,Air,4492.9,9,3.0,177795.39
3490.5,Road,9501.1,12,1.1,74379.4
893.5,Sea,2141.3,25,3.2,19647.81
1476.4,Rail,1000.7,3,4.1,15467.71
2447.4,Rail,868.1,19,1.7,29498.0
25.8,Road,3339.3,12,1.9,12404.41
896.7,Air,1458.7,19,5.6,60671.54
4306.9,Road,102.0,22,6.6,77432.86
1610.9,Road,2291.4,24,8.3,40822.99
3356.4,Sea,2358.1,3,2.4,20351.18
2128.0,Road,1271.3,19,8.8,45113.78
4496.0,Road,3879.7,2,9.6,80097.09
4057.1,Rail,9588.7,20,6.7,53291.14
1293.4,Air,9160.5,19,1.6,166588.25
3612.9,Road,198.8,29,3.6,68338.42
2487.4,Road,8199.3,25,9.3,66168.9
1378.5,Rail,2248.0,3,1.2,15178.12
2321.3,Rail,5377.9,11,6.7,30699.31
1503.6,Air,4676.5,27,4.8,124447.1
817.6,Sea,9833.4,12,5.4,16699.16
2107.0,Sea,6025.6,3,8.4,18333.14
1914.9,Rail,6305.3,9,2.9,26087.26
1419.9,Air,9349.5,5,1.3,166894.13
2787.0,Air,1613.3,27,9.1,135327.03
581.8,Sea,4940.6,9,4.4,12254.35
4379.9,Sea,1233.7,2,8.2,27801.82
958.4,Air,1108.3,10,5.1,54564.94
2758.9,Road,7120.7,1,8.1,57342.04
1811.1,Multimodal,6019.7,5,7.1,35092.2
49.1,Road,1126.8,8,6.4,6961.53
960.4,Air,5215.1,5,4.2,101485.04
2482.5,Road,9478.4,15,3.6,61748.2
1574.3,Rail,1398.0,26,1.9,26370.15
3764.4,Rail,1663.4,9,6.8,38834.11
3030.0,Multimodal,6695.2,17,8.2,56712.14
709.1,Road,2280.2,28,4.9,28113.5
4208.8,Road,7567.2,8,1.6,79916.74
1090.1,Road,9208.9,10,7.4,38658.5
278.0,Rail,88.3,26,6.1,15289.5
2190.0,Road,3220.9,28,5.8,52612.78
1973.0,Road,5826.0,24,9.7,53354.66
2212.3,Road,5154.2,23,6.6,54460.46
329.8,Sea,5460.0,13,9.3,13363.1
1339.1,Road,6907.0,27,9.9,46535.82
4148.5,Rail,8070.6,14,1.0,46640.54
3581.9,Rail,2810.1,3,2.5,33281.72
669.1,Rail,7501.7,8,6.0,17122.99
1300.3,Road,774.4,22,9.1,32647.76
3363.2,Road,7025.5,3,4.2,65474.56
3861.4,Road,8348.4,12,9.5,82665.24
635.7,Rail,9322.0,26,5.0,26418.89
2686.8,Road,6429.1,19,8.5,63178.53
1978.4,Road,3160.1,2,3.9,37004.11
2188.6,Air,6536.8,13,8.9,166355.59
3569.2,Road,1773.4,14,3.1,63514.52
2671.5,Rail,6975.5,3,4.1,30490.16
2509.3,Road,8766.4,8,8.4,59542.66
1713.9,Air,9536.3,4,9.8,181211.07
1456.5,Sea,1858.1,19,9.1,20560.39
3283.7,Road,6183.1,15,5.5,68808.05
4117.6,Road,9814.6,7,4.1,83592.47
119.6,Rail,6271.6,22,3.3,17731.92
2145.2,Road,9428.4,7,5.3,53485.82
2553.4,Sea,4392.2,4,7.4,20055.78
1280.2,Road,7910.3,4,8.1,36748.4
401.2,Sea,854.8,19,9.8,14524.89
762.0,Road,2098.4,9,2.2,19721.57
3183.6,Road,1183.1,16,6.8,59266.61
987.6,Multimodal,573.6,18,3.2,22292.97
1792.1,Rail,4443.3,11,6.5,25371.41
76.1,Rail,8536.4,4,2.3,11226.64
770.0,Road,2794.4,19,2.2,25566.82
3674.5,Road,2367.2,4,9.1,64938.43
2371.6,Road,7591.1,23,1.6,59653.68
444.8,Road,2641.3,28,2.5,24662.74
377.5,Road,6095.2,19,9.4,26126.92
4144.1,Road,1608.6,5,1.2,66551.46
1675.4,Air,4046.5,4,4.3,112481.92
3451.3,Road,5459.9,16,2.6,69000.86
1967.9,Air,9971.8,9,6.5,197079.39
561.9,Rail,8553.9,22,2.0,23177.39
2366.1,Road,148.7,26,8.8,49985.98
451.5,Rail,6362.7,2,7.2,11709.55
3884.6,Air,6449.5,19,3.4,226455.52
226.4,Air,5510.1,20,1.2,85426.7
3151.7,Road,282.0,9,9.0,55199.81
4398.8,Rail,2803.4,11,5.6,45252.16
3986.5,Road,2038.7,15,8.7,74076.16
4079.1,Rail,361.2,5,9.3,39994.1
1153.8,Road,8853.2,28,3.1,46370.25
2106.8,Road,5883.6,20,6.2,52722.07
1045.5,Rail,2609.3,3,7.2,13784.9
3099.8,Air,8841.0,5,3.8,221061.57
2951.5,Sea,8499.4,25,3.5,31444.44
1337.3,Road,2293.3,19,7.8,34205.66
1846.3,Rail,2344.6,5,5.1,20780.35
1714.9,Air,1813.4,4,9.3,88446.91
3140.5,Road,1900.0,12,2.8,56294.8
89.3,Sea,7327.1,28,6.6,19436.9
4164.2,Road,2406.1,5,8.6,72910.14
639.5,Road,8303.5,7,4.3,28448.61
1421.5,Road,9676.0,12,5.0,45191.05
216.2,Rail,567.1,22,9.0,13480.87
1979.1,Road,5294.4,15,6.3,47467.45
3319.9,Rail,362.7,21,7.7,39757.81
3530.8,Road,3305.6,20,5.8,69834.6
1631.3,Road,9352.8,10,2.3,46175.5
1721.9,Sea,3668.0,16,6.5,20730.06
1531.8,Road,6892.2,4,4.1,37922.46
992.8,Sea,5373.2,16,8.9,18119.6
3216.9,Rail,5876.7,22,2.3,41660.23
4021.6,Air,9943.2,19,1.4,271856.48
1832.8,Road,8206.8,7,8.0,47308.46
3243.2,Road,9195.1,5,1.4,67039.43
2203.2,Road,6680.7,8,2.8,49191.85
581.6,Rail,4035.3,6,9.1,12644.68
2305.5,Sea,3798.0,20,6.3,25344.18
1205.6,Sea,9693.0,24,3.0,23614.63
3013.1,Road,2984.8,2,1.9,51399.62
2024.1,Air,1868.6,21,9.1,107899.37
3048.9,Road,1306.9,26,3.0,60339.68
2168.3,Road,5444.9,5,9.5,47217.45
3426.7,Multimodal,7071.6,2,1.0,51654.7
4487.6,Road,4901.0,10,6.1,83046.09
3871.9,Road,9018.3,2,6.9,77921.91
3183.9,Sea,7380.9,13,1.3,25578.58
1107.9,Rail,1733.0,22,9.2,22546.97
2565.8,Road,9541.3,15,8.8,65039.15
2852.2,Rail,6552.2,12,9.8,38076.98
3297.4,Multimodal,1736.3,14,4.9,49587.59
875.5,Road,4396.4,13,1.7,27242.54
2328.5,Road,4589.6,8,1.3,46719.56
2083.7,Rail,6316.2,3,4.9,25419.94
1185.9,Rail,9540.9,10,8.5,24718.4
2427.7,Road,3900.5,18,5.7,52989.11
4091.2,Road,5860.8,22,8.3,85392.77
3461.9,Sea,3893.8,5,4.4,23466.78
2512.7,Rail,9020.7,28,5.5,42751.74
3285.0,Road,9574.9,12,7.7,74674.26
3551.0,Road,7404.6,16,4.7,75117.13
3254.7,Sea,2615.6,6,8.9,24592.7
3873.6,Rail,6188.2,8,8.5,44385.8
3497.6,Air,2535.3,6,2.4,159317.24
3725.7,Road,5747.7,11,6.6,73613.38
2338.5,Rail,3901.0,4,5.3,25962.21
2266.1,Road,7642.2,22,5.4,58941.33
1615.0,Rail,8966.3,29,2.4,35034.76
2222.1,Road,149.9,7,4.8,37945.78
3138.6,Road,9139.7,9,5.6,69277.38
1403.2,Sea,2594.5,7,6.7,14686.33
1008.4,Sea,7237.5,24,8.0,22495.22
3965.3,Air,2250.6,13,5.2,177236.72
127.8,Road,3454.0,24,5.3,19490.0
4206.5,Sea,6145.6,17,1.9,31637.57
3828.1,Multimodal,1588.2,2,7.7,51708.3
2965.8,Road,2328.9,21,3.6,58751.22
3419.9,Air,4789.9,9,1.3,184345.96
2700.9,Multimodal,1194.9,2,7.2,37337.04
2580.5,Road,1355.3,9,9.8,48329.68
2921.4,Road,6698.2,20,2.9,65265.98
29.1,Road,9988.8,18,8.2,27161.65
3756.0,Multimodal,9868.4,10,9.5,67917.06
3674.1,Road,4989.2,23,3.4,75121.34
2191.2,Rail,7599.5,21,7.6,36389.85
1070.0,Rail,6231.4,3,1.0,16331.14
1507.7,Rail,71.5,14,1.2,19103.46
1924.9,Road,9022.9,6,3.7,48433.53
719.8,Rail,7851.7,17,2.5,21645.29
2738.2,Road,2301.5,19,7.7,56166.31
687.5,Road,9699.5,12,4.1,33903.0
3076.4,Road,3792.3,21,2.8,62639.29
2539.5,Multimodal,3918.9,21,2.2,46102.26
3762.0,Rail,6667.9,22,4.5,47786.55
1794.5,Sea,6539.5,24,6.3,25805.86
4076.8,Road,6736.1,18,5.2,83135.72
2940.0,Road,250.4,15,7.0,53600.82
8.6,Multimodal,3348.9,4,6.8,8904.09
1970.9,Air,136.4,22,2.0,83562.15
4351.6,Rail,3401.8,5,2.6,40797.55
4323.1,Road,8411.5,13,3.5,86562.68
2574.2,Road,2630.4,29,3.6,57096.08
2981.1,Road,1772.3,26,3.9,60475.76
1069.0,Rail,9234.6,25,9.7,30317.75
1449.3,Multimodal,2290.1,9,6.7,26884.09
1782.7,Road,4765.6,24,8.6,48174.01
1864.1,Sea,3366.6,10,5.8,18416.98
3182.5,Road,871.1,19,9.2,61230.39
347.0,Air,2280.0,27,2.7,54308.96
210.7,Road,6284.8,1,4.3,15555.3
2345.0,Rail,838.3,7,2.5,23613.57
2605.5,Rail,402.9,12,6.4,29038.11
1746.6,Rail,1610.4,2,1.5,16973.81
3362.4,Rail,2911.3,15,5.0,38262.92
762.0,Sea,7123.2,28,3.7,22451.34
4459.3,Sea,4876.2,24,8.8,39881.31
1580.5,Road,4986.8,25,3.5,44593.01
1495.5,Sea,3729.4,15,8.2,19574.64
1773.0,Road,7863.8,28,1.9,53577.39
3765.9,Sea,431.8,27,7.0,34865.38
995.4,Sea,5875.2,14,2.8,16622.92
2055.9,Road,9590.2,27,9.3,62714.11
1200.3,Road,5718.9,24,5.3,40040.83
195.7,Road,7382.0,17,3.0,24530.91
1655.7,Road,1489.9,2,2.3,28811.45
346.5,Rail,5752.8,10,4.5,13686.17
4366.4,Road,3154.6,15,5.0,79638.74
637.8,Road,7084.3,14,9.3,29805.29
4430.1,Rail,1809.0,3,6.7,41917.29
2073.1,Rail,5769.2,7,9.9,28138.91
750.3,Road,5142.0,5,2.5,23204.35
1199.5,Road,7294.7,29,6.5,45341.9
1744.7,Multimodal,6687.0,10,5.5,37129.3
3054.5,Rail,7421.8,16,8.5,41845.04
3212.8,Multimodal,9232.6,25,2.0,63386.53
985.7,Rail,5736.7,22,5.8,24574.4
892.4,Road,3999.8,25,2.3,32256.78
4110.3,Sea,4993.4,26,2.2,35056.44
2037.3,Road,6931.9,11,9.6,50597.92
1618.7,Multimodal,2385.8,17,2.7,31695.43
2819.4,Road,1924.0,10,3.1,50789.86
2472.3,Rail,897.8,1,7.5,23837.77
4025.5,Sea,4018.9,22,2.4,32642.17
717.4,Rail,782.6,10,9.1,12794.47
2034.4,Road,1155.9,17,2.2,40449.49
901.8,Road,8801.8,15,3.7,36700.14
484.1,Sea,6007.9,18,3.4,16159.48
1300.9,Road,9528.4,28,1.4,49525.47
309.0,Rail,3675.2,10,4.7,11497.21
2713.5,Road,3622.4,11,5.7,53730.79
3832.7,Sea,8559.5,4,9.0,29195.35
1363.4,Rail,5780.8,18,4.4,25565.9
2849.8,Road,5658.5,26,2.8,64989.72
588.4,Road,5596.2,20,6.3,28807.61
1060.4,Road,8116.4,1,8.8,32439.12
3043.0,Road,6743.2,20,9.7,70294.32
4137.9,Road,1898.9,9,5.6,71509.85
90.5,Road,7032.7,1,9.6,15037.26
2894.1,Sea,5434.9,24,4.8,30143.28
3172.1,Rail,1191.2,4,1.4,28482.01
2690.7,Road,3181.4,27,6.0,60009.13
1926.7,Road,7642.0,9,8.8,48832.41
4446.2,Road,9289.4,26,1.1,94203.59
1231.1,Road,4735.2,21,9.6,38200.82
2101.6,Road,7139.2,25,9.9,58275.51
3033.4,Sea,499.2,29,4.0,30722.13
5.3,Rail,5152.6,28,2.6,18511.81
1628.4,Air,5055.5,6,9.3,125153.91
1771.4,Multimodal,9952.8,9,7.2,42406.21
52.5,Road,9967.0,14,9.3,25713.48
122.6,Road,4747.8,19,5.3,19534.62
4448.7,Road,1622.1,22,7.9,83199.16
494.8,Road,5099.3,13,2.9,23033.78
1066.9,Rail,6787.0,29,4.5,29110.93
628.1,Road,7400.9,29,7.8,36754.99
2314.0,Road,1844.1,5,1.8,40355.07
3313.5,Road,7535.5,5,1.8,65383.08
351.0,Road,9520.3,26,9.2,34921.32
2639.1,Multimodal,1728.2,13,3.2,40673.28
1591.9,Multimodal,4779.4,29,1.9,40230.45
2210.1,Road,8646.8,16,8.6,58247.68
1200.6,Road,3051.6,20,8.1,33909.23
3887.4,Rail,669.7,2,9.7,37466.77
2038.4,Road,9737.1,26,6.9,61528.83
726.5,Road,7194.9,2,2.1,25207.97
3564.2,Road,1504.4,19,3.4,65345.57
3384.5,Rail,4571.4,23,5.5,43866.78
2184.7,Road,5882.0,21,5.7,54085.07
3248.9,Rail,9184.8,8,1.7,38178.54
2711.4,Road,2918.8,20,1.1,54507.48
745.9,Rail,8189.3,23,7.8,25398.36
4496.9,Multimodal,22.3,2,5.0,55766.28
3476.7,Rail,8770.3,4,4.6,39293.47
3000.7,Road,7601.3,12,7.8,66633.71
3741.0,Multimodal,9420.2,3,5.0,61481.74
4176.9,Road,3962.7,9,1.7,73327.68
2602.2,Road,9674.0,19,6.7,66940.07
2650.0,Rail,7963.4,9,7.9,35362.55
110.6,Road,1439.9,8,2.1,8504.23
1870.0,Sea,2324.0,25,8.5,25449.7
2291.7,Road,8045.2,7,6.3,53672.39
1057.8,Road,4595.5,9,1.4,28445.93
1621.2,Air,7612.4,19,3.5,159926.54
1651.5,Road,4579.9,8,1.7,36854.73
1658.4,Road,6249.1,11,6.6,42518.73
4301.3,Rail,3387.3,8,5.3,43556.06
2645.9,Road,4741.4,18,6.3,58210.28
1415.9,Road,8474.9,22,7.4,47852.81
1374.7,Sea,4993.7,6,7.8,15351.36
3811.7,Air,6883.8,21,8.5,232810.75
2889.6,Road,2064.2,24,4.8,59089.23
3830.5,Rail,6886.1,18,9.3,49615.24
2898.2,Sea,1051.6,11,6.8,23355.15
4116.7,Sea,6116.4,4,1.9,25313.94
1813.1,Road,5438.2,15,6.6,45243.11
3791.9,Rail,4198.4,6,8.9,41169.74
795.7,Air,8271.9,4,3.6,131862.37
3014.2,Road,5806.3,18,5.1,65110.22
1640.1,Road,2542.9,26,3.4,41514.17
2364.8,Air,5113.6,9,8.0,153524.64
3315.8,Rail,7976.2,22,9.9,48104.83
2542.2,Road,8590.4,25,6.7,66813.35
3286.4,Sea,3103.0,6,6.9,24042.95
169.4,Road,800.7,1,2.4,4973.89
1801.7,Sea,2546.7,23,4.0,23082.02
4294.1,Rail,8903.3,9,4.6,48501.5
3429.0,Road,6641.4,28,5.0,77354.82
2176.5,Rail,9624.0,14,8.0,34956.96
3190.1,Road,422.7,22,8.3,61482.89
126.2,Rail,3517.1,5,7.1,7770.52
1320.2,Rail,4090.9,15,6.3,22611.01
4064.3,Road,3327.8,15,8.5,77458.02
2236.3,Rail,2545.7,3,4.8,23235.9
4287.1,Road,4585.2,25,6.3,86398.3
1196.2,Air,6781.7,10,5.5,131180.83
3755.6,Road,1826.5,6,7.0,64911.71
93.0,Sea,7910.6,19,6.9,15623.32
22.6,Road,2155.6,3,3.1,6106.87
619.9,Road,9702.7,3,1.3,28550.75
1180.6,Multimodal,7813.6,24,6.1,38599.12
196.5,Road,3250.0,23,9.8,19937.08
955.2,Road,5855.1,26,1.9,36972.08
3928.9,Rail,3836.0,22,4.6,46684.04
4119.9,Road,9980.2,6,4.2,83664.34
537.2,Road,4782.1,14,3.8,23570.97
1422.7,Air,6796.0,15,7.7,142172.4
2745.9,Air,6371.9,17,9.7,186786.08
2976.0,Rail,3023.0,8,7.6,33329.2
129.9,Road,3850.9,5,3.7,11752.51
4104.9,Rail,5034.8,7,1.4,40505.34
1925.0,Multimodal,2488.6,22,6.4,38650.42
1988.3,Air,1994.7,2,2.4,97585.58
389.5,Road,9662.8,24,7.1,34825.46
2365.3,Sea,2838.1,17,9.7,25114.13
2646.0,Sea,3443.7,5,8.1,20855.55
2059.5,Air,8213.2,6,6.6,177890.45
3995.1,Road,7840.7,13,9.9,84469.09
493.9,Sea,1563.8,14,3.4,12605.81
835.4,Rail,1620.6,22,6.8,19759.18
1691.5,Rail,1699.4,26,3.9,28169.7
2743.3,Road,5678.0,8,1.2,54667.88
1910.9,Sea,8226.9,5,5.4,18288.28
3829.8,Road,7365.5,28,8.6,86920.56
960.8,Road,3868.9,14,4.4,28491.65
1083.0,Multimodal,5827.4,12,3.9,28749.3
4013.0,Rail,7048.0,11,7.7,47316.02
2109.3,Sea,116.6,18,3.6,21221.1
2936.0,Road,8233.6,9,7.4,65211.93
1693.8,Sea,7841.5,21,9.9,25488.0
1692.0,Rail,7390.0,26,3.0,33085.51
656.0,Rail,9643.7,19,9.6,24288.85
3993.4,Road,91.4,19,9.3,72810.63
3719.7,Road,8247.6,1,3.4,71790.55
2413.7,Rail,4690.0,19,5.4,34027.61
179.7,Air,7589.9,10,2.5,104468.91
1016.4,Rail,312.4,6,5.2,12559.32
865.3,Rail,597.0,3,6.1,10411.94
2418.3,Rail,1268.2,2,6.4,23760.78
714.1,Road,1858.3,29,8.5,28269.34
1950.0,Road,1420.5,29,7.2,46598.46
880.2,Sea,3409.4,14,6.1,15421.98
1291.6,Sea,3095.0,24,6.6,21929.42
1359.8,Sea,2169.0,21,3.4,19947.47
1027.0,Sea,1539.3,14,5.0,15319.66
1187.6,Road,6750.9,12,7.7,36802.24
698.3,Road,4765.8,14,6.8,26357.63
3480.7,Road,9519.3,11,8.0,77460.85
4377.3,Rail,8243.6,25,7.1,57377.07
3519.6,Road,7522.4,27,6.9,81012.4
1652.3,Road,866.4,1,1.3,26975.22
3404.9,Multimodal,9092.4,20,3.7,64014.44
287.7,Road,9732.0,15,2.2,29087.38
1594.7,Road,735.5,4,1.4,27174.71
1788.9,Road,8383.2,10,9.6,48649.81
62.4,Road,4209.7,28,7.4,21701.73
4275.8,Road,3191.8,7,7.7,76370.98
2092.9,Multimodal,6778.8,21,4.6,46097.84
4445.4,Rail,3164.6,2,4.5,41263.73
1259.7,Rail,1112.9,19,1.4,20410.54
4405.3,Air,6983.9,8,1.5,245126.93
2761.3,Road,6566.1,18,2.3,61506.75
1875.9,Road,7886.1,12,9.6,50096.68
3747.0,Air,5611.1,22,3.6,212858.71
2440.1,Road,7984.1,13,1.1,56575.61
3721.3,Sea,82.8,12,9.3,28982.97
2278.5,Road,7691.0,3,7.5,51330.08
1886.4,Rail,4383.6,22,6.1,30891.9
2738.8,Road,5724.9,6,2.8,54430.9
3404.8,Road,8897.0,14,6.8,75794.33
216.7,Rail,7758.1,22,3.4,19864.08
1816.5,Air,6512.5,21,7.0,155665.43
763.5,Road,1478.0,26,7.3,26895.41
4274.5,Road,2528.7,4,3.5,71208.98
4374.3,Road,3488.6,28,3.2,85077.32
4094.6,Road,9338.3,17,7.1,88790.39
2311.0,Road,7743.9,16,7.9,57954.57
3402.9,Sea,5010.6,13,2.4,26151.79
4149.9,Sea,7592.3,9,9.9,33351.59
3922.8,Sea,2637.9,4,1.4,22888.75
2413.0,Road,1506.7,1,1.8,39508.58
674.3,Road,5872.8,27,3.9,33449.75
4094.5,Road,4254.8,4,2.9,71203.32
3693.5,Sea,4594.2,16,1.5,28232.18
1808.8,Road,1708.0,27,9.1,44577.46
2091.6,Road,3646.9,25,2.5,49516.7
4451.4,Rail,9749.9,27,3.7,57892.92
2708.3,Road,798.3,12,4.4,48439.87
766.7,Road,9839.5,22,1.1,39454.89
740.2,Road,6074.9,12,1.9,27849.04
296.9,Road,4132.4,2,5.3,13551.4
2647.1,Road,29.6,25,3.3,51568.1
125.7,Sea,4378.2,16,5.2,13058.85
3676.9,Road,4491.0,22,7.1,75792.43
1435.8,Rail,2366.3,2,6.2,16384.67
1544.3,Air,8576.5,28,7.7,173802.44
3425.0,Road,3761.4,22,9.8,72037.01
480.1,Road,1120.0,10,4.5,14345.28
2379.9,Rail,8429.6,4,7.8,31170.98
1667.8,Sea,6567.8,12,2.7,18957.24
458.4,Rail,527.0,4,1.2,7020.21
1341.7,Road,742.2,17,9.3,30874.56
2831.8,Sea,9748.4,22,4.9,30675.24
2985.9,Road,8677.3,22,5.6,72000.51
572.4,Road,8821.8,26,1.3,36630.65
4224.2,Air,976.9,19,5.1,173799.39
829.3,Road,1240.3,18,2.1,23178.06
2986.0,Rail,9872.2,9,9.8,40980.68
1467.9,Rail,9915.2,17,4.0,29658.88
3163.8,Rail,4679.2,21,7.4,42080.43
3660.2,Road,7311.1,3,9.4,73220.89
367.9,Sea,7366.6,3,8.2,9770.68
3587.5,Road,9900.4,13,8.0,80679.2
549.0,Multimodal,7800.8,6,7.9,23046.9
2337.6,Rail,3212.0,13,5.8,29573.81
1524.3,Sea,6582.9,16,4.1,20289.0
1385.3,Sea,4842.4,2,9.1,13738.22
689.1,Multimodal,4427.9,18,2.9,24635.13
3046.4,Rail,4754.8,10,4.3,34784.43
1365.6,Road,9006.7,1,7.5,38629.86
2277.2,Road,3407.0,15,5.6,48332.9
73.0,Road,6613.2,4,6.0,15402.92
2721.2,Road,9726.1,18,5.6,67938.65
3049.2,Road,3320.5,19,1.0,59751.32
285.2,Air,6979.2,2,2.4,97263.74
2398.7,Rail,1397.0,12,9.2,29175.33
3215.6,Air,8580.3,2,7.8,222576.96
641.4,Road,8334.0,1,4.3,25734.39
201.8,Road,2108.6,16,2.6,14620.5
874.8,Road,995.8,4,6.3,17645.44
1585.7,Road,1276.8,1,4.1,27264.92
1922.4,Rail,8965.7,25,2.5,35650.59
332.5,Road,4844.0,17,5.6,22021.7
4407.0,Road,7489.5,11,1.2,83694.68
3103.9,Multimodal,4875.9,29,4.9,58808.34
606.1,Multimodal,8723.7,21,1.1,31192.32
3589.5,Road,4661.1,5,7.1,67136.09
1443.0,Road,8676.2,19,7.0,47145.08
1691.3,Rail,2710.6,19,5.9,26335.11
330.8,Road,645.6,25,4.7,18006.91
1905.9,Sea,2875.8,13,1.6,18624.31
354.7,Rail,6171.2,23,7.8,20217.26
3062.8,Rail,8632.3,13,3.2,39228.57
1548.4,Multimodal,2722.8,16,4.9,31516.62
1336.9,Road,791.3,2,2.3,22798.58
2919.3,Air,4333.2,28,6.4,172102.04
3098.1,Sea,9306.0,18,6.7,30899.77
2876.2,Road,4349.0,13,6.3,58783.86
3550.2,Road,3218.1,9,1.7,62838.72
2874.1,Rail,6935.0,14,9.6,39399.56
4253.2,Road,4176.7,7,5.7,76524.52
2550.2,Rail,6993.4,25,5.6,39996.69
3982.6,Road,1209.4,10,6.6,68961.87
4325.5,Air,4581.4,23,6.4,223352.53
740.8,Rail,818.2,4,3.2,9543.83
3047.2,Rail,6977.4,3,5.0,33975.35
2954.4,Road,7600.7,21,4.1,68456.18
3913.4,Road,1424.8,29,6.7,77023.6
1519.9,Rail,644.9,13,2.6,19730.13
1775.9,Multimodal,4087.3,22,1.3,37952.48
217.0,Rail,8342.6,27,6.7,22701.88
3449.4,Road,2291.3,15,6.5,64788.82
1201.8,Multimodal,5761.9,14,8.6,31696.15
4180.7,Sea,1872.6,22,2.1,32196.69
2985.4,Air,6533.4,9,7.1,192589.3
1500.2,Rail,1940.9,12,2.0,20052.51
3683.5,Air,3617.1,25,2.0,187102.4
3678.9,Road,7239.5,3,1.2,68987.02
731.2,Sea,6445.8,9,1.2,13105.17
2440.6,Rail,4363.0,9,1.2,27947.8
50.6,Multimodal,3527.8,10,8.8,12382.49
1551.6,Road,8909.3,24,7.2,51628.47
3126.3,Road,1483.4,27,2.8,62017.92
1488.8,Sea,4768.1,18,6.7,21005.12
607.2,Multimodal,4973.9,19,4.4,25065.41
2600.1,Road,3341.9,29,8.7,60789.59
4326.9,Road,8626.5,18,2.5,88578.83
1861.2,Road,100.2,3,9.5,31722.11
4131.4,Sea,8403.0,29,3.6,38659.56
4075.4,Rail,2463.0,15,1.7,41742.59
3009.9,Multimodal,161.5,4,3.5,38728.77
321.3,Sea,5181.9,7,9.6,10448.13
2944.0,Rail,2699.3,5,4.0,29717.0
2661.8,Road,4468.4,4,3.7,50497.41
2618.4,Sea,3137.8,14,3.0,22746.78
1526.2,Rail,3072.7,6,4.8,19299.39
3378.7,Air,7469.0,5,3.6,214541.22
3973.9,Rail,8142.2,20,3.4,49346.09
3038.2,Sea,7322.0,9,8.3,26418.63
670.0,Road,5305.4,26,3.9,31900.07
3531.9,Multimodal,6282.7,17,2.9,59452.9
708.4,Sea,9749.0,10,7.2,15434.56
3600.3,Rail,2891.9,20,1.8,40797.7
2736.9,Rail,917.4,18,3.1,31894.36
1545.6,Rail,7356.8,20,7.1,30078.02
2551.7,Road,3309.4,27,3.0,56815.84
3705.9,Road,3437.2,28,1.2,73793.58
2305.0,Road,9416.7,19,8.0,62249.79
2146.9,Road,2743.5,3,4.2,39333.53
959.2,Road,247.0,18,5.2,23785.71
1649.6,Rail,839.0,13,6.0,21714.33
2341.5,Multimodal,7845.3,23,6.2,52101.4
518.7,Multimodal,8259.1,25,1.2,31383.36
3207.6,Sea,4472.9,21,8.4,31577.38
4027.6,Road,2179.5,5,3.2,67168.08
3557.7,Road,7544.7,5,7.0,71700.33
2191.2,Road,1497.3,23,6.9,47713.63
42.1,Sea,1357.3,22,6.9,14185.73
2055.6,Sea,841.2,25,9.4,26240.88
561.3,Road,763.8,12,5.1,15930.75
3340.4,Rail,4556.4,26,5.6,44898.71
575.8,Rail,2129.5,20,2.1,16575.93
558.7,Road,2678.1,2,4.1,14804.71
2311.0,Rail,5364.1,19,1.2,32420.88
1088.4,Multimodal,4502.6,5,3.9,23569.84
1090.4,Road,2825.0,18,5.5,30542.8
4318.5,Road,9715.1,21,1.6,91190.75
1326.6,Road,1454.4,19,7.1,32439.48
4137.3,Road,6177.0,6,5.0,77552.23
1050.4,Road,9118.5,18,1.6,40618.64
4043.4,Multimodal,359.8,17,4.9,57654.81
919.6,Sea,6383.5,13,2.3,15974.48
790.5,Rail,8504.6,28,8.6,28419.92
1252.9,Rail,427.7,8,5.7,15664.99
1900.5,Rail,7154.5,27,6.2,35819.11
942.9,Road,7837.4,18,4.2,37059.95
2775.5,Road,684.0,13,4.3,49778.83
2109.6,Rail,492.8,28,3.1,30992.65
2427.3,Road,4848.7,10,8.0,51970.51
2992.7,Rail,7094.8,29,1.1,43660.79
2081.5,Sea,3973.7,1,6.0,15708.01
429.4,Rail,8231.9,14,2.6,18263.53
1593.7,Air,8289.6,10,8.6,164266.53
2332.6,Sea,1608.6,21,7.1,25364.24
809.3,Rail,719.0,13,2.2,13970.0
2220.0,Road,3117.9,10,4.8,44468.31
559.0,Rail,1951.7,27,5.3,19799.74
1588.8,Rail,8010.3,7,9.8,25769.18
3775.7,Multimodal,5333.2,24,6.5,66083.25
216.1,Rail,6601.7,21,7.7,18377.38
168.9,Road,7581.7,20,7.5,25916.72
1799.4,Multimodal,8654.9,17,4.9,43598.15
4116.0,Road,5755.5,27,6.5,86853.47
2767.1,Air,5989.5,28,2.9,185018.53
3093.8,Rail,6756.2,20,7.6,42951.45
2506.8,Sea,6253.7,14,4.2,23941.31
3489.3,Road,8967.1,27,3.8,81456.39
1837.3,Rail,767.3,28,8.6,30527.88
3372.0,Road,2911.1,20,3.6,65512.87
4204.2,Road,284.9,4,1.4,64671.28
1555.7,Road,8693.9,7,8.3,43860.99
1851.0,Road,4947.1,28,1.6,49361.25
791.8,Rail,8276.8,25,2.8,26137.51
534.2,Road,5855.9,11,1.8,23963.73
3374.8,Rail,1128.3,5,1.3,30439.49
2648.5,Road,781.2,16,8.1,50766.0
3222.8,Rail,402.8,9,7.5,33393.35
760.7,Rail,2852.5,3,6.9,11645.3
3408.5,Road,9241.1,19,7.8,79134.49
1416.3,Air,7503.4,17,5.9,151005.74
2791.3,Road,3091.4,7,5.1,51903.65
3814.6,Rail,3578.6,23,2.0,44505.32
2771.2,Road,5776.7,22,9.5,64954.38
775.1,Multimodal,8762.6,9,2.3,28028.89
2252.8,Road,7635.8,10,3.8,52763.29
1142.7,Rail,8839.2,20,10.0,28369.7
2490.0,Sea,162.8,12,4.2,20489.57
360.2,Road,9768.7,16,4.1,30811.73
4421.0,Road,2445.7,9,5.6,76922.49
2793.4,Road,3264.0,18,9.6,59057.71
1720.5,Sea,6452.2,22,5.5,24264.36
1555.2,Sea,8196.1,18,6.7,22609.78
2616.3,Road,3418.0,3,2.3,46869.06
3026.2,Sea,6931.1,24,3.8,30925.48
1058.7,Road,9247.0,1,2.6,33477.24
2481.5,Road,5407.6,28,5.3,60886.98
3856.3,Road,5525.7,16,6.6,77426.06
3647.4,Road,7050.3,28,3.8,80862.68
834.3,Multimodal,1291.1,25,2.2,24642.24
1727.6,Sea,7129.9,7,3.1,17180.79
3559.6,Sea,1606.7,9,9.8,27724.09
1394.6,Rail,9609.0,3,2.9,22219.21
3460.8,Rail,1812.1,26,2.4,41681.51
3193.2,Sea,4573.4,10,6.1,25433.43
826.4,Road,7947.6,12,10.0,33504.03
3137.4,Road,3183.9,5,2.9,55510.86
3768.4,Air,5240.8,29,5.3,213322.63
4082.7,Road,692.2,20,6.7,74113.16
1105.9,Rail,7363.2,25,2.1,27753.19
4486.0,Air,1061.3,3,5.9,177507.05
2208.9,Multimodal,7286.7,29,2.0,50881.44
1135.5,Road,1224.4,13,5.0,26010.61
3249.8,Multimodal,1326.7,14,9.9,50882.24
3209.6,Road,7272.2,26,3.4,73490.62
2765.9,Road,3262.7,9,7.6,53888.14
655.9,Road,2942.4,2,6.2,16959.03
148.7,Sea,2921.1,20,5.2,14369.36
3310.3,Road,5881.0,24,9.2,74538.98
1574.2,Road,5068.4,24,7.0,44998.34
444.1,Rail,797.5,14,2.8,11764.62
4190.5,Road,6506.1,18,6.8,85549.34
4168.6,Road,7549.6,28,3.9,89709.5
2892.1,Rail,1587.5,18,3.0,33696.43
1096.2,Sea,2307.4,1,6.8,10396.06
4431.0,Rail,7948.1,6,6.9,48887.17
1088.5,Road,4723.4,15,9.6,33200.38
52.8,Road,3273.9,18,8.8,15369.47
4048.4,Road,3261.0,10,2.4,71036.82
886.7,Rail,9685.9,1,6.1,17737.93
2835.8,Road,4127.6,4,2.7,52079.72
1076.4,Road,7259.0,10,4.6,34508.14
2013.7,Rail,2389.0,29,2.7,32259.99
1816.7,Multimodal,4744.5,17,5.3,38141.71
1690.4,Road,9249.4,28,3.8,55362.55
1433.6,Road,713.9,14,7.5,30620.21
73.4,Road,894.8,8,2.7,6923.2
969.7,Rail,6666.8,21,7.4,25006.57
4473.7,Rail,588.6,3,5.5,40371.18
39.8,Road,4564.3,23,1.3,19798.81
328.1,Road,4507.0,28,6.7,26352.83
150.2,Air,2348.4,10,5.0,40587.74
2315.7,Rail,5737.7,25,4.9,36672.8
170.7,Sea,6157.3,9,4.8,10792.05
2416.6,Road,871.2,21,1.5,47222.75
1472.1,Rail,6580.6,5,2.7,21005.1
3950.3,Sea,8633.4,11,8.4,32794.89
1618.5,Rail,3987.0,15,8.7,25751.47
3690.3,Road,125.4,21,7.0,67678.6
3171.9,Air,5105.3,14,2.8,182434.08
4363.0,Road,221.4,5,7.2,71218.92
1994.1,Sea,9076.6,23,4.3,26815.24
4296.5,Road,4460.4,25,7.2,86763.68
2911.8,Rail,192.6,12,8.0,32142.77
1725.3,Road,4766.8,11,7.1,40980.55
2207.1,Multimodal,5768.1,6,5.4,39419.13
3287.7,Air,9067.5,2,8.7,231543.27
3983.1,Road,2260.3,6,4.5,67763.21
1829.4,Air,5731.3,9,4.3,140508.5
4243.5,Road,5340.0,21,2.9,83060.93
2155.1,Rail,1084.9,10,8.2,25621.34
3467.8,Sea,9617.4,11,4.3,28400.11
4084.8,Rail,3083.1,9,1.2,39502.88
993.4,Road,7243.8,10,7.7,33721.27
908.1,Rail,7852.7,2,9.1,17246.43
3070.2,Road,6901.7,21,8.3,70816.21
2846.5,Rail,1190.1,26,3.3,36731.33
3728.7,Road,3787.3,7,9.6,70004.35
2438.8,Sea,8289.4,26,9.5,31867.95
3271.1,Multimodal,8227.5,11,6.5,58556.35
769.3,Road,2452.7,7,9.5,20430.98
2456.2,Sea,5386.6,10,7.6,22747.71
50.9,Sea,8206.5,1,7.9,7539.95
3070.3,Road,6131.7,2,6.8,60283.83
4367.8,Rail,2141.4,22,8.0,51061.79
793.6,Air,7990.2,13,1.8,132209.96
619.2,Rail,8316.5,14,2.5,19785.07
2133.7,Rail,9190.3,16,7.0,35009.58
2011.5,Multimodal,8373.9,15,1.2,43808.57
1995.5,Air,6342.4,7,9.5,154499.05
1310.5,Rail,4657.1,27,7.1,28720.53
626.3,Rail,9979.7,11,8.4,20599.06
4153.3,Road,9816.7,28,8.3,96242.37
1572.1,Sea,4794.3,2,7.8,14520.36
1835.6,Road,7583.8,7,2.8,44671.87
1899.3,Road,3367.6,23,3.9,45612.86
579.6,Road,1943.5,29,6.0,26050.5
894.9,Road,9092.9,23,3.2,40745.83
62.7,Sea,427.5,4,4.5,5800.35
2240.5,Multimodal,7427.1,20,8.4,49546.0
2496.5,Sea,8434.2,21,8.1,29413.87
964.8,Road,7228.1,20,7.0,37705.17
1906.4,Air,8824.2,3,1.6,176942.12
3111.2,Sea,2753.9,5,7.0,22520.53
1170.4,Sea,7856.9,24,2.2,22441.34
1655.6,Road,7144.6,22,1.4,47699.2
3169.9,Rail,9855.6,12,8.4,43307.74
2687.6,Rail,9127.4,23,2.1,40772.69
2280.3,Rail,644.5,16,2.3,26948.34
3907.6,Rail,1320.2,11,2.8,38267.56
321.4,Road,9988.6,20,3.9,32364.44
2369.7,Multimodal,6145.3,22,1.1,47550.38
3150.4,Rail,950.3,1,3.9,27978.87
1246.3,Road,3290.7,20,1.5,33824.66
1298.0,Sea,3830.7,7,1.2,13573.71
2246.1,Road,730.9,28,4.7,48614.01
1537.4,Road,6213.1,29,7.2,48712.87
1910.3,Road,9473.3,9,5.0,50857.8
3111.1,Rail,7028.7,3,9.8,36744.29
1681.1,Road,8586.5,6,8.2,45299.41
128.6,Road,9242.0,6,6.2,21993.76
423.9,Sea,9813.2,13,1.6,15109.68
2278.3,Road,8115.0,11,8.5,56114.79
4208.4,Rail,5168.0,27,9.5,55592.62
1287.7,Multimodal,711.2,17,5.0,25835.77
112.3,Road,539.4,6,7.9,6068.2
3663.4,Air,7631.2,11,4.6,229774.03
3474.5,Road,2540.0,27,3.2,69396.23
3920.4,Road,4081.6,24,2.0,76731.69
2100.5,Multimodal,8038.4,11,9.8,45183.77
345.2,Sea,6168.2,18,2.4,15565.24
669.3,Road,7994.1,15,9.2,32399.2
4321.9,Road,5522.1,26,9.4,91018.02
3852.9,Road,2047.8,24,8.9,76065.8
2732.2,Road,7818.3,26,7.4,69086.48
237.9,Multimodal,7053.1,12,4.7,20714.9
304.6,Road,5058.7,3,5.0,15755.66
828.2,Road,5572.6,13,4.3,29033.84
2966.1,Road,570.0,15,4.3,53225.32
4377.8,Rail,7108.1,28,9.0,58954.76
2609.2,Sea,7466.6,22,3.0,27973.37
3771.9,Road,6668.4,22,4.2,79510.42
3447.8,Road,4472.7,21,7.6,72061.49
1183.1,Rail,259.5,26,2.0,22332.36
2625.7,Rail,6485.1,27,7.6,41877.22
3184.6,Road,7572.1,20,7.6,72963.89
1453.4,Road,3744.8,18,4.2,37440.74
2750.3,Road,4100.8,17,8.8,59142.75
586.6,Road,1712.9,25,4.6,23871.91
3604.5,Sea,6448.6,10,8.4,29524.73
1402.0,Rail,7764.2,11,9.2,25524.79
1374.7,Rail,5997.2,23,3.1,27905.67
3284.2,Road,6439.9,28,7.0,75897.44
3531.1,Rail,8723.7,9,9.3,44521.89
3286.6,Sea,9177.4,7,6.5,26713.16
1500.2,Road,6782.3,9,2.8,39218.09
4142.6,Road,1694.3,4,8.4,70672.59
2680.0,Rail,1168.5,21,5.9,34085.89
1620.9,Sea,8367.3,25,9.9,27030.29
1563.1,Rail,6514.1,11,4.1,24750.29
359.6,Road,2188.7,18,2.8,18008.61
756.6,Rail,2103.5,14,9.3,16114.49
2942.6,Multimodal,545.2,12,6.3,43395.67
1419.0,Rail,5065.2,2,7.1,18866.83
1164.4,Rail,1204.8,14,1.6,17633.29
27.9,Rail,3857.0,3,7.2,6243.96
3798.1,Rail,2008.2,27,3.3,45573.17
1226.7,Rail,7291.6,2,3.9,18661.32
1385.6,Sea,62.4,27,8.0,22803.94
4472.9,Sea,3791.3,8,6.7,31075.37
2156.5,Road,456.9,16,9.1,42848.49
2418.3,Road,505.2,7,7.5,42437.54
270.0,Rail,965.9,18,4.7,12344.18
2288.1,Multimodal,2752.7,4,4.9,34759.84
1919.1,Road,7834.2,20,6.7,53476.56
3916.3,Road,5456.0,17,2.9,76550.14
2355.4,Sea,1404.3,22,5.4,25333.49
3912.0,Road,3910.2,12,1.7,70728.97
3397.9,Rail,9121.4,18,5.2,45617.74
61.7,Multimodal,4214.8,5,3.2,11217.08
4378.8,Rail,9483.0,26,9.2,60355.46
334.1,Rail,9192.8,28,7.9,24935.1
162.3,Sea,3977.5,11,1.9,10780.4
1399.0,Sea,6489.1,26,8.1,25128.44
1911.9,Sea,7879.3,3,6.4,17476.44
1008.7,Road,1809.6,21,5.8,28767.78
2239.9,Rail,5307.2,8,2.7,27327.9
4355.9,Road,1040.4,4,7.9,72562.38
2501.8,Road,5038.2,13,5.8,54022.91
507.4,Road,1291.9,22,3.7,20522.19
4103.9,Road,7749.5,26,3.1,87708.18
499.5,Road,6162.0,12,7.8,24970.51
2061.4,Multimodal,6478.0,27,1.5,46979.96
2080.5,Road,2464.8,21,6.6,46705.93
3278.3,Sea,6090.2,7,9.9,27153.57
3060.2,Rail,7491.9,9,9.3,39242.27
2776.0,Road,3111.5,14,9.7,56792.76
2866.3,Road,9470.4,2,7.6,63364.24
3423.4,Road,3770.0,23,2.7,68718.45
779.3,Sea,3595.5,28,9.7,21785.12
4393.7,Road,3857.8,6,9.1,79859.29
2457.6,Road,9031.5,6,3.2,56364.17
3248.2,Rail,3078.0,21,8.2,41692.72
2607.1,Rail,6140.2,26,4.6,39696.06
3940.0,Rail,2646.5,19,7.1,45895.44
2644.6,Sea,7760.5,17,3.9,26418.12
434.8,Rail,9884.7,11,2.3,18449.13
3932.3,Sea,9738.3,29,7.0,40180.21
465.0,Road,1193.9,28,1.9,22173.58
2349.7,Road,8114.9,6,2.1,52710.72
912.2,Multimodal,6479.1,8,3.0,25745.08
548.8,Road,7566.8,17,8.6,30573.89
554.5,Road,3824.0,24,5.0,26624.72
3897.1,Sea,3482.8,16,5.3,30776.96
1559.4,Rail,4344.9,18,7.0,26454.86
1591.6,Rail,9969.8,18,9.1,32307.06
3085.2,Road,1634.4,7,7.0,54599.41
3743.7,Sea,9191.6,17,9.6,35209.19
3688.4,Road,5386.6,29,1.6,77757.94
2916.4,Road,6595.3,8,8.6,62153.37
3231.4,Road,890.6,4,7.0,54354.33
2773.2,Sea,8283.1,19,5.6,28807.36
3744.1,Sea,904.0,20,3.0,29575.73
1554.1,Road,6844.5,9,3.7,40377.45
1075.0,Road,6370.0,21,2.3,37577.97
889.0,Road,9890.4,4,5.8,33838.61
2718.2,Rail,8765.5,23,7.1,42685.62
1070.7,Road,3847.1,7,7.4,27373.19
589.2,Multimodal,9058.1,7,1.8,25375.42
4340.4,Sea,793.2,26,5.2,36278.46
1704.3,Rail,2742.8,24,2.5,27772.56
4024.0,Sea,9305.9,27,7.5,39948.19
3171.4,Road,5313.8,3,7.5,61027.92
1571.3,Sea,3043.4,13,8.8,18948.98
643.8,Road,1873.2,11,9.6,19188.32
3787.8,Rail,4091.7,9,6.8,41271.72
4012.7,Air,9275.7,16,7.4,265986.56
826.4,Multimodal,9317.5,2,3.4,26381.86
2830.0,Sea,6193.9,23,10.0,31890.15
2535.1,Sea,900.0,26,5.4,27760.37
4177.9,Sea,4290.1,2,2.9,24598.21
2916.2,Rail,5586.8,10,5.1,34824.1
1221.8,Road,7408.5,10,4.3,36938.57
3222.0,Rail,9126.0,15,4.6,42610.48
2378.3,Road,9960.4,10,6.6,59866.7
1566.1,Road,4118.7,19,7.5,41021.92
2736.5,Sea,8840.5,23,2.9,29423.9
4330.5,Rail,8276.2,28,9.8,60062.87
3679.4,Road,5838.0,13,6.3,73755.96
3342.2,Road,5690.8,10,5.8,66663.17
348.2,Rail,9815.4,6,1.1,15423.79
548.2,Multimodal,3765.2,29,7.1,27285.98
2757.3,Sea,4374.7,2,10.0,21258.67
147.5,Road,5030.3,1,7.0,12354.9
2893.4,Road,7169.6,11,7.5,63675.05
1362.2,Road,5245.1,21,1.3,39592.7
728.5,Sea,6006.4,18,8.9,17820.5
212.6,Sea,3834.0,13,9.2,11993.7
955.8,Road,639.1,19,8.9,25362.09
3133.1,Rail,6085.3,9,7.6,37878.16
2025.5,Sea,6202.9,11,2.8,19889.23
152.3,Sea,3083.0,13,2.8,11278.1
315.5,Rail,6193.8,27,7.7,21717.37
2628.5,Air,6183.0,21,3.0,179288.13
3768.4,Road,3608.8,5,2.6,65470.5
2684.4,Rail,7306.9,18,9.0,39512.17
1736.1,Road,5897.5,18,6.6,46157.73
1966.9,Air,1025.7,11,2.8,89407.57
1802.8,Road,4703.5,7,1.9,38860.44
4036.3,Sea,8782.9,29,3.1,38122.04
691.4,Multimodal,7651.9,15,6.6,28504.3
1720.4,Rail,1422.0,22,4.7,26543.11
1390.7,Sea,9524.6,10,1.8,17736.83
2653.4,Air,2517.3,12,5.3,133193.06
3116.0,Road,3473.1,18,2.0,61061.12
2330.7,Road,2065.3,2,4.7,40697.22
4461.6,Multimodal,7292.8,7,2.1,66625.05
1147.7,Road,5589.8,21,5.3,37661.81
88.2,Rail,5722.3,28,9.8,19709.12
3257.0,Road,6925.1,23,5.2,73182.95
1105.4,Rail,5891.1,6,3.7,18161.68
4368.1,Multimodal,3412.4,12,1.3,61354.37
3617.2,Road,9249.4,4,1.8,72517.42
2819.4,Sea,5775.0,8,8.6,24322.67
3171.1,Road,7298.4,6,2.0,63393.02
3599.6,Road,1548.9,22,6.4,68912.37
3081.4,Sea,3622.5,15,2.1,24971.62
1416.8,Road,7757.6,28,2.8,48392.38
2281.0,Rail,3378.9,2,5.4,24152.43
1417.5,Multimodal,7261.0,11,1.5,33735.28
3163.7,Air,4917.5,19,7.5,184309.05
42.5,Sea,7982.4,26,4.6,18580.2
1738.3,Road,7406.6,14,4.3,46526.73
717.7,Road,2535.3,16,4.2,23211.32
4272.5,Sea,1507.9,25,1.4,33321.1
3238.1,Sea,3692.9,1,2.4,19540.7
2268.0,Road,2635.6,20,3.8,48478.07
1093.5,Road,3543.4,19,8.3,32737.4
91.4,Rail,685.3,28,6.9,15182.31
3402.0,Rail,4544.2,24,9.3,46369.0
2235.9,Rail,6678.7,28,8.3,39351.91
407.4,Road,3485.3,24,2.5,23669.04
2589.9,Road,6840.0,24,5.7,63490.98
184.9,Multimodal,6688.5,29,5.6,27294.6
1952.2,Road,742.6,12,6.8,37603.36
1981.9,Rail,8147.9,10,1.7,28452.69
3887.1,Rail,1099.7,7,8.1,39183.61
4443.2,Sea,5071.4,22,3.6,35620.73
652.3,Sea,8901.2,22,9.3,20447.78
3160.8,Multimodal,9162.7,28,9.3,67478.72
3923.2,Rail,3999.7,23,2.8,46354.15
1938.3,Multimodal,10.4,27,9.3,38181.24
1473.0,Road,5703.3,26,4.1,44796.14
94.9,Road,9964.6,26,3.1,31602.13
2537.7,Rail,6699.0,16,4.7,35139.47
816.2,Rail,2106.2,29,2.3,22555.71
339.1,Multimodal,5395.5,10,5.8,18628.09
23.3,Road,5587.7,1,2.7,11397.93
4324.6,Rail,7565.6,26,9.2,58060.47
3861.8,Air,8474.8,7,9.9,248215.26
4330.4,Sea,8452.8,24,2.2,36419.64
4238.1,Sea,8619.4,8,2.9,29360.65
2815.6,Rail,8938.4,5,6.8,35447.13
2729.7,Road,3732.2,13,7.8,55973.19
3812.8,Rail,3796.1,4,7.3,39302.09
4259.8,Road,4636.8,9,2.4,76318.51
2654.2,Rail,7090.5,25,3.6,40148.45
543.9,Sea,236.2,22,7.8,16297.61
596.6,Road,3991.1,26,2.6,28304.37
2971.4,Rail,832.1,13,1.3,30649.75
368.1,Rail,6548.8,24,2.0,20753.7
2754.5,Road,3044.0,11,5.8,53408.83
4337.7,Multimodal,653.1,15,9.2,63447.39
19.8,Rail,1098.6,4,8.9,4205.97
839.9,Air,8965.2,19,5.8,148778.2
4250.7,Road,8501.0,18,7.2,90115.2
2202.4,Sea,7521.1,12,4.3,22054.94
1294.3,Road,2796.6,23,9.7,36586.03
1123.4,Road,4983.2,28,3.3,38993.58
3888.3,Road,9416.1,1,6.6,78155.8
1935.9,Sea,8716.5,25,6.6,27991.08
2862.3,Multimodal,6973.3,18,7.9,55430.4
1398.1,Sea,7954.0,18,9.9,22439.08
2454.8,Road,221.4,8,3.7,41593.49
3583.1,Rail,7286.9,13,5.4,43339.82
1526.9,Rail,4808.5,28,9.4,31696.76
1793.3,Road,1897.3,12,6.5,37149.97
1997.6,Rail,9586.7,11,4.8,31243.88
2697.2,Rail,8703.0,22,6.7,41915.68
1372.6,Rail,8427.2,22,4.6,30006.87
2008.5,Road,4094.6,23,7.2,49670.72
2467.7,Road,2230.6,21,7.0,52403.86
1599.0,Rail,6535.9,3,9.4,22632.79
36.6,Road,5001.9,19,2.6,18751.28
1218.2,Road,6756.8,18,2.6,38948.4
3672.7,Road,4130.5,29,3.6,76390.62
1279.2,Sea,9257.6,20,7.7,22802.95
3701.4,Road,9586.3,17,5.6,82266.5
1843.5,Multimodal,7943.3,6,5.6,38507.28
3898.9,Rail,3000.0,19,7.9,46296.35
1692.5,Road,1628.8,10,8.5,34803.79
1319.3,Road,4389.3,10,5.8,33242.66
1073.0,Road,4423.6,5,1.0,26529.93
1365.5,Rail,8245.4,15,4.0,26506.45
896.5,Sea,219.7,8,2.5,11185.93
3378.7,Sea,915.5,16,6.9,28013.08
4418.3,Rail,3389.0,17,2.1,46354.77
1790.5,Road,1225.2,7,1.2,32173.55
1502.9,Rail,3818.9,18,5.5,25166.4
2870.9,Multimodal,2125.8,29,8.7,53537.11
1939.9,Multimodal,9823.6,4,8.7,42322.18
221.1,Sea,5201.0,15,7.9,13593.91
1552.9,Road,6306.1,20,7.8,45350.91
3601.7,Multimodal,8208.6,28,9.3,71534.55
313.7,Rail,5125.9,6,6.7,11226.47
1167.8,Rail,4492.5,7,3.3,17735.48
4386.9,Rail,5872.7,26,1.1,51794.68
1277.5,Rail,1556.8,1,2.0,13046.42
3832.6,Rail,8120.0,24,5.6,51169.66
4046.6,Road,6363.0,22,4.0,82984.19
3069.8,Air,9348.9,21,7.0,234868.35
2137.4,Rail,7493.4,21,5.8,35259.34
4300.1,Road,2904.8,9,6.3,76283.11
4335.9,Road,8224.0,10,2.0,84040.63
2864.7,Road,984.8,24,7.4,57861.93
3356.1,Rail,1178.2,3,8.7,33135.49
3963.6,Road,9007.1,22,5.4,87453.78
486.7,Rail,1564.8,10,3.1,10969.99
2545.5,Multimodal,892.6,13,6.1,39496.26
3886.7,Multimodal,9759.5,8,5.2,66030.11
4109.6,Road,4131.6,19,1.7,77293.68
4498.4,Road,7456.4,15,6.9,90675.13
3299.3,Road,7481.0,21,7.2,74874.31
945.2,Road,2805.4,23,2.0,29940.25
2856.3,Rail,1015.7,23,9.4,37903.81
4452.9,Rail,1596.8,27,7.5,53234.84
2646.2,Road,4015.6,15,5.7,55238.33
1738.5,Road,9569.2,23,6.1,55033.19
1224.7,Road,3829.3,14,4.6,32344.57
1574.0,Sea,8980.2,23,8.5,25725.84
3313.4,Road,8070.0,11,6.3,71271.71
950.8,Rail,5379.8,5,2.5,15884.96
2885.7,Rail,1118.6,26,7.3,38739.16
2823.0,Rail,7225.9,22,5.9,41246.71
1192.0,Rail,6940.1,20,6.1,26481.5
2271.7,Road,4637.0,23,7.2,54584.09
3899.7,Road,4759.9,22,6.0,79173.89
3579.8,Road,451.6,19,1.0,62466.17
2639.7,Sea,3629.0,4,2.1,18178.07
3004.2,Rail,4295.1,10,6.6,35094.66
162.5,Multimodal,1760.0,3,4.6,7873.64
406.2,Sea,2024.9,17,4.0,13913.33
1689.7,Sea,2694.1,24,1.5,22541.35
1729.6,Sea,5096.5,13,8.6,20522.69
1343.9,Road,747.5,27,1.1,33846.64
2929.4,Sea,4901.5,7,4.3,22359.9
2733.4,Rail,3595.9,27,2.8,38298.05
3082.0,Road,5155.6,7,1.8,58569.4
1043.4,Road,5528.9,15,6.1,33407.15
17.2,Rail,8316.1,2,5.8,9705.45
4352.7,Rail,3684.4,20,9.6,52509.61
3477.7,Road,8298.1,28,2.4,79646.88
2059.2,Rail,917.7,15,8.4,26708.99
201.7,Road,271.2,13,8.0,10156.18
900.1,Sea,1833.9,21,5.3,18047.85
243.1,Road,5587.9,12,1.6,19665.26
2150.0,Sea,7873.2,23,2.0,26252.5
981.2,Air,9638.6,21,9.1,163366.6
2425.8,Road,2693.3,16,5.3,49831.89
283.8,Rail,3315.0,7,3.3,9609.47
3200.2,Road,2538.7,28,5.3,66622.22
457.6,Road,3123.3,8,7.8,16880.47
1396.0,Road,3954.0,4,8.4,31541.7
2905.1,Multimodal,6152.6,25,3.9,56193.46
488.6,Road,5564.7,2,1.8,18775.54
4403.5,Rail,589.2,22,6.7,49129.64
864.6,Road,5272.4,17,5.6,31002.08
167.3,Sea,7726.5,9,1.7,11434.0
3010.2,Rail,6615.7,17,8.2,41089.3
1720.0,Road,6540.3,9,7.8,43449.23
4353.2,Rail,936.1,18,7.9,47941.25
397.4,Road,5181.0,14,3.7,22227.52
1600.9,Road,2638.9,28,4.7,42254.15
2672.1,Sea,7686.1,4,4.0,20686.09
2451.6,Road,554.0,3,7.5,41271.03
2199.0,Rail,6094.7,28,7.8,38299.06
1730.5,Road,1363.0,4,3.4,30878.78
3757.0,Rail,5123.4,24,5.4,47875.73
625.7,Rail,372.2,24,1.7,17154.81
2259.0,Sea,5078.2,24,9.1,28436.69
2578.1,Rail,6561.1,8,8.5,33335.38
3982.0,Sea,3454.6,20,7.8,34410.78
1274.7,Road,9424.9,26,8.2,49286.14
1235.6,Sea,4296.3,22,6.2,21253.27
3645.4,Road,3045.7,2,9.3,64921.45
1249.5,Air,8118.7,23,4.4,154775.83
247.2,Road,2090.2,15,6.8,14954.35
2352.8,Sea,7999.2,8,2.1,20528.2
3416.9,Sea,8619.6,4,9.9,27564.0
694.9,Road,2694.0,5,3.8,18224.05
3430.3,Sea,6799.8,19,9.8,33553.96
1598.6,Road,4457.5,14,7.1,39805.91
4268.5,Rail,5673.1,25,5.2,52870.69
396.2,Rail,5847.4,13,5.9,15659.43
1422.3,Rail,2011.5,8,3.6,18052.28
949.6,Sea,8566.7,20,5.9,20672.42
4036.5,Sea,9843.9,18,3.6,33903.77
1260.2,Road,5175.2,13,8.8,35692.28
1199.0,Road,1295.5,28,6.8,34126.98
3172.6,Road,7358.4,25,3.2,72697.42
4271.2,Sea,1640.1,18,2.3,30849.95
2658.1,Rail,419.8,26,1.5,33675.81
4238.9,Road,4705.1,15,3.4,79512.58
2962.8,Rail,6797.1,14,7.4,39111.61
891.1,Multimodal,4982.4,19,3.8,28290.79
3351.8,Rail,1942.7,21,6.7,40914.6
1337.5,Air,4818.5,3,9.1,110245.78
1393.1,Road,1658.8,11,9.8,30713.92
3640.6,Air,9124.8,8,7.8,247316.9
1168.1,Rail,4323.4,26,7.0,26706.32
1503.0,Rail,3176.3,26,7.4,28768.07
4442.4,Road,7863.7,22,2.3,90600.99
769.3,Rail,5484.8,28,7.6,25358.29
2846.4,Rail,1383.8,12,5.0,31314.23
1778.8,Road,1120.9,11,2.9,34165.12
1442.2,Road,2684.4,26,1.6,38352.06
602.9,Air,7649.9,16,5.0,123017.6
2398.7,Road,4520.7,6,2.7,47220.97
2566.7,Rail,1878.3,9,6.6,28733.79
3097.2,Sea,399.3,9,2.8,21483.22
3547.0,Multimodal,3720.8,10,4.2,53182.89
1860.1,Rail,2359.1,15,7.9,26263.87
2426.0,Road,9489.3,11,8.0,60716.69
298.0,Sea,2018.5,16,1.7,12759.84
1880.4,Sea,7032.5,16,8.2,23323.97
598.1,Rail,2298.4,27,8.0,20567.39
8.3,Road,654.5,12,4.6,7311.17
273.6,Road,116.8,27,5.9,17275.2
116.1,Multimodal,2674.6,3,9.6,8799.8
1768.3,Air,9076.1,29,7.1,188254.35
1732.6,Road,2366.1,5,5.3,33590.21
899.4,Road,5531.8,14,9.3,31172.49
2096.0,Sea,2423.3,6,5.7,17289.31
362.5,Rail,7137.9,21,9.6,20262.95
1316.8,Rail,7676.7,20,2.7,27540.45
209.3,Multimodal,2092.4,23,1.6,17943.36
35.1,Multimodal,528.1,24,9.2,14050.79
2643.7,Sea,1323.4,8,7.4,21163.87
3229.2,Road,4917.5,11,6.3,64294.05
1167.4,Sea,4045.4,10,9.1,15882.14
3118.9,Sea,1031.6,21,2.8,27235.01
2827.2,Road,1169.6,5,1.1,46366.43
3490.9,Road,5589.6,3,3.7,64719.22
928.4,Road,9927.0,14,3.5,38651.51
2166.3,Sea,9267.3,22,5.5,27465.76
952.9,Road,8864.9,15,4.8,37823.68
3918.6,Rail,769.2,2,1.4,32867.17
2906.3,Rail,1144.6,7,7.2,30280.14
388.2,Air,7100.0,24,5.1,112332.51
1649.5,Rail,8885.1,24,8.4,34467.56
177.4,Road,3015.8,3,9.6,10270.45
4431.6,Air,4985.6,24,1.3,229016.52
3705.8,Rail,3914.6,2,9.0,38487.95
1591.5,Rail,1374.3,25,4.1,26522.28
1732.5,Sea,4207.4,9,3.5,17046.1
1665.7,Sea,4231.2,24,8.7,24858.06
2960.6,Sea,6373.2,16,5.0,27365.83
1570.0,Road,7518.9,19,7.6,47221.13
959.7,Multimodal,7863.0,27,8.4,37760.47
1209.7,Road,1649.6,14,5.2,28446.05
3581.2,Road,6142.1,2,1.8,65517.25
467.6,Rail,2316.8,21,1.9,16443.86
1938.3,Road,7748.8,17,9.6,53103.58
1784.0,Road,4944.8,13,9.7,43838.51
2508.5,Road,3577.4,3,3.1,45897.96
277.8,Air,8746.8,11,2.1,122171.49
155.8,Rail,8660.9,15,9.8,17169.73
3127.4,Road,9261.1,21,7.5,75508.9
2356.5,Sea,5743.9,8,7.9,21667.82
550.0,Rail,6760.0,27,3.8,23976.78
1736.1,Road,4300.1,11,1.1,38763.53
2360.2,Rail,9008.4,10,4.1,32968.22
1592.8,Road,4875.8,3,2.6,34400.19
517.2,Rail,7377.7,12,8.4,17798.96
681.5,Multimodal,8434.4,22,4.3,32465.21
1107.8,Sea,4312.0,29,8.8,24142.37
10.5,Rail,8388.0,8,8.4,12430.88
3280.6,Rail,8869.4,3,7.2,38689.88
3091.2,Sea,115.2,12,6.2,24250.81
3966.0,Road,4378.6,17,8.5,78754.4
519.4,Road,9559.5,6,9.1,28792.88
2772.4,Rail,558.1,20,9.3,35280.2
3250.3,Sea,4412.9,13,7.5,27851.03
2734.2,Road,8140.1,21,6.9,67029.57
1604.1,Road,4838.6,4,4.1,35352.49
1470.8,Rail,7295.7,19,6.4,28750.14
626.9,Rail,8597.4,20,8.5,23520.42
4371.5,Sea,2039.1,19,5.8,34173.09
503.9,Rail,2121.6,16,5.9,14548.62
3072.6,Road,7464.8,2,7.9,63180.01
3985.0,Road,3578.9,7,6.4,71822.02
4051.2,Road,2994.4,22,4.5,77494.66
4160.0,Road,6131.1,7,4.8,78086.15
2970.8,Sea,9672.5,14,4.0,27436.96
591.5,Sea,1831.6,3,3.2,8274.77
2342.3,Multimodal,7149.9,25,3.4,50835.85
1975.5,Road,6710.5,16,3.5,49537.67
3024.3,Road,7572.0,1,7.0,61787.4
2066.1,Rail,5378.2,16,9.5,31627.55
3700.7,Rail,7719.1,21,8.6,50047.26
1857.0,Sea,72.2,17,7.5,20673.42
3393.2,Road,5789.1,9,6.1,67358.92
4281.9,Road,1338.1,17,7.6,77566.87
3272.4,Rail,6183.4,4,1.9,34058.35
3434.0,Road,7501.2,4,4.0,67773.91
3200.5,Road,4411.6,28,5.4,70014.12
3783.1,Road,6756.5,5,3.7,72063.75
1316.2,Road,9666.2,3,6.9,39682.87
4464.5,Road,9532.4,5,2.6,86453.03
3582.3,Rail,2991.5,10,4.5,37686.92
3411.8,Sea,2044.0,2,9.6,23726.03
407.4,Sea,6458.1,28,6.1,20751.77
1502.3,Road,4825.1,19,7.4,41323.73
1144.1,Air,963.4,20,4.2,63866.69
508.1,Road,1054.8,27,8.3,22647.45
4113.4,Air,3024.9,1,4.1,185744.9
2747.3,Road,9989.3,12,2.8,65008.7
4036.8,Road,3378.2,21,4.7,77540.74
2398.0,Rail,882.1,23,3.0,31344.65
4098.8,Rail,3518.5,15,7.1,46265.99
4167.9,Air,2161.0,6,1.9,178172.93
2937.7,Rail,3561.7,1,7.4,30242.8
2256.9,Sea,5105.7,16,9.1,24850.95
1001.2,Air,9339.5,15,8.9,157776.58
4113.8,Rail,297.5,20,7.6,46123.43
3509.7,Air,7493.8,18,4.1,225601.84
1513.1,Sea,168.7,29,9.8,24928.35
3004.7,Road,1052.9,4,8.1,51460.9
2751.9,Road,4134.1,1,9.5,52271.89
488.6,Road,8502.5,21,6.2,32896.43
4190.4,Rail,5690.1,11,8.4,48059.7
31.6,Road,6443.3,25,3.1,23950.63
3727.5,Multimodal,490.1,3,4.3,47506.01
2303.9,Air,8324.7,3,6.9,186777.46
3716.7,Sea,3303.5,21,1.5,29893.06
2502.8,Air,1702.8,12,2.2,116743.52
693.9,Sea,442.5,18,9.7,15531.24
2134.2,Road,8643.3,1,4.3,49056.86
3955.3,Road,4128.8,4,3.5,69286.33
1036.9,Rail,7618.4,29,5.6,29743.91
543.3,Road,5367.8,15,2.1,25089.96
1868.1,Rail,5752.8,14,3.0,27546.5
3650.5,Rail,9619.9,29,2.0,51422.12
3176.4,Air,6671.7,11,1.7,199391.16
4485.4,Road,5922.0,11,4.5,84245.35
3961.9,Air,5562.2,23,5.4,221419.82
775.3,Road,5379.7,7,1.2,24918.99
3546.8,Air,9637.4,14,2.4,249841.83
3233.0,Road,3447.9,11,7.3,62160.42
883.6,Road,334.1,18,6.0,22957.68
3512.6,Rail,1062.3,19,3.3,38755.23
1095.5,Air,7949.5,7,4.2,140081.09
2052.5,Rail,9218.1,9,2.4,29594.53
1251.9,Road,714.4,25,9.2,32983.81
2033.4,Air,954.5,22,9.1,97823.84
1362.3,Rail,977.6,27,5.9,25663.72
2967.8,Rail,1792.2,19,8.7,37466.0
3610.5,Road,1222.7,17,5.3,65578.77
88.7,Road,3722.3,10,8.3,13227.5
1814.6,Rail,4032.9,22,6.3,30056.94
658.8,Road,5236.7,10,3.9,24424.47
92.1,Road,7876.9,16,4.6,23405.42
4424.3,Multimodal,5830.8,1,1.6,60867.77
3033.5,Road,886.8,21,2.9,56965.3
2038.1,Road,8065.8,6,4.6,48689.3
1942.4,Multimodal,7474.8,9,5.1,40162.6
3784.7,Road,7670.8,4,1.4,71922.56
2570.5,Road,5731.0,16,5.4,57497.42
3371.8,Road,4203.9,3,8.7,62819.79
4142.3,Road,1710.6,3,2.4,66588.66
3976.6,Sea,9481.7,11,3.4,30168.11
431.9,Road,8691.1,26,8.3,34688.1
2189.5,Sea,2499.2,28,8.0,28509.77
2852.5,Rail,3229.0,25,3.9,38385.04
2087.2,Sea,627.2,13,7.6,20419.54
1309.4,Rail,7456.1,27,5.9,31061.09
4124.4,Sea,6588.7,22,4.4,35326.64
4044.3,Rail,7880.9,24,1.2,50122.02
3789.1,Road,1048.4,24,5.0,71105.47
4200.6,Rail,1097.1,24,4.8,47496.77
3344.9,Sea,8509.4,26,1.6,32821.54
1757.2,Road,6879.2,2,2.1,39935.1
2242.1,Road,3012.6,10,4.9,44697.28
3708.9,Sea,4464.2,20,1.1,29670.11
4098.0,Road,4194.3,1,9.4,73793.02
3018.7,Road,4842.0,18,7.4,64515.19
2617.2,Road,3767.7,15,9.9,55977.46
4018.0,Road,9565.7,6,2.9,80572.44
3376.3,Sea,3498.7,24,3.5,30937.39
4110.0,Rail,3898.7,20,3.0,46349.0
3974.0,Road,8480.3,6,8.6,81347.42
1483.0,Rail,108.1,23,3.9,23566.35
593.6,Air,7815.6,8,1.4,120801.97
3161.2,Road,2346.4,18,4.2,60817.85
4202.3,Sea,5870.4,17,4.8,33435.27
4093.1,Rail,2616.2,20,4.5,46003.9
4140.4,Road,8721.9,15,8.4,88317.9
3920.5,Multimodal,9247.1,29,9.6,77771.98
1975.3,Sea,1836.9,17,6.2,21581.46
4214.8,Road,8834.0,15,6.5,88451.06
2868.9,Road,1348.9,23,3.5,56568.06
3737.3,Air,4400.2,10,8.8,195529.67
1349.5,Rail,192.1,15,3.2,18850.11
2252.6,Road,3931.3,6,2.3,43812.33
533.1,Road,828.1,17,7.6,18123.48
698.1,Road,6581.7,22,7.7,33208.78
3633.6,Sea,6735.0,20,7.3,33660.65
4248.0,Road,1184.1,15,7.6,75999.28
2376.9,Rail,8014.6,28,8.3,41874.18
2188.6,Road,2208.0,19,9.1,47894.15
4240.2,Road,3005.9,26,1.3,79905.99
3741.3,Sea,1129.3,26,6.9,34396.0
826.2,Rail,8355.6,23,3.7,25726.03
193.1,Road,4985.1,19,6.2,21182.94
4276.1,Road,8547.9,20,8.7,92676.43
2433.9,Multimodal,4258.3,12,7.6,43318.77
2910.5,Rail,3924.5,16,2.8,34858.45
2391.4,Rail,4597.9,2,6.2,26394.12
3325.1,Multimodal,4864.2,23,2.5,57538.23
4039.5,Sea,3844.7,12,3.2,28578.98
4472.1,Road,4625.4,9,4.6,80916.62
1639.6,Rail,4808.9,20,6.5,28483.16
2340.1,Road,9907.8,24,5.8,65280.72
3976.4,Rail,6310.5,4,3.8,40782.77
1963.4,Rail,8559.3,26,8.4,37860.58
1618.7,Multimodal,4890.0,20,7.6,38006.31
4360.4,Sea,5863.9,25,4.4,37297.47
3295.0,Rail,347.7,5,5.6,31199.73
2283.9,Road,2867.4,21,2.4,49126.48
3582.6,Road,8017.2,21,9.1,81293.6
1438.9,Road,3382.6,26,5.0,40342.03
2653.5,Road,7250.2,5,8.0,57576.4
3199.7,Air,299.5,15,3.5,126470.11
3223.2,Sea,5582.5,21,7.8,31825.82
885.1,Sea,9885.1,17,2.0,18919.35
4476.3,Road,7143.4,1,2.7,80593.07
3394.1,Rail,6997.7,6,3.7,37510.25
3344.8,Rail,4830.2,5,8.8,37338.98
2638.6,Rail,2831.6,3,9.5,28715.7
1546.0,Sea,4143.2,20,6.0,21775.15
2201.5,Road,5152.9,28,7.3,56729.24
1919.2,Road,7146.8,4,2.9,43887.59
519.9,Road,1641.6,18,7.7,19682.27
4161.8,Rail,3699.8,24,8.1,51562.55
2286.9,Rail,8569.6,2,7.6,29594.44
198.8,Road,103.1,4,4.4,5644.15
1890.5,Road,8213.0,14,3.9,50198.26
1895.5,Rail,549.2,13,6.7,23586.67
394.4,Road,7761.4,3,7.1,22093.93
885.3,Road,9899.4,22,6.1,41993.42
354.6,Road,7467.2,17,1.4,26842.48
725.6,Road,5346.9,2,6.0,22338.69
519.6,Road,1323.9,12,3.8,16207.33
4061.1,Road,584.6,17,3.2,70087.01
3493.1,Road,4039.6,5,9.8,65905.04
3928.5,Road,4123.7,18,9.9,78919.02
627.8,Road,2355.7,5,1.1,16304.62
3013.5,Air,4008.9,27,7.9,171727.76
4058.2,Sea,2901.9,11,7.2,30229.79
4290.2,Air,571.0,7,3.7,165027.74
267.2,Road,4487.5,5,6.8,15092.6
1709.1,Air,4845.8,6,5.0,124515.64
1638.7,Multimodal,7010.3,24,3.1,42094.28
846.0,Multimodal,5509.9,2,5.2,21073.1
698.9,Road,9035.2,18,3.3,35529.72
1672.6,Sea,3517.5,1,2.2,12634.17
3204.6,Road,2227.1,5,9.8,58081.99
3289.3,Road,690.3,11,4.9,56962.1
2599.7,Rail,3874.3,6,2.0,27601.03
3537.7,Sea,525.7,17,7.1,29284.74
3168.7,Air,4831.9,9,2.7,176653.3
3581.0,Multimodal,8944.0,4,5.0,59273.47
4386.9,Sea,5375.3,20,7.8,37354.37
2609.8,Road,6561.9,18,3.7,59857.49
3450.2,Rail,8799.7,2,8.6,40304.67
3750.8,Road,1352.8,17,3.6,67078.65
4108.6,Air,5516.0,27,2.8,226350.47
2455.8,Rail,3610.9,15,3.9,31099.35
4135.5,Air,5861.3,13,2.2,224812.61
2427.7,Multimodal,1304.6,2,8.3,34524.72
3120.3,Road,3600.6,29,7.5,68954.23
1569.8,Road,7055.4,2,6.4,38523.82
4432.7,Road,5725.4,8,1.8,80033.71
982.2,Rail,7433.7,17,1.0,23083.72
1164.8,Sea,4480.3,12,9.9,17140.83
1136.4,Sea,1701.2,16,9.0,17547.83
1897.4,Sea,2306.9,7,4.5,16425.3
3457.3,Air,7690.4,26,9.0,232230.21
4429.0,Road,3522.2,17,2.7,80532.79
2781.3,Road,4081.1,7,8.7,55016.43
2780.9,Road,8323.6,18,8.3,67418.06
2376.8,Air,2195.4,14,9.5,121860.63
4059.5,Sea,8143.9,12,9.3,34025.99
1496.2,Road,1195.1,2,9.4,27500.5
858.5,Road,1466.5,12,3.9,21542.86
1033.7,Air,3561.6,14,5.4,88536.5
3870.7,Rail,8202.4,12,3.9,45371.65
767.7,Rail,7247.2,29,5.4,27196.35
2250.4,Road,7643.4,16,9.2,57227.52
1451.1,Rail,1890.3,20,7.8,24520.92
829.1,Sea,9769.3,7,2.8,14188.99
2576.9,Air,963.1,21,7.7,116588.85
3849.0,Rail,1080.7,24,6.3,45503.13
1441.7,Rail,3601.4,15,3.4,22864.56
543.3,Sea,5302.6,12,8.5,13906.43
2805.3,Road,7527.8,19,9.1,67258.81
3330.2,Road,6614.4,26,4.8,74858.86
2518.0,Road,8875.2,29,1.1,66534.81
533.1,Road,5994.4,17,1.4,26929.19
26.0,Multimodal,736.9,9,8.2,7454.99
392.6,Air,4698.3,5,1.3,74933.28
4152.5,Road,7718.7,5,3.6,79138.85
2601.1,Sea,4834.8,19,7.1,27124.62
1680.9,Sea,1283.2,3,4.7,13244.4
827.9,Multimodal,7000.7,9,4.9,26240.74
3146.9,Road,7294.4,11,7.0,67629.02
3440.5,Rail,7617.4,3,2.2,36397.86
3634.9,Sea,3451.5,15,7.5,30235.0
87.7,Sea,6849.3,13,2.9,12461.56
3466.0,Sea,7372.7,18,4.2,30630.32
723.4,Road,3875.4,16,6.9,26037.22
3585.9,Sea,4171.2,2,4.0,22581.23
684.1,Sea,4930.7,6,2.6,11133.59
1105.9,Rail,6110.5,25,3.4,26811.93
3501.6,Rail,3032.7,21,2.2,40768.38
2832.9,Road,1638.7,8,6.5,51001.92
161.5,Road,2473.0,23,5.2,17842.86
749.9,Sea,5353.5,10,3.8,13491.36
1043.3,Rail,7473.5,2,1.1,16834.23
3795.4,Road,8738.4,21,3.4,82718.94
2765.0,Air,8970.4,18,5.3,217148.38
833.6,Sea,5745.1,26,7.8,21798.87
1152.4,Road,8646.0,12,2.4,38681.21
2049.8,Sea,2620.4,6,5.6,17119.37
381.4,Road,4421.0,1,3.3,14785.36
1861.5,Multimodal,2210.6,13,4.2,32847.45
3570.8,Road,1377.4,4,9.7,61904.89
1782.7,Air,6684.9,21,6.3,156320.6
3537.1,Multimodal,2360.6,9,1.8,49463.88
2812.5,Road,5656.3,4,5.3,55617.21
1822.6,Sea,730.6,29,8.4,26479.21
4020.6,Air,1660.8,18,6.7,175282.83
1989.5,Multimodal,3071.8,1,1.6,29472.44
3308.1,Sea,3958.3,23,7.4,32328.63
3598.7,Rail,2555.3,20,2.3,40792.59
4122.1,Road,7232.9,16,9.8,86751.71
1252.7,Rail,628.4,5,6.7,14687.19
909.1,Road,5562.0,24,4.6,35163.77
2019.2,Road,284.5,12,8.6,38444.23
3939.1,Road,9053.1,7,3.9,79519.69
1486.0,Sea,6301.5,7,3.6,15897.38
1233.7,Road,6843.0,1,2.9,31759.06
165.2,Road,7014.3,26,7.7,27430.46
3153.8,Sea,5374.0,23,9.9,33304.3
3150.6,Sea,1127.5,21,7.1,29376.49
3755.7,Road,4202.5,23,3.0,74704.9
2233.8,Sea,7492.8,8,8.2,21865.52
4007.4,Sea,9822.5,28,8.7,41318.34
391.6,Rail,3088.8,2,5.9,8075.67
2536.0,Road,6381.3,11,9.5,57392.34
2148.4,Multimodal,9829.0,2,9.7,44408.61
4039.4,Road,5747.8,19,4.6,80848.72
4087.8,Sea,8049.8,21,2.2,33862.03
4394.0,Sea,5914.8,13,7.5,34227.97
1588.3,Multimodal,4341.0,20,4.5,36127.05
1711.8,Multimodal,6765.7,17,4.3,39816.89
871.2,Road,8631.2,10,3.9,33785.1
3343.6,Road,7828.3,14,6.7,72868.19
3750.3,Road,8768.7,20,5.9,83086.8
3835.5,Multimodal,9515.4,25,6.3,73339.95
4456.9,Sea,7455.8,9,1.3,29235.74
2531.5,Air,8384.7,21,9.0,204486.68
968.6,Road,2639.4,27,4.7,32157.8
2707.4,Road,1584.4,12,6.4,50687.46
1634.9,Road,3856.8,16,7.9,40429.8
1505.4,Road,3110.9,21,3.7,38319.21
3153.3,Sea,4146.3,16,3.6,26619.14
917.8,Air,1423.2,2,8.3,53787.21
2454.6,Air,4211.2,2,7.7,142668.45
639.2,Road,8203.1,20,4.9,34108.53
4009.5,Rail,518.7,22,1.9,42773.41
403.7,Road,2551.3,21,4.3,20909.24
4194.3,Road,3959.6,25,8.1,84844.87
4498.3,Road,5809.9,17,1.3,84888.84
1063.3,Rail,4358.4,5,7.2,16417.98
421.9,Road,347.2,12,9.3,13373.56
147.3,Road,6383.8,27,5.7,26565.43
659.9,Multimodal,7128.4,11,6.6,25503.89
4118.9,Multimodal,1156.7,7,4.7,55108.92
3286.5,Sea,150.1,5,2.5,20217.05
419.0,Road,5544.4,21,9.0,26640.07
4326.5,Road,8669.6,27,4.9,94268.34
2949.0,Road,7488.7,16,9.3,68157.12
4184.0,Road,5023.8,25,5.7,85078.18
3211.7,Rail,3508.8,29,9.6,46014.24
1693.3,Road,263.2,14,9.1,34227.92
308.0,Air,7835.9,21,6.9,117111.09
78.7,Rail,2278.0,5,4.8,6127.61
2745.9,Road,9879.8,11,8.2,66546.8
2264.8,Air,728.7,11,6.8,97719.57
2611.6,Road,8887.5,26,7.3,69137.51
4337.4,Sea,2477.3,20,7.2,35380.81
4065.9,Rail,9014.3,2,7.3,45271.95
1609.2,Rail,4366.6,24,8.6,30025.17
1436.5,Road,2317.7,15,9.2,34382.43
1281.8,Road,1080.5,15,6.3,29149.85
4233.0,Rail,1259.8,20,3.4,45322.0
4087.5,Road,9421.1,20,3.6,88060.66
4216.8,Road,2842.6,4,4.7,71644.87
1046.8,Road,9721.0,28,3.8,46439.67
2116.9,Sea,8321.0,24,4.6,27589.29
1601.1,Rail,7393.4,22,7.4,31599.72
1456.3,Sea,7185.9,27,9.5,26297.09
438.4,Sea,8904.5,19,1.8,17577.69
3782.4,Multimodal,2265.2,26,5.3,61776.41
1340.6,Multimodal,9037.8,5,6.7,33948.87
1583.8,Road,4494.6,7,2.1,35351.48
2728.7,Sea,7535.8,9,1.3,21998.51
4168.0,Sea,7898.5,26,3.3,37092.37
3260.1,Road,8379.4,19,3.3,73136.75
2894.9,Sea,4503.5,29,6.0,32595.98
435.2,Sea,2534.9,6,4.7,9254.41
2808.4,Road,8678.6,7,7.9,63441.66
1201.9,Rail,635.6,8,6.1,15464.44
2879.3,Road,5759.4,24,5.2,65770.15
1476.7,Multimodal,7668.1,1,3.7,30966.31
349.5,Road,8765.4,18,5.8,29821.84
3801.5,Rail,1212.8,13,8.6,41478.33
2498.5,Rail,4662.1,19,8.3,35757.77
1268.8,Road,6925.7,18,1.3,39840.34
1611.1,Sea,9078.6,13,3.1,20206.3
2782.6,Road,6311.5,29,7.9,68608.17
3059.2,Rail,2393.2,22,4.3,38158.96
2193.2,Road,1380.8,19,8.5,46242.02
2368.4,Road,4092.2,29,9.0,58578.26
484.2,Road,1712.8,26,7.9,22982.71
665.5,Rail,7021.9,22,1.4,22470.63
949.4,Rail,5275.6,4,9.4,16166.06
2388.8,Rail,2457.0,19,5.1,31781.06
1892.1,Road,6187.9,18,1.1,47535.65
2571.3,Rail,954.8,24,3.6,33451.89
781.9,Road,6306.1,14,6.4,30405.4
4356.2,Road,6679.6,12,4.1,83789.14
2770.3,Multimodal,178.5,20,6.0,44203.68
580.7,Sea,6712.9,26,4.3,20530.54
1669.3,Road,3234.9,18,4.8,40003.6
4411.0,Road,483.0,25,1.4,77645.6
4348.8,Rail,4259.8,22,6.2,51587.44
320.1,Road,3594.4,4,9.0,13944.09
3739.9,Rail,7027.3,10,7.9,44537.98
2890.5,Rail,6944.3,20,6.9,41188.67
836.9,Multimodal,4339.4,8,2.1,21580.24
3750.5,Road,6574.4,10,8.0,75747.68
2880.3,Air,8558.2,24,4.5,218754.88
514.1,Multimodal,585.8,28,2.1,21337.39
3816.6,Rail,1505.6,5,6.1,36920.67
3417.5,Rail,4680.8,11,4.1,38099.12
37.9,Road,8416.0,10,3.8,20748.73
1148.9,Rail,5067.9,28,7.8,28411.14
1216.0,Sea,1836.8,5,3.4,12014.95
2070.1,Rail,9472.6,1,5.8,27516.49
1040.5,Road,2248.2,4,3.2,22059.54
3725.6,Sea,8282.8,4,5.7,26638.85
3159.8,Road,9993.3,11,5.5,72009.94
140.5,Road,6108.7,21,3.2,23153.42
3182.8,Road,1940.4,12,8.1,59576.15
4281.1,Rail,4993.7,27,2.3,51447.75
2225.3,Rail,6796.9,17,1.1,32069.24
823.5,Sea,1394.4,11,9.7,13502.67
3962.4,Rail,9767.4,22,5.6,52942.18
2969.1,Sea,9573.5,3,4.2,22382.14
1928.9,Road,5064.4,21,2.9,47919.05
1857.6,Rail,8161.6,18,8.6,32982.24
1273.1,Sea,9904.8,22,6.4,23753.13
482.7,Road,6690.6,27,4.4,32100.38
3925.2,Multimodal,5881.3,2,1.8,55969.89
4424.4,Road,6088.2,17,7.7,88390.02
4257.2,Sea,5332.2,13,2.9,30364.31
765.8,Rail,9050.0,21,1.9,24724.69
1888.4,Road,1393.8,8,3.0,34985.91
1317.0,Rail,4818.5,5,8.7,19336.7
1546.9,Air,160.8,13,7.3,66146.88
1457.4,Air,8909.9,1,4.3,161817.9
4182.7,Road,3135.7,14,4.7,76037.91
4261.6,Road,4734.1,4,8.8,78314.93
187.0,Road,6391.5,25,5.4,26196.12
2414.4,Road,1225.3,24,3.9,50053.9
2980.2,Rail,7524.2,6,3.6,34566.81
1109.9,Rail,5080.9,8,7.8,18995.63
280.6,Sea,674.1,22,3.0,14891.61
342.4,Sea,1528.6,24,7.4,16709.9
3321.5,Road,5936.4,20,9.0,72987.23
1646.3,Rail,4325.9,20,4.7,27498.6
2540.9,Rail,9092.1,27,8.0,43636.43
1428.3,Road,6654.6,18,1.4,41703.72
3668.4,Road,5954.2,8,2.6,69489.77
424.8,Road,7243.4,24,2.6,30758.93
73.9,Sea,5144.2,15,3.0,12721.92
1988.5,Rail,4814.2,24,7.9,33621.92
1819.0,Sea,9787.0,10,9.7,21770.67
80.1,Rail,8993.3,15,4.2,16715.94
3731.8,Rail,1795.4,16,6.9,41844.54
2424.1,Rail,2045.2,7,5.1,26246.37
3783.5,Road,2652.9,3,3.6,63665.78
2062.2,Air,7305.6,21,5.3,173384.71
2790.2,Rail,9359.5,6,7.6,36474.54
130.3,Road,1262.3,20,1.4,13827.49
3527.5,Sea,9950.5,10,9.2,31011.86
286.6,Road,3248.3,13,5.7,16706.03
1230.8,Road,3447.0,7,3.0,28397.23
2115.4,Sea,5337.7,9,5.9,20112.43
1136.5,Road,975.1,16,5.6,26942.44
269.9,Road,9232.9,22,5.6,31258.86
3173.0,Rail,203.8,27,7.7,41080.68
1780.2,Sea,80.6,15,8.3,19695.58
3330.5,Road,9705.4,25,1.3,78205.52
1079.8,Road,4024.6,22,9.5,34971.24
2130.6,Road,2486.0,29,1.8,49647.74
1599.1,Air,2770.1,11,6.8,98265.29
1961.1,Road,4941.1,6,9.3,43379.53
4378.0,Air,8948.8,26,9.6,281062.32
1799.6,Sea,7471.7,11,8.0,20773.03
2319.6,Rail,1740.5,8,5.9,25821.15
4318.3,Rail,3428.4,17,4.4,47272.0
227.0,Road,4248.4,13,4.9,17524.22
1437.3,Road,9891.0,5,2.4,41997.94
921.9,Road,7792.1,28,6.6,41548.47
2036.9,Air,4905.8,14,3.6,139992.4
539.3,Sea,2482.4,7,3.1,10070.35
2074.8,Multimodal,1569.9,23,3.3,38563.76
1313.9,Sea,1720.0,2,4.7,11246.0
4356.4,Road,3337.5,20,1.4,79718.33
723.6,Multimodal,5281.0,22,2.1,28059.49
2093.0,Rail,1713.8,2,5.1,20871.72
3087.4,Multimodal,7353.1,14,5.5,55692.79
2715.6,Road,9355.9,8,8.6,63947.81
1493.8,Road,5278.2,12,7.6,38849.61
1203.8,Road,3659.9,5,5.4,27857.25
1849.1,Road,6992.6,18,1.4,48529.98
319.6,Rail,6908.6,25,7.5,21434.36
1540.0,Air,8163.5,10,6.0,160185.55
2690.8,Air,9331.6,12,9.0,217692.94
4449.1,Sea,3426.0,2,3.9,26270.83
2846.6,Road,1309.3,1,2.4,45729.87
4260.3,Road,9057.2,4,5.4,84025.11
29.2,Road,1842.7,12,3.2,9778.95
3480.3,Road,3548.3,21,9.4,71817.56
2090.5,Rail,4222.4,18,9.3,31655.96
2784.0,Air,8599.1,5,6.4,208013.7
1615.7,Road,5847.1,25,9.5,48080.46
1326.7,Sea,5982.4,13,1.7,17397.51
1584.7,Rail,7707.3,3,4.3,22437.06
2695.3,Rail,9982.0,1,7.9,34054.49
2781.1,Air,9644.4,23,5.1,228026.24
2486.7,Multimodal,1315.1,14,8.3,40698.03
1834.5,Road,9845.6,21,1.9,54983.21
3524.7,Air,7246.4,3,2.6,215471.82
3586.7,Road,6366.2,19,8.7,77327.7
3248.7,Road,3971.1,12,1.9,61177.19
780.5,Air,9921.7,19,2.3,157784.44
1662.4,Multimodal,3162.1,9,2.5,29770.73
4096.7,Road,9483.5,26,7.8,93583.63
2103.0,Road,3565.8,14,4.3,45153.4
2352.1,Sea,1428.6,9,5.9,19691.85
3694.1,Sea,6298.5,26,3.6,34548.82
4223.3,Road,8790.3,22,6.5,91675.67
4213.7,Multimodal,9477.4,11,3.6,69817.8
1151.7,Sea,8193.8,27,9.8,25336.86
332.5,Road,3978.0,25,7.7,24217.48
2338.9,Rail,7753.7,8,8.7,32456.54
3139.0,Road,229.8,1,4.2,48943.75
3458.0,Sea,1845.3,10,2.6,23848.79
2998.0,Rail,5738.5,29,4.7,44022.89
403.8,Sea,2846.7,24,4.5,17331.15
1508.1,Rail,6737.8,2,9.7,21657.58
31.8,Road,6884.8,25,1.7,24784.52
3570.7,Air,6163.4,21,9.7,216138.26
389.1,Rail,7065.0,24,8.7,21645.88
2706.9,Sea,3117.0,20,2.0,25356.18
1549.6,Road,2183.5,6,8.2,31574.21
2079.4,Road,115.9,4,9.4,35708.82
1319.4,Road,6578.0,14,3.9,38667.47
3326.6,Road,5858.3,19,4.7,70178.33
1493.9,Road,3331.4,26,4.7,41051.29
3221.7,Road,3477.8,14,7.9,63750.6
1728.9,Road,2122.9,7,3.9,33569.86
1840.8,Road,3447.4,1,5.5,35505.48
2456.2,Multimodal,3033.9,4,3.2,36546.59
1960.8,Road,9720.0,29,9.3,62331.88
2661.8,Road,5022.7,26,9.2,63680.67
4130.7,Sea,5823.1,4,5.6,27734.54
1631.3,Road,219.2,16,9.0,34138.86
3196.7,Sea,8275.9,14,6.0,28730.09
3931.2,Road,7553.8,15,3.4,79976.41
373.7,Road,5138.8,23,4.6,25989.32
2513.4,Road,7775.1,18,6.9,61733.98
538.4,Sea,1645.4,1,9.2,7500.79
3545.8,Road,4482.3,18,1.2,68780.86
1672.5,Rail,2406.9,10,2.5,21044.9
2304.6,Road,5926.3,18,9.0,55878.92
2398.4,Air,6228.2,6,2.8,164848.86
2627.5,Road,9854.4,17,9.7,67953.77
4408.2,Multimodal,200.9,9,2.6,56597.68
2305.3,Road,3587.2,14,9.4,50031.74
3376.5,Road,9476.9,5,4.0,70855.21
4394.9,Rail,9692.2,20,9.8,58340.34
3437.4,Road,5703.0,12,9.4,70914.08
3753.1,Road,5677.7,16,8.1,77009.12
204.9,Multimodal,4245.9,27,7.7,22946.93
853.2,Rail,2138.9,21,7.6,19967.85
3056.4,Road,756.2,1,7.0,49871.97
4058.7,Rail,3842.6,19,5.4,46899.53
289.1,Rail,3458.9,25,9.8,18082.54
3643.7,Road,5540.3,23,3.3,75655.54
842.7,Air,3479.4,10,8.4,79266.21
2007.3,Sea,4309.6,20,2.2,22972.0
3798.5,Road,6056.1,3,6.1,71435.12
776.0,Sea,7062.2,7,4.3,13121.69
2950.6,Rail,140.7,9,4.8,29638.79
3733.4,Sea,2119.3,6,6.0,25373.62
2822.3,Rail,1895.5,10,1.0,28910.44
130.6,Road,4179.7,29,3.0,23103.57
2950.0,Road,810.7,17,7.2,55641.94
826.8,Rail,9021.4,23,8.5,26996.47
813.6,Multimodal,4243.0,28,2.6,30272.6
1764.4,Air,8322.3,4,5.2,167344.02
3478.3,Sea,9221.9,24,2.8,33340.8
442.9,Rail,2045.7,1,5.9,7160.4
2192.3,Road,4962.3,5,6.4,45646.42
4001.9,Road,9701.7,12,2.2,82853.99
2173.4,Road,8212.0,14,7.4,55600.4
1405.3,Sea,437.2,1,9.7,11755.84
1256.6,Road,9684.8,6,8.9,40643.23
4446.8,Road,241.5,26,8.4,82842.79
489.6,Road,349.5,4,8.2,10711.74
1855.8,Sea,6446.1,11,5.6,20075.56
3374.3,Road,6340.7,17,9.0,73141.19
1385.4,Rail,8271.2,28,7.4,33178.35
3800.3,Rail,3043.6,10,3.0,38577.52
2772.7,Multimodal,4841.8,9,2.4,44751.03
2076.7,Multimodal,8547.7,6,4.3,41760.57
4163.1,Road,7558.0,28,1.9,88384.89
1689.4,Sea,4255.4,6,2.0,15252.07
4345.9,Road,8521.1,2,5.4,83408.0
329.8,Road,4829.3,18,5.1,22510.3
181.8,Road,5309.4,9,8.7,17029.35
372.8,Sea,5863.8,19,3.1,16128.11
387.2,Road,3732.7,20,9.7,22485.23
1048.2,Rail,2877.7,16,2.4,19279.56
1836.2,Road,6792.0,28,8.2,54279.76
3652.2,Road,1579.9,9,8.1,64946.7
1760.7,Sea,5012.4,26,4.8,25364.75
574.0,Road,3192.4,5,9.2,17668.85
144.3,Road,3812.1,1,1.4,10071.45
2511.8,Road,4620.8,19,5.7,56075.13
1044.6,Road,2041.4,21,2.5,29272.24
1627.6,Road,4900.9,6,3.6,36724.34
1092.6,Road,7352.4,6,1.3,32569.38
1827.7,Sea,2354.8,7,5.9,16506.32
4379.0,Multimodal,8531.2,29,4.4,78919.01
4379.1,Rail,4347.7,6,1.7,41731.01
3210.1,Sea,7454.6,20,7.0,31776.85
1068.0,Road,6803.5,10,9.8,34455.32
3843.4,Rail,4077.8,11,2.2,39891.96
53.0,Air,8116.4,20,4.3,110739.95
2318.5,Rail,309.1,3,4.9,21995.33
3946.9,Sea,2615.1,2,5.2,24353.04
1886.9,Road,125.9,13,1.9,34556.52
1107.0,Road,7931.1,17,3.5,39074.37
2819.4,Road,1354.8,14,4.8,52304.8
3683.4,Road,4098.0,29,4.9,77123.7
3013.5,Road,6111.3,26,4.5,69069.84
1140.9,Multimodal,9703.1,10,8.7,35116.64
568.9,Road,9998.1,21,5.0,36725.57
1235.8,Rail,8701.0,19,6.3,27940.93
649.8,Sea,5380.8,5,8.0,11227.73
4313.3,Rail,1333.4,10,1.2,40089.0
1659.3,Rail,3617.4,13,9.7,25193.37
4354.1,Multimodal,8654.5,12,6.5,72476.85
2595.9,Rail,9570.2,25,8.0,43680.74
3108.7,Sea,6577.1,9,4.6,24692.84
4094.5,Road,8061.0,9,8.3,83636.24
4471.3,Sea,7989.9,26,5.5,39860.53
4271.0,Road,9627.7,17,1.5,88389.88
2016.7,Road,8089.8,13,3.4,51320.59
3118.9,Sea,3640.1,4,1.1,19773.06
1750.9,Multimodal,4773.1,5,9.4,33123.47
2838.1,Rail,2454.0,5,8.5,30551.23
2352.3,Air,1567.6,6,9.9,109820.52
88.5,Road,3537.5,25,3.8,19495.66
3897.3,Rail,6734.1,24,2.1,48438.61
1607.6,Road,5943.0,26,9.1,48441.1
2023.9,Road,7523.4,4,5.1,46831.42
1554.7,Rail,8946.2,5,1.3,23415.55
2177.2,Rail,515.6,11,1.3,23419.62
2236.2,Road,2501.2,18,1.5,46239.9
2847.8,Road,7807.1,11,8.9,64777.6
1694.0,Road,9231.4,12,1.0,47482.03
1030.3,Road,9363.2,28,8.8,46313.9
1788.9,Rail,1856.7,12,1.9,22190.63
1450.3,Rail,1028.3,5,8.0,16974.16
2559.0,Road,9315.6,28,6.2,69530.54
3270.2,Road,673.6,12,8.8,58947.21
3227.6,Multimodal,6624.2,22,7.5,61009.58
4012.8,Road,3993.9,10,7.6,75074.96
928.4,Road,2793.2,26,1.3,30939.85
2267.4,Rail,2741.3,24,8.9,34501.43
2811.3,Multimodal,3595.7,26,3.6,51574.26
2322.1,Sea,3632.3,14,9.7,23961.54
2884.9,Sea,8155.4,17,2.9,27130.45
3858.5,Sea,5321.6,29,4.1,36572.28
418.4,Road,9415.8,16,3.0,31019.02
1680.6,Road,6398.2,4,9.3,40625.62
2276.6,Rail,4089.0,19,3.5,31654.07
2356.9,Road,5329.5,25,8.4,58590.5
60.0,Road,9394.8,14,9.3,24817.59
2598.4,Road,8345.9,11,8.6,61599.51
3132.9,Rail,9244.6,26,9.7,49384.87
1756.4,Road,7080.2,28,6.1,52964.67
4110.3,Sea,6329.8,8,4.6,28879.9
3063.5,Rail,2463.1,17,8.1,37789.95
2838.1,Road,3537.3,3,4.5,51416.54
927.5,Road,589.1,2,3.6,16564.16
4415.1,Rail,5761.4,11,7.9,49690.59
2095.5,Sea,6399.2,9,6.0,20403.47
162.8,Sea,7510.0,8,7.0,10876.01
338.0,Road,8561.9,1,9.2,21779.75
1515.2,Multimodal,2959.8,4,8.9,26912.25
190.5,Road,1779.4,23,9.2,17169.46
762.5,Road,1182.3,3,2.0,15460.94
3051.9,Road,5432.4,12,9.2,64256.28
1545.0,Road,2681.4,27,7.7,41802.13
1856.3,Rail,1976.6,1,1.6,17715.91
4287.6,Rail,5570.2,3,4.4,42573.25
2907.0,Road,6017.0,15,9.6,64440.21
1316.7,Road,1411.5,2,4.3,23859.03
1536.8,Sea,5244.4,28,9.6,26588.48
4255.1,Road,948.5,1,9.2,70342.29
2009.4,Rail,7881.2,7,7.1,28633.09
1970.8,Sea,5873.0,16,3.0,21898.99
1240.4,Sea,5973.0,2,7.1,13117.49
1446.8,Sea,7171.3,12,1.5,17954.91
3413.7,Road,2161.8,19,4.1,64685.57
3658.6,Road,1879.6,29,1.9,71171.39
1099.9,Rail,3134.2,12,8.4,19046.65
4224.9,Multimodal,5800.0,6,7.6,64657.55
1434.0,Road,8248.8,17,1.6,44216.24
3196.7,Multimodal,9900.2,10,10.0,61213.16
2786.1,Air,8218.0,19,2.4,208237.79
138.4,Sea,4931.3,11,1.4,10962.71
3876.7,Rail,5763.9,25,4.5,49355.7
2842.4,Rail,2839.3,6,4.4,29613.5
2609.2,Road,2237.6,18,6.4,53132.87
2487.0,Rail,1430.5,26,4.5,34506.69
2994.7,Road,5185.1,2,1.4,54913.73
375.7,Rail,1773.4,18,8.2,14177.18
3410.0,Rail,546.7,13,5.6,36059.56
1377.8,Road,1808.6,21,7.1,34776.22
1900.2,Road,3862.8,27,1.7,47702.69
190.7,Rail,2270.4,25,6.8,16152.95
623.7,Sea,2211.9,28,8.9,20338.61
3632.3,Rail,2476.9,15,3.0,39077.99
1652.9,Rail,8849.8,19,5.8,31509.64
3274.4,Road,836.6,5,9.4,56422.57
1682.4,Rail,3228.4,26,5.7,29885.53
3908.0,Road,3954.4,17,5.0,74985.78
2209.0,Rail,2813.6,11,9.6,28436.43
1452.6,Road,3813.8,16,3.8,36601.1
3552.5,Rail,6294.4,12,2.3,40121.74
2561.9,Rail,1405.8,4,4.8,25388.4
2539.5,Road,3606.6,23,2.8,55374.97
3252.9,Road,1390.4,16,2.2,58497.64
4445.7,Sea,7306.2,2,5.2,28643.84
1674.5,Road,8625.5,10,4.0,45839.27
2402.4,Road,5554.0,25,3.6,58026.17
1336.2,Sea,602.5,9,4.2,13912.09
1748.7,Road,4451.9,3,5.0,36717.37
285.2,Road,4201.8,10,4.2,16970.71
1797.0,Road,7987.9,1,2.9,42254.14
881.9,Multimodal,573.4,18,2.2,20925.8
2741.4,Road,9731.6,19,4.3,68084.0
198.1,Air,2141.0,6,4.3,37860.78
584.2,Rail,8205.5,26,2.0,24885.7
2420.2,Road,7919.6,13,3.0,56921.3
1845.6,Sea,7674.9,2,9.3,17433.9
1842.4,Road,1293.3,6,1.9,32846.22
2438.8,Rail,835.8,7,1.7,23995.62
1044.8,Rail,4475.7,20,4.3,22746.58
652.8,Rail,7391.8,5,8.3,15855.07
392.8,Road,6814.1,5,5.9,21136.88
3958.8,Road,7760.5,26,1.2,84352.82
3486.5,Sea,1196.0,27,2.9,31710.88
1674.9,Road,4270.9,28,9.7,47610.58
1242.8,Rail,4644.9,16,6.3,23095.34
2338.4,Road,2436.1,22,3.7,50201.53
386.4,Road,5770.1,26,4.1,28473.14
4129.5,Road,418.3,7,5.9,68135.62
2595.6,Road,7757.6,20,3.4,62572.25
4190.5,Road,2166.8,25,2.2,77906.63
4255.6,Sea,7415.5,28,5.8,39848.72
2456.0,Air,744.0,4,4.1,100675.91
2241.9,Road,4975.9,24,7.8,55529.96
1366.1,Road,2223.3,26,4.3,37043.23
3685.1,Multimodal,3910.9,24,8.8,64105.17
4260.7,Sea,8851.5,14,9.7,36610.52
798.5,Road,4474.9,6,3.9,23354.56
3528.0,Road,2732.3,3,2.4,59341.06
826.8,Sea,3041.9,7,2.3,11484.81
808.4,Rail,6352.0,10,1.6,17683.28
1185.7,Air,7384.9,24,9.8,145166.62
3114.7,Sea,419.3,22,4.9,28429.47
320.3,Multimodal,4984.7,20,7.1,22290.13
1442.5,Rail,4214.8,5,4.0,18863.79
2364.5,Road,3880.2,2,3.2,43974.64
3586.2,Road,4091.5,8,5.7,66622.28
1504.3,Road,7079.7,15,4.4,42934.87
2243.8,Road,9988.3,20,1.3,60518.32
2833.4,Rail,9756.9,20,3.1,41543.11
1157.2,Road,7067.2,11,6.1,36089.87
4184.9,Sea,2430.5,29,4.9,37269.08
1631.2,Road,78.8,28,3.4,37848.93
3364.6,Road,7769.4,12,2.3,69832.13
3003.9,Rail,4813.6,18,5.2,38473.17
2889.6,Multimodal,2805.6,24,9.4,52753.45
1840.7,Rail,4213.6,16,5.5,27463.39
3895.7,Road,7463.5,19,2.0,80234.96
3528.3,Road,476.7,20,5.0,64331.48
2539.8,Air,5100.0,13,3.4,159770.65
1412.3,Sea,3801.7,1,8.9,12917.53
2518.1,Road,2076.8,12,1.3,46738.56
395.0,Road,8945.4,4,3.7,24511.78
2440.2,Rail,7221.6,4,7.6,30575.21
3148.8,Sea,7545.7,23,4.9,31836.82
4145.7,Road,6851.8,16,7.3,84843.62
3232.9,Rail,3088.3,24,4.1,41013.53
1058.4,Rail,300.3,17,8.3,18375.37
237.4,Road,5980.9,16,8.5,22305.02
1288.1,Road,3314.8,10,8.6,31370.47
1789.3,Road,2766.4,19,9.2,42444.46
68.6,Rail,6783.6,1,9.2,8342.61
4257.4,Road,3553.6,17,3.6,78633.54
2636.2,Road,9751.2,3,3.2,58974.21
4253.2,Sea,9059.3,18,9.6,38323.51
1566.9,Road,458.4,29,4.3,38180.64
3230.9,Rail,1051.6,24,10.0,42027.49
2889.8,Rail,5531.1,15,3.1,35901.73
1103.9,Road,282.2,14,9.0,24882.64
1234.8,Road,4462.1,17,8.4,35827.02
1820.8,Rail,4052.3,24,3.4,30172.23
878.8,Road,6548.4,25,3.4,36864.83
1486.6,Road,4410.1,29,9.5,45252.63
2572.3,Sea,1509.3,8,6.6,20489.1
1100.8,Road,1798.7,26,7.8,32815.15
1295.5,Road,3828.2,10,1.3,31031.45
4032.8,Road,2480.3,10,10.0,73989.93
2125.5,Sea,8413.3,14,3.0,22673.83
3189.1,Road,9999.9,19,2.6,74554.76
1216.2,Road,7889.8,27,9.9,46401.95
2683.7,Rail,3311.9,14,1.5,31185.5
3077.0,Rail,4653.0,4,7.3,33629.85
1368.6,Road,4531.8,16,8.6,37530.74
1972.0,Rail,9198.2,24,7.1,37193.71
3793.2,Road,6010.8,2,3.2,69092.5
3168.7,Rail,7154.8,28,2.3,45038.64
4023.6,Road,3152.5,18,7.7,77385.06
836.9,Sea,460.3,16,4.4,14809.17
3030.7,Rail,2214.5,12,9.2,35531.35
74.3,Multimodal,1482.1,7,2.7,8191.05
1088.2,Rail,4533.4,10,1.8,18177.93
268.3,Air,5582.5,16,2.3,86257.81
3407.1,Rail,1834.1,4,4.0,32085.0
2276.1,Air,4035.6,24,7.1,143848.45
2271.2,Rail,5203.7,1,8.8,26436.94
1831.5,Road,2845.6,27,4.3,45639.67
262.3,Road,4158.1,21,6.8,21703.66
3430.8,Sea,154.6,25,1.4,29275.55
3227.7,Rail,4008.2,29,6.7,45240.56
3223.2,Rail,6341.1,22,4.8,43188.23
4474.1,Road,4769.9,25,6.3,89480.73
3773.3,Rail,5667.6,17,3.2,44017.14
1204.6,Rail,7760.3,2,5.1,19108.41
659.6,Road,9979.5,6,3.7,31227.4
2026.3,Air,4190.1,27,7.5,138192.29
3748.7,Sea,1722.8,5,5.0,24248.37
716.5,Rail,9778.9,24,3.7,26560.85
3492.6,Rail,2860.9,22,7.6,43810.51
4227.5,Multimodal,2626.5,19,6.6,65221.33
628.1,Road,8692.1,19,5.6,34427.71
3075.5,Rail,8930.2,12,1.9,38596.04
971.0,Multimodal,3378.3,22,7.2,28794.12
4480.5,Rail,6479.5,8,6.2,48409.94
4011.7,Rail,6900.4,25,4.8,51596.67
1674.3,Sea,5235.8,4,6.5,15712.0
202.2,Road,5977.6,27,4.6,26619.97
207.9,Road,3595.1,19,7.1,18908.63
2218.5,Sea,7070.7,16,9.0,25423.32
4309.2,Rail,8909.0,27,6.6,57866.42
3808.9,Multimodal,8652.7,29,9.7,75330.42
2157.4,Road,8149.5,29,9.0,62424.05
978.2,Road,1565.5,16,9.6,26168.63
303.2,Rail,7640.1,8,8.3,14332.01
1735.2,Road,1657.1,27,6.3,42482.59
3674.6,Road,7983.3,22,2.3,79536.17
2185.6,Air,3236.0,1,1.4,118641.9
2135.8,Sea,1385.1,9,1.7,17148.35
2144.4,Rail,7279.6,16,3.7,32171.24
954.9,Road,4654.5,26,7.3,35500.21
3652.5,Rail,5511.4,21,4.9,45818.64
3390.7,Road,8602.7,13,1.4,71807.49
1349.3,Road,3670.6,17,8.0,35969.41
831.0,Rail,2799.5,22,1.9,20149.57
3551.0,Rail,3983.6,29,1.9,45469.59
4397.9,Road,6327.0,24,3.5,88878.06
629.0,Road,2254.0,3,1.8,15343.99
721.2,Rail,7951.0,27,6.0,26461.97
2658.3,Road,8829.9,18,3.6,64658.74
2174.7,Rail,9108.4,7,9.6,31905.86
688.2,Rail,6164.4,6,4.6,15178.38
2702.1,Road,9383.9,29,2.5,70793.43
108.0,Sea,1367.3,6,1.1,7216.27
2221.7,Road,5604.8,6,6.2,47789.23
526.1,Road,4480.2,14,5.9,23055.78
1713.5,Rail,9800.9,3,4.5,25379.24
4424.0,Air,912.2,22,3.1,180268.34
1660.0,Road,4008.4,27,6.9,45701.44
1574.6,Rail,1645.6,29,4.8,28718.16
1956.7,Road,3551.1,17,2.6,43726.04
2487.4,Road,8710.1,8,4.9,57784.47
50.1,Air,2261.4,24,5.7,42248.59
3674.2,Air,4946.5,4,9.5,197542.31
1340.9,Road,2053.8,2,5.3,25710.16
3811.9,Air,9792.6,12,5.4,262003.24
636.9,Road,774.8,20,5.9,20771.63
1941.4,Road,8492.1,12,7.2,51581.64
4445.7,Road,9322.4,7,2.7,86702.34
871.5,Rail,7779.9,14,5.4,21784.2
2306.1,Road,3701.8,11,8.9,48737.92
1450.7,Rail,3978.5,22,9.1,27511.82
2915.3,Road,310.6,5,8.7,49481.58
328.9,Road,1959.0,6,2.9,11744.85
3624.9,Rail,9303.3,26,5.6,51548.96
2870.9,Air,7280.3,1,9.4,194870.87
3908.6,Sea,5510.2,18,1.1,30088.74
3423.4,Road,9902.2,28,9.1,85392.69
619.7,Air,7610.7,10,2.6,120299.96
3909.4,Road,6143.2,29,5.9,84816.69
1764.0,Sea,5184.6,27,2.8,25559.23
2209.5,Sea,4660.4,25,8.9,28389.97
276.9,Rail,8560.6,1,7.8,11820.87
1024.7,Rail,4830.9,7,4.7,17121.75
1312.3,Road,4364.3,24,2.7,38769.05
3624.4,Multimodal,2316.9,19,5.0,56635.12
2140.3,Road,6379.6,18,1.9,51792.36
1641.0,Air,317.5,5,6.4,67626.04
4269.1,Road,2548.6,5,4.0,72029.64
1071.2,Road,5259.8,8,1.2,29355.29
2170.5,Sea,3102.7,19,4.8,23458.66
1168.1,Air,5144.5,7,7.4,109515.59
1057.4,Rail,2373.5,24,6.8,23166.77
3988.6,Road,8590.5,11,1.9,80030.31
2534.9,Road,1124.6,24,9.6,53811.41
5.4,Rail,2213.4,15,7.1,10020.98
668.2,Multimodal,4636.6,2,6.4,17888.02
3962.6,Road,4392.5,18,7.4,78587.36
284.7,Road,6720.1,29,6.0,30124.39
4020.9,Road,7070.6,21,4.6,83898.06
928.7,Air,6569.5,28,5.4,127213.08
4417.3,Road,6384.4,28,5.1,92064.64
2807.3,Rail,4500.8,9,7.4,33506.6
4414.3,Sea,4470.2,5,7.9,30430.33
2325.2,Air,896.7,8,3.8,99561.31
3525.7,Road,36.1,23,8.1,66342.67
1236.6,Sea,8546.0,20,5.8,21886.96
705.7,Air,114.1,17,1.9,36457.75
476.3,Sea,9068.5,2,5.2,10275.36
1497.2,Sea,2098.8,22,6.8,21749.23
1739.5,Rail,5613.2,4,7.0,22941.19
1443.5,Sea,9309.7,21,1.4,22699.08
4324.3,Rail,3821.7,7,4.3,42962.0
631.0,Road,8049.9,2,3.7,25523.11
910.7,Rail,5789.6,22,5.2,23795.81
921.7,Rail,4309.5,29,8.9,26266.63
3295.6,Rail,1616.2,26,9.3,43713.05
3004.0,Rail,1711.5,10,8.1,33506.46
801.3,Multimodal,3119.9,22,9.7,26578.24
121.4,Road,8955.0,5,5.0,20840.21
182.9,Multimodal,1854.7,12,1.9,12222.8
1098.4,Road,7841.9,18,8.5,40158.54
3402.2,Rail,1102.8,23,8.9,42537.34
4035.9,Multimodal,8133.5,1,4.6,61921.72
4063.2,Road,702.7,16,5.6,71363.62
1948.1,Multimodal,2234.1,26,3.3,39442.3
3698.5,Air,2315.1,14,3.5,167962.54
3234.2,Air,8240.3,4,9.8,221142.99
329.0,Rail,5876.8,16,3.5,16386.07
4146.6,Road,6382.1,10,9.7,82794.36
2443.8,Road,8194.8,7,3.5,55189.16
2085.1,Road,7626.4,21,8.5,56649.29
2641.4,Rail,178.7,12,2.5,27572.23
801.7,Sea,3170.0,18,8.5,17090.34
723.1,Road,2856.4,7,9.2,20368.61
1963.8,Rail,7996.5,16,9.0,32955.27
2585.4,Rail,107.1,20,1.6,30347.81
261.9,Air,185.1,23,8.0,24555.8
387.8,Road,2005.0,8,8.8,13963.2
4231.2,Sea,2330.3,12,4.1,29363.4
1609.1,Sea,1667.4,21,9.0,22232.53
494.9,Rail,866.9,19,7.0,14661.24
673.0,Road,6610.3,13,5.2,28585.83
1784.1,Road,1587.5,7,1.1,32709.81
3814.4,Sea,6365.2,21,7.2,34940.56
1559.2,Rail,4591.1,25,8.2,30162.26
3307.7,Rail,8598.4,4,9.7,40285.49
1314.3,Air,2698.6,20,6.6,91232.85
2008.4,Road,9857.5,5,2.3,50430.29
1111.5,Road,5555.5,10,3.5,31772.34
3301.2,Road,9658.8,9,6.0,72994.48
3541.6,Road,6500.8,26,3.4,77109.35
2072.3,Multimodal,2391.6,13,5.9,36057.15
3224.8,Road,3011.9,6,3.2,57060.8
1445.9,Air,1592.1,23,8.3,84258.47
2070.6,Rail,4272.8,5,1.6,23321.35
3941.8,Road,3296.0,23,4.1,76490.66
214.6,Rail,2510.4,12,1.6,10471.6
2058.8,Sea,2013.9,27,3.4,25724.53
253.4,Road,8364.0,26,2.0,31054.6
1948.3,Road,8392.1,15,5.1,52265.13
2347.5,Road,5425.3,10,1.7,49539.7
3401.7,Road,6068.5,5,6.7,66496.55
1380.2,Rail,4205.7,22,7.2,26778.65
3520.6,Rail,6264.4,26,7.9,49183.45
266.1,Road,7880.3,17,7.7,26563.32
1032.7,Multimodal,4903.6,29,5.0,34536.79
2723.7,Rail,7915.8,16,7.7,39065.6
39.1,Road,8926.3,21,7.2,26698.48
2886.1,Sea,9903.6,7,6.9,25206.54
3236.6,Sea,9643.8,18,4.3,30451.54
3790.6,Road,2493.9,21,7.8,73953.65
3435.0,Sea,6114.0,4,4.8,23860.45
4204.2,Road,3575.2,25,4.7,82317.45
2389.4,Road,7001.6,4,4.2,51178.23
3344.2,Multimodal,2006.1,13,6.1,50640.28
3653.1,Road,2776.3,16,1.2,66392.49
2857.1,Rail,9694.7,17,5.8,41464.01
4187.1,Road,6074.3,10,5.7,80321.58
2131.9,Rail,2009.6,7,4.0,23491.7
1017.1,Road,3940.1,16,3.9,30170.96
1195.8,Road,3584.9,22,5.3,35275.35
1617.9,Sea,2328.9,6,6.6,15331.25
3315.9,Sea,602.2,4,2.2,19966.09
2507.0,Sea,9793.4,11,2.3,23254.82
4206.3,Road,3718.0,14,9.2,80367.9
4043.7,Road,5462.5,16,3.8,78525.62
2061.3,Sea,4047.8,11,3.4,19415.25
1784.6,Road,7096.4,14,4.8,46903.35
4367.2,Road,7468.4,13,8.0,88468.65
2168.6,Road,9000.4,1,7.5,51122.96
4460.6,Multimodal,3207.0,7,8.1,64463.8
1069.0,Air,9802.9,7,8.0,162043.06
4007.8,Rail,7970.5,25,7.8,54411.02
1215.9,Sea,1912.9,24,7.0,21206.45
2895.4,Sea,5029.5,17,3.4,26337.07
4496.1,Rail,3414.6,15,4.2,47589.11
2582.2,Road,5129.5,9,7.7,54372.45
3727.4,Sea,3110.9,20,6.0,32051.61
1123.3,Rail,2436.3,10,1.5,16619.77
2541.9,Road,7422.4,7,9.4,57571.99
2102.7,Rail,5167.0,5,7.9,26401.05
1686.8,Sea,5502.4,9,8.4,18625.42
281.4,Sea,4251.5,28,9.9,19294.8
3343.9,Multimodal,9118.4,4,6.6,57518.26
4395.5,Rail,481.2,4,5.9,40322.06
2804.8,Sea,7840.6,4,5.1,21820.82
349.5,Road,8067.5,1,6.4,20975.77
2996.9,Rail,3923.7,18,7.2,38487.39
4492.8,Road,694.8,24,2.3,79324.76
3380.5,Road,7831.9,19,6.2,75459.5
1907.8,Sea,4512.7,6,6.3,17445.48
4403.8,Road,6197.0,11,3.3,82821.82
4099.4,Rail,8044.6,26,1.7,51933.73
3497.4,Sea,1674.4,23,1.9,29468.9
4190.2,Rail,3663.8,11,5.7,44523.66
3478.6,Road,6927.5,26,1.1,75727.29
4396.6,Rail,3432.2,20,2.9,48192.45
3413.8,Multimodal,3701.1,6,9.6,52625.7
671.6,Road,7429.6,21,7.8,33972.56
451.4,Road,7457.4,10,8.0,25588.24
1111.7,Multimodal,6010.5,15,1.4,30233.79
622.9,Multimodal,4122.4,19,2.6,23858.05
2542.6,Rail,3888.6,27,5.3,37912.46
2975.0,Road,2935.9,28,8.9,65656.51
566.8,Sea,764.4,2,5.5,7422.46
36.6,Rail,466.5,8,5.2,5549.44
3138.7,Rail,9220.9,3,1.3,35077.34
230.4,Multimodal,1285.9,26,10.0,18525.17
3247.3,Road,6130.1,24,3.6,71280.79
322.0,Road,2734.1,18,5.7,18503.81
4335.4,Rail,6364.7,7,6.0,46467.49
1126.8,Road,6968.3,10,4.0,34663.98
308.5,Air,7849.9,20,6.9,116861.94
2801.0,Sea,920.5,15,9.2,25788.2
3253.3,Road,1041.8,12,9.0,59417.6
4159.0,Road,8071.9,9,8.0,84538.14
3716.8,Road,9335.3,21,2.7,82297.34
1270.7,Air,2588.9,11,9.0,84785.65
904.4,Road,3084.7,22,8.1,30355.57
1378.2,Road,9182.2,18,8.6,47087.79
1090.6,Sea,7921.2,29,5.0,24889.79
3241.5,Rail,2386.3,22,9.5,42180.96
3145.6,Road,5829.7,28,5.0,71628.13
2522.0,Rail,3149.9,22,5.6,34964.91
319.7,Air,4430.1,3,4.3,68443.97
4290.4,Rail,7046.7,24,1.3,51427.38
1577.5,Road,2498.5,23,4.6,39374.2
3666.1,Sea,753.1,29,5.7,34639.5
3588.5,Multimodal,9931.4,22,4.0,68343.76
1339.0,Road,4276.1,6,2.2,30877.5
1120.9,Rail,7304.7,19,3.1,25319.82
2410.7,Road,9976.9,27,7.6,68307.69
1613.1,Rail,391.6,17,8.4,23289.48
4139.9,Road,4443.6,10,4.3,75917.17
4107.1,Sea,203.2,8,6.5,27648.86
3474.0,Road,6501.7,29,6.9,79360.71
99.7,Road,1670.1,2,3.5,6000.08
3806.7,Rail,9403.5,15,2.0,46058.14
2953.0,Road,8750.5,18,8.2,70930.03
2360.9,Air,6539.2,11,3.3,169678.04
1759.7,Road,1619.8,24,9.1,42294.1
2776.1,Sea,3455.0,15,1.5,23334.88
1156.3,Multimodal,9801.0,11,1.3,34649.75
2593.6,Road,3164.1,23,6.1,56682.24
2931.1,Air,9934.0,13,5.6,232672.09
3045.9,Road,8233.9,4,4.9,63642.93
1896.7,Rail,5321.9,3,2.1,22172.47
319.2,Road,8511.1,21,2.8,30153.53
1884.8,Road,9738.1,27,9.1,60239.44
4056.9,Road,2899.9,9,5.7,72134.78
2419.1,Road,1176.6,8,7.7,44120.05
180.8,Multimodal,835.7,29,1.7,18357.16
1685.9,Sea,6103.0,16,3.5,20778.01
2772.9,Road,3260.4,7,5.7,52092.52
1264.6,Rail,3850.8,25,1.3,25690.68
848.8,Rail,1563.6,19,6.7,18475.86
2603.0,Air,865.7,17,4.8,113444.49
2735.8,Road,3203.0,6,9.7,52682.4
2068.5,Rail,1755.2,15,8.6,27663.26
420.8,Road,679.0,28,4.0,20797.04
3325.3,Sea,400.4,5,6.5,22355.96
3402.4,Rail,600.7,20,6.4,39510.04
1762.2,Rail,7205.5,24,8.0,33676.36
44.9,Sea,6111.6,3,8.1,7523.56
2870.4,Road,6929.1,2,2.3,56550.02
4401.2,Road,8163.1,8,7.4,87632.62
2193.5,Road,6221.6,12,2.8,49901.12
3096.0,Sea,4797.8,14,3.9,25878.47
2375.6,Multimodal,8172.9,17,1.4,48563.36
1072.9,Road,6264.6,13,3.9,33924.07
1534.7,Road,7005.6,10,4.0,40808.82
4322.7,Road,4335.2,3,9.5,78543.67
2680.5,Rail,4506.9,16,3.4,34004.52
849.7,Sea,4479.8,25,9.4,21082.27
228.8,Rail,2867.0,12,2.5,10993.8
244.5,Road,6183.7,27,4.5,27632.44
2255.2,Rail,4406.1,17,6.3,31869.6
477.1,Rail,483.0,20,4.2,14580.35
3747.8,Road,7000.0,19,2.5,77494.16
1544.0,Road,5036.6,1,1.2,32794.82
1731.2,Air,1902.7,14,6.5,93899.61
1552.4,Sea,580.0,27,7.6,23934.68
2409.9,Air,1924.1,29,2.2,123763.92
4491.9,Air,5111.0,24,2.4,233464.74
4035.5,Road,660.3,29,7.5,77961.41
1047.0,Air,6162.6,10,2.2,117936.68
4039.3,Rail,2725.2,14,6.0,43876.16
2622.3,Multimodal,9649.5,29,5.1,60365.65
3291.9,Road,7895.1,21,4.0,74047.68
2345.1,Road,1121.1,16,2.6,44752.83
2975.8,Road,7139.6,6,5.3,61647.5
1766.0,Road,8316.4,19,5.0,51043.39
1273.0,Rail,8676.0,25,9.3,31560.31
2267.5,Multimodal,5470.4,5,4.8,39078.64
2141.9,Sea,8626.2,13,9.7,24489.93
1782.3,Road,7636.9,3,2.8,42301.45
3551.4,Road,5666.5,24,8.2,77506.72
3229.4,Multimodal,4227.3,21,2.2,54335.29
1295.6,Road,30.9,14,2.4,26123.1
892.0,Rail,6151.3,19,8.3,23111.2
26.5,Air,2456.9,28,6.3,45654.02
4408.8,Rail,2283.3,24,7.3,51986.89
1586.2,Multimodal,1434.3,11,3.3,27354.42
2757.3,Multimodal,6837.6,27,8.3,58175.07
3365.6,Sea,6792.0,13,6.0,28573.45
930.4,Rail,4178.5,1,7.2,13366.27
3005.1,Rail,4689.7,26,2.4,40626.55
518.6,Sea,7607.2,15,6.5,15832.15
440.0,Road,1544.7,20,1.5,18880.44
1367.1,Rail,2306.4,24,3.4,24928.55
1444.8,Rail,9424.6,14,8.4,28590.31
813.5,Road,9985.9,9,2.7,34817.92
2106.1,Rail,5128.2,28,2.1,34759.42
2780.8,Road,4628.8,14,9.2,59460.03
4169.8,Road,832.8,29,9.5,81505.93
3160.8,Road,6719.5,22,1.1,68963.88
2354.7,Sea,4688.7,9,8.5,21895.3
2429.5,Road,5388.6,10,9.2,53335.23
2587.1,Air,9320.6,21,7.4,217200.85
1299.0,Sea,9206.0,15,6.3,20275.02
3353.8,Road,9176.4,27,9.6,82751.99
2942.7,Rail,993.2,27,7.8,39739.56
2201.2,Road,3843.8,5,7.8,44258.75
965.9,Sea,6643.0,13,3.0,16377.1
3826.3,Rail,1389.2,11,8.4,40910.0
894.6,Rail,9403.9,15,8.2,24224.08
892.5,Sea,5764.5,11,7.9,15393.27
663.3,Road,5970.2,10,5.9,26025.46
4483.8,Road,1277.2,20,6.7,81381.07
1105.3,Road,185.8,19,7.6,26713.81
3831.3,Road,6436.3,14,4.7,76745.6
161.1,Road,2152.0,21,8.6,16519.98
3184.7,Rail,8194.0,17,5.8,42893.7
141.2,Road,507.7,10,8.2,8225.38
2810.8,Road,1726.6,19,4.5,54898.08
1201.8,Multimodal,7802.0,7,7.0,31401.49
314.1,Rail,154.2,20,9.4,13216.4
1238.1,Road,2422.0,29,2.9,36543.15
564.7,Sea,7254.1,22,9.6,19268.07
994.0,Rail,6960.0,4,3.3,17178.5
3094.1,Road,2048.1,22,2.5,60219.29
3749.7,Rail,7920.4,26,7.1,52201.99
1975.1,Air,4201.3,22,8.4,134428.46
1880.0,Road,7002.9,2,4.4,42594.51
2081.5,Rail,4649.5,18,2.7,29939.76
2122.3,Sea,105.5,11,7.2,19295.08
1060.8,Road,59.7,23,3.4,26990.28
4450.8,Sea,9891.2,8,8.9,34809.16
3008.9,Sea,2037.8,7,1.1,19874.8
3482.9,Rail,8576.0,2,7.2,39681.43
1993.2,Sea,2290.2,25,1.5,24134.53
3424.9,Rail,4525.6,1,6.2,34603.91
3076.8,Road,9842.4,27,9.4,79360.28
3722.9,Road,1349.9,28,8.2,74281.06
203.6,Multimodal,5541.2,19,3.9,21170.09
208.0,Rail,3621.0,7,5.2,9402.37
2563.6,Sea,5706.6,1,5.7,18622.32
1707.9,Rail,5249.9,9,4.2,23918.18
3612.8,Sea,1311.4,8,6.4,25484.35
750.1,Road,5680.6,10,5.8,26879.92
1131.3,Road,3628.6,3,4.0,25488.96
1895.4,Air,2582.9,10,8.4,106712.91
4022.7,Road,1406.2,6,3.6,66266.62
601.5,Rail,6672.2,26,9.6,24250.55
3493.0,Road,7187.8,4,9.9,71164.59
4448.7,Rail,8176.3,29,3.4,57231.71
3376.7,Rail,8182.0,18,6.3,45119.83
2478.4,Sea,9951.7,18,2.8,26554.63
2514.6,Road,2417.3,17,4.3,50598.47
743.2,Road,5662.5,1,1.1,22142.04
1978.7,Road,5713.7,12,10.0,47930.63
2388.5,Road,5365.9,14,5.1,52964.41
2245.2,Road,3541.6,27,3.3,52754.92
506.7,Air,1790.1,13,6.7,48096.5
687.1,Rail,5760.4,24,8.9,23277.9
1137.2,Rail,1499.3,28,7.9,24967.65
2349.4,Sea,129.7,6,3.2,16773.2
727.0,Air,6614.9,23,2.8,118017.19
1258.2,Road,4396.9,5,8.4,30633.01
1542.5,Road,9610.3,3,6.5,43020.43
3013.9,Road,3427.8,14,6.8,59898.64
1503.3,Road,9915.4,6,7.9,44703.7
3140.8,Rail,100.1,11,7.9,33534.6
683.8,Rail,596.0,19,9.4,16409.48
1280.1,Rail,6636.2,22,1.4,27043.16
1906.8,Rail,6353.4,22,8.3,33508.3
1198.7,Road,5428.1,28,3.6,41019.39
831.9,Rail,1937.0,5,7.0,12345.72
4375.5,Sea,958.5,12,8.6,32402.41
2955.5,Multimodal,608.1,14,4.5,43736.0
100.1,Road,7746.2,10,5.5,20570.94
845.4,Road,8800.4,6,6.4,32245.53
2972.2,Road,8209.6,2,6.2,62074.06
1597.9,Road,1507.9,24,6.3,38697.49
2294.6,Sea,7800.4,17,2.4,24365.62
3599.6,Road,9806.2,2,6.3,74759.2
525.4,Road,6148.0,20,7.0,28942.69
2887.1,Air,3842.4,18,6.6,160574.86
2206.6,Road,947.9,17,6.5,44101.0
1019.8,Rail,3031.8,4,5.7,14257.34
1453.4,Road,5864.1,11,7.6,38824.38
132.3,Rail,4188.5,27,2.1,18145.18
4416.2,Air,5135.9,1,7.2,223885.69
579.5,Sea,6840.1,23,6.5,19465.34
3359.9,Road,4324.7,10,4.8,63995.54
1975.1,Road,1947.3,25,7.1,46091.75
2109.1,Road,783.3,23,1.9,43501.93
2666.2,Air,4192.8,22,5.1,158082.92
4103.5,Rail,8804.7,5,5.5,45521.43
2525.1,Road,6796.4,5,4.2,53347.09
3613.8,Sea,2356.9,20,10.0,33264.65
3789.4,Road,5006.5,9,7.5,72894.84
2924.0,Rail,2182.1,16,4.1,34123.89
2875.4,Air,1387.4,13,3.5,127164.32
3883.1,Sea,7796.9,17,2.8,31437.99
235.0,Sea,4274.9,27,4.3,18485.1
2868.0,Sea,568.3,17,9.4,26918.87
2348.0,Road,8181.3,25,5.4,62605.23
1200.0,Road,9362.6,22,5.8,45770.19
3518.5,Air,3436.5,17,6.6,177997.55
1340.3,Road,4961.3,14,1.5,35500.21
3507.7,Multimodal,7589.7,16,3.5,61019.03
4106.6,Road,377.6,6,1.0,64164.27
2577.1,Rail,9168.9,4,5.7,32796.58
3617.6,Road,9981.2,12,9.9,81780.8
1176.6,Multimodal,5057.3,17,5.5,31169.31
708.1,Rail,5342.8,19,8.7,20825.48
2555.2,Road,5194.3,2,8.6,51181.2
1920.2,Sea,8243.8,1,10.0,17831.54
1911.6,Road,5252.6,7,8.6,43351.78
578.2,Air,6547.1,7,1.2,104470.92
4217.6,Road,6507.7,21,5.7,86565.95
491.0,Multimodal,5312.6,26,4.8,27365.71
1315.0,Road,9258.5,6,5.9,40190.45
2128.0,Multimodal,8529.4,29,5.4,53052.8
3345.1,Rail,721.8,20,9.3,40687.21
2827.8,Road,4090.7,18,3.0,58384.84
328.6,Road,5859.1,15,6.0,22955.11
208.9,Road,7851.7,24,9.2,28830.83
2571.9,Road,3599.3,10,1.4,49397.67
59.6,Sea,6154.7,8,5.6,9857.12
2537.3,Rail,4375.4,11,5.2,31169.89
823.7,Air,1247.6,21,7.0,56683.74
859.2,Multimodal,9949.8,13,6.7,33180.61
810.3,Sea,6792.4,22,2.5,19703.98
3486.9,Rail,2952.8,22,8.0,44041.05
2135.4,Air,6565.9,14,10.0,165529.43
964.7,Road,2744.3,19,5.3,28845.66
288.3,Road,7198.5,20,2.9,26919.55
2001.3,Sea,2366.6,29,1.3,25898.41
2382.2,Road,9694.7,19,3.7,62393.05
2671.9,Road,5456.2,25,2.1,61246.53
396.5,Rail,8050.5,29,9.0,25020.86
1687.4,Multimodal,7065.8,14,8.7,39558.3
1554.6,Air,8684.5,18,8.8,171328.67
1486.3,Sea,8358.9,18,3.3,21649.1
3999.1,Road,610.2,8,4.3,65913.26
1634.9,Sea,2963.3,29,3.1,24974.39
2869.9,Road,5581.2,7,8.1,58772.32
3970.9,Sea,8329.5,14,9.1,34372.79
26.4,Rail,8762.6,20,4.9,18305.98
3337.9,Road,4003.2,16,8.7,67732.35
2930.1,Rail,7507.3,16,4.2,38901.11
4095.9,Sea,6426.9,18,3.4,32629.94
2048.4,Rail,9168.7,7,5.2,29502.29
4306.8,Road,8668.0,10,5.6,86814.1
2095.9,Rail,2473.8,19,1.1,28049.69
299.2,Sea,3437.5,22,7.3,16308.95
3452.9,Road,2752.2,2,2.3,57777.58
110.9,Road,5183.4,20,3.3,20554.68
4348.5,Road,683.0,9,7.1,73416.16
7.5,Road,3617.3,23,9.8,17514.79
3172.5,Road,9246.1,19,9.4,76262.33
473.0,Sea,7661.0,18,9.8,17291.01
2267.7,Sea,3319.1,11,1.4,19337.29
550.6,Multimodal,4418.6,8,4.1,18586.84
2584.2,Road,7111.7,23,1.2,61689.26
2515.4,Sea,9325.3,5,8.1,22677.93
311.8,Road,7720.5,24,6.0,30147.41
663.5,Rail,9798.8,24,1.1,25851.21
3214.2,Road,9924.5,14,7.9,75187.72
2998.1,Road,1928.4,27,2.9,61028.21
1308.7,Road,268.2,28,3.1,33264.46
825.0,Rail,8379.4,22,6.4,25631.77
3043.6,Road,8926.6,23,1.2,71673.39
2418.6,Road,4540.4,4,7.5,48336.54
1136.0,Sea,655.8,29,3.9,22018.52
4404.3,Rail,1709.3,2,4.9,39942.65
1705.2,Road,1168.7,10,1.1,32192.19
3091.2,Rail,1784.6,10,3.1,31875.44
3977.4,Road,825.0,16,6.4,70708.41
4290.5,Multimodal,1177.5,29,4.1,66658.29
4033.0,Road,7069.4,17,5.3,82648.36
2666.5,Multimodal,344.2,24,4.8,44555.73
945.7,Road,8641.0,13,5.2,36441.38
4172.6,Sea,8336.2,23,3.1,35831.65
4397.0,Road,6191.7,25,1.4,87631.1
33.3,Multimodal,9172.9,15,4.0,22811.54
4099.8,Road,902.2,10,4.1,68693.52
3989.7,Road,2565.0,4,6.4,68699.54
2032.0,Road,4807.8,19,9.6,50121.93
3575.9,Air,1375.2,20,3.4,154987.91
4274.2,Road,6269.3,3,5.2,78468.98
1393.6,Sea,8334.7,10,3.9,17748.36
2119.4,Road,8493.7,13,3.4,53600.08
633.2,Road,3017.8,22,7.5,25861.03
1319.0,Multimodal,1508.5,19,1.3,27645.55
3979.1,Sea,7783.9,3,8.1,28749.06
812.1,Road,3551.7,14,8.5,26036.41
4239.6,Road,6541.8,1,7.2,78750.6
2516.5,Rail,800.2,12,3.4,27513.63
3168.4,Air,4896.6,3,9.3,177910.29
1771.1,Sea,2994.7,22,6.9,23535.14
1057.6,Rail,6783.5,11,9.8,21725.41
2173.0,Road,6116.6,16,4.4,51752.92
1376.8,Rail,4540.7,24,8.4,28219.87
2342.8,Road,9327.7,25,3.0,63634.72
456.7,Rail,5457.6,3,9.0,11430.01
4129.2,Rail,149.5,10,8.0,41748.88
1237.2,Rail,5250.2,26,9.1,28620.57
2856.3,Road,622.2,10,8.0,51073.05
2916.9,Road,9610.8,2,3.3,62504.73
1129.9,Multimodal,7420.3,14,3.1,32383.33
4485.4,Road,85.5,15,1.8,73775.03
2179.0,Road,4883.1,20,5.6,51765.71
3397.9,Air,9433.4,1,5.2,237700.16
146.5,Rail,7985.2,22,3.0,19363.31
1039.5,Road,2738.0,5,5.9,23796.08
479.5,Rail,6770.0,11,2.7,16091.57
1568.2,Sea,7679.8,29,4.5,26932.34
3349.2,Multimodal,6491.8,9,2.4,53899.28
638.8,Rail,8963.5,23,7.8,25120.42
1863.0,Road,2349.0,18,7.8,42156.86
886.1,Sea,7467.9,16,8.9,18307.35
1024.6,Sea,6040.8,6,5.8,13590.44
224.5,Air,9660.5,12,6.7,131957.29
2288.3,Road,6842.5,16,6.7,55561.62
751.5,Road,4338.8,19,2.5,28075.74
1390.5,Road,1169.9,8,4.4,27404.49
1613.3,Road,6370.1,13,9.5,43618.91
1028.0,Road,9582.8,5,3.7,35568.5
2154.2,Road,3327.5,4,6.3,41658.18
402.2,Sea,6576.9,21,6.5,17556.37
3183.3,Air,7861.5,16,7.7,219073.28
1316.0,Multimodal,8753.9,7,2.9,33328.5
2303.6,Road,7657.1,28,9.2,63562.92
521.1,Rail,4153.2,28,9.8,22166.88
121.8,Road,93.5,16,5.8,9851.82
1576.4,Rail,5895.9,17,4.8,27141.2
3028.7,Road,5529.5,16,3.1,63050.93
2025.7,Road,4234.5,7,4.9,42326.77
3188.8,Road,6338.8,11,9.5,67730.32
2945.5,Road,428.8,6,1.8,47524.68
3197.9,Road,9091.7,27,4.4,77586.49
3840.2,Road,3054.4,6,8.4,69320.07
1216.3,Road,1228.0,12,7.7,27195.81
37.9,Sea,1972.8,11,6.2,9399.94
228.3,Air,5979.7,12,8.0,87915.83
986.5,Air,7784.8,24,7.5,142372.84
500.4,Rail,1571.8,3,6.6,8262.39
1287.2,Road,6818.5,14,6.8,39141.18
2713.5,Rail,1520.2,6,4.1,27370.4
3449.6,Road,7176.5,16,6.2,73923.77
707.6,Rail,6900.2,13,3.1,18897.58
2590.0,Air,8604.3,6,9.4,202686.42
4035.8,Road,6676.8,20,5.4,83393.72
3344.4,Multimodal,679.0,22,7.3,53421.77
702.6,Road,8435.8,8,1.4,29697.47
2895.2,Road,6537.9,17,6.8,64940.89
2155.9,Rail,2114.4,25,6.5,32703.61
1131.7,Air,9397.9,18,4.0,163693.27
2376.7,Road,8791.5,2,9.1,55060.43
730.6,Road,4245.9,13,9.0,25587.74
1427.1,Rail,5919.2,7,3.1,21037.11
1618.2,Rail,6701.2,22,7.7,31148.06
1513.5,Road,8447.2,6,2.5,40998.74
416.5,Road,3556.9,2,7.8,14395.65
1871.5,Road,6783.1,28,4.9,53836.14
3792.5,Sea,7104.3,7,9.8,30212.81
3774.6,Rail,3695.6,15,5.8,42774.56
1896.4,Air,4250.1,28,5.0,133931.96
61.7,Rail,4243.3,5,5.0,7754.09
2611.0,Road,4067.9,20,5.9,57128.74
2683.2,Road,5398.0,29,1.8,63054.59
3854.6,Road,460.9,29,3.8,72663.39
3772.5,Road,9970.2,15,8.7,84926.95
3488.0,Air,3073.8,26,8.9,177846.85
3856.1,Rail,5414.8,23,6.5,49094.96
1123.4,Sea,2869.0,1,6.6,10706.66
2554.5,Rail,9361.6,21,1.2,38668.8
4203.0,Road,9748.7,28,6.8,95981.47
2390.5,Road,9798.1,7,5.1,57917.57
4001.4,Rail,4358.0,19,9.4,49315.43
4081.9,Sea,6056.7,11,9.5,33042.4
321.3,Road,8218.6,15,8.6,27187.48
4120.0,Rail,1529.6,13,1.3,40077.39
459.8,Rail,3825.7,8,3.9,11972.53
1812.6,Road,3074.6,2,8.6,35659.85
3384.9,Sea,4882.0,28,4.1,33615.51
322.7,Road,7977.7,18,6.0,28090.51
1782.2,Air,6284.1,11,10.0,147962.0
1059.6,Road,1171.7,25,4.6,29987.82
3177.2,Rail,2043.7,6,7.8,33266.4
3911.2,Rail,1334.3,28,5.9,47866.67
3454.9,Road,2181.4,15,7.5,65251.17
2475.2,Multimodal,317.7,13,6.9,38100.37
3796.1,Road,8828.2,2,8.8,77502.68
3852.1,Rail,8443.7,25,1.3,49800.82
2233.3,Rail,5555.5,21,2.3,33162.83
3847.8,Multimodal,7698.5,19,1.7,65463.02
4015.0,Rail,9999.1,12,4.8,48543.76
43.1,Road,5822.8,22,1.3,21556.25
3961.9,Road,6142.4,27,2.2,82546.41
254.3,Air,8640.8,13,2.0,121034.56
1350.4,Sea,5306.2,2,1.9,12213.5
2496.8,Road,509.8,15,5.1,46423.43
1103.3,Rail,3463.3,6,6.0,16340.9
3941.6,Road,7181.9,7,2.8,75504.72
3548.2,Road,7046.7,8,2.2,69481.67
2181.6,Multimodal,9941.3,22,1.7,51431.81
3768.5,Rail,7417.0,12,8.0,46106.76
3679.8,Road,727.2,8,4.6,61442.83
1485.6,Road,9548.9,1,2.2,40228.53
295.4,Rail,321.2,8,9.9,7775.84
2667.1,Air,6445.1,26,1.9,185536.83
3535.6,Road,2569.9,12,5.5,64861.59
4172.4,Road,2466.8,12,5.3,74233.58
171.7,Road,5687.4,19,5.9,21961.13
1821.6,Rail,298.2,10,9.3,22160.47
3077.7,Rail,2812.8,24,5.6,40186.95
2063.2,Road,2347.0,25,4.2,47270.31
1012.7,Rail,4058.4,8,5.9,16864.65
2678.0,Road,454.7,15,8.2,50299.11
3950.4,Road,3252.5,22,4.4,76175.8
4250.9,Road,1794.2,22,9.1,81207.56
4467.0,Road,2074.4,26,2.7,82665.49
1733.7,Road,8301.2,8,9.1,46729.39
916.8,Rail,9939.8,10,7.2,22488.51
3629.8,Road,4392.4,13,7.5,71133.65
3098.1,Sea,970.9,27,8.5,32380.17
3391.9,Rail,7763.8,14,6.8,43309.43
1640.7,Sea,8345.5,13,2.1,19766.56
1008.4,Road,2940.0,22,1.0,30604.7
3504.6,Air,4525.0,4,8.8,185895.93
2006.1,Sea,3550.2,15,9.9,22724.29
3100.0,Rail,9727.3,9,7.2,40608.35
3926.0,Rail,8457.8,2,5.6,42418.04
1553.2,Road,2734.1,29,8.0,42914.76
3456.1,Sea,6690.7,27,2.5,33503.86
2041.2,Rail,6227.1,3,5.4,25152.67
2783.2,Road,4828.3,21,9.8,63150.64
3728.0,Road,7161.9,22,7.7,81695.44
1347.5,Air,8284.4,3,5.3,151478.16
3774.0,Road,9461.3,20,6.6,85074.04
928.4,Road,4696.8,14,2.5,29109.47
1904.6,Sea,6522.4,24,7.6,26707.32
1242.7,Road,7386.2,4,6.6,34921.85
78.2,Road,5097.3,2,6.5,11909.56
58.1,Rail,8256.8,9,8.4,13189.79
883.0,Road,191.4,7,4.3,17480.93
2909.5,Multimodal,6975.2,26,2.8,57345.08
2365.8,Rail,1786.6,9,9.9,28155.55
1437.3,Rail,3999.0,12,3.3,21670.24
2000.6,Road,8245.0,3,3.6,46963.45
3042.5,Rail,8050.7,21,4.9,42937.47
4002.2,Road,4569.9,29,3.9,82250.23
1169.7,Road,321.5,20,6.2,28207.59
3961.3,Road,3775.5,16,5.6,75264.87
1850.8,Road,3421.9,24,3.0,45308.72
1509.6,Air,2015.3,14,4.9,86885.61
2560.9,Multimodal,1317.2,4,4.9,35776.4
1605.2,Road,3174.6,22,5.5,40873.05
1312.2,Multimodal,4117.3,9,5.9,27839.45
4050.2,Rail,7277.0,15,6.2,48612.75
1826.4,Road,5681.2,28,2.0,50493.13
685.9,Rail,5634.1,17,3.2,19351.13
1948.5,Road,8477.6,11,4.1,50148.09
1304.9,Road,9015.6,9,4.9,40746.58
2308.4,Road,3999.2,10,7.6,48404.01
2893.8,Air,8434.3,16,4.9,214396.02
74.3,Multimodal,8206.0,9,3.1,19248.68
3546.1,Road,2264.7,11,7.6,65061.54
2108.2,Road,507.6,28,4.1,45950.74
2441.0,Road,9219.3,9,9.1,60010.18
622.8,Road,9850.5,17,8.9,35808.03
1970.1,Rail,5980.5,3,9.3,25395.83
2217.5,Road,3430.5,11,2.2,44560.13
189.5,Rail,6616.2,29,5.1,21788.35
797.8,Road,531.6,3,8.7,15614.26
1656.0,Rail,7520.3,5,8.7,24809.81
811.2,Rail,2078.2,28,4.6,22264.46
1445.1,Rail,968.9,21,2.3,22830.52
3954.0,Road,9007.0,1,8.1,79347.31
2812.7,Road,5587.3,15,5.7,60601.74
2475.1,Road,4907.0,19,4.0,55255.22
3801.6,Sea,6174.6,18,8.2,34028.8
1068.6,Road,9948.4,1,3.3,34960.24
4392.5,Road,1933.3,5,1.8,71174.6
991.3,Sea,2116.2,15,2.2,15354.78
2218.1,Air,7069.8,24,8.8,178752.2
4337.0,Sea,8262.4,3,3.2,27656.17
1504.6,Road,9367.6,16,4.5,47611.33
755.9,Road,7997.9,5,6.1,28963.28
1835.6,Multimodal,5245.7,15,2.1,37247.7
1051.9,Road,7145.1,7,4.9,32607.7
3369.1,Road,5341.5,7,9.0,66837.56
4142.0,Rail,6562.9,18,6.7,50456.25
3856.3,Rail,782.9,19,2.1,40573.97
649.1,Road,6461.0,25,5.8,33547.33
4279.8,Air,3189.3,25,8.0,206931.42
3311.6,Air,5390.0,1,5.6,186322.65
3413.0,Road,1357.9,12,5.6,60804.14
2476.8,Sea,5493.9,4,8.5,20438.57
1683.8,Road,6653.8,21,1.9,46840.86
1138.2,Road,2010.5,5,3.9,23664.62
2120.3,Rail,990.0,28,10.0,33808.11
3623.2,Multimodal,3777.0,6,8.4,54788.45
1403.0,Rail,4550.6,4,3.3,18300.55
4004.9,Road,6395.4,22,7.4,84616.85
662.6,Rail,1782.4,12,3.5,13502.86
228.3,Road,4705.3,26,8.3,24363.69
2265.2,Multimodal,9165.3,1,8.0,43781.68
4181.6,Multimodal,4163.8,6,8.0,61958.66
3761.4,Rail,1732.5,3,1.5,33175.15
625.1,Road,8417.4,15,9.3,32441.48
636.9,Rail,4239.3,24,8.3,21455.71
434.0,Road,6306.6,5,4.0,20776.93
3544.4,Multimodal,8813.8,15,5.5,63912.86
1489.0,Road,6227.2,15,8.3,42095.26
1503.5,Road,8436.1,22,10.0,49762.78
4163.5,Rail,6511.0,4,9.6,46095.39
2884.7,Sea,8147.1,7,6.6,24214.08
4187.4,Sea,4571.8,8,5.7,29179.94
1080.5,Multimodal,9799.8,22,3.1,38981.95
3339.6,Road,5430.6,18,4.2,68988.68
426.4,Road,6825.3,8,1.3,22706.0
2994.6,Rail,1929.0,14,6.6,34658.44
1942.9,Road,4127.7,4,3.9,39072.79
147.2,Road,4665.6,17,4.3,18887.53
384.4,Sea,8265.0,28,3.2,21191.51
4233.3,Rail,7740.3,12,1.6,46335.84
3532.6,Road,5429.6,26,7.8,77419.03
3604.6,Rail,8053.4,20,5.2,47363.07
149.5,Multimodal,8112.6,14,9.3,22378.05
3372.4,Road,6600.6,9,2.5,66717.6
126.5,Rail,9426.4,7,9.6,13866.4
1284.0,Road,8568.1,3,7.1,37339.11
2242.9,Rail,2181.9,21,6.3,31557.45
1768.0,Air,3457.2,16,9.8,115537.35
639.0,Rail,1273.0,2,2.1,8162.11
4424.6,Road,4245.5,4,6.0,78183.41
245.9,Road,3404.7,16,8.9,17856.55
3077.1,Road,7843.6,28,8.3,75728.12
3560.8,Sea,8044.8,23,6.0,34456.46
1254.3,Rail,4575.6,22,3.0,25230.79
1834.4,Road,5103.3,19,3.5,45841.89
382.5,Road,8754.9,27,4.4,34270.04
1621.1,Road,5304.2,28,2.0,46629.21
1567.4,Road,9317.7,14,9.2,48499.86
139.3,Sea,8357.9,3,4.4,8804.77
1191.8,Sea,4530.9,12,7.6,16822.52
4174.7,Road,9351.6,23,5.2,91563.29
3047.6,Rail,7843.6,24,2.4,43064.6
71.1,Rail,9572.9,22,7.9,20311.92
2333.1,Rail,2096.9,14,3.8,28198.05
1570.6,Sea,6910.3,15,6.2,20779.87
4431.5,Road,9209.5,12,9.0,92796.31
4269.2,Sea,30.3,12,8.9,31623.04
3090.9,Road,982.3,16,1.6,55135.33
87.6,Road,1221.3,29,8.4,17263.09
666.3,Road,4066.9,20,2.7,26812.12
3420.3,Sea,8752.1,11,6.2,28861.57
2709.7,Air,4798.3,6,3.0,158800.04
1052.0,Road,821.9,22,4.1,27856.06
491.3,Rail,2192.4,9,7.2,11319.28
1651.3,Road,3503.1,24,1.2,42001.31
3945.5,Road,8812.5,18,9.5,87472.56
2427.7,Rail,2015.1,18,9.2,32674.33
1316.1,Road,7041.5,18,4.1,41316.67
405.0,Sea,8493.3,2,8.4,9988.93
818.6,Sea,5133.9,12,3.3,14668.99
1879.3,Road,6160.7,25,1.3,50590.19
3409.6,Rail,5401.1,7,8.9,39323.59
2185.5,Rail,7616.5,16,4.5,33119.87
2122.3,Road,5232.7,7,6.0,45863.19
1255.5,Sea,9427.9,29,9.2,27004.23
1129.3,Air,8653.3,12,9.1,152736.46
3024.8,Sea,7502.2,1,9.0,23115.27
3213.9,Rail,3330.4,11,4.2,35325.28
4327.9,Road,6035.0,27,8.7,91916.99
4048.5,Road,1295.3,29,6.8,78827.3
2637.4,Rail,3970.6,1,8.0,28153.9
2752.0,Road,5419.8,16,7.9,60718.73
1764.6,Sea,3472.5,25,7.6,25114.03
4379.1,Rail,921.0,27,5.3,50469.43
4125.9,Road,3133.7,17,8.8,79116.45
195.2,Sea,9226.0,2,7.0,9190.29
1677.7,Rail,6098.2,14,6.1,27138.12
1807.9,Road,1972.3,5,1.5,33029.13
1215.1,Road,7961.3,1,2.9,33520.38
1986.2,Road,9059.7,14,4.0,53145.18
2031.1,Multimodal,5596.6,10,7.7,39623.88
3497.2,Air,4332.4,8,9.9,185637.93
4096.8,Rail,3607.2,13,7.3,45512.37
2377.3,Rail,1657.3,2,4.8,23116.54
1160.6,Sea,562.4,5,4.2,11406.37
2413.7,Sea,2173.9,29,5.3,29004.85
804.8,Rail,4840.2,5,4.5,14424.16
1583.2,Sea,526.4,18,1.1,18487.68
2410.1,Road,9791.9,16,1.0,60749.57
4283.1,Air,6954.5,15,8.6,248178.41
2112.7,Road,3441.8,17,3.8,46181.74
50.8,Air,4287.6,22,3.7,65636.29
500.1,Road,9886.7,10,6.0,30529.16
1797.5,Road,3542.2,16,4.8,41568.56
764.6,Sea,1545.4,24,1.3,18119.24
1457.9,Road,4355.7,18,4.7,38713.09
3920.8,Multimodal,1995.2,16,4.7,58159.57
3099.6,Sea,5881.5,15,7.2,28322.18
2863.6,Road,3813.6,28,1.4,62156.27
1772.6,Air,2649.5,28,6.4,110666.09
3472.0,Road,2935.7,1,2.7,58127.02
4493.1,Road,9621.8,19,7.8,96762.56
1502.7,Road,3777.2,26,1.5,41156.13
3006.8,Road,9381.5,18,9.4,73503.87
912.6,Sea,5523.2,4,5.2,11922.6
447.8,Road,5633.4,4,4.5,19236.81
4370.5,Rail,851.1,27,5.7,50635.13
921.0,Sea,9773.2,3,6.9,13295.49
466.6,Road,5250.1,12,1.1,22302.6
2175.4,Multimodal,8517.2,15,2.3,46195.25
3135.4,Rail,6888.5,7,8.4,38017.39
6.8,Road,4876.4,3,9.2,10861.23
1799.8,Rail,6908.6,11,3.5,26799.29
2115.2,Air,1108.4,14,6.9,98237.59
2221.9,Air,589.0,26,9.6,102237.25
1809.7,Sea,3558.9,1,1.1,12869.24
693.1,Multimodal,1917.9,19,3.8,21357.99
3208.6,Rail,8853.7,13,8.2,43100.07
2870.4,Road,3009.2,9,9.0,55537.91
153.4,Road,6620.5,12,7.3,20333.43
2714.7,Rail,9113.3,22,9.0,43302.94
3388.7,Air,628.2,6,1.5,132169.02
571.4,Road,7093.9,16,3.6,29227.63
3433.4,Road,115.0,12,2.9,57538.7
1173.1,Multimodal,8590.7,9,4.3,32592.46
3051.4,Sea,9847.9,25,4.8,33102.85
3012.9,Road,2320.1,23,3.0,60183.2
2547.8,Sea,1620.3,8,9.3,21555.72
1006.2,Road,4993.3,18,2.1,32512.63
1237.1,Rail,9514.9,13,8.0,26447.12
2130.5,Road,3001.4,27,9.0,51883.37
124.2,Rail,3182.9,9,4.6,9125.19
1877.5,Rail,6205.2,18,5.7,30601.49
3122.0,Sea,7152.4,12,9.1,28536.16
15.4,Air,5427.8,11,2.4,73078.59
3326.4,Sea,2243.9,7,2.1,21916.02
1942.5,Road,9027.7,13,1.4,51325.14
2193.6,Sea,5230.8,16,8.8,24373.25
1003.0,Road,9464.2,29,3.1,45716.93
1866.2,Sea,4774.0,28,5.4,26972.47
2279.2,Rail,1376.7,26,3.6,32565.34
4404.6,Road,3674.8,26,9.9,89301.51
2789.6,Sea,5438.0,12,8.4,25805.07
2839.3,Road,1942.6,21,7.0,57741.67
4486.3,Air,4066.2,22,9.2,224332.89
166.9,Road,1072.7,7,3.2,8101.19
3921.3,Sea,8924.1,19,3.6,33330.58
3560.3,Road,9575.2,8,8.2,77467.27
217.1,Sea,4566.3,8,3.1,9825.65
1992.2,Air,8948.8,13,6.6,187457.18
2330.3,Rail,1781.5,28,7.5,35515.8
152.5,Road,701.1,16,4.3,11479.27
2018.9,Rail,3279.9,27,7.4,33720.41
3962.1,Sea,2394.2,19,1.6,29776.38
132.5,Air,2364.1,14,4.7,41858.0
3727.3,Road,7786.4,6,7.7,75631.43
3774.3,Multimodal,8149.6,19,5.8,67569.41
17.6,Rail,5636.9,22,7.4,16305.66
4091.1,Road,7223.4,24,6.0,87342.09
3221.1,Rail,2841.1,27,4.1,42062.65
4230.2,Sea,6983.4,10,3.5,29951.05
4181.4,Road,7548.7,1,5.3,78608.75
1121.1,Road,9437.8,14,3.5,40638.85
2331.7,Air,881.1,17,5.2,104103.34
2204.5,Road,8472.0,20,4.3,58186.01
3192.5,Rail,1623.4,16,2.5,35014.7
2620.6,Rail,4292.8,4,7.4,29444.08
4338.1,Road,72.5,19,2.8,74050.71
2273.3,Road,9531.3,21,9.9,63629.4
1684.3,Air,9633.8,28,9.4,191993.59
4464.5,Road,9574.2,25,9.7,100402.94
2674.2,Road,904.2,15,6.2,50282.85
1845.3,Air,3100.7,21,2.0,114203.96
1595.2,Road,3997.6,6,9.8,35962.11
3185.7,Road,9787.1,7,2.7,68889.74
4001.9,Rail,7863.6,20,7.0,51451.12
800.0,Multimodal,6475.8,23,1.0,30985.07
1679.7,Road,3852.1,23,8.3,44315.13
299.7,Rail,9746.0,16,5.7,19780.82
1237.3,Sea,7119.6,26,3.4,23663.05
4129.3,Rail,5207.3,24,2.1,48991.35
2904.6,Multimodal,5169.9,14,7.9,51522.96
4104.8,Rail,773.9,23,1.3,43855.81
2509.7,Road,3796.1,12,6.9,51802.44
4442.3,Road,1386.3,22,9.4,83667.31
2862.3,Multimodal,7383.5,7,5.0,49864.39
3246.5,Sea,8767.9,14,3.0,27743.29
3884.9,Sea,9309.3,10,1.6,28141.57
1598.9,Road,9773.0,22,3.3,52064.32
1336.9,Rail,2159.1,29,5.8,27261.95
782.6,Road,5144.5,22,9.0,32210.68
3180.2,Rail,7355.0,28,7.3,47682.79
3684.4,Road,6452.2,8,7.4,73334.05
1752.7,Road,9995.7,7,5.2,48554.83
9.1,Road,2552.9,17,9.0,13053.95
4086.0,Sea,5877.7,3,8.8,28923.68
3256.8,Road,2716.0,26,3.2,66094.73
3986.2,Air,6716.8,17,5.6,233690.69
3949.8,Rail,2910.3,29,2.7,48086.78
2214.4,Road,7247.5,2,5.2,48463.58
3397.6,Multimodal,6387.6,16,9.2,60809.63
3815.8,Road,1744.9,23,7.1,73480.65
201.9,Road,2256.5,25,1.9,18870.68
3654.0,Road,4820.6,20,7.3,75357.42
2254.1,Air,7030.0,9,8.9,172815.13
1603.0,Road,1581.3,14,7.0,34666.77
775.2,Sea,2862.7,17,1.3,15634.38
1017.1,Road,1248.3,18,1.2,25868.17
3581.8,Multimodal,910.5,7,1.1,46512.7
3888.5,Air,4307.1,9,8.1,199090.0
4333.9,Rail,2242.0,1,7.7,41100.59
663.6,Road,2918.8,22,2.5,25632.47
2321.5,Road,6291.8,10,8.1,52841.58
4127.6,Road,6777.0,25,2.8,85624.7
995.4,Sea,349.4,23,9.2,19313.29
1093.7,Road,3421.2,16,4.4,30568.77
2444.3,Road,3594.3,17,1.1,50596.14
2571.3,Road,8773.4,17,9.8,65125.57
867.2,Rail,4509.8,5,9.9,15294.59
2338.3,Road,3436.8,26,9.9,55885.75
4102.6,Rail,1771.8,17,1.8,42435.29
2630.0,Sea,8433.1,19,1.6,26631.13
3534.5,Rail,8774.3,13,5.1,44150.66
3485.3,Road,9743.9,2,3.6,71481.05
1738.4,Road,8861.1,22,5.7,53103.79
3546.9,Road,7704.3,11,7.9,75106.11
3729.6,Sea,4946.9,9,1.5,25316.7
1911.8,Road,7236.3,1,1.5,42242.63
3539.6,Road,6013.9,4,3.8,66599.73
4470.1,Multimodal,7510.9,24,3.7,75648.24
2838.7,Sea,7063.6,28,9.1,34232.32
1123.7,Road,4565.2,5,5.0,28143.44
3773.1,Road,4734.8,4,1.7,66516.24
544.3,Road,6531.9,19,2.6,29046.13
2254.3,Sea,8657.3,26,3.8,28959.19
4040.8,Road,4537.3,3,7.8,73397.28
2918.2,Road,3762.0,22,7.9,63063.19
4374.6,Air,8526.3,14,6.6,268485.98
1770.4,Road,2907.2,23,3.1,42694.15
2376.5,Road,9157.5,11,2.5,57357.63
1643.3,Sea,5404.5,16,7.3,21233.68
2944.3,Rail,3632.0,17,5.0,36362.75
1372.0,Sea,4014.3,7,5.7,14879.23
1224.1,Multimodal,5455.9,3,1.9,25382.57
3328.2,Air,3222.4,14,2.2,165038.63
4390.0,Road,7755.6,27,8.3,95873.36
774.2,Road,9813.5,1,8.0,30907.29
3930.7,Road,8213.4,8,9.0,81289.61
4214.3,Road,1228.5,27,8.0,81155.76
3463.6,Sea,3297.8,20,8.4,32133.1
1776.7,Road,5148.5,14,4.4,43178.43
285.2,Sea,8831.2,22,7.3,18324.16
140.1,Rail,4640.3,11,3.0,11332.73
2682.0,Road,3219.4,23,4.2,57325.86
3547.8,Road,7759.0,28,1.7,79480.23
1375.0,Sea,7395.0,29,2.4,25584.39
2005.2,Road,1417.3,15,9.4,41811.25
1131.8,Sea,1649.8,2,4.6,10341.15
3656.2,Road,5083.4,10,8.4,71768.25
3599.9,Sea,8581.6,29,5.3,37194.87
3303.0,Road,2802.2,23,1.7,64697.11
3808.9,Road,6341.8,3,8.0,73173.95
702.2,Rail,4289.4,25,7.2,22409.97
2009.5,Sea,245.7,14,3.8,19095.22
3671.7,Road,4707.1,26,1.9,74988.14
4301.9,Air,6360.5,16,9.9,243073.98
3626.8,Road,8662.3,10,9.0,78142.34
4021.4,Road,2885.0,6,6.0,70487.49
92.5,Road,5909.2,25,9.5,23960.72
3411.7,Sea,9263.8,14,8.6,31531.72
638.3,Road,6023.4,28,4.8,33655.43
3347.4,Rail,9074.4,15,1.2,41796.9
327.5,Road,5932.5,19,5.6,24915.15
1331.3,Sea,6105.9,16,4.7,19336.42
3074.2,Road,7184.5,13,1.8,64847.02
875.5,Rail,7503.0,5,6.0,17526.22
3532.1,Air,5086.6,10,5.4,194560.87
404.6,Road,6483.0,16,4.9,25554.16
3729.0,Air,6966.6,18,7.9,229062.05
2567.2,Road,1583.0,17,3.7,49806.74
88.4,Road,3044.5,17,8.6,15140.29
1145.8,Road,8943.0,8,2.6,37453.23
2173.6,Rail,2406.0,22,3.0,30526.63
2893.9,Road,6379.0,6,3.6,58252.88
3033.8,Road,545.5,2,4.9,48684.41
4028.0,Rail,8232.3,10,8.5,48506.38
1974.5,Road,5921.6,5,7.0,44147.18
61.5,Road,5053.5,20,5.0,19730.15
1204.4,Sea,7415.4,28,6.3,24862.89
423.1,Rail,7627.9,14,4.2,17909.64
3773.1,Road,2470.4,26,3.3,73378.37
679.2,Road,9758.4,2,7.4,29720.42
1615.5,Rail,9116.4,18,2.6,30256.58
658.2,Road,2130.2,22,1.6,23951.4
2326.7,Sea,3286.8,13,8.4,22971.64
884.4,Road,3756.8,8,7.2,24759.84
3438.5,Rail,7838.3,26,4.5,48111.3
2212.1,Road,3346.8,4,5.1,42280.51
2234.7,Road,6695.0,19,2.9,54579.91
4280.7,Road,6582.0,14,9.5,87003.42
1448.9,Road,5662.9,21,9.6,43343.85
1716.4,Road,6209.7,23,9.1,49355.65
2665.9,Rail,2279.5,4,8.9,28581.0
1538.7,Road,1532.5,12,8.4,32966.31
3731.2,Sea,3367.5,3,3.6,23196.02
2462.1,Sea,4887.1,4,6.0,19306.6
17.0,Road,5338.7,28,6.2,23114.64
1452.8,Rail,1745.6,4,9.5,17523.11
2248.4,Rail,7008.8,22,3.2,35445.04
3513.5,Road,980.0,6,5.9,59180.21
3334.1,Road,9868.6,27,2.4,80048.78
3017.4,Road,7911.7,3,1.5,60649.28
3753.6,Rail,9021.5,21,2.7,48359.76
967.9,Sea,4638.1,6,2.1,12273.44
2071.3,Road,9539.0,9,2.2,52505.15
2435.4,Road,9843.1,23,7.8,66781.6
4381.1,Multimodal,4752.8,9,5.1,64744.86
4393.5,Road,8371.6,23,8.8,95501.59
2240.6,Road,6710.6,1,2.9,46631.95
643.7,Rail,2034.5,5,7.4,10910.17
3994.4,Road,4036.5,15,3.7,74773.4
125.1,Road,7169.3,3,7.0,16822.74
2036.4,Multimodal,1576.6,8,5.7,32046.26
2244.6,Rail,3228.2,20,2.3,30692.98
665.7,Road,3291.4,14,9.5,23443.28
1675.0,Sea,4165.8,20,1.5,21204.96
3024.2,Road,13.0,22,5.2,56841.86
3144.9,Air,3028.0,17,7.5,160036.96
3505.4,Sea,2103.7,14,8.9,29258.85
2582.2,Road,9395.9,25,10.0,70170.85
1324.8,Road,8347.3,28,6.3,48730.98
60.2,Air,5268.0,8,9.9,71471.04
2728.8,Multimodal,917.5,24,6.0,46707.87
2536.1,Road,9467.1,14,6.8,63294.94
2854.0,Multimodal,3920.4,17,7.1,49928.37
4188.6,Road,7697.2,13,7.4,85628.35
1073.9,Sea,2266.0,13,5.0,15276.18
3180.9,Rail,6299.9,1,9.9,35905.34
905.6,Rail,4394.6,16,4.5,19756.31
3537.5,Rail,5075.5,21,2.9,43268.6
142.9,Multimodal,2028.1,13,7.0,12574.43
1214.0,Rail,8726.1,13,4.8,24826.59
1164.1,Road,6885.0,8,2.2,33842.92
3820.4,Rail,4098.1,7,2.7,38192.25
2466.8,Road,3670.3,13,8.6,51939.58
1863.2,Road,582.7,19,5.2,38732.93
1103.3,Road,3952.5,14,1.1,30098.28
1456.0,Rail,2278.3,19,9.4,24709.15
3248.0,Rail,8417.3,18,3.0,42768.97
3826.8,Sea,2973.8,1,6.4,24078.23
418.5,Road,5825.0,28,9.0,30312.2
70.2,Multimodal,6484.0,4,9.3,14304.14
2473.1,Road,6122.4,25,8.5,61938.43
3770.4,Road,6209.7,9,8.7,75397.14
107.2,Road,7875.7,14,6.5,22735.12
2605.8,Rail,4429.1,3,8.2,29251.63
3667.0,Sea,1565.8,21,6.3,31605.33
514.8,Road,4953.3,2,2.4,18080.49
1632.1,Sea,153.8,25,7.7,23269.88
458.0,Road,7273.9,23,5.6,31055.0
177.0,Road,969.1,21,6.2,14519.13
2225.8,Road,2833.7,17,9.6,48883.39
2993.2,Sea,3532.9,24,1.6,28408.53
4151.4,Road,8545.5,1,7.8,81484.34
1392.0,Road,7694.5,16,9.8,43949.26
1176.2,Air,8653.8,17,4.7,155950.75
2805.1,Road,9937.3,16,1.8,67129.64
4262.9,Multimodal,5679.6,5,9.2,65567.35
839.8,Road,1459.7,16,5.4,23204.5
538.3,Rail,4980.1,3,5.4,11445.27
3795.6,Road,8515.0,9,1.2,75677.37
607.3,Road,2977.2,9,3.3,19127.33
1961.0,Sea,5767.2,15,8.4,22908.59
3517.4,Air,1566.9,26,3.1,157723.28
1691.8,Air,1553.8,22,3.9,91157.09
2924.4,Sea,6028.4,26,3.4,30797.84
3568.7,Rail,9448.0,20,3.3,47216.63
2431.6,Road,2600.5,22,5.8,52585.79
904.4,Road,6833.6,6,7.9,29766.01
1017.7,Road,7839.8,8,2.8,33464.71
4426.4,Road,2592.5,5,6.8,76229.15
3651.7,Multimodal,2416.6,20,7.7,59047.71
1440.6,Road,8045.3,8,5.4,40753.45
806.4,Rail,717.9,16,2.4,15403.71
1268.6,Air,3262.1,22,4.9,96824.28
3695.6,Road,5240.6,27,8.4,80393.19
2681.4,Sea,2698.4,7,3.6,19907.85
3108.6,Rail,1028.8,6,6.7,31320.95
2956.1,Road,8976.1,29,2.7,73830.93
3847.0,Multimodal,4527.4,18,2.8,60880.19
4445.9,Road,1646.2,8,6.9,76197.66
2839.6,Road,9712.8,9,7.6,66457.71
2723.0,Sea,9054.7,14,8.9,27992.71
509.2,Road,2756.8,1,5.9,13836.49
4147.2,Road,383.7,3,4.6,65664.92
286.8,Multimodal,3247.8,26,9.0,22120.31
3051.1,Road,1035.1,27,2.0,59809.5
3343.9,Rail,4383.7,29,9.0,47781.99
1498.4,Rail,5655.0,16,2.0,25228.72
470.5,Rail,607.1,15,4.4,12339.18
1914.6,Road,9780.5,24,8.4,59157.18
1083.1,Rail,4978.0,29,5.6,27669.51
2674.8,Road,6538.1,3,5.8,54854.33
161.9,Road,2655.6,5,4.8,10095.14
221.5,Road,5999.0,21,2.2,24054.51
2579.8,Rail,4794.6,17,9.1,36030.77
625.8,Road,8560.0,10,5.4,30076.89
1620.1,Rail,2171.5,26,4.4,28145.45
3938.1,Road,41.3,7,7.6,65346.34
116.1,Rail,1807.0,29,9.5,16947.63
677.3,Road,2262.3,4,6.2,16922.84
4074.1,Sea,4398.7,3,8.3,27957.56
1714.1,Air,3772.4,19,4.5,117442.99
1653.3,Rail,2754.5,5,4.2,19401.88
2491.9,Road,2908.2,6,1.5,45287.19
1980.6,Air,2059.4,27,6.8,110628.51
3485.4,Sea,775.7,27,4.0,31951.01
1268.8,Air,7752.5,17,9.5,149473.99
684.7,Rail,358.5,15,9.7,14477.27
2498.1,Road,6266.0,6,2.6,51780.32
2120.9,Rail,8620.6,13,9.0,33577.16
1621.1,Rail,3758.6,22,3.8,27609.01
1702.6,Road,6049.7,4,8.0,40077.43
4096.9,Sea,6264.3,15,7.0,33448.92
3572.0,Road,1214.9,29,7.9,71896.37
903.9,Sea,2227.3,23,3.6,18856.5
1996.8,Air,2095.8,22,9.3,110270.78
3390.8,Rail,1123.2,2,6.3,31684.58
2337.1,Road,6633.8,5,2.2,49425.32
4202.1,Road,4615.4,22,1.2,80426.92
3203.1,Rail,3740.6,18,5.4,39368.53
636.2,Rail,8651.4,10,6.2,18817.45
1800.8,Rail,9479.1,4,6.3,26774.09
3857.9,Multimodal,4907.8,16,5.3,62116.29
1807.5,Rail,8438.3,5,6.5,26356.14
2295.9,Rail,9145.0,15,4.3,34922.41
3669.0,Road,3112.1,16,7.3,70594.2
95.3,Road,228.4,4,9.4,4257.05
354.2,Rail,7257.3,4,8.0,12631.96
1196.4,Rail,2993.2,27,4.7,25776.07
3448.6,Multimodal,243.6,9,5.0,46870.93
1246.2,Rail,4009.8,28,5.5,27815.67
1865.6,Air,4824.8,29,1.0,139091.58
1551.5,Sea,3947.9,2,5.9,13533.32
3602.3,Air,2767.1,28,7.3,178356.11
2732.3,Air,8579.3,14,1.2,207865.14
982.0,Rail,5093.5,22,2.5,23390.99
3975.5,Road,7902.8,26,3.4,86155.62
54.0,Rail,3377.8,1,8.7,5133.94
1884.2,Road,3041.0,6,10.0,38850.89
3585.5,Sea,8011.8,23,8.7,36152.08
2072.7,Road,9084.1,5,1.5,49713.33
1269.4,Rail,7287.9,9,9.9,23242.04
4134.2,Road,3396.3,7,6.3,73729.19
3008.1,Road,9399.9,22,2.7,72204.33
2440.3,Road,7469.3,20,5.7,60502.65
4173.4,Sea,6128.3,14,7.7,33775.7
4091.1,Rail,5196.1,13,7.2,46710.97
1558.9,Road,6347.1,26,5.5,47610.04
1574.6,Road,432.0,17,5.4,33025.9
1326.7,Road,6517.3,16,8.5,40470.79
1278.7,Rail,2885.0,11,9.5,20176.84
649.8,Multimodal,4074.7,3,6.7,17218.55
2885.2,Rail,5798.1,10,8.3,36129.45
1352.5,Road,3011.7,14,6.5,33238.23
2019.5,Sea,1989.8,5,1.9,15217.2
2147.5,Sea,2115.4,20,7.7,24397.03
3016.1,Air,9708.6,17,6.4,235132.47
3713.8,Rail,1538.1,9,6.1,37780.95
4360.5,Road,7469.2,10,1.3,82617.45
1979.5,Sea,9354.2,22,7.0,27128.9
3843.0,Rail,8943.4,9,10.0,47820.0
2401.0,Sea,5393.6,22,5.1,27024.95
4204.8,Rail,3714.6,6,4.5,41581.34
3422.1,Sea,4770.8,20,7.3,31904.23
3087.8,Rail,224.9,15,6.1,34216.63
1882.6,Air,6718.0,21,3.3,159465.18
1369.6,Road,6081.5,10,7.5,37425.08
3632.0,Sea,4290.8,11,9.0,29547.6
2615.0,Sea,9752.1,11,5.9,25113.52
356.3,Road,1740.7,13,8.1,15186.35
1960.8,Air,5822.5,28,3.2,154474.94
657.0,Rail,5590.6,12,3.8,16877.25
129.0,Road,1086.2,6,2.2,7191.39
4464.8,Road,4745.2,17,3.4,83809.8
2442.9,Road,490.6,8,1.8,41150.0
3656.7,Road,4254.2,27,4.1,75709.95
2029.1,Sea,190.1,15,6.4,20346.44
2860.1,Road,1505.0,18,7.1,55991.19
4456.7,Rail,4614.3,18,7.6,51962.2
2947.2,Sea,7467.8,17,6.2,28709.86
736.5,Rail,5067.2,19,9.2,20877.26
3540.6,Multimodal,5312.7,8,2.7,54022.71
4182.4,Rail,3804.9,19,3.6,46769.95
1453.8,Road,6047.4,2,3.5,34293.68
1010.1,Road,8206.7,6,4.4,33401.32
1195.2,Road,9079.0,24,5.2,45965.72
755.5,Sea,9937.9,27,8.1,23593.57
956.2,Rail,7523.2,14,2.0,21681.66
3099.8,Road,1150.2,4,2.2,50429.56
1660.3,Road,1473.2,28,8.3,41994.62
3988.5,Road,4987.3,22,2.9,79042.26
1617.1,Rail,6756.6,11,2.1,24810.41
4132.6,Road,1290.7,14,5.2,72376.44
603.5,Sea,3987.4,4,9.9,10274.28
157.0,Rail,5832.9,9,9.2,11934.15
3524.4,Rail,2011.0,10,7.3,37841.06
3455.8,Road,6993.9,22,5.8,76164.35
3142.9,Air,3393.3,9,1.5,157952.84
1899.3,Rail,2720.9,14,3.3,25182.61
902.6,Road,739.4,5,6.9,18136.12
1040.0,Sea,6828.4,23,7.3,21891.94
3605.8,Road,2177.2,5,9.0,63900.7
4235.3,Rail,1196.7,7,3.7,39497.57
4281.1,Sea,3041.5,7,2.7,26738.06
1688.3,Sea,7298.1,20,4.5,23375.22
2936.0,Road,2836.1,27,6.4,63223.31
1388.8,Road,310.9,22,1.1,31516.45
3839.8,Road,6088.5,24,3.8,80179.04
2668.7,Multimodal,5808.3,14,6.4,48951.85
3874.7,Sea,8686.0,8,8.9,31271.25
3358.7,Road,1662.6,1,2.7,54086.48
1111.9,Road,9485.5,10,5.9,39290.17
143.5,Road,510.6,20,6.7,12767.28
4424.4,Multimodal,5686.3,20,6.8,72677.75
2048.6,Rail,7808.8,15,4.8,31813.2
1239.5,Sea,7634.5,3,4.2,13599.59
3653.8,Road,6577.4,12,2.3,72042.4
774.9,Sea,9628.1,20,3.1,19787.79
2284.0,Road,4294.6,17,3.2,50171.59
1889.5,Sea,6583.3,4,7.3,17538.6
574.1,Air,1228.2,4,4.7,39542.45
3040.1,Road,3561.9,12,9.9,61091.46
3974.5,Air,1185.1,27,7.6,172483.45
4179.7,Rail,5684.2,9,8.4,47034.02
2504.5,Sea,8833.8,15,6.6,26201.37
71.5,Rail,3586.1,9,4.8,8997.98
1742.4,Road,6962.6,9,8.1,44583.46
2475.4,Rail,2522.8,4,8.1,26796.65
4357.6,Road,5567.6,9,8.8,83647.98
2001.2,Road,1455.8,26,3.4,45043.95
1588.2,Rail,110.1,24,3.3,24778.23
4153.6,Rail,9906.9,29,9.9,60453.61
1989.6,Multimodal,8394.6,3,6.3,39746.7
4302.9,Road,6309.3,21,8.0,88955.68
1434.1,Road,2668.1,21,9.1,37645.4
3356.7,Road,7452.3,14,9.8,73935.8
3796.3,Rail,1030.1,10,6.7,38954.64
3992.1,Sea,6329.8,16,9.5,34943.03
1340.2,Multimodal,8040.3,17,9.0,38315.91
4428.0,Road,6734.5,14,8.4,88829.07
3343.5,Rail,7614.0,6,2.7,37228.23
685.7,Road,749.5,10,9.6,17385.67
3419.0,Sea,407.8,6,8.3,24296.41
3753.4,Air,4321.4,20,8.8,199635.59
823.8,Rail,7917.8,5,4.2,17327.97
769.0,Air,3012.1,12,5.1,71539.45
593.4,Multimodal,7390.4,24,2.8,30730.82
2234.3,Rail,727.1,4,9.6,23671.95
3226.2,Rail,6557.9,29,1.6,45047.74
1708.5,Road,9239.3,27,6.8,55913.79
266.4,Sea,4607.8,23,1.4,16778.3
1621.8,Sea,583.7,17,7.0,19486.79
3160.2,Road,7212.6,15,9.2,70523.78
444.2,Road,8838.4,3,4.2,24518.63
2507.1,Road,3634.3,28,3.7,57519.06
2719.1,Sea,3726.1,5,3.4,19546.93
2931.1,Road,3309.4,20,7.9,61532.78
1559.8,Road,1071.6,21,7.1,36298.76
4173.5,Sea,3069.1,18,9.7,35666.8
4477.4,Rail,4251.3,13,4.0,47172.84
3767.0,Road,4190.2,15,8.2,74118.26
495.7,Sea,2069.5,9,2.5,10539.64
1209.3,Road,5559.2,27,7.2,41622.97
909.5,Road,5409.6,8,2.9,27587.05
242.8,Rail,3824.7,6,5.4,9415.3
4033.5,Road,9349.3,21,2.9,87233.42
851.3,Road,9655.0,13,7.4,37117.64
1696.0,Road,6799.0,7,9.9,42952.27
1690.7,Sea,2857.2,17,6.7,20730.05
3498.4,Road,9383.3,23,5.2,81288.81
2018.6,Sea,7215.2,6,7.9,19564.24
1673.1,Road,4412.5,10,8.7,39509.23
1197.3,Air,8791.1,16,5.6,158113.91
2373.7,Road,1550.2,26,1.7,50129.13
518.8,Rail,6654.4,1,8.9,12311.92
2779.0,Multimodal,2787.2,1,7.2,40206.23
3705.7,Road,5516.6,12,7.8,73981.47
4173.9,Road,2910.8,28,7.3,83589.38
2842.8,Rail,5800.3,18,6.6,38623.25
3699.7,Road,4305.8,19,1.2,71321.71
1022.5,Rail,5834.6,8,8.0,18904.05
2316.2,Rail,771.1,23,8.8,32728.62
1281.3,Road,42.1,29,7.2,33681.18
4499.0,Rail,7836.2,2,1.3,43894.54
1694.4,Road,2758.2,19,4.4,39898.53
1008.0,Rail,6955.0,27,5.6,27992.36
3475.6,Road,399.3,17,8.5,63733.27
2069.5,Multimodal,6619.3,10,4.5,40548.89
575.8,Road,7160.5,20,9.2,31539.14
3549.0,Sea,7085.7,21,6.1,33193.33
2173.0,Road,8509.5,19,3.8,57297.35
3552.0,Rail,8633.1,19,3.4,45902.63
3381.7,Multimodal,2012.0,21,1.5,52424.24
2568.3,Air,5790.8,28,9.2,178022.14
3241.4,Road,216.1,2,5.9,51649.44
3854.1,Air,895.3,16,3.0,157041.26
2022.2,Road,4194.7,29,2.3,51341.5
4302.9,Road,394.1,9,1.1,68431.89
822.8,Road,3465.5,22,5.3,29244.6
4362.9,Road,6399.8,25,3.7,89143.68
1053.6,Road,8156.1,3,3.9,32581.12
2284.0,Rail,4359.7,2,1.7,23725.84
2117.1,Multimodal,4858.8,22,9.7,45550.42
276.1,Sea,70.7,18,6.9,13016.41
863.4,Rail,8665.7,16,4.3,23147.5
3735.5,Road,9841.2,26,4.1,86421.97
1245.4,Road,4515.8,28,5.0,40382.32
33.9,Road,3042.6,28,5.9,19267.14
3711.2,Sea,1767.1,16,6.0,29512.55
4284.5,Rail,7250.2,25,5.7,54769.36
2396.9,Road,4118.9,21,7.7,54992.84
2691.5,Air,3390.4,16,5.4,146790.58
513.8,Rail,5908.8,18,9.1,19243.87
4263.5,Sea,8115.3,17,1.6,32512.05
958.0,Sea,7090.5,14,6.4,17454.36
2473.8,Road,8113.1,9,7.7,57940.16
4343.1,Sea,5314.8,10,1.7,28531.55
2017.3,Multimodal,5762.1,21,4.5,43673.81
423.2,Sea,141.2,21,7.0,15107.9
972.5,Road,4311.4,13,8.2,29490.69
326.2,Rail,8034.2,7,8.8,14469.95
1821.3,Road,6211.1,12,3.8,44627.97
2652.8,Road,6918.4,13,6.0,59767.33
2023.4,Road,1496.5,15,1.3,39852.89
1553.3,Rail,9142.5,19,3.4,30317.36
752.5,Road,7493.9,26,4.5,37225.3
3146.3,Road,8975.5,22,3.6,73986.49
4342.3,Sea,2891.2,6,8.2,30150.9
1489.5,Road,5847.8,18,7.9,42626.48
2346.6,Road,8038.1,17,1.7,57347.27
747.2,Air,4163.5,25,3.7,90200.47
339.9,Rail,3406.4,22,7.6,17119.86
756.1,Air,4056.8,7,2.1,80972.47
419.3,Rail,6373.2,10,2.8,14735.7
2777.8,Road,3699.0,16,6.0,57248.53
2950.1,Road,2208.1,22,5.4,59726.47
4493.5,Sea,5075.7,24,3.2,36477.3
4462.9,Road,693.7,13,1.9,73704.67
1991.0,Rail,9049.5,5,1.4,26856.34
1035.9,Sea,9329.7,9,8.1,16663.32
2210.2,Road,9842.4,19,4.1,60191.54
4040.0,Multimodal,7570.7,3,8.5,64323.17
3070.1,Road,8026.7,17,5.3,69676.81
2787.6,Sea,8389.7,19,8.8,30223.6
3132.2,Road,1740.8,15,6.0,58673.62
691.4,Multimodal,2061.6,3,8.6,14840.45
1718.8,Road,8202.1,7,1.6,43877.03
869.6,Rail,4175.9,1,5.8,12784.25
4271.9,Road,7920.3,7,6.1,83846.0
879.7,Air,1454.0,26,9.3,63615.27
821.4,Rail,497.8,1,7.8,9315.31
4078.9,Rail,3980.0,13,7.6,45890.1
4271.4,Road,2721.8,28,1.5,81041.35
3206.2,Multimodal,8118.9,16,7.4,60292.6
4493.2,Road,9171.6,19,2.9,92678.07
231.5,Road,6540.8,25,9.5,27329.72
3238.9,Road,1063.5,25,6.7,63960.42
847.2,Road,161.7,25,10.0,25697.53
1696.9,Road,7788.2,4,8.9,43286.57
1326.7,Rail,8716.4,3,8.4,22005.86
3911.2,Road,9478.7,5,9.7,82268.17
532.8,Rail,7178.9,7,4.3,15179.77
1393.8,Road,328.0,14,8.4,29483.34
3405.3,Rail,4793.5,2,2.2,33057.68
3368.5,Rail,4905.4,24,8.2,45766.43
2437.9,Road,437.5,29,7.4,52453.45
3659.3,Rail,9109.6,24,1.2,48218.44
386.7,Road,7641.1,8,1.8,23669.68
26.8,Road,2060.3,9,3.0,8644.04
469.1,Rail,6525.0,25,6.2,22305.31
3683.2,Sea,8129.6,13,1.6,28271.3
2233.2,Road,8542.6,2,10.0,52548.78
1732.5,Air,8680.5,25,8.0,180557.13
1058.5,Rail,7848.6,21,6.3,26636.3
588.6,Sea,6195.0,14,5.0,15113.22
2609.0,Rail,870.8,22,5.2,33501.36
2883.9,Air,2619.0,8,3.3,139938.05
229.6,Road,5333.7,25,6.0,24961.86
332.4,Multimodal,3681.7,21,6.5,20890.71
3279.9,Air,7115.0,2,10.0,208546.51
1961.2,Road,1192.0,8,3.6,35833.91
1427.5,Road,9434.5,27,5.4,51652.07
2178.7,Rail,3396.9,14,8.7,29802.55
881.4,Air,5180.4,28,8.0,109254.79
121.8,Road,3357.7,6,1.9,11216.75
1569.2,Road,7987.3,21,2.4,47716.11
1474.2,Sea,1548.8,3,2.2,11817.8
1813.7,Road,3552.4,6,3.6,36908.94
2270.8,Sea,6155.9,7,4.2,19575.29
3601.3,Road,468.4,7,2.7,58194.64
4073.2,Sea,6110.8,2,5.5,26525.17
804.2,Road,6965.0,16,2.7,32388.8
1792.1,Rail,9505.3,19,5.5,33263.05
110.8,Multimodal,9753.1,29,4.0,30904.5
2908.2,Road,2620.1,4,6.6,52219.42
1569.8,Rail,6692.3,19,5.3,28783.26
1944.8,Sea,846.0,19,8.2,22540.8
305.0,Rail,7218.3,19,3.7,18723.23
3795.0,Road,3338.6,22,3.6,73660.5
3297.1,Sea,2133.6,28,8.0,34129.29
733.3,Rail,189.0,2,2.4,7949.87
31.0,Rail,5262.8,18,7.7,14340.32
530.0,Road,1800.3,7,9.4,15455.97
2213.0,Road,5801.7,13,1.7,49576.95
3655.0,Road,5115.1,3,7.8,68423.45
3240.1,Rail,6190.5,15,5.8,40576.34
2874.4,Air,2450.6,1,2.6,134080.3
3596.0,Road,1188.4,19,6.6,66985.03
2305.3,Road,7831.1,22,2.8,58972.71
2996.5,Road,9912.9,12,7.6,70646.8
3757.7,Sea,3803.9,2,8.0,25438.35
2497.0,Rail,3879.4,10,4.4,29611.24
2726.1,Road,8659.7,10,6.9,63075.77
2802.0,Road,1750.0,17,7.5,55290.48
4181.5,Multimodal,3463.9,16,6.0,64162.53
2049.7,Sea,2794.8,19,7.0,23543.57
412.0,Road,1273.0,8,9.8,13134.42
3919.0,Road,5441.1,21,6.0,80225.58
256.2,Road,6273.0,10,7.1,20402.6
212.4,Road,8786.7,2,9.4,20753.7
882.5,Sea,6488.1,11,8.6,15693.33
335.0,Road,512.6,29,4.5,19705.63
2350.4,Air,497.8,5,7.8,95712.16
3942.7,Rail,598.8,24,5.7,45493.61
1102.4,Rail,2537.7,26,2.7,23906.51
230.2,Road,2515.2,6,3.6,11244.35
1137.8,Road,7761.0,6,1.4,34033.22
1309.8,Road,502.5,19,4.1,29846.29
3897.0,Road,6104.5,1,8.3,73496.58
2959.5,Road,5968.6,2,9.2,59210.14
672.0,Road,5131.5,10,8.8,24947.89
1306.3,Sea,239.5,15,1.5,15973.56
2836.4,Road,8253.9,4,7.4,61533.51
244.4,Road,3784.8,1,3.3,11600.28
3057.3,Road,4488.2,5,5.3,57680.72
3934.8,Rail,6704.6,16,7.5,48289.01
3903.1,Road,6638.3,15,2.1,77152.13
270.8,Rail,2770.7,24,4.9,16696.45
3639.1,Road,124.2,16,6.4,64257.5
2259.1,Rail,8055.9,4,7.7,29862.01
2254.0,Sea,7566.1,3,5.5,18790.65
2604.5,Road,6415.1,2,5.0,52868.79
1840.9,Multimodal,9349.5,17,2.1,44510.26
3215.1,Sea,2051.9,29,6.5,33248.26
1453.0,Multimodal,1044.9,7,1.4,22934.12
3363.7,Road,9988.7,4,1.9,70092.4
4168.2,Multimodal,8685.5,4,5.4,66032.47
581.2,Rail,425.4,15,9.6,13582.61
2005.9,Road,3309.3,15,1.6,42906.35
89.2,Sea,5182.2,29,6.5,18981.3
1985.0,Rail,6286.0,14,1.8,28639.67
1970.3,Air,4170.3,26,9.3,135948.86
3270.6,Road,885.0,22,7.9,63392.56
1598.3,Rail,4735.3,25,5.9,30108.23
3990.9,Multimodal,5472.4,9,8.7,63344.5
1797.8,Air,3153.7,16,6.0,112105.21
2488.9,Sea,1595.5,8,9.4,21188.36
1171.8,Air,5184.8,4,1.8,107742.43
706.4,Sea,2784.6,5,5.7,10331.26
2961.2,Road,2398.4,5,3.2,51489.65
1896.4,Road,7240.9,22,7.8,53339.56
2780.1,Multimodal,5599.5,21,5.7,52787.15
2740.8,Sea,7434.4,27,2.4,30615.14
2204.2,Road,4485.6,26,6.8,54600.98
1362.7,Sea,783.9,11,5.2,15282.71
889.9,Road,4930.1,26,8.6,35314.65
824.4,Road,5957.0,24,2.2,34368.67
2419.8,Rail,7769.4,28,8.0,41836.39
1338.6,Road,5833.4,14,9.3,38660.89
2517.7,Multimodal,7959.8,14,4.7,49757.91
3584.5,Multimodal,5131.8,9,8.1,57536.27
2253.4,Sea,6123.8,23,1.7,25970.41
2123.0,Road,235.3,8,9.8,38491.37
4275.9,Road,8616.2,2,1.6,80045.77
1694.9,Rail,1663.6,6,7.4,19977.22
138.6,Sea,7393.8,7,9.0,10360.32
3968.3,Road,4453.4,2,4.8,69939.23
1013.8,Rail,8923.3,11,2.3,22180.52
2690.4,Rail,3051.0,27,5.2,38381.85
4219.6,Road,9720.4,18,9.3,93257.62
3352.7,Road,7360.9,20,6.3,74614.06
3753.1,Multimodal,6149.7,8,3.4,57920.93
1908.5,Road,9409.5,15,2.3,52734.39
2069.0,Road,5403.2,17,1.2,48361.89
272.1,Road,3641.7,24,5.9,22166.47
3010.8,Road,6953.2,4,8.9,62556.16
3350.5,Road,2448.8,11,9.7,63395.75
2385.7,Rail,5230.6,2,1.7,25411.27
3838.2,Rail,8944.9,24,2.5,50317.84
496.9,Road,4407.9,26,1.3,27545.53
400.5,Sea,4249.7,1,8.1,7702.72
585.9,Rail,3378.6,11,4.1,13908.33
3884.0,Sea,6569.8,26,3.8,35537.46
844.8,Air,2675.5,11,4.7,69729.63
330.9,Road,8076.4,16,3.8,27319.33
3571.4,Road,6322.0,5,7.3,69985.42
3142.2,Road,9580.8,5,5.5,68259.23
723.0,Sea,9227.1,13,6.6,16705.08
3436.5,Road,3187.9,11,4.4,63390.84
1328.2,Rail,8231.8,5,3.5,21482.64
136.8,Road,539.4,20,1.3,12528.11
161.7,Road,3259.9,1,3.3,9373.57
549.5,Road,7717.8,24,2.2,33463.68
3687.9,Rail,744.3,6,5.1,35080.04
1791.5,Multimodal,5967.2,17,5.4,39684.38
1702.7,Air,7588.2,13,1.3,159293.4
3571.0,Multimodal,7079.1,20,9.4,65968.37
2910.0,Rail,7756.6,13,8.6,39579.23
3971.0,Road,1647.4,29,6.6,78075.74
116.8,Rail,3181.6,29,9.2,18144.04
752.2,Sea,7588.4,20,7.6,19431.53
3842.9,Road,5876.5,27,1.8,80082.38
4322.5,Road,878.4,4,2.7,68393.51
1330.2,Road,9235.6,10,2.5,41589.24
169.9,Rail,1712.7,11,1.6,8988.13
54.2,Road,5923.5,2,2.0,12866.26
135.1,Rail,2085.5,29,8.9,17455.77
2966.9,Sea,8175.7,14,7.4,28309.05
1136.4,Road,5824.8,24,9.8,40014.39
1671.5,Road,4114.9,21,6.5,43296.43
1671.8,Road,7349.2,14,3.9,45327.19
1118.9,Road,3509.7,1,3.9,24271.9
813.6,Road,28.7,23,7.2,23647.65
2352.7,Rail,903.3,9,2.4,24596.72
312.4,Rail,607.0,8,4.0,7858.73
2063.3,Sea,2204.5,6,6.8,17446.66
1890.8,Road,9103.5,7,9.5,50318.07
1311.3,Road,1891.3,21,7.2,33901.98
374.1,Road,5849.9,6,5.0,19639.61
2957.3,Rail,7861.5,18,2.8,39735.45
2712.0,Road,7390.5,23,9.8,67534.41
3341.1,Road,3281.2,13,3.9,62724.95
2396.9,Road,4765.3,8,6.0,49692.57
2301.5,Road,770.2,9,4.2,40918.83
1101.7,Road,990.6,15,2.4,25554.79
1793.1,Road,2476.5,7,6.9,36068.76
2414.7,Road,1508.3,20,9.4,50675.4
334.8,Rail,686.3,11,3.2,9468.63
3168.6,Road,2603.5,6,5.3,56452.28
4191.1,Road,5352.3,22,8.1,85992.69
4363.2,Multimodal,2113.3,23,1.9,64753.75
3655.2,Sea,2818.4,12,7.9,29038.16
3642.7,Road,8236.6,21,7.8,81909.57
747.9,Rail,7512.9,28,7.3,26982.77
1477.5,Rail,317.2,4,6.9,15882.87
3428.2,Road,811.8,24,1.1,63085.58
172.5,Road,9282.8,4,8.4,21809.36
375.8,Rail,3621.3,8,5.2,11217.26
2876.2,Sea,244.4,4,8.1,20419.82
1957.2,Rail,3909.0,19,1.7,28406.05
3075.4,Rail,7646.7,9,3.0,36559.3
1158.9,Sea,9024.7,13,5.7,18669.72
369.4,Rail,7009.5,3,3.2,11829.91
3733.1,Multimodal,2735.2,16,5.5,57379.08
3523.1,Rail,9868.8,16,4.5,46109.79
2084.3,Road,1526.6,13,2.2,40005.66
3962.8,Rail,3691.2,20,1.5,44107.75
1007.1,Rail,3567.1,3,4.7,13942.17
1655.4,Road,4924.3,9,4.1,38475.25
1095.9,Rail,1166.5,2,5.3,12276.51
394.3,Sea,6139.7,5,3.8,10019.47
2939.3,Sea,6385.4,17,7.0,28549.04
2664.0,Road,4537.5,8,8.8,54518.7
2003.4,Road,991.6,11,7.0,38433.0
3870.6,Rail,7613.4,21,9.4,51974.16
2224.0,Road,9281.9,1,6.5,52169.39
2028.9,Sea,3529.9,26,2.0,25274.47
3068.2,Road,2372.9,29,3.0,63829.49
174.7,Road,9537.3,29,8.5,33546.13
1257.4,Road,1397.7,7,4.6,25326.02
3752.4,Road,4800.4,7,3.6,68859.61
588.6,Sea,6943.8,11,2.7,13803.84
3686.5,Road,445.0,19,5.6,66498.6
2857.5,Road,8103.5,10,8.9,64993.16
3606.3,Rail,6700.8,27,8.1,50748.94
355.9,Rail,7468.2,10,1.0,15179.84
3175.9,Multimodal,2105.8,13,5.6,48629.07
3505.0,Road,2704.4,23,6.3,70015.62
118.2,Road,9952.5,28,5.8,32936.09
3274.7,Sea,3601.7,4,8.9,24222.12
2197.8,Multimodal,253.8,12,7.3,34346.93
63.0,Multimodal,3549.1,3,9.4,9396.59
2913.2,Road,3813.9,20,7.0,61773.3
1090.5,Rail,8843.3,15,8.6,25402.81
4342.9,Multimodal,2787.4,13,2.9,61764.23
4401.5,Multimodal,7936.9,28,1.3,75693.94
18.8,Road,1103.9,25,8.1,14147.92
608.6,Road,5112.6,14,4.7,25420.96
2318.0,Sea,4075.7,10,3.7,20101.89
2830.0,Rail,3274.0,13,1.3,31761.18
2848.0,Rail,7763.8,25,7.4,43977.91
3245.1,Road,6024.5,29,5.8,74416.35
791.5,Sea,9508.6,22,6.8,21188.05
1352.9,Road,3613.9,15,2.0,33893.13
2423.6,Road,1230.3,4,9.7,43215.79
641.6,Sea,2376.0,17,7.1,15468.23
3651.9,Sea,6834.8,26,5.0,35234.2
3531.7,Multimodal,6567.7,21,6.0,63323.53
3070.9,Road,6305.4,23,4.3,68763.38
1498.5,Road,7191.1,8,1.8,39314.71
2619.3,Road,1069.7,21,4.3,51682.52
28.6,Road,2891.1,6,3.2,8861.54
2702.1,Rail,5750.4,7,8.1,33092.4
228.4,Road,4364.4,29,7.7,25067.93
997.1,Road,5079.1,28,7.4,37900.62
1570.7,Road,2136.4,3,1.1,28793.23
2906.5,Road,6103.5,19,6.7,65153.16
1092.8,Sea,3362.9,24,4.5,20770.79
591.8,Sea,7997.8,22,9.5,19766.58
2236.4,Rail,5875.7,7,9.7,29682.38
3380.0,Road,9974.5,7,6.3,73833.19
1760.7,Road,5921.0,6,7.7,41490.88
3863.3,Road,541.8,3,8.7,63939.27
4236.0,Multimodal,2186.9,6,5.4,58009.04
3214.6,Road,2527.1,10,5.6,58895.45
3634.8,Road,263.3,14,7.8,64383.18
2496.0,Road,9187.8,21,9.1,66216.07
2594.4,Sea,6272.7,19,9.2,28557.11
169.9,Rail,8122.8,6,8.8,12730.17
2391.1,Multimodal,5870.2,27,2.5,50241.41
2376.8,Road,8574.5,13,7.0,58807.14
2518.9,Multimodal,6274.9,21,9.9,52319.8
1012.7,Rail,832.3,18,6.5,18601.95
1744.9,Air,302.9,10,6.1,73255.81
4270.8,Sea,4438.2,26,9.7,40298.69
3834.9,Multimodal,6429.1,3,9.6,60760.29
2043.3,Road,8470.5,24,1.6,56821.64
1885.3,Rail,8953.0,21,7.3,34892.03
3527.5,Multimodal,8210.3,11,6.3,61363.03
1794.3,Road,1068.6,3,9.4,32417.38
2704.9,Sea,7558.9,8,8.0,24184.0
3920.2,Air,3500.4,26,6.5,197206.52
873.7,Road,8575.6,22,5.9,39363.71
3338.5,Road,8254.7,16,8.2,75124.62
4488.6,Sea,6510.9,12,4.0,32117.79
176.3,Rail,9156.7,16,6.9,18166.5
137.8,Rail,5425.8,13,8.9,13138.04
3139.1,Road,2422.4,13,4.0,58165.28
2000.7,Rail,6533.8,5,5.0,25779.31
828.3,Road,1921.6,15,2.3,23164.91
2333.2,Rail,7622.7,23,7.7,38635.87
4010.9,Air,8795.4,7,4.0,253927.53
2355.0,Sea,6659.8,11,4.6,22139.0
4231.1,Road,4909.3,11,8.1,80923.29
2565.3,Rail,9521.5,1,3.5,30733.81
842.1,Multimodal,7902.3,11,9.1,29187.29
3774.1,Road,4609.3,27,8.3,80412.72
1713.5,Road,5501.9,22,1.1,45586.62
2718.3,Road,7176.0,21,6.1,64798.82
1772.0,Road,4407.4,10,8.5,41015.51
1915.2,Air,4037.5,12,3.6,124338.24
783.9,Air,8677.5,8,4.5,138258.24
2817.6,Rail,3618.1,1,6.5,28823.34
1425.5,Multimodal,9927.3,6,4.9,36418.66
1581.4,Road,3404.8,29,5.5,43988.45
877.5,Road,7509.1,2,7.5,28713.63
1545.0,Sea,5093.1,14,7.9,19934.68
3696.9,Sea,596.8,18,5.1,29488.84
4295.1,Road,7992.1,19,5.3,89185.57
1981.2,Rail,8324.8,11,9.0,31246.7
3371.2,Rail,7460.3,24,8.6,48325.07
4093.4,Road,9212.6,12,4.7,84882.3
1143.9,Road,631.9,28,9.7,32580.55
605.4,Road,3098.2,16,1.7,22457.86
1098.7,Road,9863.5,5,1.1,36734.99
4007.2,Road,5050.3,9,6.3,75700.41
1380.6,Rail,2696.8,15,8.8,22553.75
2368.2,Road,3654.7,18,5.1,51413.54
4342.6,Road,9424.2,17,9.8,94499.24
2145.4,Road,7224.7,6,4.6,48901.23
1651.3,Multimodal,1220.1,5,6.7,25932.61
4151.2,Air,2547.4,19,3.9,189388.35
484.2,Rail,1087.3,12,8.3,11903.73
3187.3,Road,8623.0,23,6.8,75950.46
1942.2,Road,3660.3,3,3.7,37762.14
3540.1,Road,9775.2,29,10.0,87813.06
2124.2,Rail,9812.5,4,5.4,29563.22
3739.1,Sea,6611.3,16,9.7,33599.11
1941.5,Road,6902.5,6,4.8,45186.35
702.5,Road,4941.3,27,7.8,32758.96
1797.8,Road,4181.7,20,8.4,45420.46
593.7,Road,3828.0,26,5.3,28179.83
260.1,Rail,9262.3,20,9.8,20831.05
1093.6,Road,3999.5,16,8.0,32182.58
1883.7,Rail,9642.8,24,5.7,36415.2
590.0,Air,7836.8,7,8.0,121004.65
3123.8,Road,2323.8,14,8.3,60267.49
2851.2,Road,3428.9,4,6.0,52440.46
3620.6,Road,1487.0,17,4.1,65682.52
1092.3,Rail,1570.5,15,3.7,18139.11
1705.6,Air,5550.8,11,5.9,135254.1
2966.7,Sea,2784.1,1,1.8,17828.7
1832.0,Air,9461.0,24,3.6,191903.31
1731.4,Road,3662.4,13,9.1,40498.79
1564.4,Road,478.8,24,9.0,37058.31
2237.4,Road,1195.7,10,5.1,41316.98
1839.4,Rail,3687.4,13,6.8,26004.24
2464.8,Rail,5268.1,26,1.9,36832.48
4442.0,Road,273.1,10,4.4,72922.29
2187.0,Road,3458.1,9,7.5,45048.45
3488.7,Rail,7398.0,20,9.5,48010.75
3009.8,Rail,1028.0,25,7.7,39407.65
2509.2,Sea,1137.1,3,1.4,15878.63
3325.4,Road,3156.8,14,5.0,63312.36
2869.8,Sea,1026.5,22,6.1,27957.22
308.5,Rail,3823.9,19,4.5,15753.82
3356.9,Air,7203.0,21,2.3,216996.45
4073.5,Sea,9831.7,10,4.4,30941.55
3623.3,Road,462.5,16,5.7,64273.07
1710.6,Rail,5786.6,29,1.2,32633.09
4061.7,Rail,2261.4,8,3.4,39396.86
461.5,Rail,4435.9,16,9.4,16535.18
1717.2,Multimodal,9938.3,9,7.8,41780.04
27.3,Road,9932.3,24,7.3,29770.51
1621.1,Rail,6073.4,24,7.6,31427.36
190.4,Rail,1668.8,10,6.7,8748.62
3378.0,Road,5009.0,20,3.9,69570.96
1232.3,Rail,8362.5,29,3.7,31776.73
2478.2,Rail,5739.3,7,7.8,30994.41
2665.1,Sea,7179.0,4,5.3,20983.13
1391.8,Sea,7713.9,25,7.3,24986.79
1109.1,Road,4559.7,1,2.3,25670.58
2481.7,Sea,6705.5,16,6.0,25549.94
1080.5,Air,1255.1,19,8.7,65290.51
711.5,Rail,3832.2,20,2.9,19202.38
3351.2,Air,5104.0,5,1.1,183924.5
1443.6,Road,7279.5,11,8.9,41530.4
2017.4,Air,4642.2,28,4.4,142781.51
4105.9,Multimodal,9581.7,17,7.6,73914.81
577.1,Road,2851.9,29,4.7,27553.33
293.3,Road,1790.7,8,4.2,11859.13
1936.6,Sea,1991.5,28,9.3,27298.18
2768.8,Road,3714.6,10,8.0,55110.88
2097.4,Multimodal,5315.4,15,3.9,41045.15
43.3,Road,3130.2,4,2.1,8676.34
1829.0,Road,8675.6,26,3.1,55337.79
2167.0,Sea,7016.0,9,3.1,20087.4
4260.8,Road,2660.1,25,5.8,82161.77
348.8,Multimodal,7640.7,22,3.5,27365.35
3098.3,Rail,5766.5,2,8.3,34345.01
1778.8,Road,6858.5,24,5.7,50977.45
3931.4,Sea,9425.8,16,4.7,32982.17
2969.1,Sea,2462.7,2,4.4,19140.75
1775.3,Road,9197.9,17,1.1,50835.18
2880.0,Road,7038.4,14,6.3,63958.95
2011.8,Sea,2096.6,16,7.4,21829.3
3229.7,Air,9087.6,25,9.0,240168.48
3556.8,Multimodal,4409.8,27,3.1,61575.67
3122.5,Road,2081.5,23,8.7,63917.13
1684.2,Rail,2676.6,27,5.3,29740.0
161.5,Multimodal,7284.1,9,8.3,18937.77
626.6,Road,9431.8,9,3.2,31007.63
2090.1,Sea,2389.5,24,4.1,24840.27
2635.5,Multimodal,9170.1,26,1.0,56813.95
425.0,Road,649.9,13,2.9,13879.96
2086.0,Sea,1256.1,22,6.0,24166.8
1291.2,Sea,3632.6,21,7.5,21038.6
311.6,Road,5881.9,15,2.1,22621.27
1594.1,Multimodal,5741.4,1,7.0,30233.21
2851.3,Air,457.5,25,6.3,121770.22
3493.2,Multimodal,371.7,3,7.5,46183.9
3428.6,Rail,6592.6,22,6.6,46154.57
2300.0,Road,4465.8,14,9.2,51433.15
431.6,Road,4817.0,14,9.6,22434.36
2682.4,Sea,309.6,20,3.7,24902.32
235.5,Road,9987.3,8,7.6,25774.13
1915.6,Road,5893.6,18,6.9,49031.54
2967.0,Air,9142.5,24,6.2,229608.11
559.8,Road,3665.2,4,2.9,17319.5
2798.7,Road,5612.6,29,2.4,65373.51
3030.0,Rail,4259.9,6,5.5,32887.63
4007.8,Rail,1205.6,22,3.3,44228.28
979.4,Road,4357.1,11,6.1,28510.54
3687.8,Road,2363.8,3,4.4,62108.59
1551.3,Road,2630.5,27,2.8,40604.57
1749.1,Road,7532.6,21,2.5,49653.28
4343.2,Rail,3421.5,29,2.3,51437.29
2289.2,Multimodal,7433.2,18,1.3,46828.79
3915.6,Multimodal,9831.2,3,9.6,66777.54
3145.4,Road,3264.9,14,9.5,62861.68
1888.5,Air,2365.3,24,1.2,108120.08
199.2,Road,7528.8,19,5.7,25713.44
2219.7,Rail,5752.2,28,3.7,36859.93
1688.2,Road,7962.9,16,9.5,49012.26
2363.3,Air,1591.6,12,9.5,113108.32
3291.3,Rail,6553.9,24,2.4,43730.88
2419.6,Road,7209.2,11,8.6,56815.27
3021.8,Multimodal,1347.8,23,6.5,50488.15
3149.1,Multimodal,1547.0,8,4.6,44645.02
3508.6,Road,9401.5,24,7.0,82820.15
2925.7,Road,1908.1,16,9.8,57991.33
3963.8,Road,6870.8,22,7.8,84913.68
1353.5,Road,5440.6,24,3.9,41544.53
3761.8,Road,8274.9,6,8.5,77537.98
2844.4,Sea,513.1,6,8.9,21571.13
2761.8,Rail,153.8,14,4.7,30317.06
842.8,Road,7505.6,17,9.0,35204.15
3799.1,Air,8784.8,11,2.0,246943.12
2709.1,Rail,6336.0,6,2.7,31059.78
817.9,Multimodal,3842.6,9,2.7,21130.16
228.8,Road,4425.1,15,4.2,18794.25
2192.1,Air,7773.3,4,9.9,177573.39
1275.4,Air,5160.0,18,5.9,118247.78
1338.5,Air,6873.5,15,7.1,140032.37
351.4,Sea,9484.8,13,3.8,14686.33
1009.8,Sea,2752.0,23,9.1,20333.21
4353.4,Sea,1570.5,8,9.6,31336.85
2521.4,Air,8499.0,16,7.6,202823.85
2410.4,Road,6960.4,16,9.0,58490.05
2278.2,Road,4837.9,26,7.8,56730.09
3461.2,Road,5691.4,26,9.3,77579.93
3043.6,Road,9097.1,1,2.0,62456.82
866.7,Air,9571.9,6,9.5,151707.1
2258.2,Multimodal,124.1,4,4.0,30174.24
3191.6,Road,7245.9,16,2.6,68460.74
2031.2,Rail,9749.1,11,9.3,32954.44
2441.4,Road,1879.2,22,3.9,50774.56
370.1,Rail,1801.0,19,2.1,14263.48
59.2,Rail,1263.7,29,6.7,15906.13
3460.9,Rail,4250.7,11,7.1,39639.52
3488.8,Road,7805.4,25,5.3,79259.67
2291.6,Road,5415.0,20,1.9,53296.66
3669.7,Road,3876.7,29,8.5,78572.22
3519.2,Road,5738.8,23,5.9,75520.53
1613.1,Sea,3515.3,18,6.8,21071.96
2210.8,Rail,5080.7,29,1.0,35728.94
2137.1,Rail,4717.4,16,7.1,30926.84
92.8,Road,9160.4,8,4.8,22091.7
6.0,Road,5339.6,11,2.6,15286.85
3773.5,Road,6595.5,6,1.9,70966.51
4400.2,Air,2969.8,8,4.1,198431.2
3403.9,Road,3629.1,7,6.5,62972.61
326.6,Road,9768.2,14,3.3,29485.88
2741.0,Rail,6096.2,4,1.1,29590.94
2818.6,Rail,3005.8,23,4.9,37466.03
1214.4,Sea,718.3,15,2.9,15846.44
2195.7,Road,6076.0,27,4.0,56801.73
62.4,Air,841.1,26,1.9,26467.29
2109.5,Multimodal,1625.7,19,1.8,36688.1
1216.8,Sea,2168.4,23,2.1,19885.79
980.0,Road,6413.7,27,6.2,39433.05
4384.9,Sea,4038.2,16,2.2,31250.99
3030.2,Road,7311.7,22,1.4,68220.96
4016.8,Road,2217.3,8,6.8,70537.36
659.2,Road,8843.5,29,2.3,39268.0
1036.4,Road,2131.7,11,1.5,24572.26
4171.3,Sea,341.6,7,8.3,28551.97
1268.1,Sea,4521.4,24,4.4,22026.71
3957.3,Road,1247.9,20,6.4,73049.77
3327.5,Sea,4263.1,27,2.2,31822.55
174.8,Road,9700.4,21,4.5,30229.72
688.4,Road,8010.9,28,4.9,38092.67
2511.8,Rail,4616.1,7,8.5,30601.99
4127.2,Rail,7289.2,19,6.3,51059.55
2594.9,Road,4260.9,21,10.0,59131.36
3145.6,Road,20.6,18,2.8,55647.78
3034.0,Road,8009.1,3,1.3,61015.61
517.0,Road,7628.5,11,6.5,27315.49
3733.1,Rail,9176.5,12,5.1,45711.28
3295.3,Road,1160.5,28,8.9,67456.38
1443.9,Road,8130.8,16,8.2,45143.26
2075.6,Multimodal,8098.3,20,8.2,48563.08
2162.4,Air,3641.7,14,6.7,130331.18
3575.2,Road,4029.4,10,5.9,67282.33
4285.2,Multimodal,4209.4,6,3.4,60326.69
3860.9,Road,3551.1,19,2.3,72884.29
2156.8,Road,5819.8,21,4.4,53290.13
1524.7,Road,5150.1,11,4.0,37849.36
1043.6,Road,5763.3,1,3.5,27103.3
3090.6,Sea,6009.2,16,9.8,30028.36
1882.0,Rail,6940.7,12,2.6,27725.36
644.6,Multimodal,2956.2,11,1.1,18623.0
226.1,Sea,1906.3,12,1.6,10582.11
2622.0,Road,5298.0,10,7.6,55586.91
3931.0,Road,4321.6,11,3.8,72589.18
1491.7,Road,7131.7,4,7.9,38614.19
955.4,Road,5695.5,6,9.7,28718.89
2265.1,Road,6931.0,10,3.6,51746.69
3388.3,Sea,1948.1,29,3.1,32367.36
163.2,Road,9906.8,22,4.6,30844.59
3945.5,Rail,2303.6,25,1.6,45042.5
4459.7,Rail,3983.2,14,7.6,49606.41
2011.5,Road,7196.2,22,3.0,53498.6
3800.7,Road,262.8,13,7.0,65940.83
1885.4,Road,8269.3,16,4.9,51438.03
477.6,Air,5795.1,4,5.3,90857.17
2263.1,Rail,8809.1,17,9.0,36837.54
803.0,Air,5427.9,17,4.0,103900.16
865.0,Road,281.4,25,1.6,25138.11
3580.1,Road,4939.3,26,5.3,75971.2
467.8,Road,8967.8,9,8.0,28252.47
1326.0,Road,2593.0,17,6.5,33600.81
1633.4,Road,3204.8,8,5.8,35012.58
4092.1,Air,335.0,23,9.4,165822.21
2747.1,Sea,8511.5,10,7.2,25338.28
259.4,Sea,8672.4,26,4.0,19743.38
1268.4,Road,1632.2,19,8.5,32052.31
292.0,Rail,2142.9,13,4.5,11401.91
3313.0,Road,5341.2,27,8.0,74457.68
878.3,Air,2162.2,8,2.7,63045.76
1007.4,Rail,2129.0,8,4.7,15088.82
547.7,Road,4028.1,26,1.5,27587.13
3100.1,Multimodal,5658.2,24,3.3,56965.03
2333.4,Road,279.9,17,7.0,44996.56
1195.4,Road,8788.4,29,4.6,47664.92
3567.6,Rail,7235.0,14,3.7,42687.8
2621.6,Rail,888.8,5,6.6,26488.22
821.3,Road,5755.8,5,1.5,25273.24
88.1,Sea,1332.6,10,5.7,8876.73
410.1,Road,6848.9,26,7.3,30947.68
1508.8,Road,1953.6,8,5.3,30773.55
357.8,Rail,2360.2,16,8.7,13680.87
1100.5,Rail,8437.2,2,8.8,19429.97
352.6,Road,3119.3,10,9.2,16368.03
339.7,Air,8353.9,25,3.2,126010.97
1390.4,Sea,7586.8,21,1.5,21837.08
2313.5,Road,3203.2,11,8.3,47768.77
1548.5,Air,6900.0,12,5.9,146220.53
467.0,Road,90.7,12,6.3,13313.02
254.1,Multimodal,5740.5,24,9.5,24583.3
885.5,Air,8283.7,21,2.5,142707.32
3150.3,Road,8444.0,18,7.5,73127.74
3009.1,Rail,6198.5,14,2.6,36815.34
4025.8,Rail,3530.8,13,8.5,45526.1
4106.2,Sea,9720.6,12,2.2,30567.49
3474.9,Air,9897.3,16,6.6,253572.44
81.5,Rail,259.2,17,8.2,9797.11
492.6,Rail,1607.7,13,3.0,12425.66
3330.6,Road,9761.2,3,7.8,71626.42
3719.5,Air,9936.0,27,9.2,269150.04
2755.0,Rail,9439.7,24,8.3,44591.23
1640.0,Road,781.6,20,4.5,35896.74
832.6,Rail,6556.3,20,8.2,23325.0
3045.7,Road,663.1,26,6.9,60782.58
1859.8,Road,4739.3,24,1.2,47211.86
1672.2,Multimodal,9773.9,29,4.5,49217.48
2117.2,Air,8666.4,29,2.1,194319.58
3764.4,Sea,1272.1,13,3.4,26785.05
2893.9,Rail,5431.8,13,7.4,36837.61
2501.3,Road,1423.8,7,4.3,44179.69
1441.7,Road,1520.3,5,4.1,27425.85
1468.6,Road,1266.9,8,6.9,29244.75
4446.8,Rail,980.4,7,5.8,42424.4
2125.5,Road,2053.0,25,5.1,48051.4
1046.2,Road,9169.7,22,3.4,42667.1
3248.3,Air,3585.0,18,3.2,168909.86
3379.0,Sea,8531.7,28,9.0,37513.71
1711.3,Rail,391.7,20,2.3,23974.67
3542.4,Road,5879.8,23,2.9,74404.72
3915.3,Sea,5803.9,11,6.2,30032.21
3734.3,Road,9210.3,16,9.8,83972.06
330.2,Road,1379.6,13,6.8,13999.56
3566.6,Multimodal,7571.5,7,6.2,59075.09
1808.4,Multimodal,7891.6,23,8.6,46457.22
484.5,Rail,5247.1,8,7.6,13682.25
4015.6,Rail,2269.5,28,9.1,51453.11
2204.5,Air,3437.1,10,8.9,128404.28
3947.2,Sea,5357.6,11,4.6,29062.86
2695.7,Sea,4917.8,26,6.6,30720.65
1467.6,Rail,7003.0,20,1.8,27859.38
2602.9,Air,2569.0,27,5.5,138637.38
4311.2,Road,2971.7,17,7.3,80771.09
2801.6,Road,9050.1,19,9.1,69946.07
3664.5,Rail,7417.0,20,5.1,47162.87
3892.3,Road,3559.2,21,8.5,77719.77
1764.0,Road,7213.2,25,8.1,52480.43
708.9,Multimodal,269.2,23,3.7,20986.92
4390.3,Air,3547.9,22,7.1,213304.39
3999.0,Road,1434.2,17,8.6,74041.36
2669.6,Air,2911.1,10,3.6,136813.92
4257.3,Rail,5651.6,2,2.3,40585.29
2757.0,Rail,6447.8,9,2.0,32519.86
2801.2,Road,9644.5,1,1.9,59769.11
2833.2,Road,6091.8,13,3.8,60101.92
3714.7,Road,2960.6,13,5.4,68740.47
1411.0,Rail,7840.2,4,6.4,21923.77
1399.8,Rail,3892.4,21,3.1,25285.69
151.4,Road,1214.4,4,4.7,6810.83
3640.7,Sea,6072.0,22,8.3,35011.87
1188.5,Road,5456.2,21,6.8,38217.68
990.4,Road,300.2,10,3.2,20438.56
2141.6,Road,1929.4,4,9.6,40083.09
3862.6,Sea,1437.0,27,3.2,33594.77
2696.3,Road,4348.7,6,4.1,51923.88
3792.4,Road,9948.8,21,3.5,84956.92
6.9,Road,7555.7,4,1.6,16097.85
856.2,Road,3109.9,7,7.1,22580.96
3228.1,Road,9508.1,20,1.6,74323.06
1280.6,Sea,5317.3,28,9.5,25122.25
4223.2,Rail,8438.5,4,2.5,43979.37
3400.1,Sea,9846.0,20,9.5,34851.37
3153.3,Sea,8092.9,14,2.7,26926.07
78.9,Rail,8283.6,22,2.3,19154.65
3113.8,Road,9502.8,21,1.1,72903.68
2363.8,Air,2169.3,8,3.3,116105.03
782.3,Road,8499.2,7,7.5,31283.03
2643.0,Multimodal,1726.2,11,7.6,41613.26
479.1,Sea,5561.7,21,1.0,17121.35
2191.3,Road,1075.0,27,2.2,47191.1
865.4,Multimodal,3355.9,7,1.6,19884.54
52.7,Road,1474.6,22,3.3,13945.39
1670.3,Sea,8332.9,12,3.4,19863.33
1661.8,Multimodal,6107.9,12,3.6,35724.14
2325.7,Rail,1985.9,4,7.7,24970.26
4328.1,Rail,8551.6,2,2.7,44007.46
361.9,Rail,6427.0,15,3.7,16642.57
1011.7,Rail,777.4,8,4.0,13709.01
2030.3,Road,3171.1,7,1.8,39469.23
1575.1,Road,1328.9,7,9.7,31187.85
2542.0,Road,926.4,15,1.1,46271.99
3618.7,Road,6811.5,14,9.6,76833.96
1885.0,Road,1311.4,23,2.0,41210.03
1394.8,Road,1482.1,29,4.0,37424.16
1029.6,Road,7800.5,27,5.9,42605.98
3546.8,Road,9225.1,29,9.9,87019.36
420.9,Road,2639.0,15,7.3,18701.69
2188.3,Sea,9486.5,20,6.3,27067.9
1683.2,Air,2810.2,11,5.1,101418.58
2848.8,Road,3649.2,26,9.0,64012.78
2444.8,Sea,6511.6,14,5.9,24320.78
1563.3,Rail,7412.0,12,2.6,25575.52
480.0,Road,9874.3,28,3.3,38206.83
617.8,Sea,7701.0,17,6.8,17419.1
3067.4,Sea,4409.0,22,4.9,29699.92
2221.2,Multimodal,1089.7,5,9.4,33515.5
3549.8,Multimodal,6264.5,24,4.7,63832.07
4163.9,Rail,8418.3,24,7.4,55376.26
3037.5,Air,8323.3,5,9.1,215120.3
4104.9,Road,7174.3,27,2.5,86711.65
129.0,Road,7567.6,25,5.8,27457.18
2420.7,Road,1307.0,12,5.9,45530.48
1205.2,Sea,1270.4,3,2.6,10611.95
889.3,Road,5784.6,17,8.1,32627.79
1265.0,Sea,633.0,19,1.3,17582.05
3688.5,Rail,1829.0,23,4.3,43253.92
2836.4,Air,7338.2,9,3.7,195505.47
3498.2,Road,258.7,28,3.7,66298.81
2251.7,Rail,1624.9,22,1.1,29784.67
1206.2,Road,7916.6,12,8.8,39342.23
2109.5,Road,9245.7,20,3.2,57875.05
970.5,Multimodal,2509.1,25,6.7,28647.77
4461.5,Road,5089.2,13,6.5,84721.83
3480.0,Road,8848.2,3,2.5,69652.2
285.5,Air,8063.5,26,5.1,121080.76
4490.7,Road,8543.6,26,3.5,95103.44
678.4,Sea,3231.0,12,6.5,13511.58
2963.4,Rail,2927.3,1,5.6,29059.76
1709.6,Road,7233.6,29,1.1,51762.6
2448.7,Rail,5208.8,3,3.5,26812.8
3215.7,Rail,8695.0,19,4.7,43988.67
1364.0,Sea,7438.2,5,8.8,15923.92
465.0,Rail,3500.8,27,8.3,20484.17
2958.2,Road,8258.1,14,9.1,68699.28
119.9,Multimodal,9226.1,1,6.3,17703.68
1016.0,Road,1185.1,16,3.8,25183.08
44.0,Rail,5379.8,10,4.5,10941.64
3310.1,Sea,5703.3,2,3.4,21645.87
3972.2,Road,605.9,5,3.3,63567.56
1464.5,Rail,156.2,24,7.4,24750.65
1419.9,Rail,1809.5,23,7.6,25363.08
443.0,Rail,8348.7,25,4.5,23621.26
196.0,Road,6409.0,29,4.7,28167.35
1064.2,Road,1813.0,13,6.4,26173.41
3868.2,Rail,6075.9,29,5.9,52155.46
2710.7,Rail,6282.3,28,5.0,41860.27
56.1,Sea,4679.2,26,2.4,17323.93
2744.5,Road,5256.9,21,1.6,59999.44
232.2,Road,6924.7,26,5.1,28309.76
1886.1,Rail,9011.5,7,4.1,27790.74
4205.5,Road,8575.0,20,2.2,87396.01
2825.6,Road,7089.3,25,9.4,69649.62
2755.5,Air,8561.8,5,4.4,205741.92
3037.3,Road,6277.2,23,7.4,69662.9
629.3,Road,7506.0,16,3.7,30769.7
424.7,Sea,8836.2,27,1.5,20880.69
1679.0,Air,8790.3,10,9.0,173477.16
857.1,Multimodal,8119.0,24,8.7,35518.87
109.1,Sea,5486.9,11,1.3,11202.86
1534.1,Sea,1907.2,10,8.2,16733.95
2240.0,Air,8404.7,16,9.8,192218.2
231.4,Rail,7589.2,22,1.5,19727.79
4373.8,Road,7720.1,3,8.4,84809.0
3444.4,Sea,1263.6,3,7.7,23128.64
3321.0,Road,8566.0,2,3.4,66724.93
3961.2,Road,7982.8,18,7.4,84873.49
2658.4,Road,3973.1,9,4.1,51949.27
1974.6,Rail,4795.4,20,3.5,30250.71
2182.8,Air,9544.4,26,2.2,205900.27
890.8,Multimodal,447.5,27,9.3,25883.05
1713.9,Rail,1332.9,16,5.1,23764.08
3590.6,Road,8168.5,28,3.3,81678.08
2262.4,Road,6131.3,21,3.1,54971.56
829.6,Road,549.5,4,3.6,15922.71
3881.2,Rail,6991.1,10,6.2,44719.37
2927.0,Road,3887.7,20,6.9,62100.99
2695.4,Sea,4582.1,12,7.7,24606.26
4362.0,Rail,2262.3,28,2.5,50112.71
4163.9,Road,1764.1,10,4.7,71612.79
663.6,Road,4279.2,26,1.1,29641.4
3341.9,Road,5845.2,10,1.8,64932.01
4066.7,Sea,2165.8,5,3.3,24895.67
3878.5,Road,4548.7,18,1.1,73722.91
4000.9,Road,5874.6,16,2.2,77671.8
3629.1,Road,4837.0,21,4.9,74093.37
4449.8,Rail,4686.1,13,4.4,47605.09
1230.9,Road,2893.2,22,6.8,34867.98
720.3,Road,1131.5,8,2.7,16949.89
345.8,Road,9501.5,9,3.1,26906.19
3707.3,Road,9029.6,28,4.7,85767.75
2039.6,Road,9301.9,12,6.8,54462.67
1165.1,Road,5474.0,7,9.5,32214.13
3049.1,Rail,2618.9,19,6.8,38071.19
8.8,Rail,3304.2,11,1.0,9150.91
889.2,Road,6012.4,22,8.6,35326.92
1705.9,Rail,7152.4,15,3.9,28232.81
959.1,Road,6445.5,15,3.3,33315.23
1544.9,Road,1775.7,25,7.3,39127.88
748.5,Multimodal,8902.8,17,7.6,32125.28
22.9,Sea,6146.2,16,5.1,13276.91
2236.0,Air,8643.1,20,5.9,195413.36
321.9,Road,6182.4,2,7.2,17644.34
3242.9,Rail,4050.2,27,9.7,46014.53
281.0,Road,863.8,6,7.0,9294.15
3450.5,Sea,3037.2,6,3.1,22755.19
281.8,Rail,1917.6,2,7.4,6228.97
4379.7,Sea,9621.7,19,7.8,38529.72
1630.2,Road,4010.8,16,1.6,39032.9
1353.6,Road,9050.3,12,1.3,42209.16
1377.9,Sea,3314.9,8,8.7,15813.4
1091.4,Rail,1246.6,1,1.5,11210.19
801.6,Air,8100.6,8,2.5,131620.5
3733.4,Road,4697.1,9,9.2,72261.79
2078.5,Multimodal,8508.6,18,1.9,46236.75
453.8,Air,5669.6,6,2.8,89399.16
3685.8,Rail,1006.6,7,2.0,33937.88
3874.4,Rail,326.4,20,6.5,43311.63
4156.2,Road,1601.5,26,7.7,80198.34
214.9,Road,3214.2,29,8.6,22779.49
2136.5,Air,4096.6,12,3.1,132903.39
2722.3,Road,8647.7,19,1.8,64983.45
3792.7,Road,8794.3,8,9.0,80165.05
2792.8,Road,4569.9,12,3.7,56238.65
2062.7,Road,6564.8,11,8.2,49789.69
3437.1,Road,1309.5,1,9.5,58123.02
2087.5,Rail,9517.4,26,1.2,37454.3
1288.8,Sea,3383.5,29,6.5,24257.65
2628.8,Road,6486.7,21,7.8,62914.99
2303.0,Sea,5530.0,23,6.5,27524.34
2197.9,Sea,7665.0,1,8.0,18399.07
866.5,Road,9924.1,23,9.1,42506.28
3805.3,Road,4356.6,9,2.3,68989.05
261.5,Road,2975.5,3,3.6,11252.25
245.6,Rail,1018.3,29,2.5,17047.46
633.9,Multimodal,7922.3,11,2.4,26128.23
508.9,Air,3124.7,27,5.6,70355.31
3972.4,Air,4445.2,11,6.5,203713.41
3557.5,Road,9567.2,21,4.9,81441.34
1284.8,Air,9470.4,21,8.5,172248.46
1198.8,Road,6944.2,23,5.7,41922.09
1827.9,Sea,1044.3,11,4.7,17566.97
2348.2,Road,4491.0,6,6.7,47798.75
1491.7,Rail,9086.0,11,8.2,27322.22
4075.7,Sea,5044.9,10,8.3,31347.34
222.1,Rail,9840.7,1,2.6,12228.52
4326.0,Road,1896.6,1,1.6,68282.07
2564.7,Sea,5980.6,10,6.9,23242.43
4253.0,Rail,1900.4,13,4.3,43375.38
3132.1,Sea,7961.8,23,7.4,33121.93
686.6,Road,9177.0,21,5.3,37021.68
3122.1,Road,626.3,16,7.1,57446.49
4359.4,Road,4275.0,9,3.1,77715.91
2252.4,Rail,390.1,2,5.5,21200.18
3950.5,Road,697.3,20,5.3,71255.84
4454.7,Rail,3686.9,18,1.8,47242.41
1526.6,Rail,5835.4,13,7.5,25454.85
1859.2,Road,8518.5,21,8.8,54824.59
1240.7,Rail,9473.0,6,1.1,21885.66
4163.5,Road,2694.6,7,6.2,72954.15
2820.9,Road,2247.2,3,6.8,49744.4
3408.7,Road,1590.4,2,8.3,58030.57
900.6,Road,206.3,28,4.9,27295.84
1934.9,Rail,5355.6,11,5.6,27027.9
2868.3,Sea,5317.7,9,4.6,23137.62
3312.8,Road,863.0,23,8.0,64491.64
2957.7,Multimodal,181.7,21,3.8,45963.95
3194.8,Sea,3822.0,25,2.8,30516.41
2772.9,Multimodal,798.1,3,4.0,36692.19
877.7,Rail,572.2,23,7.1,19645.9
2458.5,Rail,4945.3,7,5.3,29145.06
4026.0,Sea,8126.0,19,7.9,36245.63
549.9,Road,6691.3,2,6.9,22204.79
1068.0,Road,1544.3,13,3.5,25322.67
1985.0,Road,6612.1,3,4.2,43818.48
334.4,Road,3512.6,15,5.1,18727.85
1708.5,Rail,869.4,11,4.2,20814.12
1879.5,Sea,3703.9,29,5.7,27196.48
3698.8,Rail,8658.1,27,8.8,53777.0
4434.1,Road,2051.0,29,1.8,82839.44
859.0,Road,4920.9,12,1.2,27458.36
942.2,Road,3509.8,19,6.3,30030.69
4102.9,Road,7998.9,21,9.8,89932.82
4006.2,Road,5992.5,21,9.9,84846.7
4331.6,Rail,4103.5,1,6.5,41977.34
3784.2,Sea,4358.0,25,9.0,36819.13
2462.5,Road,9036.2,23,6.3,65211.19
2597.0,Road,2530.2,12,7.9,51311.64
1925.8,Road,843.5,19,6.0,40316.82
52.9,Road,8534.7,21,7.5,26142.4
2229.9,Road,4778.7,11,7.7,49009.87
3956.8,Air,493.7,12,3.0,154137.34
493.8,Road,9048.5,4,3.6,26011.63
943.7,Road,6281.5,20,8.6,35780.96
787.5,Road,2526.6,3,9.1,18956.95
58.5,Sea,6987.9,7,6.1,9696.68
629.3,Rail,2688.9,26,4.0,20402.15
2042.4,Rail,3909.2,19,8.9,31259.38
3623.2,Rail,3538.9,26,8.2,47714.0
185.8,Road,7459.0,15,4.0,23633.66
1897.3,Multimodal,1072.4,8,1.2,28439.04
3802.1,Rail,2824.8,23,5.1,45485.54
4165.9,Sea,9012.3,15,3.8,32885.84
351.9,Road,8845.7,25,8.4,33315.65
2988.4,Road,9707.1,19,7.9,73407.89
3109.9,Road,278.7,29,7.3,62736.2
4357.4,Road,1156.9,10,4.4,73244.23
145.9,Road,9681.6,2,2.3,21178.12
3610.8,Air,2896.6,7,3.9,168923.94
2770.3,Road,7276.8,29,9.1,70661.09
323.6,Road,9467.2,8,8.6,26428.71
1534.3,Road,8290.6,12,2.6,43679.48
2474.7,Multimodal,3861.0,7,9.9,41819.89
243.6,Rail,6182.5,15,6.7,15490.69
3177.0,Rail,4235.9,8,2.7,33790.59
3933.4,Road,3103.1,16,7.3,74880.84
2467.2,Rail,7433.4,1,2.6,27754.49
3065.5,Rail,9809.2,5,7.6,38796.05
2834.7,Air,4523.3,11,7.2,163950.02
266.1,Road,5522.5,18,9.0,22839.67
1445.9,Air,4353.2,13,9.8,113364.69
3788.3,Road,9759.9,12,2.5,79868.02
3533.4,Road,7260.5,24,7.1,79430.26
1546.4,Rail,5032.0,7,3.7,21277.52
2346.0,Road,7612.3,29,1.7,62032.55
4183.6,Air,1495.5,12,3.6,174555.26
4409.1,Road,343.0,15,1.8,73088.06
3621.3,Road,5106.4,28,6.3,78333.9
1249.1,Road,6934.6,24,1.1,42236.44
454.0,Rail,1048.3,21,6.6,15441.69
4033.9,Multimodal,2641.0,15,7.4,61454.92
2975.3,Road,9816.1,25,8.9,76586.74
3762.9,Road,1768.7,18,2.3,67731.99
352.1,Road,1620.4,14,8.2,15333.98
2535.9,Multimodal,3777.3,23,8.8,49258.92
3933.5,Road,9992.5,17,8.7,88430.68
280.8,Rail,3106.6,16,8.9,13644.18
4193.0,Road,2043.4,11,9.6,76078.88
2963.3,Sea,1779.4,24,5.3,29243.05
1660.1,Rail,7940.2,20,3.5,30715.53
3047.4,Multimodal,8359.2,23,7.4,61784.3
3215.9,Road,7149.7,24,3.2,72489.77
2864.7,Road,8824.1,25,5.6,71719.95
3271.4,Sea,9027.9,13,6.2,29047.76
603.5,Road,7924.9,28,7.4,36865.38
2427.0,Sea,6481.4,6,7.8,21384.37
1424.5,Sea,7713.8,26,10.0,26050.24
585.4,Air,9593.8,25,9.2,150263.59
3175.1,Rail,7153.0,8,3.4,36656.23
2705.0,Road,7400.8,26,9.2,68545.89
4497.4,Road,3426.1,28,9.3,90781.59
3776.7,Road,4809.5,17,9.5,77047.42
1840.9,Sea,9615.9,4,7.3,18544.42
3508.9,Rail,8870.0,14,6.4,45194.6
841.1,Rail,1505.6,20,4.4,18436.56
2119.3,Multimodal,961.1,4,4.5,30007.95
1818.5,Road,4547.9,10,6.6,41500.5
2750.0,Air,1777.1,23,8.1,133763.98
3622.3,Road,9606.5,26,3.6,84135.82
2080.3,Multimodal,7541.9,16,6.1,45413.61
3892.2,Road,8391.1,6,5.2,77914.59
3390.3,Sea,6571.9,7,6.1,25941.93
1219.5,Road,7898.5,10,6.2,38137.35
2400.1,Road,2271.0,2,9.1,43729.75
3828.0,Multimodal,9871.9,8,1.6,63387.82
3391.4,Road,5916.7,7,6.2,66707.58
3694.8,Sea,3392.8,8,8.4,27956.66
1165.3,Rail,9868.9,19,6.3,28499.69
3510.9,Rail,215.7,3,4.8,31631.42
1828.7,Rail,6907.3,12,3.6,27504.48
4320.2,Rail,8281.6,5,9.8,49626.71
2099.1,Rail,875.0,15,2.3,25212.0
4036.8,Road,8119.9,3,3.9,77515.02
2985.7,Road,7050.7,1,4.5,58999.83
4200.4,Rail,3016.6,21,5.2,48174.24
2548.3,Sea,1162.0,13,5.9,22325.98
1072.2,Sea,7745.6,16,8.2,19405.04
2936.7,Multimodal,9214.5,24,8.0,62521.81
1158.9,Road,4306.9,24,2.1,36310.61
3828.9,Air,5722.5,16,7.0,216354.54
390.2,Road,4012.2,24,9.0,24842.53
1083.0,Rail,7626.5,15,1.4,23169.26
3527.0,Road,8612.3,5,7.2,73329.53
1882.0,Road,6114.7,20,5.1,49269.01
718.4,Road,4874.4,16,5.3,27580.35
4474.4,Road,7078.6,25,9.9,96118.84
2057.0,Multimodal,4258.8,11,1.9,36548.71
2153.9,Rail,6174.8,8,1.6,27045.82
1590.9,Road,5147.2,20,9.1,44043.91
301.9,Rail,1785.3,25,5.3,16588.14
1092.4,Road,3978.5,9,3.8,28243.01
1264.7,Road,2607.2,26,6.3,36426.78
2572.2,Sea,2785.0,9,4.4,20624.11
4213.3,Road,152.4,6,5.5,68101.34
633.3,Multimodal,8275.9,4,6.0,23740.14
4386.2,Sea,292.6,11,7.2,30997.77
2135.9,Road,7667.9,29,2.8,59200.69
2625.6,Multimodal,1698.2,23,8.2,47042.67
162.3,Air,9339.1,28,8.6,132978.12
3829.9,Road,8054.2,1,2.5,72487.78
3903.0,Road,1164.4,12,5.4,67862.25
3391.3,Rail,8038.0,20,3.9,44802.63
658.0,Rail,3588.5,5,3.0,11944.58
1823.5,Rail,9141.6,7,3.9,27276.58
4299.8,Road,5090.3,3,7.4,78184.1
1902.2,Road,7332.1,26,9.8,55918.51
1572.4,Rail,234.5,10,8.9,19749.4
389.8,Rail,566.9,16,1.4,11921.98
363.2,Multimodal,19.8,18,2.0,14316.03
1949.6,Rail,332.7,6,4.7,20195.86
2434.1,Road,5529.0,23,9.3,59540.6
3712.5,Road,7839.9,21,1.3,78699.9
4082.6,Road,528.6,16,5.1,71025.61
1801.9,Road,2739.6,9,10.0,38354.74
3796.3,Rail,4612.3,23,4.0,46531.64
2448.9,Rail,5072.3,16,9.5,34901.41
4377.1,Multimodal,6652.5,5,8.5,67897.22
4181.7,Rail,750.1,21,1.2,43325.86
3210.6,Road,7676.7,23,3.2,72977.84
855.6,Air,1486.5,28,2.7,63120.47
4161.2,Air,4141.5,13,4.3,206407.77
529.9,Road,2843.9,28,9.0,26697.22
3683.5,Rail,4931.0,4,1.7,36104.63
2226.8,Rail,2095.1,18,2.6,28769.62
2753.6,Road,7145.3,25,1.5,65198.13
3921.5,Road,6135.0,16,9.4,81253.99
3569.6,Multimodal,6300.6,26,2.1,63520.1
267.8,Air,7191.5,17,7.4,106126.92
1668.2,Road,2122.6,2,4.6,30652.0
4367.2,Rail,5670.8,5,6.8,45731.78
1604.9,Road,5585.2,8,5.0,38765.97
3625.7,Sea,6571.3,19,1.8,30222.13
3279.5,Sea,7813.4,23,1.6,30884.66
4302.5,Rail,8999.7,2,3.8,44780.12
4274.5,Road,1223.8,27,1.8,78088.03
2060.7,Rail,1200.3,6,6.5,22516.79
1029.3,Road,1148.2,14,1.3,24170.97
1358.5,Sea,8921.8,7,4.1,16527.13
1329.3,Rail,3453.3,24,6.8,26386.38
2836.4,Air,6677.2,15,4.7,190571.58
1654.6,Road,3661.7,22,3.9,41958.94
3907.2,Road,4763.8,15,5.2,75598.23
1361.4,Multimodal,6222.1,9,4.1,31191.66
4455.6,Air,4231.0,18,8.4,222869.57
2983.6,Road,914.4,25,1.6,57475.98
1604.1,Air,5776.7,18,5.4,137352.21
2638.9,Air,8853.8,24,5.3,213930.39
1630.6,Rail,5146.1,19,3.8,27503.04
2321.2,Air,9083.4,18,6.3,203008.49
2369.0,Road,5800.4,2,9.2,49581.4
3444.9,Road,6714.9,12,1.3,68658.41
2013.3,Rail,3157.0,13,2.5,25797.18
4269.2,Multimodal,4182.4,26,4.3,69675.67
447.5,Rail,6080.3,20,7.7,19613.1
1447.8,Road,7952.1,29,9.5,51022.49
3362.7,Road,7181.3,19,2.9,72302.87
2685.3,Road,6559.1,12,3.9,58383.1
562.3,Rail,9502.4,4,6.5,16393.76
3662.9,Rail,457.0,10,5.7,36885.39
2990.1,Rail,8920.0,11,5.4,39015.99
2629.9,Road,4286.4,13,3.9,53766.12
3943.1,Sea,1812.9,3,6.0,24898.26
3755.2,Air,1088.3,11,7.0,155927.59
1425.8,Road,9804.1,8,9.6,44559.69
2453.9,Sea,9556.7,15,1.6,24542.95
3867.4,Rail,9886.0,25,4.3,52786.76
296.2,Rail,6012.2,27,5.3,21239.47
1481.9,Road,5059.0,14,6.1,38892.18
1751.7,Air,6736.1,22,6.9,156345.33
1229.2,Multimodal,3307.5,24,1.6,31613.82
2290.3,Rail,3128.8,8,6.9,27156.02
3583.9,Road,5584.0,16,6.7,73503.52
2160.7,Rail,8686.1,29,4.4,39692.01
196.8,Road,9613.9,23,8.4,31373.08
3843.0,Rail,3435.3,15,1.7,40778.35
926.7,Rail,8992.0,15,7.2,23945.5
1944.4,Road,1310.3,10,3.8,36858.28
97.5,Road,1395.8,5,7.4,6824.4
1980.6,Sea,9543.2,5,2.6,18213.12
1689.2,Road,9332.8,29,7.0,56676.68
1304.6,Rail,1195.0,7,6.5,16444.42
4218.0,Road,9126.9,9,1.4,83083.5
3053.9,Air,4829.9,19,3.8,177643.8
4120.0,Sea,8379.3,22,6.8,37394.84
2102.6,Air,2928.1,13,4.9,118659.8
2324.9,Road,7059.0,22,9.2,60090.29
4270.1,Multimodal,8792.1,28,1.8,75831.54
2062.6,Road,7989.8,16,3.5,53188.19
144.8,Air,3544.7,19,9.0,58837.6
2905.0,Road,827.7,28,1.8,57617.19
894.8,Multimodal,8518.4,21,7.3,35007.67
4290.5,Road,3749.4,22,4.5,82331.42
316.9,Rail,5983.6,2,1.6,9990.51
4039.5,Multimodal,161.1,17,5.8,57853.21
656.9,Rail,9688.5,1,9.8,16273.8
1164.5,Sea,1381.5,4,7.9,11823.11
688.4,Rail,6483.9,7,5.8,15930.64
1502.7,Multimodal,8086.2,17,5.5,39583.73
484.6,Sea,1097.2,23,8.5,16889.26
1687.8,Rail,5713.1,13,7.3,26737.94
1399.3,Road,9623.5,22,3.1,48702.67
3340.0,Sea,9093.2,7,6.3,26848.72
2752.6,Road,2743.8,4,5.6,49499.25
3077.0,Road,9613.2,23,3.6,74566.22
2210.4,Sea,9639.2,5,7.6,20936.54
3839.5,Road,4554.8,5,9.6,72234.81
1595.0,Road,1573.5,20,8.9,37747.84
1813.6,Sea,670.9,16,6.2,19829.79
439.5,Air,4504.2,2,7.8,73363.2
4495.7,Road,5381.2,20,6.4,88764.6
2037.4,Road,2599.3,29,5.9,49611.21
4120.9,Road,44.3,23,1.7,71803.34
3837.8,Sea,1368.8,13,6.0,28652.95
1170.8,Road,2416.8,18,7.5,31310.52
2258.3,Road,3132.1,12,6.0,46394.64
2648.8,Air,4166.2,3,6.5,149109.59
3803.2,Rail,7178.4,6,2.1,40031.94
442.8,Sea,7830.6,2,1.9,9349.14
3727.9,Road,3508.8,27,5.2,76033.68
508.5,Road,9202.5,20,1.4,33649.85
2022.6,Road,1763.8,10,8.7,40303.94
3880.4,Rail,3234.8,9,1.3,38007.95
1055.2,Road,1425.0,4,1.5,20493.43
212.7,Road,6727.8,28,7.7,28584.25
219.8,Multimodal,2193.8,23,3.8,18142.28
853.9,Road,6812.1,2,6.1,26953.54
2436.9,Rail,420.0,12,1.2,25632.44
4018.5,Rail,2080.8,28,3.6,47959.54
3191.7,Road,4824.7,6,5.9,61053.55
3623.2,Rail,7764.9,5,2.9,39224.18
1113.5,Road,1595.2,21,6.8,30259.74
1724.3,Road,2144.6,11,7.8,36367.33
2362.0,Road,6099.3,28,4.1,59837.56
1657.5,Sea,8164.9,9,3.6,18289.22
3386.7,Multimodal,5619.2,20,7.0,60139.66
4366.8,Rail,6158.9,23,7.1,54508.3
3462.3,Air,9804.7,20,2.9,251841.18
4231.1,Multimodal,7941.2,14,2.7,68418.04
4403.8,Road,4594.4,25,9.7,90351.28
1449.5,Road,875.3,23,7.5,35088.88
2774.4,Road,8823.6,26,3.2,69805.04
3449.9,Road,8103.1,7,6.9,71913.11
2787.4,Rail,4278.5,10,3.0,31661.93
2694.7,Rail,8015.0,5,8.4,34214.76
1660.5,Rail,7278.6,10,6.5,26258.64
2388.0,Rail,2003.0,20,3.9,31279.33
1536.6,Road,1764.9,9,4.7,31274.71
1019.8,Road,7818.3,16,9.5,38128.92
1713.4,Road,5606.9,7,6.2,40301.6
1800.2,Rail,4465.8,7,6.0,23453.06
653.6,Road,3706.7,12,3.3,22461.0
2201.0,Road,7191.5,15,4.4,53506.77
2868.1,Road,4039.5,3,8.8,54608.24
472.9,Rail,130.4,1,6.0,5735.1
2392.4,Sea,3132.6,6,7.3,19597.6
399.9,Sea,9054.0,26,4.5,20730.33
3853.3,Sea,3696.6,29,9.0,38624.91
1842.3,Sea,416.0,22,4.3,22117.26
1097.9,Road,7302.0,3,3.4,31563.77
1701.7,Air,2764.1,22,7.2,107018.17
2935.1,Road,596.3,8,8.2,51513.72
2152.1,Rail,7989.6,4,3.3,27398.03
2715.0,Road,73.4,4,5.2,43962.03
2683.9,Rail,1606.6,4,3.0,25714.09
3130.9,Road,1988.6,22,4.4,61582.98
4194.4,Rail,6889.7,27,6.1,54841.35
2939.8,Road,1129.6,19,8.7,57619.44
746.2,Road,7051.6,6,4.5,27298.82
2056.1,Sea,3177.3,7,5.1,17847.77
861.5,Road,5132.2,9,1.9,26565.76
618.8,Air,8165.4,4,4.9,124424.15
3351.6,Road,4426.7,29,7.5,74007.07
702.9,Rail,1545.1,10,6.0,13032.26
3515.0,Air,1376.4,19,9.0,155421.0
2353.2,Road,3851.7,23,6.2,54239.6
1910.5,Road,1550.1,2,5.9,33724.09
3930.8,Multimodal,6309.8,9,6.9,62802.18
4050.8,Road,5966.0,13,8.2,80959.84
973.3,Rail,7118.1,27,1.3,27178.38
3601.2,Air,6045.6,22,7.4,215065.14
2728.7,Road,3596.0,25,2.6,58972.89
2235.7,Rail,5971.2,8,1.6,27449.51
1074.1,Sea,8649.0,18,6.8,20460.17
3612.6,Road,430.8,17,7.8,65558.08
3966.8,Rail,927.5,24,6.2,46259.89
3285.7,Sea,9782.6,13,5.6,29092.13
1245.4,Road,7681.3,12,3.6,38569.54
324.2,Road,731.4,24,2.5,17551.01
2158.0,Road,9399.5,26,5.9,62382.96
1211.1,Multimodal,9423.4,20,7.8,39823.98
1543.4,Road,6784.7,24,4.2,46928.98
1488.7,Rail,9192.0,16,3.2,28488.36
953.3,Rail,3423.2,25,5.7,23552.16
4430.6,Road,4044.7,13,1.6,79034.73
3851.0,Rail,4417.1,20,9.1,48315.34
376.9,Road,9158.0,20,6.7,31991.35
3774.8,Sea,9409.5,21,5.3,34794.83
117.8,Sea,5956.9,26,5.6,18081.76
3747.1,Road,9056.0,25,6.1,85926.31
880.4,Road,8564.1,8,9.8,33667.85
2112.7,Road,4247.9,6,3.8,42823.42
1437.6,Road,7031.1,4,1.7,36371.14
2603.6,Road,1851.9,25,9.1,56556.18
2011.3,Road,1496.5,11,9.5,40281.17
164.9,Rail,6791.7,27,6.6,20761.36
3381.5,Road,4367.2,15,6.8,67650.68
2169.8,Road,6965.0,15,2.7,52311.61
948.9,Road,7944.2,12,1.1,34225.54
2681.6,Road,4199.6,18,6.7,57850.02
829.6,Road,9514.7,19,7.9,39277.39
2448.2,Rail,9150.7,10,1.6,32910.21
1937.4,Road,981.1,21,8.4,42366.97
2407.9,Road,1362.0,27,5.3,52061.25
2583.9,Rail,1328.3,18,8.5,33099.37
191.7,Road,5287.3,11,2.0,17946.0
2869.7,Road,4703.1,15,6.7,60345.86
1351.5,Road,8837.9,12,7.3,42994.22
1531.1,Multimodal,3695.2,22,5.7,35551.3
3482.8,Road,4566.3,1,6.9,63303.99
820.4,Sea,8798.8,20,6.3,19964.55
1525.5,Sea,5526.6,18,4.7,21023.9
310.8,Sea,6010.7,22,8.0,17442.81
4345.9,Rail,1184.7,16,9.5,48276.89
1025.3,Road,323.7,27,7.6,29330.76
3945.1,Sea,7890.0,21,2.9,33644.07
2713.5,Rail,2901.3,21,7.2,36477.38
1936.6,Rail,5019.6,17,6.8,29893.19
2616.9,Rail,8471.0,15,1.4,35753.15
2555.8,Road,4059.7,28,8.1,60773.4
2688.3,Road,9317.8,26,6.3,70571.98
1527.7,Multimodal,6759.8,22,9.0,40823.18
3983.8,Air,609.5,24,7.6,164571.95
3511.5,Road,1232.9,21,2.6,64579.19
4400.4,Multimodal,8135.6,12,8.8,73728.04
3754.2,Road,9911.8,4,5.5,77759.89
1635.4,Road,1689.2,6,2.7,30711.17
1434.3,Rail,5566.1,13,3.9,23605.81
2102.8,Rail,4282.5,7,2.5,24783.91
273.7,Sea,3591.3,21,6.7,15808.67
1773.0,Sea,7349.8,21,7.0,24886.46
152.8,Rail,187.4,20,7.9,11663.13
778.4,Multimodal,6825.1,28,3.5,33793.93
1415.8,Rail,1243.7,9,2.1,17458.17
2897.6,Road,3962.3,27,1.9,62649.88
4383.5,Rail,3839.6,8,9.7,47411.0
731.7,Sea,3200.8,24,3.9,18952.55
450.7,Air,9522.5,14,3.5,139142.19
4162.4,Road,6518.9,19,5.4,84537.73
2238.7,Road,3950.2,4,9.6,45185.47
2756.8,Road,1182.0,10,9.4,51105.59
97.7,Air,1027.5,11,7.6,23280.25
1472.6,Multimodal,6978.2,2,4.2,30422.88
2274.8,Road,1726.1,15,3.1,44663.65
1172.2,Rail,6844.9,20,1.5,25425.64
3625.9,Rail,9564.5,15,3.2,45442.62
2732.4,Rail,7424.6,19,1.5,37458.82
4299.3,Road,4564.2,6,7.0,78376.68
3139.6,Multimodal,6542.2,6,4.8,51267.83
695.7,Rail,1433.1,14,8.1,14874.5
2353.8,Sea,3979.1,27,5.0,28379.86
698.3,Rail,5345.5,19,4.6,20287.01
3874.7,Air,3329.0,4,8.6,184860.89
1491.2,Rail,5653.7,25,6.3,30170.5
1971.1,Road,1662.9,20,9.5,43985.43
3920.5,Rail,7886.6,12,3.8,45246.11
1194.4,Sea,3691.9,28,6.8,23528.15
2072.1,Road,2229.1,4,9.0,39258.86
3533.5,Sea,4952.7,2,6.2,23844.89
302.4,Sea,6034.5,1,3.3,7809.95
1252.7,Road,5060.5,7,4.5,31913.86
502.1,Air,665.9,29,6.6,41573.47
3354.0,Rail,3332.2,28,3.2,43669.51
664.9,Air,2138.5,6,5.4,54676.83
4314.8,Road,7992.7,29,7.4,95434.0
1715.3,Air,9651.7,2,4.8,180601.17
2383.6,Sea,6684.8,8,5.5,21319.86
1005.4,Rail,9264.6,18,5.8,26139.35
3796.4,Rail,8102.8,19,9.7,51057.47
1079.0,Rail,555.4,3,7.1,12418.12
2162.9,Sea,8329.8,17,7.4,25543.93
4346.4,Multimodal,7087.1,24,5.0,74536.62
2129.6,Rail,2508.0,15,2.1,26861.18
2268.7,Rail,3221.3,11,5.6,28054.58
3885.8,Road,7613.1,9,5.8,78151.34
4015.0,Road,9303.4,29,1.2,89361.41
3174.5,Road,2098.5,25,4.3,63810.92
107.0,Road,7699.8,13,4.2,21957.41
3258.6,Sea,7385.5,1,8.9,24312.93
3360.9,Road,7855.9,27,7.9,79617.53
1601.7,Air,4984.9,11,1.7,123741.49
2869.9,Rail,380.0,18,7.3,34251.3
1220.4,Sea,1347.0,27,6.1,22261.87
1470.9,Road,4241.0,23,6.5,41319.79
1614.2,Sea,7225.6,25,1.4,24358.49
3913.1,Air,8303.9,6,4.0,244181.37
4182.0,Rail,7922.7,3,1.2,41654.35
3250.4,Multimodal,6960.4,12,3.5,55298.01
845.2,Road,8262.4,27,8.7,40976.94
3158.8,Road,5700.9,13,7.8,66151.54
1154.3,Rail,23.2,8,7.1,14695.02
646.2,Sea,6316.3,21,9.8,19053.15
2299.6,Road,8640.1,10,1.9,54565.62
4062.8,Road,5025.5,17,2.5,77786.46
1666.6,Road,6226.9,13,6.6,43497.46
2893.2,Air,8731.5,5,7.4,213984.79
3376.2,Rail,8916.8,7,8.3,41924.82
3815.9,Road,7366.9,6,8.5,76724.18
192.4,Air,2616.8,2,3.6,41631.04
2272.7,Sea,922.8,10,5.8,19442.45
4039.2,Sea,2803.0,19,9.0,34735.25
1323.8,Road,9785.1,29,7.4,51955.12
339.2,Sea,5056.3,2,7.3,8197.91
1675.1,Rail,8053.6,5,3.0,24041.37
3220.9,Sea,2579.6,16,7.7,28300.59
4395.8,Road,8531.6,24,9.9,97038.98
2537.1,Rail,3128.1,29,2.2,36921.36
4189.1,Road,9715.6,10,2.0,84540.97
4209.3,Road,5761.3,23,9.1,88133.27
3668.2,Air,8850.2,7,7.6,244457.83
2005.1,Rail,23.8,22,5.3,27693.39
3288.0,Sea,3403.7,17,3.6,27445.49
4136.3,Rail,3853.9,17,2.9,45074.41
3831.9,Road,6604.7,4,3.6,71977.69
2540.0,Sea,5422.5,8,10.0,23248.07
3971.5,Road,6772.5,17,2.2,79329.12
3783.2,Rail,4342.4,5,4.2,38156.19
585.1,Rail,2624.1,13,8.5,14554.29
1273.5,Road,9481.6,14,7.3,43820.75
3785.3,Road,2108.8,6,2.3,63309.39
3443.5,Rail,8420.2,13,9.1,45197.93
1728.9,Road,9005.4,1,6.7,44066.56
2377.2,Road,2747.1,12,9.8,48993.49
4435.3,Road,5834.2,27,5.3,91116.87
1728.8,Road,7385.8,7,9.5,44623.88
1003.3,Multimodal,8753.0,14,5.0,33326.01
3055.1,Rail,8331.6,13,4.9,39720.11
791.3,Multimodal,8176.2,20,9.1,32964.45
454.3,Sea,705.4,24,7.4,16938.0
3957.0,Road,9770.7,10,3.5,82124.05
3956.8,Multimodal,5225.5,9,3.5,59508.41
3459.3,Road,3097.2,19,3.2,66484.37
83.3,Road,1962.4,14,7.1,11733.24
936.2,Road,9612.0,26,1.2,43370.13
3566.5,Road,592.5,4,6.4,58519.72
3632.2,Road,9302.1,22,9.6,85066.88
2184.7,Sea,2154.2,26,1.4,25365.07
3772.2,Road,9764.9,18,3.9,83224.76
3845.4,Rail,417.2,5,5.9,36084.87
3666.0,Road,1333.6,29,7.8,73481.79
3408.6,Rail,118.6,16,7.0,37619.45
3706.7,Rail,140.0,17,8.9,41650.17
528.0,Road,9255.3,19,3.3,33710.29
2340.5,Road,7665.0,16,8.3,58455.5
1975.9,Road,8959.1,26,3.0,57958.07
256.4,Air,306.1,4,3.9,17081.65
4454.8,Rail,664.5,23,3.2,47678.82
2403.8,Sea,9937.2,26,7.2,31491.34
3749.8,Road,4910.5,18,2.5,73349.63
1933.7,Road,1362.0,16,4.2,39454.79
1438.4,Road,4457.7,22,6.2,40774.91
2327.2,Multimodal,1054.0,1,2.8,30563.47
657.3,Road,9812.3,16,9.1,35898.04
841.0,Rail,7186.1,22,9.6,25066.29
267.6,Road,1992.2,13,6.8,14153.99
3863.4,Sea,5621.8,29,2.3,35564.76
2447.9,Road,7245.0,1,3.7,50909.84
4438.5,Rail,7400.6,21,9.4,56835.84
3724.3,Road,3012.8,18,1.6,69022.33
2491.8,Road,770.8,13,9.0,47332.58
2384.8,Road,8800.6,22,3.9,62327.25
2264.9,Road,9310.3,9,8.2,57045.76
258.3,Road,5429.8,1,3.6,14741.77
247.2,Rail,8647.0,14,9.7,17494.46
2205.3,Air,5411.8,18,3.3,153728.24
4048.8,Road,2620.6,29,2.3,78461.33
2925.4,Air,6578.8,15,1.8,191346.93
2393.8,Sea,5665.3,10,3.9,21144.24
2770.4,Sea,9065.8,4,3.3,21479.86
1413.7,Sea,9417.9,17,1.8,20944.83
1575.9,Sea,4398.3,19,1.9,20476.73
3332.5,Road,1741.1,22,4.3,64166.96
943.2,Sea,7867.6,23,4.8,21474.62
774.0,Road,2339.4,19,6.1,25221.15
2337.5,Road,5837.1,17,4.4,54168.05
3336.7,Sea,6689.2,27,3.7,33548.52
1383.0,Rail,8492.1,10,8.5,25458.68
1871.0,Road,2081.3,8,8.2,37358.36
2475.2,Air,8352.2,4,9.7,194747.45
3997.6,Rail,5113.9,13,4.2,44159.27
2818.2,Road,5315.2,20,5.5,62279.31
3844.9,Rail,9360.5,23,4.5,51406.12
1742.8,Multimodal,3816.0,6,5.9,31076.39
2646.7,Road,306.1,27,7.1,54540.62
2929.9,Road,2660.8,6,9.6,54816.99
4114.7,Road,7669.8,8,1.6,78610.8
3631.9,Road,8501.5,11,5.2,76322.07
662.3,Road,5036.5,13,1.7,25193.6
3027.2,Rail,4676.2,19,7.4,40024.16
239.3,Sea,3543.1,5,7.4,8413.69
4470.8,Road,8290.3,3,8.0,87064.62
1843.4,Sea,4162.0,29,4.4,26804.03
3008.9,Rail,2482.5,10,7.4,33852.0
848.6,Road,7246.7,13,3.3,32243.31
3519.4,Rail,5177.9,17,9.1,44794.11
3129.7,Rail,795.3,8,1.4,29650.04
1579.0,Road,6796.7,20,9.7,46953.49
1623.1,Road,4116.7,7,1.3,34972.79
3066.8,Road,8532.5,23,7.2,74168.96
1660.1,Road,9439.5,4,3.7,44344.18
4274.0,Road,9654.2,25,3.6,93569.27
1464.7,Rail,9889.6,18,3.6,29901.39
1204.9,Sea,8563.6,26,8.5,24975.24
3425.1,Air,3662.2,3,2.2,168839.15
473.7,Road,2582.3,24,4.9,23257.74
2535.1,Air,2035.8,2,8.4,119760.98
2807.4,Rail,7392.2,27,9.7,45111.06
1389.4,Rail,6408.7,14,2.5,24147.44
4279.8,Multimodal,5768.0,6,4.3,63209.28
1875.2,Road,4127.8,11,9.0,42747.89
1264.0,Sea,7704.9,5,7.7,15354.82
3081.2,Rail,4062.7,8,4.5,33718.88
3246.9,Road,4487.9,19,5.8,67136.91
1924.0,Sea,3362.2,26,1.2,24607.15
820.1,Road,4693.4,2,1.0,21949.58
2845.0,Road,1240.1,19,9.1,56529.01
1123.0,Rail,9180.5,14,3.4,24730.45
1005.4,Rail,7516.3,29,7.9,29797.08
2602.6,Road,5628.1,1,2.3,49729.96
4437.1,Sea,8658.1,16,8.3,37485.19
3118.5,Road,1423.2,19,6.6,60096.06
3647.0,Rail,1357.0,14,1.8,37093.39
3210.2,Road,7718.7,5,3.0,64682.29
1679.3,Road,3807.4,4,5.0,34818.63
4081.2,Road,7798.6,23,7.6,88871.09
3639.9,Rail,7964.3,18,9.4,48898.36
3110.8,Road,9146.2,25,1.8,74277.19
2438.3,Road,3177.8,1,8.3,45099.03
1631.1,Road,530.2,9,8.7,31388.7
2025.9,Road,4841.5,12,5.9,45931.56
1400.7,Sea,831.6,26,9.8,23176.2
4141.0,Rail,5162.1,23,8.1,52224.08
1482.3,Road,8696.4,25,9.0,51008.17
4219.4,Rail,5363.1,2,5.3,41936.47
1996.9,Sea,1872.7,10,6.5,18627.15
3769.4,Road,2269.2,28,8.9,76889.59
1135.3,Sea,8697.8,22,1.5,21689.15
4343.4,Road,8456.5,28,7.0,95980.49
4037.5,Sea,4638.2,22,5.4,34626.59
3148.4,Sea,7624.9,12,9.9,29208.15
4137.3,Rail,174.3,20,5.7,44968.22
2798.3,Road,8659.3,4,2.8,59690.79
69.7,Road,1976.1,27,3.1,17398.93
1134.9,Sea,2378.3,22,9.0,20516.37
406.8,Road,5420.7,11,2.0,21344.23
300.2,Sea,4643.4,13,3.6,12627.88
2120.5,Road,1429.1,10,1.3,38814.57
4396.7,Sea,7004.0,6,8.2,32034.88
1775.5,Air,5776.4,5,9.3,138559.46
4353.7,Rail,9076.0,18,2.3,51663.07
4009.8,Sea,9651.0,2,6.6,28318.88
795.5,Road,3922.7,1,7.0,20512.04
3976.4,Sea,3838.7,10,2.4,26828.3
1162.4,Sea,8539.2,12,3.5,17640.19
241.0,Road,1199.1,22,7.0,16448.54
544.7,Rail,360.1,28,1.6,18368.73
2326.4,Sea,182.0,6,9.6,18959.63
2808.8,Road,9531.4,17,7.1,69087.49
117.4,Rail,4406.6,3,4.7,7598.8
3167.4,Sea,6421.4,11,5.2,26152.75
336.8,Road,1370.0,3,2.4,9365.46
2927.6,Road,422.6,14,3.1,51481.68
273.5,Road,8862.9,20,9.3,29909.86
1350.1,Road,7399.8,24,5.3,45439.43
3978.5,Multimodal,7560.9,25,2.8,70093.54
4320.8,Sea,4664.3,22,6.8,36935.17
240.3,Road,6261.0,19,4.1,24038.96
3705.4,Air,6221.3,28,8.7,224311.2
2705.2,Road,9886.2,3,8.0,62301.69
4205.4,Air,4694.2,9,4.1,212624.7
1748.7,Rail,3953.1,29,6.9,32817.97
3086.3,Rail,7100.6,28,3.1,44698.09
385.2,Rail,6867.3,21,3.7,19916.19
1366.4,Road,6002.3,23,9.4,43500.13
2092.9,Rail,3913.6,6,2.1,23826.72
1949.2,Rail,4447.4,4,2.5,22424.65
3491.1,Rail,2480.5,9,4.8,36250.51
442.7,Air,2352.5,18,6.5,54787.41
272.1,Rail,8619.3,23,3.2,21541.98
382.7,Sea,2186.4,15,2.8,12775.71
18.1,Road,8464.8,27,8.6,28340.99
1329.2,Air,1795.8,9,7.2,76035.61
4130.2,Multimodal,5438.1,24,7.5,71037.2
3133.4,Rail,4763.8,17,9.9,41289.16
1516.1,Sea,7648.3,26,5.5,25536.96
929.0,Road,8872.6,9,3.0,34589.7
3275.1,Rail,2549.0,2,6.6,32274.27
3132.5,Road,4554.5,5,1.2,57022.53
2703.8,Air,1821.9,17,5.7,128942.29
3930.5,Sea,3430.8,25,7.4,36244.04
2759.0,Multimodal,2486.6,2,4.7,38900.81
1635.2,Sea,9663.0,15,4.7,21796.5
3311.9,Road,4371.5,22,2.1,67416.24
1071.2,Rail,2704.5,20,5.8,21603.78
2771.2,Rail,1053.2,5,4.2,26899.29
174.1,Sea,3490.1,26,8.2,17457.79
1924.8,Rail,9012.2,21,2.9,34082.39
371.9,Rail,7101.5,27,5.6,22821.64
4336.7,Sea,1401.4,2,2.3,23723.91
678.9,Rail,136.2,3,6.3,8403.79
1370.1,Sea,6055.4,21,5.4,21997.77
1189.4,Rail,9584.0,15,7.7,26827.2
1418.4,Sea,2846.4,14,2.3,17097.48
1999.0,Multimodal,3795.9,26,5.1,42872.57
1195.8,Road,8189.0,8,1.1,36479.57
1697.9,Road,3769.2,13,8.6,39996.8
1203.9,Rail,5379.3,16,4.7,23165.07
4394.2,Road,342.9,6,7.7,72687.92
1300.5,Road,6799.2,22,4.3,42439.22
1366.8,Rail,178.6,17,7.1,20822.83
1669.8,Road,3698.1,24,8.6,44372.44
2834.2,Road,850.9,23,7.4,56693.02
4365.7,Rail,497.1,8,4.9,41241.32
2649.0,Road,55.2,7,8.5,45642.21
4429.9,Road,219.6,28,6.1,81909.31
1561.0,Road,5891.9,26,5.4,46810.2
4142.0,Road,206.5,22,9.2,76548.74
1754.0,Road,753.3,28,8.9,42353.39
2831.0,Sea,4116.2,18,4.5,26427.64
237.8,Sea,4075.3,21,3.0,15587.65
23.6,Road,2635.1,26,4.4,17346.31
1017.7,Road,6646.8,4,1.4,29426.18
178.8,Multimodal,679.2,3,5.0,6427.23
1909.7,Sea,2877.4,9,2.2,17008.66
2012.5,Road,6952.0,12,5.1,49214.94
4297.2,Road,1067.6,13,5.9,74419.55
783.9,Road,7110.4,18,6.9,33709.79
2039.9,Air,169.5,3,4.4,78603.39
1388.7,Multimodal,7022.1,22,4.1,38570.46
274.1,Road,7869.8,2,2.4,19716.47
485.0,Road,6968.5,3,4.5,21852.91
3948.8,Road,7591.6,26,2.2,84567.35
1791.6,Road,8277.3,5,4.9,45046.01
3446.5,Multimodal,4704.2,6,8.2,53892.96
2022.0,Road,3670.0,13,8.0,44840.29
4108.9,Road,6626.4,7,8.3,80327.1
3161.3,Road,5809.2,28,8.5,73614.43
1538.1,Rail,7096.3,4,4.0,21836.26
3883.0,Road,8159.8,26,9.8,88980.94
396.0,Road,362.9,22,6.8,17250.13
346.8,Multimodal,5959.2,27,1.8,26995.36
2499.0,Road,5865.4,18,5.4,57549.17
3292.2,Road,7485.6,12,9.4,71852.22
2706.3,Rail,9012.4,4,2.0,32289.31
2983.7,Rail,2300.1,26,5.9,39962.72
1176.5,Sea,8961.2,24,8.1,24005.48
3951.3,Road,7536.3,7,7.4,79060.04
4373.0,Road,2450.8,25,7.8,84774.35
1750.6,Road,6601.9,12,8.9,45625.23
1843.1,Sea,6738.6,26,7.4,27358.31
2044.7,Road,3276.8,19,3.0,45615.1
904.5,Road,3781.6,2,4.8,22107.1
639.1,Rail,882.8,26,6.0,19021.35
3497.3,Road,5267.2,14,9.7,72199.07
2730.4,Sea,9789.3,9,6.8,25152.71
680.7,Road,579.1,8,8.4,15887.45
2234.5,Sea,6104.5,3,4.3,17706.97
4482.3,Multimodal,208.4,13,3.0,59350.47
2372.0,Road,453.8,5,3.1,39200.92
4105.5,Road,5847.2,13,9.0,82018.83
3760.6,Sea,7015.2,12,9.6,32121.04
501.9,Road,6115.9,17,5.7,26988.39
1823.7,Road,5024.1,11,8.7,43372.82
2520.9,Road,7697.7,10,7.7,58458.02
2923.6,Rail,1712.2,24,2.7,36655.99
1315.0,Road,9271.6,15,8.8,44824.37
39.6,Road,7146.4,14,9.2,20368.73
1396.8,Road,7779.0,12,1.5,40532.04
2551.5,Road,478.0,17,2.0,46902.03
1580.8,Road,5721.7,2,3.4,35483.3
1716.4,Road,5082.4,6,2.3,37886.74
3765.9,Sea,8502.4,17,5.5,32669.56
1879.1,Rail,7925.6,7,2.0,26082.86
4357.6,Road,3260.3,6,7.2,76964.55
742.3,Road,1438.5,16,3.4,21491.59
409.9,Road,2701.5,27,2.3,23766.17
962.0,Rail,8981.8,3,8.1,19092.12
400.5,Rail,3855.3,6,5.1,10738.24
1126.1,Multimodal,9296.5,23,1.9,39006.02
2449.3,Rail,3878.5,22,4.1,34476.15
1168.4,Rail,9891.1,10,2.1,23700.39
3682.4,Road,2919.2,15,1.8,66959.33
1617.6,Rail,4196.6,19,8.8,27799.0
1820.2,Rail,3157.2,3,7.7,21080.66
395.3,Air,9904.0,25,3.8,146680.58
1221.1,Sea,4266.2,15,9.4,18660.21
546.5,Rail,8104.3,23,3.0,23159.29
1050.7,Road,1585.8,27,4.0,31438.94
2965.2,Sea,989.3,18,6.3,26571.67
1720.9,Road,8975.6,12,8.7,49354.9
91.0,Road,3977.2,5,7.0,11441.41
1207.0,Rail,7172.9,23,2.2,27441.69
3922.3,Road,4225.0,8,1.4,69491.64
1703.6,Road,8125.8,21,4.4,50572.85
2535.0,Road,6134.2,17,9.8,59735.27
2157.0,Rail,7249.2,29,7.9,39483.65
4381.6,Multimodal,7628.1,11,8.5,72170.68
1258.1,Road,1747.4,16,7.7,30666.62
3183.3,Road,3553.3,22,6.4,66110.98
2685.8,Multimodal,3170.0,12,10.0,45730.02
2789.7,Rail,6158.5,2,6.1,31142.47
3630.0,Road,519.4,10,5.6,61783.77
755.0,Air,1606.9,7,3.8,51762.82
3799.3,Road,34.4,21,2.0,66340.43
469.5,Rail,3899.0,18,1.1,16450.3
2992.8,Road,4395.3,24,7.6,66067.34
936.2,Road,1803.7,21,7.6,27848.65
2891.4,Rail,1722.2,19,6.2,35674.75
523.6,Road,4286.2,22,8.7,26519.41
3194.6,Road,2497.6,4,7.2,56637.64
1451.9,Sea,751.1,22,4.5,20461.55
2994.8,Rail,9221.5,18,9.3,44278.2
2465.6,Air,8656.1,27,1.5,205307.65
1014.9,Road,535.6,3,6.3,18595.79
2394.8,Rail,2060.5,20,8.3,32963.87
719.8,Road,7068.0,5,6.3,26816.34
4465.4,Road,685.6,11,1.1,72242.32
2685.6,Road,9190.8,8,4.5,61550.69
2300.4,Road,158.9,27,4.2,47764.28
4133.9,Road,5376.5,12,5.5,79051.03
1354.5,Road,4021.2,2,8.5,30137.45
1030.8,Air,4775.3,26,2.0,107907.57
2866.2,Road,7250.4,23,1.5,66172.6
4084.3,Road,286.3,8,8.1,68973.6
2926.1,Road,6222.8,20,3.5,64753.68
103.0,Rail,8360.1,9,9.6,13726.44
3882.4,Rail,7049.1,26,6.1,51922.18
1341.7,Rail,3681.9,15,4.9,22275.22
3911.7,Air,1857.8,15,4.1,170874.26
4417.0,Road,7148.2,11,9.5,88822.32
2932.7,Sea,3629.5,23,9.8,31325.76
1266.6,Road,7998.3,28,4.1,46831.72
1020.2,Road,275.7,20,9.7,26324.77
3171.8,Rail,123.6,9,6.2,32048.25
246.7,Rail,4925.5,20,4.3,16630.85
2927.5,Road,1175.8,5,9.8,51690.55
1395.0,Rail,8254.3,16,9.9,28364.01
17.1,Road,843.3,26,9.4,14133.78
2852.7,Road,9475.4,1,4.8,61459.96
2620.8,Rail,2826.0,16,8.1,33753.2
2381.9,Rail,8754.0,10,9.9,34975.58
1122.8,Sea,2761.9,22,1.9,19298.4
4116.3,Sea,4092.7,28,2.5,35664.04
149.2,Rail,2104.3,23,2.2,14693.33
502.3,Road,500.0,24,4.0,19797.48
1751.4,Rail,5966.7,2,2.2,21130.61
1752.6,Multimodal,8058.1,14,9.4,42168.65
580.4,Sea,7301.8,15,5.4,15953.16
4424.6,Road,9705.5,15,5.5,92721.7
4443.4,Rail,9077.1,7,7.5,50861.23
3480.6,Multimodal,1402.1,20,3.0,52895.03
1372.7,Road,6263.8,12,9.3,39119.55
1538.3,Rail,4749.8,4,3.8,19661.54
4014.0,Road,1875.0,2,5.1,66143.83
38.5,Road,7522.6,24,6.5,25500.46
704.0,Road,4840.5,13,8.9,26325.42
1259.5,Road,6988.0,12,8.1,38381.99
4493.8,Road,620.1,6,6.1,73735.64
208.8,Air,1141.5,29,8.0,36889.96
2920.3,Sea,4434.4,8,4.3,22303.46
3644.0,Rail,201.8,17,4.9,39080.6
473.4,Sea,1903.5,27,5.5,18774.6
561.7,Road,8377.9,8,9.2,28208.47
1266.7,Road,4712.5,2,3.0,28924.04
2646.5,Rail,7158.8,21,6.9,39762.27
1109.9,Air,1641.6,13,5.7,67799.77
2276.4,Sea,3832.5,6,7.8,19516.3
852.9,Road,8190.0,6,8.8,31605.82
3382.9,Road,436.4,22,1.1,60937.1
1823.8,Road,3165.7,15,4.2,40634.62
941.4,Rail,5114.8,25,7.8,25223.48
3588.9,Rail,6224.2,6,8.9,41229.16
1084.9,Rail,1478.2,2,5.1,12434.78
2340.0,Road,9257.8,21,4.2,62111.56
169.2,Sea,7375.3,25,3.7,18427.03
1400.4,Rail,646.9,5,8.9,16307.38
783.2,Road,4461.0,8,6.8,24408.71
1154.3,Rail,8895.7,8,4.3,22225.07
4436.8,Road,9003.2,10,5.3,89093.97
1668.6,Rail,8796.4,16,2.0,29447.92
675.0,Road,1198.6,11,9.1,18430.16
4444.5,Road,5011.9,26,6.1,89835.01
1353.4,Road,4549.2,5,6.4,31959.45
3339.4,Road,4219.5,20,8.3,69799.75
3984.0,Road,3803.6,23,4.7,78357.33
1589.2,Road,8589.8,20,3.7,49045.99
2904.8,Sea,7920.8,25,7.2,32655.96
243.3,Multimodal,1888.1,29,3.6,20677.71
1773.8,Rail,7832.5,26,4.4,34423.5
4031.3,Rail,6793.3,22,5.9,50951.04
3607.0,Road,478.5,1,4.7,56744.59
1103.8,Sea,1056.3,26,9.9,21663.34
88.3,Road,9486.5,19,9.5,27626.85
2786.2,Rail,5306.1,7,6.1,32526.15
543.8,Sea,9980.5,21,3.9,19372.25
3666.6,Road,9656.4,4,4.2,75339.3
2100.8,Rail,7688.0,20,3.9,34033.6
1791.1,Rail,3229.6,9,8.1,23759.19
1115.9,Rail,1945.9,3,2.7,13107.47
2473.9,Sea,121.2,4,2.4,16108.1
3691.0,Rail,1566.5,23,5.1,43478.43
2125.3,Sea,8790.7,10,7.0,22181.16
441.6,Multimodal,7135.2,14,6.5,24246.35
2509.5,Road,8475.3,14,3.4,59866.55
1474.1,Road,8403.8,7,5.0,41364.47
2326.3,Road,9749.8,25,4.0,64578.15
391.6,Sea,7000.1,2,7.2,9183.68
339.4,Road,5620.2,5,1.4,17941.28
3309.6,Road,5913.1,1,8.5,63842.64
2201.3,Road,6821.7,20,8.8,56662.27
1836.5,Air,4585.0,11,5.4,128164.29
4293.1,Air,6826.9,15,5.9,245160.82
871.4,Road,5939.1,12,2.0,29575.52
4076.5,Multimodal,1614.1,9,6.6,57424.49
3748.5,Air,1131.8,7,7.9,154851.57
2388.0,Rail,2198.9,20,6.5,32432.53
2035.9,Road,7762.5,2,7.6,47284.77
565.0,Road,2580.3,22,7.5,24019.48
1671.9,Road,8594.7,27,1.3,52759.79
2438.0,Road,2877.0,2,4.9,43854.89
1591.7,Sea,6191.3,7,5.6,16760.45
4130.7,Road,8667.6,26,3.6,89987.01
207.2,Rail,8476.6,4,6.1,12325.86
1361.4,Sea,8352.1,14,9.0,20367.51
4186.5,Road,8218.9,11,9.7,87174.33
372.3,Road,6877.9,11,8.9,23770.82
2099.1,Rail,7199.7,15,3.4,31299.93
3367.0,Road,9546.7,8,9.3,74935.18
1525.1,Sea,7814.5,6,8.4,17375.1
3642.2,Sea,1436.7,9,2.3,23977.23
675.0,Multimodal,2342.3,26,9.1,25605.24
4439.0,Sea,3365.3,19,7.0,35786.59
2896.5,Rail,891.5,11,8.5,32299.12
1325.9,Road,8828.3,4,5.6,38679.82
320.7,Rail,4189.2,4,9.7,9632.82
2509.6,Road,4297.0,10,7.8,52073.63
2649.9,Rail,4087.0,26,3.1,37650.93
1992.3,Sea,4741.2,23,9.5,26520.07
4221.8,Rail,1985.4,19,6.6,47374.49
1453.5,Multimodal,7304.1,22,5.1,39983.12
2610.1,Multimodal,8805.9,2,5.7,47043.58
312.4,Rail,7217.7,27,2.2,22275.62
2060.6,Sea,2738.8,17,8.8,23270.91
3534.0,Road,294.5,4,3.0,55777.04
3364.7,Road,1413.3,2,7.9,56836.65
2153.0,Air,6758.4,2,7.8,162452.87
3857.3,Rail,7617.2,21,9.1,51746.65
4274.6,Multimodal,4902.0,16,8.0,68638.72
1956.3,Road,275.1,5,5.1,33192.39
1579.9,Sea,4856.3,11,8.8,18740.32
2852.7,Road,8871.8,18,7.6,69292.48
4491.1,Road,1227.6,26,5.1,83040.97
184.2,Rail,9083.7,19,5.7,19477.92
1652.3,Road,9506.4,21,2.2,51643.11
2210.1,Air,6638.2,25,9.4,173945.27
4411.1,Road,637.0,27,7.8,83074.98
3716.8,Multimodal,3362.1,19,6.5,60145.64
1340.9,Rail,8626.0,17,1.0,26819.88
3524.0,Road,7197.4,17,1.5,73126.41
941.5,Rail,4917.2,12,2.0,18330.64
2657.7,Air,1623.5,2,4.4,117680.78
184.7,Sea,4844.0,29,1.4,19258.33
1912.6,Road,939.6,5,2.6,33065.03
3450.4,Road,6155.3,4,4.6,65926.2
1293.8,Road,7792.8,16,5.0,41557.8
3280.7,Sea,6283.9,10,3.9,25609.12
1476.7,Road,148.7,24,6.7,34498.3
329.0,Sea,6697.3,14,7.2,14123.38
4056.3,Road,4867.0,16,1.4,76259.96
1894.2,Sea,4298.8,27,5.4,26449.29
3329.3,Rail,2835.8,10,8.3,37377.57
2675.3,Sea,1172.3,6,8.8,20861.73
3035.0,Rail,5606.0,4,1.3,31447.67
2424.2,Road,8334.2,6,7.5,56200.84
2468.8,Rail,9858.7,22,5.6,40550.88
3903.6,Road,6339.9,9,5.9,76107.54
2550.6,Road,3123.5,8,4.5,48482.59
3641.1,Sea,4144.4,7,9.8,28267.55
2014.2,Sea,7239.3,12,8.2,22384.45
4378.4,Road,4769.8,12,3.8,80578.16
284.3,Air,5228.3,17,5.1,83018.09
1708.0,Road,1403.6,19,9.0,38679.77
807.4,Sea,5373.5,13,7.6,15596.1
1340.4,Road,9717.3,12,8.0,44625.87
552.3,Rail,3369.3,27,7.9,21151.62
2248.5,Road,1688.1,26,7.2,50421.21
64.9,Rail,4749.8,27,7.0,18187.88
2632.5,Road,5194.9,7,4.0,52853.62
4225.5,Rail,9976.2,10,2.9,48294.97
733.1,Road,2147.8,10,5.1,20114.64
2962.4,Air,5435.7,29,9.4,188666.4
1170.6,Sea,3739.3,29,4.2,23459.21
658.9,Road,7468.9,28,8.3,37028.97
3770.2,Multimodal,8707.8,26,6.1,71675.23
2130.3,Air,7609.0,7,8.4,174148.69
304.9,Rail,1907.6,16,5.3,12715.53
2441.8,Road,6511.2,16,7.1,57531.73
4404.4,Air,2329.1,12,2.0,191296.51
3621.5,Air,9837.8,25,4.2,260799.26
2505.5,Road,5601.6,25,2.7,59248.03
4279.1,Sea,4311.2,10,4.0,29488.88
3610.9,Sea,6466.9,26,1.3,33067.56
2016.8,Sea,5999.2,17,2.3,22389.46
2118.6,Multimodal,9172.9,8,9.0,45471.25
4172.5,Sea,5131.0,7,8.9,30956.4
208.3,Rail,7563.7,18,2.7,17816.88
1481.0,Sea,9846.5,13,2.8,19888.78
1977.6,Road,6321.3,17,9.5,51136.66
911.5,Road,1386.5,7,7.1,20449.21
803.1,Road,9959.9,10,10.0,35931.72
2259.2,Rail,6437.8,24,2.6,35717.45
2639.9,Rail,9892.7,20,2.3,39765.09
2069.1,Road,5227.2,10,6.6,46468.09
1834.1,Rail,509.3,17,1.7,23529.45
3177.5,Rail,9281.0,9,8.1,41400.0
3335.9,Road,8866.4,23,8.2,79380.7
787.2,Road,4877.0,15,1.8,27732.75
296.6,Road,3475.2,1,8.4,11990.55
296.8,Rail,1488.0,18,8.0,13228.06
3308.2,Air,9287.3,14,6.3,239214.51
75.7,Road,5227.4,27,4.6,23238.25
4389.6,Rail,7826.6,17,8.6,54431.06
3178.6,Road,6173.8,7,7.7,64632.49
2688.5,Multimodal,1180.2,22,3.1,44597.97
148.6,Air,488.0,15,5.1,20459.46
148.3,Rail,3788.1,29,8.4,18956.55
2057.1,Air,84.8,11,6.9,82576.4
1728.7,Road,2119.5,26,4.3,42290.04
1306.0,Rail,9172.1,26,8.0,32571.93
586.1,Rail,5800.6,16,8.6,18695.5
1230.0,Road,6946.8,2,1.5,32104.88
2858.7,Air,7796.6,26,3.1,209205.73
1795.7,Road,9467.4,21,4.6,54317.66
1408.0,Multimodal,1541.5,14,9.6,28097.52
4161.7,Air,5761.0,8,4.9,223921.85
1497.4,Road,3894.4,9,2.6,33963.39
4098.7,Rail,3825.0,28,7.4,52426.62
368.9,Rail,6810.8,29,6.0,23439.95
3719.5,Rail,2038.9,3,6.2,35655.96
2304.8,Road,6344.7,19,9.5,57227.34
2295.2,Sea,3638.9,20,5.3,24978.89
2686.6,Rail,1194.7,20,3.3,32704.51
2987.1,Road,8480.7,10,2.6,64871.08
3683.0,Sea,1439.6,21,2.8,29877.38
246.4,Air,5064.2,7,5.2,75133.42
1411.9,Road,2784.9,13,4.4,32888.1
2087.4,Sea,9534.2,26,8.8,30160.94
4341.0,Rail,6139.8,5,9.2,47533.2
280.0,Road,6374.2,23,6.2,26695.25
1780.3,Road,5433.4,2,7.7,39123.73
3522.6,Road,8965.3,14,6.9,77774.3
4187.4,Road,3034.3,24,5.0,80694.77
3627.3,Road,5686.6,21,7.9,77164.6
4397.1,Rail,2255.1,15,8.8,48765.59
2374.9,Rail,1966.4,14,6.0,29266.77
3278.4,Road,4819.7,4,2.9,60074.3
3966.2,Rail,2747.5,15,5.2,43321.2
1867.4,Road,7486.2,2,4.7,43311.28
369.5,Road,434.7,22,3.7,16859.42
253.6,Road,1174.9,11,6.5,11558.49
4151.0,Rail,6202.1,1,1.3,39257.97
14.1,Multimodal,764.5,29,4.8,16312.16
1430.5,Sea,3188.9,11,6.2,16807.38
3828.4,Air,6264.9,19,8.9,225315.81
1791.6,Road,2174.5,25,3.8,42724.33
890.0,Rail,7783.5,2,1.2,15911.13
592.1,Road,9600.0,10,6.5,31503.11
161.0,Rail,9364.5,25,2.6,22185.95
2914.9,Road,882.2,3,7.2,48993.76
1468.3,Sea,7200.5,14,5.5,19702.68
58.8,Road,7574.7,7,1.9,18228.08
377.9,Rail,1775.8,16,5.7,13210.0
3834.6,Road,949.4,19,5.8,69843.36
559.5,Road,1046.2,13,5.7,16911.32
2242.4,Rail,4973.9,7,7.5,28129.5
1564.4,Multimodal,8736.1,5,5.6,35851.6
915.8,Air,3328.5,7,1.4,77838.56
566.3,Air,1670.4,24,2.1,53390.54
2877.0,Road,6032.6,23,5.8,65997.8
3940.2,Road,3766.7,9,2.2,69811.48
2708.1,Road,9822.8,9,6.3,64209.42
1695.1,Road,5286.4,24,6.3,47019.96
1382.9,Sea,164.5,13,4.5,15873.8
1635.8,Road,7623.1,24,9.4,51080.55
1651.7,Rail,9362.8,18,2.9,30755.6
2300.1,Rail,7504.1,17,1.0,33217.99
1658.2,Multimodal,2799.0,10,7.6,30756.06
2640.9,Sea,8657.0,14,1.9,24545.62
474.6,Multimodal,5868.3,4,7.4,18373.2
1241.2,Road,5159.2,28,2.0,40816.87
3248.8,Road,1900.0,13,1.5,57683.99
3412.5,Rail,4284.7,2,1.7,32453.24
3043.9,Rail,6944.9,24,7.2,44425.05
1537.7,Rail,8276.8,2,8.7,23143.87
2010.8,Air,8835.2,8,8.7,185100.09
823.7,Sea,5518.5,3,8.2,11380.43
4347.8,Road,8733.9,14,6.2,89830.1
3916.2,Rail,9604.8,18,2.5,48790.22
4238.0,Road,7048.0,3,3.7,78498.93
2564.9,Road,8675.9,10,8.3,61118.93
2098.4,Air,9498.5,11,10.0,197978.18
3910.5,Road,3544.1,6,9.6,71960.38
1840.3,Multimodal,8192.8,2,7.7,37581.87
1210.5,Road,6147.1,29,9.7,44016.42
2263.5,Road,7730.2,26,8.8,62014.82
767.4,Rail,1131.6,24,8.2,19754.99
3462.2,Air,9085.0,14,7.7,243038.02
1989.3,Road,7206.8,19,9.0,53690.28
2948.8,Road,2519.6,25,9.2,63225.77
2630.3,Road,6791.1,22,9.0,64337.01
2634.4,Rail,6587.4,9,6.5,33421.39
4190.0,Sea,5528.9,17,3.8,32468.15
256.0,Road,1785.4,19,5.0,16300.49
2763.5,Rail,5215.6,27,7.2,41630.81
1184.8,Road,6369.0,7,8.1,33822.55
565.6,Road,5516.5,3,5.0,20555.94
250.9,Multimodal,3343.5,9,7.6,14147.75
3736.2,Multimodal,7032.3,28,6.9,70116.78
1797.6,Multimodal,6396.5,6,6.8,35847.9
3146.5,Road,2335.4,23,4.0,62672.63
4195.2,Sea,3790.6,20,5.8,34485.22
3847.0,Air,4722.4,13,5.3,202696.79
1093.6,Rail,8512.4,17,7.9,26043.7
2860.8,Rail,1053.5,23,8.9,37780.25
1344.8,Sea,4022.8,19,5.5,20115.31
225.4,Rail,947.9,17,5.8,11594.12
4086.3,Rail,6756.9,11,5.6,46275.89
3173.2,Rail,4086.6,25,8.2,43826.7
3758.6,Sea,2930.0,10,4.0,26534.36
1232.1,Sea,8449.5,23,5.0,23137.75
1259.1,Rail,9949.0,2,6.2,21682.44
924.0,Rail,7284.4,24,9.8,26887.79
1285.5,Air,107.2,4,7.6,52049.97
481.4,Rail,9735.6,11,8.4,19150.27
3297.5,Rail,1404.9,10,4.2,33784.48
4369.3,Multimodal,2968.2,11,6.6,63891.0
4087.0,Road,4163.9,8,4.2,73595.99
664.8,Rail,1443.9,7,3.5,10923.85
953.5,Road,4267.8,25,3.3,33841.53
1625.2,Road,9015.9,19,7.4,50663.46
902.2,Road,2639.6,16,4.1,26247.82
3091.0,Road,2666.5,12,7.0,58871.35
3363.5,Air,5910.0,9,2.5,196483.81
3404.9,Rail,6696.0,29,1.1,46447.07
2628.0,Rail,5950.3,8,6.0,32166.33
1145.5,Road,787.6,28,5.8,32188.37
548.2,Multimodal,8800.4,24,7.0,32595.66
2198.6,Multimodal,7339.9,14,5.8,45386.57
4001.1,Air,5730.5,16,2.0,219727.61
1238.7,Sea,4469.3,1,6.9,11926.22
1471.9,Road,9749.1,8,9.5,45169.63
3230.5,Road,8380.2,21,7.4,75494.48
1544.7,Air,2614.1,25,6.6,100786.63
3925.2,Rail,6268.8,28,6.0,52291.03
3895.8,Rail,2345.7,6,1.1,35800.78
4049.8,Road,5714.3,2,9.7,76375.75
3466.7,Sea,7323.8,16,9.7,32528.22
270.5,Rail,4661.9,17,7.5,15322.81
2390.3,Road,3022.2,6,8.1,46245.23
2145.7,Road,3415.8,12,8.9,46028.58
2081.5,Rail,8614.3,8,9.2,31026.97
2949.4,Air,713.1,5,4.4,118494.0
3385.0,Rail,9122.6,29,8.2,52021.32
2438.5,Air,2592.5,3,3.0,121381.3
3394.2,Road,6159.7,11,3.9,67783.28
1097.0,Rail,5025.4,10,4.4,19136.3
2884.3,Road,3149.8,8,7.3,54902.65
2754.5,Road,8993.5,14,8.3,66502.48
1509.2,Road,8280.0,5,3.6,40449.63
2270.1,Road,5522.0,29,8.6,59428.75
4453.4,Air,4079.5,13,5.0,216551.62
3150.3,Road,6765.2,23,2.3,69910.6
2003.6,Air,1194.9,21,2.5,97136.81
3187.2,Sea,9473.5,29,5.4,35637.43
1726.4,Road,8893.1,26,9.7,55910.67
1431.7,Rail,5117.0,14,6.8,24322.11
2262.7,Rail,8349.3,24,5.9,38528.17
2022.5,Air,9193.9,12,3.9,190173.44
4277.1,Rail,1323.6,14,3.4,42930.92
4404.9,Road,2644.4,1,5.0,73050.98
1461.4,Rail,2117.4,8,6.7,19095.08
304.4,Sea,6651.3,29,4.0,20530.83
912.7,Road,9831.1,15,2.7,38669.35
4170.6,Road,332.9,25,1.1,73623.48
686.2,Road,9950.9,9,1.8,32708.6
2781.7,Rail,1163.1,8,4.7,28712.84
180.7,Multimodal,6237.5,27,8.8,25737.31
2283.8,Road,6794.5,28,2.4,59303.23
1834.2,Multimodal,381.7,1,1.1,23468.1
3199.0,Sea,3337.5,28,4.3,32293.83
2302.7,Sea,4680.2,14,6.3,23065.55
2185.5,Sea,9072.0,24,4.2,28066.19
2812.4,Sea,7023.1,28,4.3,31948.26
3156.7,Road,6280.7,9,3.8,63451.29
2916.3,Sea,1302.6,7,5.2,21031.66
3976.5,Multimodal,2907.0,5,7.3,56775.66
518.8,Road,4401.8,8,8.7,20377.55
4311.5,Road,3026.4,22,5.5,82083.83
3050.0,Road,4381.3,19,5.4,63701.23
894.1,Sea,9201.5,7,7.7,14866.4
1863.4,Road,6056.3,5,2.7,41472.98
1394.2,Rail,5189.2,16,5.9,24725.98
3227.5,Rail,5381.9,26,7.9,45734.69
4480.0,Rail,7735.5,15,1.4,49471.25
3908.6,Rail,9751.3,25,3.3,52454.82
3879.6,Multimodal,9819.1,27,4.7,74240.99
1856.9,Road,6594.5,7,2.3,43143.0
1964.4,Rail,3688.7,11,6.5,26161.24
920.3,Rail,5910.6,4,5.7,16054.24
1675.1,Road,689.6,23,1.8,36972.11
2832.1,Road,1626.4,11,8.5,53148.72
3789.1,Sea,8909.4,24,5.9,36421.09
269.3,Road,7484.2,10,5.9,22615.26
4258.1,Road,2452.5,29,7.2,84326.19
1096.3,Multimodal,4125.4,23,8.3,31919.23
905.1,Road,632.2,9,4.8,19586.26
1793.7,Road,8646.1,9,5.9,47871.57
2869.1,Sea,3020.1,24,1.1,27535.48
2563.5,Road,5473.3,4,3.6,50811.51
1139.2,Road,9861.9,24,1.0,45919.0
4312.9,Road,1813.0,25,3.5,79909.51
2692.6,Rail,8823.8,17,6.1,39389.36
3698.3,Road,2593.7,15,4.6,68177.66
4117.5,Air,1156.0,1,3.9,163409.62
1804.0,Road,230.1,21,8.9,39018.01
1044.6,Rail,8395.5,5,6.2,19871.38
2882.0,Road,29.1,2,3.7,45024.85
1517.8,Road,9522.5,28,4.8,53360.56
1733.1,Multimodal,1843.0,9,3.9,28731.2
623.1,Air,8123.2,5,2.2,124215.96
3690.9,Road,8617.7,4,3.9,73601.81
3511.7,Road,858.3,21,7.7,66638.3
2871.3,Rail,3831.6,2,4.9,29286.36
1716.1,Rail,2775.9,20,2.0,26009.2
4363.6,Rail,163.4,24,7.9,49945.38
1618.7,Air,4239.2,1,2.7,111111.39
2786.8,Rail,4857.5,29,6.5,42310.61
673.4,Rail,6797.9,1,1.2,12983.59
637.4,Road,2450.6,8,6.0,18421.66
4299.7,Rail,8466.9,9,1.3,45909.4
3274.3,Rail,4801.3,12,5.8,38306.01
122.0,Rail,6710.1,2,9.0,9311.22
2875.3,Road,4687.0,7,4.0,55701.49
217.7,Multimodal,823.6,26,5.6,17436.41
3350.9,Rail,9990.0,9,7.5,43169.09
251.9,Road,7788.2,10,8.1,23014.18
1659.1,Rail,9812.1,2,5.0,24663.85
1701.1,Road,8224.1,6,4.3,43830.41
2665.2,Road,4579.9,1,6.2,50461.97
959.8,Sea,6907.1,23,3.5,20997.7
3119.5,Multimodal,8356.2,3,8.3,54049.89
2413.3,Road,6440.6,4,9.1,52322.24
1511.5,Rail,6509.1,6,2.6,21773.31
3481.5,Road,2016.2,17,6.9,65962.38
2716.7,Rail,1105.4,27,8.9,38362.84
4041.3,Rail,7347.6,22,6.4,51858.53
2341.2,Rail,5660.6,25,2.7,35979.59
1428.6,Rail,7327.4,3,3.2,20550.75
29.8,Road,5832.6,23,3.0,21884.6
2570.6,Road,135.9,17,3.4,47095.87
4061.9,Sea,9727.9,16,7.8,35493.65
590.6,Road,1237.5,6,7.4,14829.22
4398.4,Sea,7108.3,19,6.0,36435.2
2895.9,Sea,6151.2,18,2.2,26742.68
1109.5,Multimodal,2485.5,29,5.8,31931.17
4258.6,Sea,8279.4,2,1.2,25470.26
4454.1,Rail,2625.8,2,1.6,38904.56
141.2,Road,713.5,6,1.1,6575.6
4294.0,Road,6934.3,8,8.6,84475.1
1187.8,Air,3267.4,25,5.9,95558.91
3312.5,Road,1639.4,3,9.0,57361.73
1268.1,Road,1770.6,10,6.9,27975.88
2050.3,Road,167.7,4,8.1,34958.54
1217.3,Air,3051.9,9,1.6,86108.34
3243.5,Rail,2769.5,25,8.4,43305.94
3616.7,Rail,4823.6,22,6.2,45907.36
3293.0,Road,4799.2,17,4.2,66667.4
4316.3,Road,6796.5,27,4.3,90322.48
648.8,Air,5126.3,12,9.5,92953.45
2603.1,Road,8139.3,13,9.5,62602.46
4255.9,Multimodal,8745.7,11,7.3,71568.55
2089.4,Air,5523.9,27,8.1,156634.38
3998.0,Road,8477.1,18,7.7,86535.57
52.4,Multimodal,9903.0,22,8.0,27478.55
4253.4,Sea,6622.4,17,7.4,35625.27
232.4,Sea,1917.8,15,1.7,12009.9
269.4,Sea,5338.4,21,6.6,16483.72
1626.9,Air,620.6,12,6.3,73883.33
3766.6,Sea,7796.5,3,4.3,25513.48
393.7,Rail,433.7,17,3.3,12366.92
4180.0,Road,4827.4,27,7.1,86553.4
1007.0,Road,9306.9,21,1.0,41523.93
227.0,Rail,8486.6,7,5.4,13927.98
2538.7,Road,507.6,15,1.7,45807.71
3732.6,Road,3828.4,6,1.8,65322.66
4375.7,Road,3264.8,1,5.5,74034.29
1070.3,Multimodal,720.1,10,7.4,20571.72
3819.5,Road,1116.0,17,5.8,68923.69
642.4,Road,5652.2,4,5.7,22392.1
3370.8,Rail,3256.9,22,1.7,40133.67
151.5,Rail,441.9,22,7.4,12834.69
1749.4,Rail,8515.3,1,2.7,23169.85
3652.4,Road,5455.6,18,4.9,74165.32
583.6,Air,7034.7,5,8.2,110278.58
2706.2,Road,6962.7,28,9.8,68958.25
3734.1,Road,805.5,29,6.7,72974.87
936.2,Multimodal,53.2,13,5.9,18975.1
3612.2,Air,8448.6,10,6.8,238501.37
1381.6,Rail,9715.4,14,6.4,27899.66
1812.7,Road,5591.3,26,8.4,50974.49
3381.4,Road,5161.4,22,9.4,73667.12
3705.3,Sea,1203.3,17,3.1,28158.49
1364.0,Sea,5594.9,8,3.1,15426.75
995.6,Road,221.3,16,9.5,24066.17
2518.7,Sea,7908.2,20,5.3,27783.45
2594.3,Air,5197.1,9,7.8,162650.33
401.6,Road,7170.1,9,4.8,23601.09
2555.6,Road,4775.5,20,8.1,58355.05
2864.6,Road,7400.4,23,2.0,66658.93
446.9,Sea,5517.1,23,1.1,17863.8
3675.1,Road,5339.2,24,5.0,77031.09
2257.4,Road,3718.0,18,1.7,48701.61
2706.6,Road,2865.2,1,10.0,49559.59
2337.0,Air,7661.0,9,5.2,182102.76
2172.1,Multimodal,7107.9,6,2.8,40157.55
1348.2,Rail,9013.2,14,9.1,27488.24
1649.4,Road,7869.9,13,8.4,46645.37
3204.0,Air,746.7,3,8.4,128994.36
2843.7,Road,9541.7,7,2.8,63241.72
2731.7,Road,7498.4,15,9.6,64401.48
3615.8,Sea,3465.1,6,3.3,23772.84
2420.6,Road,6454.1,12,4.4,54259.31
1359.6,Rail,7644.7,9,5.0,23389.9
2675.1,Road,1374.6,22,8.1,55039.03
3504.8,Multimodal,9661.5,26,3.1,68324.18
3970.2,Rail,6509.5,22,9.0,52086.81
2223.1,Air,209.4,27,1.8,95553.09
1611.8,Road,5538.5,2,9.9,37218.25
3823.4,Rail,1949.9,1,9.6,37546.68
1903.0,Rail,2518.6,15,4.5,25785.23
4341.0,Road,698.4,7,8.8,73567.96
1946.6,Sea,4180.0,2,8.6,16456.66
4438.9,Air,2653.5,26,6.8,205869.68
446.7,Rail,8366.5,11,7.7,17572.36
1555.7,Rail,8607.7,5,9.1,24932.24
1253.2,Rail,278.6,28,6.8,24757.54
4472.1,Road,7728.4,9,7.0,88064.35
3864.7,Road,396.6,10,2.8,63472.68
3323.3,Rail,4476.4,17,5.3,40420.88
4130.0,Rail,1051.6,26,1.2,45514.08
4120.8,Road,5613.1,29,2.2,84849.6
897.6,Road,9561.2,13,7.7,37675.43
1538.9,Road,2314.0,22,6.5,38454.94
221.7,Multimodal,8396.8,25,5.2,28511.97
1391.9,Air,7838.7,7,2.2,148931.09
3213.3,Road,7602.0,15,8.3,71636.99
3209.9,Road,2674.7,7,3.7,56830.69
2004.2,Road,6199.8,1,8.2,43724.29
763.5,Sea,863.8,9,8.8,12007.84
208.8,Road,4841.3,22,4.7,22373.7
1124.4,Multimodal,9200.3,15,5.1,35820.73
377.9,Road,5121.9,25,4.3,26780.42
4456.7,Rail,346.8,13,6.4,45175.22
663.6,Multimodal,6986.0,6,4.9,22929.22
3655.4,Road,8727.3,8,5.6,76016.01
1680.1,Road,1979.9,20,8.9,39757.36
2788.3,Rail,1587.3,23,2.1,34828.67
2421.4,Sea,291.2,26,1.0,25391.95
257.6,Sea,7626.6,13,10.0,13832.23
4080.5,Rail,9118.2,15,8.9,52093.07
4052.2,Road,4893.2,27,2.4,81791.49
1344.7,Sea,2785.3,12,6.2,16695.39
604.8,Road,9251.1,14,3.9,32778.14
461.2,Road,1992.6,22,2.3,20924.23
3801.7,Sea,4240.9,25,7.1,35644.28
2628.0,Road,9043.4,1,9.9,59294.89
1688.1,Road,9878.0,1,4.4,44486.82
1537.2,Sea,2653.5,5,9.9,15318.35
2461.0,Sea,9514.7,1,4.2,19195.17
1227.6,Rail,4820.7,14,7.5,22393.16
93.1,Rail,6363.4,7,5.0,10779.54
1870.6,Rail,7601.0,13,3.0,28764.16
3943.0,Sea,3720.3,10,1.3,26052.13
3614.6,Road,8347.7,27,3.3,81937.23
4102.6,Air,9231.3,26,8.4,273783.76
2991.2,Road,7621.7,22,3.5,69325.28
228.9,Road,1175.6,9,8.8,10387.38
2102.3,Rail,542.9,18,8.3,28140.68
100.5,Sea,3021.3,10,8.0,9729.88
4364.0,Road,7732.9,3,6.4,83424.12
3066.7,Rail,8585.1,20,2.6,42083.44
78.0,Air,4105.4,15,5.0,61350.49
4331.3,Multimodal,1241.9,7,8.2,59935.54
1681.4,Sea,7468.4,27,3.2,26218.72
675.0,Road,8412.3,15,7.6,33151.86
3278.3,Road,1101.4,14,9.6,61097.44
691.7,Rail,4253.1,9,9.7,15301.08
1001.5,Rail,6425.9,2,7.2,16475.27
398.2,Rail,7538.5,27,5.9,23439.53
3159.6,Sea,9505.8,28,7.2,35894.66
959.3,Road,2009.1,19,6.1,27640.0
3671.9,Multimodal,9093.8,5,9.7,63649.87
2792.2,Rail,8485.9,12,9.9,39360.98
1755.7,Rail,5031.0,15,1.2,25925.52
4374.4,Rail,5922.7,17,5.6,50738.09
892.1,Rail,7003.7,6,8.3,17992.94
3428.6,Sea,8966.7,19,4.3,31562.37
693.6,Road,5557.0,4,3.9,22930.31
1007.2,Air,2184.8,16,3.9,71721.37
581.5,Road,4279.1,23,4.9,27622.1
4210.8,Rail,3327.4,22,8.0,50867.42
2138.5,Road,9493.2,27,9.8,64042.33
3769.9,Rail,1023.6,1,5.6,33982.32
257.7,Sea,4658.2,5,7.5,8903.16
2630.3,Road,9879.4,26,8.8,71631.41
2030.3,Road,5050.9,27,8.5,53908.16
4443.2,Rail,4363.9,11,9.4,49783.2
3569.8,Road,6636.9,6,6.2,70287.32
4175.0,Road,2259.4,27,7.6,82073.17
2137.5,Sea,8468.4,10,5.6,21650.22
3649.5,Rail,4765.0,5,4.0,37232.83
939.6,Rail,4137.3,11,8.3,18205.29
3159.2,Rail,4251.8,7,2.0,32824.93
4366.8,Road,6832.9,13,1.7,83102.72
2749.8,Multimodal,6575.7,29,3.1,56415.17
104.5,Multimodal,5125.0,1,3.4,11404.3
1556.5,Road,5966.1,20,5.8,44222.19
2684.8,Road,8664.5,15,1.1,62316.27
526.2,Road,8076.7,22,6.5,33150.5
1811.0,Road,5221.8,3,1.0,37930.05
2032.0,Sea,9319.8,27,1.1,27918.63
3958.3,Rail,4609.9,22,2.6,46502.73
2569.1,Road,3093.3,23,8.3,56951.33
2466.5,Rail,1588.9,5,3.9,24736.57
1646.9,Rail,2252.8,20,7.0,26256.02
1731.0,Road,6772.0,27,1.9,50591.71
2537.3,Road,5772.1,7,8.7,54252.41
740.0,Road,1317.7,8,8.3,18224.24
2111.4,Sea,4785.8,10,5.7,20218.55
2285.7,Road,1544.7,19,5.4,46950.0
3091.9,Road,4053.2,5,7.3,58350.27
2678.8,Sea,2438.0,1,1.6,16289.43
1475.2,Road,4891.6,6,1.4,33851.16
2390.5,Road,8634.0,25,1.1,62420.56
92.8,Air,2984.0,11,5.9,46566.85
3094.4,Road,9727.7,10,4.8,69609.97
1049.2,Road,4994.0,15,9.6,33024.32
3748.2,Multimodal,1750.2,7,9.3,54241.44
3256.7,Sea,6673.6,3,1.4,21223.57
723.2,Air,8668.0,8,1.1,135556.99
1452.4,Road,4793.9,10,3.0,35460.12
3365.4,Rail,8910.9,9,2.6,39871.52
3173.3,Rail,7725.7,1,6.1,35376.71
2425.1,Multimodal,1152.2,22,6.4,42604.31
1329.8,Rail,8551.2,24,7.8,31314.91
2353.1,Rail,1150.7,15,6.9,29018.69
4461.7,Road,3862.0,2,8.4,78753.3
1816.7,Road,9313.3,20,3.8,53782.37
2364.9,Road,2696.1,13,3.0,46660.77
3613.6,Rail,103.5,2,1.6,30185.55
131.7,Air,4277.6,7,6.1,61697.98
4127.1,Air,9414.1,28,9.6,278397.88
3815.6,Road,4250.3,15,9.1,75515.29
2472.7,Sea,1083.2,12,5.4,21200.85
2411.8,Air,4203.1,27,9.0,152851.06
4107.7,Sea,9867.8,2,9.8,30857.3
3175.5,Road,2027.2,28,6.1,65788.01
3446.7,Sea,9137.5,29,8.7,38426.3
1037.6,Road,1194.6,25,4.6,29740.77
49.2,Sea,1084.0,3,5.3,5484.54
1980.0,Rail,492.4,8,7.4,22278.99
491.9,Rail,1615.9,2,7.8,7793.56
1871.2,Road,9420.6,7,8.0,50092.94
2843.7,Road,8215.3,2,7.7,60813.63
2725.3,Air,3341.9,19,3.1,147849.62
3104.6,Sea,1401.4,8,9.5,24529.24
641.3,Multimodal,5613.1,29,5.8,31037.84
1100.0,Sea,1242.9,9,4.1,13075.48
3137.1,Road,6746.6,12,2.0,64518.5
832.2,Sea,8833.7,12,4.7,16377.0
973.9,Rail,5236.6,28,6.3,26708.0
3038.9,Road,2326.5,24,8.1,63386.65
3273.7,Air,3153.1,11,3.9,161686.78
1317.3,Sea,3826.0,17,9.1,19780.28
3923.8,Road,9602.3,27,8.7,91987.44
3757.0,Rail,8601.2,2,8.7,42910.84
2700.4,Sea,5461.6,12,9.7,25873.98
3719.7,Road,6836.7,26,8.6,83338.09
4401.1,Multimodal,986.2,29,5.1,68340.49
4230.9,Rail,1835.3,4,8.2,41563.3
579.0,Air,5511.5,18,7.0,97604.5
1711.8,Rail,1271.1,16,2.2,22947.28
3256.5,Road,212.1,14,2.3,55690.67
401.1,Sea,1061.3,3,6.7,7233.8
620.3,Road,1047.4,7,3.6,14996.95
1810.8,Rail,7413.8,10,7.1,27843.04
32.9,Rail,8501.2,20,7.7,18113.68
1987.6,Road,8141.8,16,9.5,54129.15
1770.6,Road,9912.1,6,1.2,47172.71
3187.9,Road,8861.0,19,1.6,72098.4
411.1,Road,4275.3,11,3.8,19385.56
1992.8,Road,4494.7,18,8.4,48230.3
4331.7,Rail,3085.3,22,7.5,51260.52
3949.3,Road,2191.1,21,8.3,76134.37
3217.3,Rail,7919.5,26,6.6,47420.46
4401.2,Rail,6382.7,28,9.5,58884.12
418.0,Rail,1411.4,23,8.7,16447.86
1133.6,Sea,7014.1,21,3.0,20774.39
637.0,Road,1945.5,8,4.4,17331.62
3437.7,Road,4135.7,13,4.6,66078.69
3861.6,Rail,8922.6,11,6.9,47160.18
2887.2,Sea,654.4,18,7.2,26536.41
1165.0,Road,3722.2,10,3.4,29325.76
556.9,Road,243.0,1,7.0,10188.89
2453.0,Rail,4467.8,17,2.2,32084.94
671.3,Rail,6773.2,23,3.8,23110.5
732.7,Sea,15.0,20,3.0,15861.78
2511.5,Rail,6565.9,23,9.5,39869.02
441.6,Road,6487.8,10,6.2,23576.25
4110.8,Rail,9071.6,10,6.2,48515.11
931.2,Road,4427.9,9,6.7,26979.57
3720.5,Multimodal,1599.8,13,6.1,54550.47
2587.6,Rail,6823.5,29,2.0,40618.16
701.9,Road,3860.5,14,2.2,24256.87
4377.5,Sea,1743.4,11,8.8,32429.93
2340.7,Multimodal,6280.4,11,3.5,43342.31
1108.8,Rail,1153.2,4,4.4,13042.76
1025.0,Road,1588.8,10,5.2,23625.29
587.9,Rail,7337.9,15,1.0,19174.71
2525.9,Rail,6894.3,7,2.2,30395.72
2792.5,Rail,5994.7,4,5.7,31724.51
2613.7,Sea,7868.2,23,1.5,28093.8
3788.3,Rail,1511.0,6,7.6,38017.34
316.0,Multimodal,786.6,26,4.4,18621.61
132.1,Road,9923.1,3,9.9,21906.13
3806.0,Road,5156.9,6,3.3,69624.83
543.9,Road,9691.8,2,3.5,27165.86
654.8,Road,5939.0,28,9.7,34321.59
2424.7,Road,7109.9,11,3.7,54804.52
1833.1,Road,2966.0,6,7.0,37177.83
3001.4,Road,8676.4,11,7.2,67898.16
860.0,Road,3871.5,8,8.5,24699.07
3783.4,Road,8786.3,8,9.7,80333.75
980.9,Road,2855.1,8,6.1,24533.97
1945.5,Road,5917.5,5,5.9,43412.38
105.4,Rail,7825.4,27,4.1,21293.38
4338.8,Road,7843.4,28,5.5,93774.75
1311.0,Road,7892.7,8,8.9,39164.73
2399.2,Road,9960.9,26,2.8,65928.68
2150.2,Air,9571.9,5,5.1,196450.87
1809.7,Rail,2035.0,4,8.3,20675.65
818.0,Rail,3700.5,10,1.6,15384.0
2788.8,Road,5166.8,24,8.2,64529.09
2502.5,Rail,7275.9,8,9.6,33697.93
1983.3,Sea,6770.6,25,8.0,27700.05
2474.4,Rail,6745.9,17,3.6,34798.66
2928.4,Rail,2834.1,21,8.8,38910.5
3872.6,Road,3381.5,29,9.9,81534.36
1036.3,Rail,2063.1,19,4.2,19974.97
3469.7,Air,8803.8,20,2.3,239809.84
3671.5,Road,4194.4,18,7.3,73514.64
3351.7,Sea,4684.6,1,9.7,24102.74
3682.6,Rail,9579.8,17,5.9,48396.46
2603.9,Multimodal,9165.8,8,8.6,51304.92
103.6,Road,2801.3,13,1.8,13116.12
3132.1,Road,8882.6,4,5.9,66528.36
3880.1,Road,5486.9,8,9.6,75907.0
1190.3,Road,6546.0,13,7.7,36838.23
3350.8,Road,4298.7,4,1.4,59389.84
507.7,Road,9844.0,8,3.1,29570.6
2909.6,Rail,6844.5,17,7.2,39940.46
261.8,Road,3512.3,20,9.9,20043.27
2465.8,Sea,5710.9,21,8.3,28101.52
3947.0,Road,8684.1,3,4.2,77309.84
1707.9,Air,653.9,12,10.0,78050.14
845.1,Road,2198.2,3,2.8,18504.84
3054.5,Sea,81.4,9,3.4,21377.31
3805.6,Road,1596.3,27,6.0,74232.44
1364.9,Road,5482.6,15,3.5,37634.72
2579.1,Road,3748.8,28,4.6,59071.67
2971.4,Sea,4950.7,21,9.1,30816.67
1759.6,Rail,4858.9,15,5.3,26850.1
308.2,Road,1891.9,6,8.4,11545.43
3736.5,Rail,8224.0,24,7.8,51781.36
3770.8,Road,3437.2,29,9.3,79692.84
464.1,Sea,8382.9,18,6.3,17204.31
2648.4,Sea,1955.3,1,9.0,18831.7
3295.9,Rail,3437.7,24,6.1,42786.13
422.3,Road,6425.3,21,5.1,28085.15
3809.4,Rail,3334.5,23,4.7,45864.28
1597.6,Road,2164.4,21,5.7,38506.33
2650.1,Rail,9410.1,24,9.7,44241.37
1697.5,Road,4518.2,17,1.3,41287.66
2379.9,Rail,9177.4,13,5.7,35169.83
2962.8,Road,9855.5,8,7.2,68045.76
3188.4,Multimodal,3676.0,28,2.2,56330.74
1813.8,Sea,3470.2,2,6.5,14870.41
505.4,Road,2093.5,25,8.8,23593.57
1547.8,Rail,5114.5,3,2.8,19336.11
3756.9,Rail,2164.1,21,7.2,44868.11
2656.4,Sea,2479.5,4,3.9,18488.76
2017.2,Sea,7573.1,18,6.9,24665.25
3017.0,Road,4379.5,15,8.0,62632.07
3679.8,Road,2162.5,21,2.5,68762.4
3968.2,Road,2988.3,3,6.0,68493.57
3249.2,Rail,1944.9,1,2.7,29123.62
409.8,Sea,2412.6,25,1.5,17506.38
1010.1,Road,7475.8,6,7.2,32533.5
4343.9,Multimodal,8537.8,15,6.4,73515.38
3256.8,Road,9544.6,20,2.1,75080.04
4013.3,Air,9905.6,15,5.7,272090.98
2389.8,Road,4078.2,7,5.5,47650.18
455.8,Air,677.4,4,8.4,28968.73
643.8,Road,6032.8,6,9.6,24376.41
4310.9,Road,701.5,6,3.2,69217.85
1541.5,Multimodal,6972.1,27,4.9,42660.94
1746.7,Sea,7040.0,24,9.7,26629.11
4384.3,Rail,1488.8,18,4.2,46272.61
2146.5,Road,7624.3,6,1.6,48702.41
67.1,Road,2627.5,22,6.2,16232.68
2459.8,Rail,3811.1,18,3.3,32372.03
3287.8,Road,623.7,25,5.4,63321.34
2439.3,Rail,4317.2,16,2.0,31322.59
2916.0,Rail,3046.5,1,5.9,28874.36
2322.0,Rail,6385.0,28,2.5,37834.63
1017.8,Air,2699.4,29,9.3,85024.48
402.1,Multimodal,6192.8,13,1.4,21549.19
75.7,Sea,3015.7,19,4.2,13561.31
3092.0,Road,2363.2,2,3.0,51911.5
1747.7,Road,7425.0,17,8.9,49256.88
2305.6,Rail,3090.1,17,8.4,31875.63
532.2,Multimodal,2122.1,1,9.5,12270.92
2498.5,Rail,9581.5,5,1.3,31265.09
1118.4,Road,8566.7,27,9.1,45867.09
3670.0,Air,4799.3,3,3.5,191862.45
2689.6,Sea,754.4,9,8.6,22109.6
287.0,Road,5319.0,18,7.8,22797.5
971.0,Rail,361.5,15,4.7,16281.1
1058.2,Road,8314.7,20,5.4,40719.75
3615.9,Road,4244.5,13,8.2,70993.77
2202.0,Road,2149.8,10,4.9,42516.68
2898.3,Rail,7645.9,12,5.6,37659.94
2194.9,Road,1660.6,24,6.4,48394.21
1831.0,Road,6961.4,17,7.8,49380.76
3706.4,Road,6396.9,4,5.7,70722.06
3702.9,Rail,1622.0,16,4.2,39930.45
3787.5,Rail,6646.4,16,7.0,46749.22
4306.5,Road,7823.9,17,6.7,89152.94
1492.1,Road,7777.2,23,6.0,47948.6
3180.8,Road,6038.7,21,6.4,70040.4
1524.1,Road,971.9,26,4.5,37149.88
4017.6,Rail,1719.9,1,4.4,35870.71
2381.9,Air,2982.8,19,8.8,133378.88
1676.9,Road,9373.8,3,8.6,45379.15
39.2,Road,967.6,27,4.4,15141.44
3037.3,Sea,5499.1,6,7.7,24137.65
2050.3,Rail,8924.7,21,8.0,36514.19
434.8,Rail,4387.5,19,8.0,17511.3
1719.4,Road,8812.2,5,3.9,44683.26
2311.7,Sea,3236.1,20,8.3,25920.11
1495.4,Road,4428.9,23,6.2,41922.34
3465.9,Air,5963.0,24,8.7,210683.4
3312.1,Road,6514.6,11,1.9,66115.84
528.1,Sea,3932.7,18,5.3,15601.48
2314.1,Road,4605.2,27,9.2,57737.32
2071.0,Rail,6129.3,6,8.2,27528.16
3389.6,Road,8516.1,25,3.6,78085.42
2191.3,Air,3572.3,18,3.3,131305.14
1433.2,Multimodal,5599.6,19,1.3,35000.26
2113.7,Road,7589.9,17,8.9,55387.01
2141.8,Rail,9621.6,6,7.4,31021.71
822.8,Road,1220.9,29,7.6,28757.94
1612.1,Rail,804.4,27,3.2,26921.27
1865.5,Road,382.1,29,5.9,42960.4
253.5,Sea,2134.1,6,7.5,8345.8
2835.0,Road,5297.5,20,4.8,62357.46
953.6,Sea,1693.8,18,1.9,16377.14
1531.0,Road,2480.3,14,4.0,34522.56
812.2,Multimodal,1647.4,6,6.5,16835.72
3344.7,Road,8798.7,5,2.6,68453.13
2490.4,Sea,8725.8,4,9.8,22442.0
896.8,Rail,4631.6,9,8.2,17263.14
891.6,Air,3290.0,12,6.8,79493.77
1026.6,Road,9225.7,3,6.2,34344.15
4314.1,Road,6305.0,13,3.8,82791.83
2137.4,Road,1636.2,11,4.8,41143.48
4182.5,Road,8103.9,28,6.4,92374.71
4461.6,Rail,3113.3,2,3.5,40775.35
2297.2,Multimodal,8621.6,8,4.9,45446.59
387.8,Road,5360.5,10,3.6,20582.21
3651.2,Road,6932.3,12,9.2,76369.58
2749.0,Road,7118.8,28,1.4,66452.26
335.6,Road,484.7,17,6.2,14307.35
2204.6,Rail,7372.8,8,9.2,30962.03
2982.7,Road,2321.7,28,8.0,64186.67
1997.8,Air,7635.3,9,8.0,170485.01
2597.7,Road,3089.8,19,1.6,53019.24
4208.0,Air,944.5,11,7.6,170808.31
637.4,Sea,6051.2,17,4.6,16559.64
2182.2,Sea,9891.8,19,5.7,26567.35
42.8,Road,257.2,28,7.0,14355.99
1968.6,Sea,177.5,12,6.6,18889.21
935.6,Rail,1845.5,2,6.2,11610.9
1025.8,Road,1364.5,13,3.9,24346.98
1043.6,Air,7282.7,4,5.6,129014.74
3418.4,Road,6036.6,9,1.4,65858.79
2288.7,Air,833.3,19,4.5,102666.24
1715.0,Rail,1171.0,5,5.3,18778.29
8.5,Road,7615.6,4,4.6,16245.5
3761.4,Sea,2134.3,19,5.4,30937.22
5.4,Road,1470.4,25,3.8,14543.32
3636.3,Road,568.6,9,9.2,63419.67
3274.4,Road,7929.1,4,9.8,69003.26
549.0,Rail,9412.3,20,3.6,22973.47
2793.6,Road,8422.7,9,7.6,63472.71
55.2,Road,152.0,19,9.1,10369.06
1010.1,Road,2494.5,22,4.0,30217.56
1088.3,Road,8083.1,18,5.4,39879.24
4414.0,Rail,7751.1,9,2.1,46596.28
2570.8,Road,1852.0,9,8.4,48481.21
45.4,Road,7715.0,24,8.6,25931.85
584.1,Multimodal,3135.9,9,3.2,17514.21
867.4,Air,9882.9,12,4.1,157360.81
3699.4,Sea,9099.5,2,5.2,25727.27
3055.8,Air,8767.4,8,9.2,222429.44
2176.6,Rail,4679.5,12,9.5,30225.72
3649.6,Sea,5312.2,22,4.6,32729.65
2135.6,Road,6830.9,25,4.0,56411.88
3672.6,Rail,1690.9,11,1.1,35854.15
990.3,Road,5573.5,20,5.5,34819.93
4181.9,Road,7671.1,28,9.0,93231.43
4307.8,Road,552.4,16,7.1,75935.1
2872.2,Road,2255.6,28,3.1,60159.31
2854.3,Rail,8326.9,5,2.0,33173.55
2545.8,Road,4108.7,17,4.4,54183.87
1950.3,Road,1599.8,19,7.6,42554.82
808.4,Road,2944.4,14,9.5,25075.95
871.3,Road,7195.3,13,4.5,32576.24
2937.8,Sea,6214.0,13,7.8,27026.63
2105.0,Rail,5986.5,18,5.6,32259.18
1019.5,Air,4070.9,1,5.8,88435.69
418.6,Rail,7315.5,12,6.3,16711.26
4316.4,Road,7546.9,9,3.4,83106.8
3099.6,Road,7250.7,21,3.5,69698.49
862.3,Road,7984.0,5,6.2,30440.43
3374.4,Sea,2770.7,27,4.6,32487.2
765.4,Rail,9112.2,6,3.7,18253.67
2653.5,Road,3405.4,1,7.2,48553.5
2554.8,Sea,2777.9,18,1.6,23616.3
491.8,Sea,6591.5,21,2.2,17656.74
2989.1,Road,9632.7,12,2.4,67652.2
2510.0,Sea,2569.7,17,4.4,23827.59
3610.2,Sea,1907.6,23,9.2,33932.07
4087.3,Road,521.8,3,9.3,67835.32
3184.2,Multimodal,4704.0,25,5.3,57836.15
1368.9,Sea,9048.0,23,1.2,23202.6
1476.2,Road,9004.1,8,4.4,42790.62
1407.1,Road,7724.5,4,8.3,38454.04
3887.0,Air,2519.3,25,2.7,181553.03
2176.9,Sea,4882.7,5,8.2,19152.47
4313.7,Sea,1166.8,1,9.3,27654.41
2949.1,Multimodal,5782.5,15,8.6,53679.85
2715.0,Road,9624.3,6,1.3,60504.33
4045.5,Road,7509.3,1,8.2,78206.1
2655.4,Road,4411.0,13,8.0,56151.78
3703.7,Air,6586.6,13,3.1,218785.61
2247.2,Rail,5751.2,6,6.1,27974.81
2695.9,Multimodal,6570.8,23,3.5,53303.79
1170.2,Road,596.2,13,4.2,25224.26
3944.1,Sea,6330.3,29,1.1,35481.04
1254.6,Road,5693.4,12,4.1,35293.76
4335.5,Rail,9890.6,16,2.2,51225.89
1738.6,Road,719.5,19,9.3,38111.67
1961.5,Road,3713.3,18,3.6,44852.89
2216.4,Air,8477.2,3,1.8,183791.82
1728.7,Road,4085.7,17,5.5,42072.85
2589.9,Road,9912.3,4,8.2,60939.63
2926.6,Road,770.0,13,2.2,51229.3
779.1,Road,256.0,8,7.3,16835.45
3738.4,Rail,7353.3,13,7.2,45703.27
2976.6,Road,9506.8,2,6.1,64416.01
3349.2,Road,545.8,14,3.3,58054.69
4230.4,Rail,6966.2,12,4.1,47131.9
3643.6,Sea,4479.1,12,8.8,30093.68
2778.5,Rail,5035.4,11,9.3,35433.17
1369.6,Air,7080.5,16,3.0,143188.85
2688.1,Rail,2258.9,25,1.8,35320.68
273.5,Road,5211.4,6,2.2,16706.64
2795.6,Sea,6749.0,22,4.3,29036.46
1946.9,Road,1746.6,3,4.1,34498.6
3124.2,Rail,3927.0,6,1.1,31327.44
1274.2,Rail,4730.5,8,7.6,19963.8
2788.5,Road,692.8,12,6.5,50553.18
3587.7,Road,9879.4,25,9.5,86810.75
470.9,Road,46.1,7,1.3,10833.59
3051.2,Sea,1078.8,15,4.9,25200.78
4366.1,Sea,6686.4,9,4.6,30701.9
3942.1,Road,491.7,12,4.6,66806.44
654.3,Rail,9391.9,25,1.7,26045.09
2014.7,Road,9651.6,26,9.7,61965.78
1078.7,Road,4790.1,13,4.8,31400.63
327.8,Rail,5840.8,8,6.9,12820.28
3556.7,Road,8821.8,13,6.1,77145.45
3739.6,Road,2296.4,8,7.6,66764.5
2951.5,Air,4190.2,14,1.7,163140.57
415.0,Road,8867.3,5,2.6,24961.43
351.9,Sea,3587.9,9,8.2,10842.9
2516.4,Road,9279.9,11,8.1,61914.42
4059.8,Sea,6846.2,1,7.4,27502.99
795.0,Road,7410.3,5,4.1,28207.92
2843.0,Rail,6558.1,19,2.8,38252.32
2249.9,Rail,7540.9,28,5.1,39167.26
1160.5,Road,8570.2,15,2.1,39974.54
1896.9,Air,9453.9,1,4.8,184186.56
2040.0,Road,2030.6,9,1.5,38404.66
681.3,Sea,9770.9,8,3.3,14123.4
792.1,Rail,8201.7,22,8.8,25488.21
3021.6,Road,5202.2,14,4.2,61962.95
577.1,Road,4126.4,22,8.0,26938.62
3513.3,Road,4231.5,28,7.7,75814.62
3814.0,Road,6054.9,28,2.3,80722.6
516.8,Road,7025.8,21,1.6,30230.06
4248.8,Road,6873.9,23,7.3,89640.2
4399.2,Sea,2312.8,13,1.8,29096.08
246.7,Road,5553.9,23,2.2,24697.09
20.5,Rail,5370.8,21,4.7,15595.78
4266.6,Road,2037.3,14,8.8,78048.52
411.4,Rail,3995.4,4,1.4,9676.78
1214.2,Road,5939.3,4,8.0,32252.72
2137.4,Multimodal,8990.0,12,2.3,45145.66
716.6,Rail,3463.4,16,9.4,17839.34
1872.4,Road,2546.9,26,2.1,44602.56
4173.1,Rail,947.3,3,6.4,38728.21
3992.9,Road,6070.6,21,7.2,83205.71
699.4,Air,7434.3,10,1.3,120900.8
4249.1,Rail,1995.5,17,2.6,44143.14
3200.4,Road,6174.8,2,6.5,62135.33
4368.4,Road,9677.0,11,7.9,91539.33
800.9,Rail,6889.7,13,3.6,19744.82
297.5,Road,6006.5,3,8.9,17521.89
1871.1,Sea,635.6,24,5.2,23536.94
4450.0,Road,9860.7,28,5.3,98936.42
2052.9,Rail,4687.4,6,8.0,25981.49
2904.5,Rail,5022.6,28,8.7,43881.3
2422.0,Multimodal,7966.0,2,4.6,43200.87
4031.0,Multimodal,4647.6,20,2.3,63742.32
3912.4,Road,5062.0,10,7.7,75453.32
4327.4,Air,8224.9,6,4.1,258089.73
2746.9,Multimodal,2141.8,15,5.9,44501.19
2528.3,Air,1947.2,26,2.9,127178.37
290.5,Road,3056.6,7,2.3,13539.44
1391.6,Road,5432.1,23,1.2,41199.19
1622.1,Road,6298.8,22,4.2,46345.36
2270.0,Rail,8041.8,22,9.4,38536.69
557.9,Road,3533.3,4,6.6,17472.36
2414.2,Road,2127.2,15,5.6,48251.56
1189.9,Road,4133.9,11,1.8,30559.48
4364.0,Road,1743.0,16,1.9,75482.82
933.1,Rail,2712.4,2,6.5,12554.95
787.3,Rail,685.7,18,6.8,16676.83
2317.0,Road,748.8,2,9.2,39610.97
4165.7,Multimodal,2101.2,18,4.0,61477.44
503.0,Road,3331.0,18,5.0,22338.96
4130.1,Multimodal,9436.2,2,8.0,67499.54
489.6,Road,4861.4,1,7.2,17412.06
778.1,Air,1269.9,22,2.8,55282.06
716.9,Air,1865.6,8,6.2,54280.13
1040.2,Rail,2597.7,12,9.0,18163.95
3381.4,Sea,9050.2,24,3.2,33082.17
1914.1,Rail,3648.0,18,5.4,28454.9
3652.4,Sea,9346.3,11,7.2,30693.71
1480.4,Rail,837.4,22,9.6,25154.31
2114.2,Road,8632.0,19,3.7,56499.63
2231.6,Road,4564.9,8,8.0,47486.98
2097.9,Road,8944.9,26,9.8,61988.78
1795.0,Road,7444.6,29,3.2,53972.89
1578.9,Multimodal,2623.3,10,6.7,29436.42
3810.5,Road,3900.7,19,7.3,75610.37
1836.2,Sea,7126.2,22,8.7,25866.56
596.8,Road,2338.7,4,8.4,15975.1
876.5,Sea,6811.7,14,6.1,16838.73
3149.2,Rail,5687.2,10,4.5,36663.51
4470.4,Sea,3407.7,22,3.0,34603.58
3057.9,Road,6894.7,14,8.8,67744.33
388.6,Multimodal,9276.4,13,9.4,26596.38
2357.3,Road,9059.4,8,1.7,55295.4
2748.0,Rail,5370.3,15,8.5,36887.13
2576.5,Road,7258.0,9,3.5,56524.19
735.1,Road,3931.7,19,8.5,27817.83
2999.2,Rail,2345.4,6,1.3,29057.0
88.4,Road,6532.6,24,8.8,24596.43
3411.3,Road,2809.5,6,2.4,59021.53
1192.6,Sea,2790.4,11,9.0,15927.18
4336.6,Road,7319.4,10,5.4,84809.48
1705.9,Sea,8796.3,25,8.1,27189.88
317.8,Rail,5137.0,26,8.5,20207.55
4457.5,Sea,455.9,5,4.6,26771.71
2857.7,Road,7138.6,21,8.4,67846.24
2540.1,Road,7547.7,7,7.6,57117.29
1602.3,Rail,9376.2,13,2.4,28122.94
2043.0,Rail,5501.3,20,1.4,30943.03
2009.1,Multimodal,5795.6,7,8.7,38623.38
1221.0,Sea,7144.7,5,8.5,15154.09
1552.9,Air,5062.8,17,7.5,126945.63
4224.6,Sea,2072.0,1,8.8,27298.15
773.3,Multimodal,8137.7,28,7.5,36207.59
2223.3,Sea,6347.8,24,6.9,28062.97
4072.0,Rail,2834.8,13,4.5,42942.86
3458.5,Road,9677.7,18,4.2,78445.98
4486.9,Road,8294.7,13,2.8,88428.38
3517.6,Road,3484.2,27,7.8,74188.61
147.2,Road,163.7,21,2.6,12510.58
938.7,Road,9589.2,14,5.7,38547.48
4189.7,Road,1062.1,17,4.6,73871.81
4276.0,Road,3304.0,12,5.8,77664.76
2475.6,Road,1851.1,27,7.7,54856.6
2029.6,Rail,8952.6,16,8.7,34370.12
2810.7,Road,3354.5,18,3.5,56988.36
4050.3,Road,2746.7,12,2.0,70887.85
2105.8,Multimodal,4535.2,25,7.8,45589.76
2883.7,Road,9947.8,29,6.3,76124.03
1037.1,Road,5221.2,16,8.1,33547.12
2482.9,Sea,309.7,21,7.6,25852.03
611.8,Road,6286.4,15,8.1,28298.79
81.7,Rail,5489.2,6,7.5,9437.13
2592.7,Sea,784.6,3,3.6,16926.65
3138.6,Rail,8479.8,8,3.3,37604.04
1051.7,Air,888.8,3,7.1,52438.58
907.5,Rail,622.5,28,4.5,21805.22
3079.3,Rail,7416.0,3,7.2,35547.16
2768.6,Sea,4795.7,15,4.2,25021.72
3698.1,Road,557.7,12,8.7,65473.24
1220.2,Road,5395.5,17,8.9,37267.85
3160.0,Sea,3939.4,15,9.9,29167.9
859.2,Air,7375.7,22,8.3,132130.93
1120.3,Road,456.6,22,5.4,28423.97
2277.6,Rail,3534.8,13,9.4,30571.53
3752.4,Road,4892.1,14,1.4,70937.96
1319.9,Road,5530.1,6,1.5,32676.92
885.9,Rail,7059.9,13,2.0,20312.91
2787.4,Rail,3724.7,14,5.9,34275.82
1549.3,Rail,2181.4,3,8.3,18081.67
1815.0,Sea,4179.7,12,6.9,19745.24
2659.6,Road,2830.3,11,8.5,52551.93
413.5,Air,7130.8,10,5.1,107435.73
1398.2,Rail,488.8,7,8.6,17035.62
2623.6,Rail,9444.8,2,8.6,33707.7
625.2,Rail,8849.2,18,3.1,22293.69
2450.7,Road,3245.3,21,9.4,54972.34
3231.2,Road,1061.3,15,4.5,58297.57
2254.5,Rail,6586.7,28,9.1,39752.38
2272.0,Sea,9497.5,14,5.4,24530.85
698.2,Road,9297.7,29,1.3,40685.78
139.2,Rail,952.2,1,1.7,3555.34
328.4,Road,4243.2,2,2.7,14067.8
2294.9,Road,5927.2,8,1.3,48626.54
2022.4,Sea,8317.0,27,2.8,27802.31
3658.9,Road,4689.2,22,2.2,73206.79
1701.5,Road,4734.4,25,9.3,47374.23
4195.5,Rail,5735.1,8,9.9,47693.95
1517.2,Road,9530.1,25,9.4,53086.72
2505.1,Sea,2723.1,23,6.2,27250.62
3026.4,Rail,6464.5,7,8.8,36938.35
3460.3,Air,9630.3,28,1.3,252503.13
2942.7,Road,4538.0,21,9.8,65189.9
570.2,Sea,3245.6,3,1.1,8532.18
3093.3,Road,2924.0,5,4.7,55153.66
9.3,Air,6532.8,16,2.9,88375.48
1515.1,Multimodal,4705.2,13,5.4,32695.5
2156.0,Air,8424.7,15,9.3,188963.12
1858.1,Air,2575.0,12,2.5,104547.32
1188.6,Rail,9981.6,8,3.9,23450.83
3865.6,Multimodal,8935.5,14,3.1,65990.8
4469.0,Road,3622.3,20,3.5,83339.06
2971.9,Road,8581.6,18,6.6,70130.79
562.7,Road,9991.7,10,10.0,32132.48
843.3,Rail,9956.7,5,5.0,19350.62
21.1,Road,3164.5,5,5.4,8913.47
1654.7,Air,5188.1,21,4.1,133073.86
3691.6,Road,5085.3,10,6.8,71520.87
1061.5,Air,6973.0,18,5.5,132325.02
1820.9,Road,740.1,9,7.9,34568.67
4276.0,Road,8220.3,26,7.4,93777.0
2392.0,Sea,1953.0,8,9.1,20742.06
4230.1,Road,4632.9,6,1.2,73751.54
229.4,Sea,5970.7,18,9.0,15259.58
3034.5,Multimodal,4751.5,4,7.0,47473.54
594.0,Road,706.0,1,9.9,11789.29
136.8,Sea,3707.6,5,7.6,7957.5
1194.8,Air,4459.8,28,9.8,112216.69
92.3,Road,4901.9,28,8.1,23473.97
725.2,Sea,9755.3,27,2.8,22774.82
908.4,Road,4222.4,8,4.5,25600.49
4485.0,Air,6114.8,27,4.3,247895.05
271.2,Rail,1174.3,6,6.5,7375.59
4278.4,Road,2253.8,15,5.9,77213.09
1729.5,Rail,644.2,24,9.7,27943.09
2444.9,Road,4761.8,21,9.3,57492.67
155.7,Sea,5023.8,8,5.4,9801.82
29.1,Road,9217.0,22,4.3,27526.78
1104.9,Road,6873.8,2,3.2,30479.29
3093.0,Road,2235.7,1,1.2,50557.61
3124.6,Road,672.2,10,1.8,52536.95
2636.5,Rail,1149.3,17,9.6,33529.44
2087.5,Rail,631.9,15,8.0,26722.39
1084.9,Rail,9654.4,5,2.6,20680.97
3768.5,Rail,7062.7,12,4.7,43768.77
2581.6,Rail,787.5,3,4.5,24339.13
1549.6,Rail,1589.7,8,1.7,18228.58
670.8,Rail,7128.6,10,5.3,17716.19
2968.9,Air,2276.8,22,2.3,144694.48
883.7,Road,5462.5,18,5.2,32006.6
2359.1,Sea,1509.7,26,4.5,26822.95
1960.3,Road,8837.2,21,5.8,56080.84
906.3,Road,5576.7,21,2.2,33540.39
3510.2,Air,3028.9,29,3.8,176761.59
2064.7,Rail,9082.0,16,7.9,34550.44
119.0,Road,5242.0,23,7.5,22335.36
2268.0,Road,5443.3,26,3.2,56019.36
933.4,Multimodal,3971.6,8,3.4,22267.18
4468.9,Road,1259.4,11,8.9,78581.3
2915.3,Road,2187.2,27,5.7,61432.34
440.2,Road,4741.3,21,2.0,25088.74
2273.5,Rail,7111.4,11,5.8,31592.44
1781.9,Multimodal,2053.7,6,1.2,27674.3
2668.5,Road,1563.4,20,5.3,53160.66
2970.0,Road,5208.7,14,5.0,61568.34
2044.9,Rail,1293.9,12,4.7,24581.41
2877.8,Road,4371.9,16,5.7,59878.17
1298.0,Multimodal,5596.5,28,8.5,38885.74
171.5,Road,4891.3,18,6.8,20113.48
255.7,Road,9008.2,15,7.0,27549.61
3836.1,Road,669.4,16,9.8,70259.71
1538.7,Sea,9027.9,19,9.8,24122.44
4245.8,Rail,6260.3,18,7.3,51389.22
2129.1,Rail,1571.0,15,4.4,26714.68
3794.1,Road,1048.8,23,8.2,72395.89
621.8,Road,8316.3,14,6.2,31509.99
3861.5,Rail,267.1,15,3.5,39131.95
4223.1,Road,5803.5,18,2.2,81778.74
4294.3,Rail,8778.9,1,8.0,46808.51
1355.6,Multimodal,9312.4,11,6.9,37247.87
3236.5,Road,6187.6,17,5.5,69038.43
285.7,Road,9648.0,12,5.4,27765.04
1305.5,Rail,6600.4,13,1.3,22985.61
1489.7,Road,9367.7,12,6.9,46085.25
3191.5,Multimodal,8558.9,13,4.3,57859.74
1450.4,Road,403.4,7,6.7,27002.9
303.0,Multimodal,4059.3,2,8.2,12664.33
2107.3,Road,4032.8,16,9.3,48530.98
1353.4,Multimodal,3261.6,7,4.4,25788.62
3472.2,Road,9988.7,9,4.2,75080.51
2319.5,Sea,1488.2,15,9.7,23510.89
1389.3,Rail,2413.6,2,9.7,16764.21
250.9,Road,962.9,15,8.6,13097.65
982.9,Multimodal,5724.6,25,7.7,33890.54
768.8,Multimodal,8348.0,22,2.3,33103.09
1572.2,Rail,2244.4,29,4.4,29119.61
170.5,Multimodal,5642.7,23,1.1,22725.37
194.0,Sea,1965.6,7,9.4,8480.14
4117.1,Road,634.4,2,8.2,67415.48
4014.5,Air,1217.9,14,5.6,167290.55
3196.1,Road,4221.3,7,8.8,61832.31
3246.0,Multimodal,2066.5,23,8.1,55108.36
357.3,Rail,914.6,1,3.2,5344.89
670.6,Sea,4132.7,7,3.7,11337.46
1264.9,Rail,6635.7,8,8.3,21742.7
2253.8,Sea,5741.7,24,5.9,27620.72
3816.3,Road,5122.4,1,6.3,69226.27
4427.6,Air,4651.2,26,2.0,226244.03
3506.4,Sea,5054.7,13,3.6,27301.74
692.6,Rail,8772.8,1,1.9,14958.97
4043.2,Road,320.3,6,5.1,65662.21
3116.4,Rail,4675.7,12,4.6,36335.06
404.2,Road,8770.1,5,9.8,24970.13
1535.3,Road,5225.3,10,3.7,37624.9
3617.4,Air,2237.1,1,3.2,158136.16
3926.1,Sea,2365.4,19,2.7,30354.77
3369.1,Air,6377.2,14,2.8,204701.72
2169.1,Rail,7918.1,14,4.0,32168.33
4482.2,Road,8537.7,3,5.3,85832.64
16.1,Road,5081.3,26,3.6,21732.45
480.7,Sea,8231.3,5,2.7,11211.94
2076.5,Road,2546.8,28,6.6,50000.93
3192.8,Road,5717.9,19,5.8,68492.65
126.8,Road,7893.0,27,3.8,28874.31
1930.7,Road,9118.9,4,1.4,47292.14
1134.1,Rail,7845.3,2,4.5,18471.31
2523.4,Sea,8687.5,26,2.1,29581.17
1416.1,Air,8874.9,6,10.0,163488.14
2943.3,Rail,2705.1,8,4.9,31462.55
665.5,Rail,3241.2,17,4.4,17162.05
3421.3,Road,8018.9,5,8.3,71107.75
2457.9,Road,9303.2,5,8.4,58335.33
3383.2,Road,8117.8,27,1.9,77325.67
2200.9,Sea,2230.1,24,5.2,25687.86
1712.5,Road,9920.7,3,6.5,46206.77
1071.6,Sea,6352.4,6,8.2,14400.12
3985.9,Sea,4789.9,19,7.2,34225.94
1968.1,Multimodal,9651.1,8,6.3,43609.41
2142.5,Road,8964.9,1,3.3,49293.96
2374.2,Road,5912.9,13,1.2,51925.98
2341.1,Road,3648.1,6,6.6,46149.95
2643.9,Multimodal,4690.7,15,7.2,47638.65
610.7,Rail,5510.1,17,3.4,18707.32
3752.3,Multimodal,6064.3,16,5.5,62665.53
1552.9,Road,7041.0,7,4.5,40032.5
690.1,Road,5932.4,18,3.7,29712.41
776.2,Rail,8713.0,4,5.3,17252.44
1629.0,Road,1010.5,12,1.2,31732.56
1164.7,Air,9482.1,4,7.7,160257.1
3756.8,Road,1942.7,11,6.1,67063.16
3955.8,Rail,2814.4,26,1.8,46175.06
3205.0,Road,8411.0,13,8.7,72223.64
3654.1,Road,4137.3,29,9.3,79102.05
63.8,Sea,5970.9,9,5.4,10227.84
390.6,Sea,5909.8,14,5.9,13983.77
3646.1,Sea,1328.2,24,2.9,30995.17
2117.9,Road,4016.6,18,6.8,48735.62
4230.7,Air,9109.4,9,9.8,270191.46
3823.5,Road,591.2,13,3.5,65026.95
1524.5,Road,7043.7,11,1.3,40618.47
1446.6,Road,4973.3,12,9.9,38079.67
3972.0,Road,274.8,6,9.2,66872.9
1959.6,Road,4816.5,18,8.7,48286.75
2023.7,Road,3899.7,24,2.1,48388.82
2408.7,Road,6365.6,4,1.8,49535.81
3451.6,Air,2040.1,20,5.9,159882.26
1634.1,Rail,3615.0,7,4.8,21073.82
1882.9,Road,5963.8,9,1.4,43008.78
2024.1,Road,7577.4,22,8.9,56140.74
3772.4,Multimodal,2838.4,2,1.8,49626.0
1879.7,Rail,7183.1,7,4.1,26053.7
3747.8,Rail,4648.4,24,1.7,45256.77
2494.2,Multimodal,5169.1,11,1.5,42660.63
2702.3,Rail,5421.9,14,1.7,33373.26
2875.0,Road,1741.3,14,6.5,54506.96
1727.4,Road,2833.9,18,6.7,40513.75
2733.5,Road,7906.5,9,4.4,60435.66
804.9,Road,4366.4,23,6.4,31248.3
1428.0,Road,3600.8,18,4.7,36942.64
3835.6,Road,966.5,21,9.1,72604.9
1640.5,Rail,1812.9,24,5.9,27268.16
1753.2,Rail,5484.1,5,1.2,21780.88
4049.4,Sea,4812.7,18,4.9,32711.23
1537.3,Road,9771.4,7,1.5,44084.05
2918.7,Road,1814.6,28,1.2,59373.32
4252.3,Air,2172.3,16,6.4,188674.03
4492.1,Road,6917.0,23,5.3,92045.82
2417.6,Rail,3958.4,29,8.7,39094.44
2746.7,Rail,2993.0,10,6.0,31434.13
1958.0,Road,565.5,5,7.9,34571.37
3375.8,Road,6494.4,7,8.6,68739.26
3238.8,Road,8619.6,22,9.0,77202.0
1715.5,Road,9803.7,14,6.9,51268.43
257.4,Road,4559.7,15,2.0,19362.52
2819.5,Rail,6292.7,26,1.8,40399.32
156.8,Sea,1991.8,27,6.8,17281.44
2874.9,Road,7647.4,1,9.1,60521.18
3665.3,Air,3143.1,12,1.1,174534.75
2596.2,Air,8542.8,15,3.1,203780.06
1501.9,Road,8405.1,23,5.9,49234.24
2268.2,Rail,979.9,23,2.6,30310.87
1619.1,Road,6387.8,11,6.2,42031.38
503.2,Rail,8364.4,29,5.2,25868.1
1431.2,Road,5256.6,7,5.0,35075.11
2195.7,Rail,7163.0,18,8.0,34716.12
1543.6,Rail,2182.2,8,6.3,19714.94
108.1,Road,6259.4,25,4.9,24813.53
420.4,Rail,6047.6,28,10.0,22949.39
557.3,Road,2720.3,4,7.9,16051.81
1870.0,Road,9237.0,14,6.7,52502.15
161.6,Sea,4280.9,23,3.4,16320.44
2156.1,Air,7056.8,2,5.6,165334.12
283.7,Road,874.6,2,7.2,7479.46
4102.9,Sea,40.1,14,8.5,31548.85
4471.6,Rail,9462.6,12,5.0,52018.62
1712.6,Air,7166.9,2,5.4,150789.23
3519.3,Multimodal,1528.7,7,7.6,50103.21
4028.1,Sea,5509.1,5,4.7,26895.09
3805.4,Air,1025.5,21,2.9,159061.14
2510.3,Road,7783.6,7,9.6,57806.86
2042.0,Road,3732.6,14,2.0,43905.97
1465.1,Rail,427.4,27,6.9,26176.02
396.2,Sea,277.9,21,5.2,14987.41
4367.0,Road,2439.8,26,8.4,85577.99
277.5,Road,1884.9,7,9.3,11596.38
846.8,Road,9957.7,5,7.5,34064.03
2285.7,Air,9524.4,11,6.7,204042.36
380.8,Sea,8801.8,21,4.2,18277.45
3174.8,Rail,3843.7,16,5.8,38384.09
59.5,Road,179.1,15,1.6,8519.31
3826.8,Rail,3877.8,7,7.7,40936.09
4141.3,Road,7660.4,16,1.1,82338.08
3055.8,Road,1032.7,25,6.2,60850.06
2859.1,Sea,1890.3,14,3.0,23248.5
2663.4,Rail,2663.8,11,5.2,30501.94
332.6,Rail,691.8,11,7.2,9644.38
1527.8,Sea,3575.1,20,3.6,20901.44
2844.6,Road,3474.3,11,9.3,57032.0
953.9,Road,4658.4,14,4.3,29689.91
25.3,Sea,523.8,7,3.1,6945.79
2390.5,Road,2206.8,4,8.1,43860.91
1597.1,Air,5050.7,9,7.7,124924.71
1047.9,Rail,8250.5,3,6.9,18838.06
3634.9,Rail,909.1,9,9.6,38561.76
3162.4,Road,1008.1,2,3.3,50701.64
2916.5,Rail,776.7,3,9.2,29087.07
4361.3,Road,4937.7,18,2.0,82274.56
2947.4,Air,1821.2,2,4.0,130208.37
3285.9,Road,3711.4,14,8.2,65225.98
1164.2,Rail,3909.5,4,1.5,15440.14
3434.5,Road,1100.6,16,5.8,62530.59
2461.2,Sea,9541.7,17,7.3,27461.07
2549.8,Sea,6175.5,11,4.7,22994.96
634.0,Rail,7481.7,29,10.0,26703.12
3309.4,Road,6653.9,19,1.9,70027.01
3000.1,Road,4473.1,19,3.9,62401.58
681.1,Sea,9484.6,28,6.0,23194.06
812.0,Sea,3367.8,16,3.0,15663.74
3885.5,Road,9448.2,26,8.8,90750.85
2786.1,Road,6269.1,7,5.1,57601.45
689.9,Road,4422.4,17,9.5,27141.75
974.5,Rail,6771.6,29,3.1,28080.44
2111.3,Road,8316.4,11,7.6,53495.03
4056.0,Sea,9263.3,16,8.1,35651.7
2273.9,Rail,6155.3,3,4.3,26549.4
818.6,Sea,6786.3,4,9.6,12405.32
3816.1,Rail,9532.0,17,6.8,50001.52
1881.1,Road,5147.5,22,7.1,49022.08
3128.9,Rail,8770.1,5,5.9,37593.16
609.5,Air,5392.3,10,7.3,93730.88
3445.2,Sea,8355.6,1,3.5,22830.76
4133.3,Road,5873.9,8,8.3,79834.7
3704.4,Road,2371.9,27,8.6,75537.51
143.2,Multimodal,1938.5,7,3.4,9705.35
2645.3,Sea,3182.8,7,1.7,19226.84
2602.3,Sea,2698.4,10,7.4,22427.97
3673.4,Air,4034.2,28,8.9,196929.48
4475.0,Rail,6968.7,15,9.9,54385.0
4193.8,Air,8624.2,6,2.4,257001.41
465.7,Road,1616.1,14,9.6,17346.7
3424.6,Road,5679.2,21,2.1,71181.91
4176.5,Road,6620.4,20,10.0,88285.55
1836.9,Road,5406.9,22,3.2,47660.91
4183.5,Road,673.2,13,5.9,72083.04
4069.3,Sea,6401.6,6,1.5,25967.18
2882.8,Rail,3268.2,10,5.3,32539.89
4084.3,Rail,2379.4,22,3.2,45880.73
3330.5,Rail,4450.6,18,6.0,41222.81
2820.8,Road,7141.2,14,9.3,64593.84
1409.9,Air,5486.3,3,8.7,120817.75
2514.9,Road,2536.7,28,4.8,56041.7
3063.6,Road,1654.7,23,7.3,61655.26
2347.1,Road,3489.9,7,4.5,45621.33
2258.5,Rail,349.2,3,1.2,20217.1
4026.7,Road,8814.6,25,1.1,86771.21
4431.5,Sea,2923.3,3,7.1,28416.29
3226.4,Road,8867.3,10,6.0,70722.63
1546.4,Multimodal,7198.6,25,9.9,43360.06
4033.4,Sea,9432.2,17,6.4,34938.46
3702.9,Air,5785.5,19,9.4,215199.87
3335.7,Rail,7645.6,28,5.4,48471.25
1756.3,Rail,1737.0,13,9.3,24257.56
2714.2,Multimodal,6694.8,24,9.1,56429.87
1744.0,Road,5412.6,21,3.2,45922.33
783.3,Rail,4749.1,27,2.9,23816.58
3497.2,Road,2291.9,15,1.8,63162.06
3150.1,Multimodal,6885.2,11,3.0,53329.08
1362.4,Rail,5181.5,12,9.3,23304.06
2299.9,Road,8626.0,27,8.5,64569.76
2686.0,Road,936.8,16,8.1,51677.6
3626.8,Air,682.2,1,6.3,141512.15
132.2,Road,1028.8,3,4.2,5747.72
3924.9,Road,3180.5,20,6.5,76055.26
1718.7,Rail,8086.5,28,8.8,36271.56
2353.2,Multimodal,5618.8,20,4.5,46908.57
2096.0,Road,6080.1,4,3.6,44887.68
3551.3,Sea,5526.2,16,7.7,31277.15
2980.7,Road,5910.5,5,3.1,58127.46
3357.6,Road,150.1,4,8.2,55447.25
4369.6,Sea,7054.6,16,5.1,34388.34
3505.1,Rail,7903.7,14,4.5,43197.26
3309.4,Rail,9723.4,5,8.9,41449.43
616.6,Rail,6758.3,10,2.5,16598.08
1588.9,Rail,5284.6,20,7.0,28439.04
2676.5,Rail,5280.6,25,2.8,38500.83
1334.8,Road,3272.5,28,7.7,39976.19
2944.5,Rail,4734.7,9,1.3,32194.79
1185.7,Air,421.2,16,9.3,57922.08
1433.4,Air,9687.2,14,4.9,176260.13
154.4,Road,929.0,11,3.2,9624.23
1045.8,Road,1640.4,19,6.9,28355.17
2304.7,Road,5117.2,22,3.5,54388.17
2856.3,Air,4305.6,13,7.4,163056.9
1989.2,Road,8731.3,9,6.9,51204.79
1535.5,Road,3061.7,15,8.3,37026.03
2544.5,Sea,7195.6,6,7.9,22248.42
287.5,Sea,4238.3,25,2.1,17653.08
1232.8,Road,3826.2,11,5.6,31406.53
1740.1,Rail,2111.0,27,5.3,29757.87
2162.2,Road,8137.9,16,7.9,56310.51
3633.9,Air,1980.1,28,6.6,169572.57
3391.7,Multimodal,108.1,15,7.8,50166.9
2128.4,Multimodal,8305.1,21,8.9,50178.38
2217.4,Rail,2123.4,9,1.9,24369.86
3162.1,Road,1514.2,26,8.8,65015.81
2260.8,Rail,1995.8,6,3.0,23685.97
599.6,Road,9382.0,18,3.2,34540.63
2078.9,Road,6720.5,29,1.1,56157.82
2713.0,Road,6908.0,26,2.9,65226.07
2638.8,Air,1533.4,6,1.4,116488.24
579.8,Air,6146.5,15,7.5,103963.98
4367.0,Road,8618.1,16,5.5,90291.96
1656.9,Multimodal,6804.3,27,4.5,43678.86
4445.5,Road,777.9,8,2.6,71858.85
3682.0,Sea,4337.0,14,3.4,28083.86
1086.9,Rail,7117.5,28,9.1,29859.97
4132.5,Rail,937.8,23,4.5,46182.77
1045.4,Multimodal,3603.9,11,9.6,25327.91
623.6,Rail,7134.7,16,5.0,19974.29
1908.0,Sea,8374.8,3,8.7,18318.82
639.6,Road,6381.8,16,8.1,29394.86
220.4,Road,8381.7,13,9.0,24943.36
1465.7,Road,6546.6,27,1.9,46238.87
1336.2,Multimodal,9322.1,5,9.2,34677.83
4156.9,Rail,145.9,24,7.9,48226.16
1908.5,Sea,3501.8,21,8.3,24323.41
4458.2,Rail,654.7,9,2.9,41207.86
558.0,Road,3801.5,15,4.8,22622.07
2393.9,Road,2480.4,6,5.0,44309.56
3240.2,Rail,2466.2,24,3.9,40400.97
1395.7,Multimodal,2890.8,12,8.5,28909.88
660.3,Road,2899.3,5,9.5,18528.56
2768.0,Rail,5816.1,2,8.1,31415.66
2621.5,Sea,6496.4,2,6.3,19994.61
1513.2,Road,2597.7,5,8.0,31276.27
1170.8,Road,1428.2,28,9.1,34357.04
3832.4,Rail,4173.6,9,4.1,40145.9
4284.8,Road,2979.2,27,3.2,82286.7
3150.7,Rail,9193.2,12,1.7,39430.52
2256.3,Sea,7982.7,18,6.7,26119.84
416.8,Rail,8850.8,9,2.3,16504.7
477.7,Road,1043.7,11,7.4,14925.5
2076.2,Road,3835.5,1,4.3,39425.04
4053.6,Sea,8488.7,29,3.4,38260.02
3471.2,Rail,1760.3,20,3.0,39378.61
3118.6,Rail,7805.8,5,1.5,34588.87
1170.1,Air,8736.3,9,8.6,153847.75
623.8,Rail,2746.5,23,6.2,19264.69
4029.9,Road,9671.4,11,2.6,82954.63
846.7,Road,8366.1,1,2.3,28678.9
1053.6,Rail,1691.2,15,9.2,18801.71
3443.1,Rail,5744.1,24,3.3,44610.85
3507.7,Road,2306.6,26,9.7,72442.71
3090.3,Sea,4625.8,23,8.6,32152.61
656.7,Rail,5104.3,14,9.6,18045.16
845.9,Rail,6713.9,20,2.6,22942.2
3761.9,Sea,6153.3,17,8.6,33403.46
1447.8,Road,3553.1,15,4.7,35790.2
2499.2,Air,5324.6,3,9.7,158871.83
3634.2,Road,790.3,25,3.2,67744.96
1266.0,Road,5601.7,2,4.7,30888.72
794.8,Road,9771.6,7,2.5,33134.65
1599.4,Rail,5653.4,9,2.4,22966.43
2355.7,Road,8700.7,29,3.4,64629.36
1982.9,Road,8695.4,1,5.8,47210.24
1248.5,Road,9553.8,1,1.1,36460.92
1801.0,Road,695.9,24,10.0,41434.22
3373.9,Road,6418.6,28,6.9,77187.88
2509.8,Road,9181.3,23,7.7,66745.82
1406.0,Road,7902.4,15,8.1,43649.32
2285.5,Road,4483.3,1,8.3,45086.75
3444.8,Multimodal,2702.3,5,6.9,49716.5
1321.5,Road,3466.2,1,2.1,26904.56
840.0,Air,1234.1,15,5.7,54169.95
2480.3,Road,2108.6,23,1.2,51174.07
2162.0,Sea,7135.1,20,3.2,25100.97
2654.2,Rail,1744.0,19,9.9,35173.7
503.2,Road,8326.8,29,4.3,36138.26
988.3,Rail,2550.3,8,8.2,15786.76
284.9,Road,4081.5,12,4.8,17671.96
3768.2,Road,3003.5,15,8.6,72190.85
1789.0,Road,3277.7,14,7.1,40600.22
4020.3,Rail,8116.0,7,3.1,43582.22
4255.4,Sea,7222.2,23,5.3,37107.11
268.3,Air,3874.3,17,9.4,66360.67
1972.9,Road,3602.7,23,7.4,48178.53
1971.7,Sea,6714.0,17,3.6,22834.31
2918.8,Road,6909.8,23,9.2,69712.85
325.0,Air,470.5,2,4.2,20627.09
4206.6,Rail,2165.5,27,6.3,50804.21
3535.5,Air,5826.2,28,5.1,211542.99
107.7,Road,5883.6,7,2.1,15919.19
850.5,Rail,1944.7,6,9.9,13252.7
3712.1,Rail,669.2,24,7.4,44513.46
1008.0,Sea,9797.7,12,7.3,17964.47
1658.2,Multimodal,1276.2,29,4.1,36225.41
2934.6,Road,8723.1,14,3.2,66526.32
318.0,Rail,3504.0,8,5.7,10628.49
3038.0,Road,8527.5,16,5.6,69813.98
1220.2,Road,6258.9,22,4.5,40255.64
776.0,Sea,504.2,2,1.9,7854.46
449.5,Rail,9116.6,17,8.1,20942.43
706.8,Sea,7707.4,25,3.7,21086.65
2486.9,Rail,4646.6,10,1.2,29036.72
4219.4,Air,5948.9,22,2.3,232962.3
3068.0,Sea,3291.4,1,9.5,21918.34
2030.6,Sea,1465.9,13,8.9,20751.52
4361.5,Sea,585.5,6,8.1,29172.28
1084.3,Rail,5412.6,1,6.0,15652.3
3718.8,Sea,1803.9,1,9.0,24647.2
732.8,Rail,3554.3,27,6.3,22704.3
1011.6,Road,3029.7,16,2.4,28423.39
2175.7,Sea,3756.6,19,9.6,25524.95
465.8,Sea,1709.2,4,8.7,8434.55
1310.7,Road,7834.3,25,4.9,45865.36
3017.9,Road,7342.3,2,6.3,61342.65
2085.7,Road,8189.7,25,6.9,58941.61
2538.6,Rail,4877.9,7,7.7,30671.9
235.9,Rail,7040.0,12,7.3,14994.83
1131.3,Road,1354.0,15,4.4,26893.92
3450.8,Road,5905.3,18,9.1,74043.8
2583.6,Road,9342.0,16,1.4,62576.25
9.6,Road,3074.3,7,1.9,9444.1
2709.7,Road,6132.7,15,3.6,59035.89
603.3,Rail,2214.4,8,4.3,11778.05
599.0,Road,2993.2,9,7.4,19406.91
4181.6,Multimodal,9532.7,18,9.8,76596.73
4357.2,Rail,901.6,2,9.2,41660.69
2375.2,Sea,7711.4,26,1.6,28411.62
2663.7,Road,8748.7,9,1.2,59463.38
1834.3,Multimodal,5990.5,5,6.5,35238.99
3975.6,Sea,179.1,11,8.3,29244.07
2354.2,Road,7587.0,26,8.7,63291.28
4174.9,Road,3998.1,7,9.9,77635.65
1002.6,Rail,7675.4,2,5.5,17294.47
431.1,Rail,1291.0,28,9.3,18744.96
4443.4,Rail,6190.8,13,8.6,51633.52
2223.0,Multimodal,3735.6,15,2.1,39461.01
2767.8,Rail,143.7,27,3.8,35920.22
1545.6,Rail,5315.9,23,9.4,30167.35
605.4,Sea,5930.8,29,4.7,21804.69
3785.1,Road,9260.9,1,6.2,76151.2
655.0,Sea,9227.6,8,6.0,14060.4
2262.6,Air,6994.9,12,3.4,172141.53
3740.5,Multimodal,3790.4,7,7.9,56343.95
2973.2,Road,302.5,8,9.1,51975.1
3037.1,Road,7166.9,7,5.3,63174.65
1041.2,Road,3991.0,21,3.8,33033.54
2368.0,Rail,3092.8,26,6.7,35841.87
192.3,Road,3419.4,13,3.3,15440.07
276.2,Rail,794.9,27,6.2,16499.07
3254.8,Sea,1912.7,9,6.8,24694.75
3538.7,Air,7110.7,22,8.1,226007.23
630.5,Rail,3501.1,21,2.3,18766.02
4280.1,Rail,541.3,26,2.0,46814.41
592.3,Road,2970.7,19,5.6,23628.29
1892.9,Sea,8859.5,14,5.3,22461.46
889.4,Sea,8960.3,6,4.5,14041.17
449.0,Road,7549.5,2,8.5,22169.06
4346.5,Sea,884.1,15,5.2,31338.69
1977.1,Road,9217.7,3,8.1,49650.02
1489.7,Rail,8894.4,3,4.4,22683.03
1479.5,Road,1403.9,4,9.7,28542.27
941.7,Air,4164.0,12,9.1,92067.21
4360.1,Road,5158.9,28,5.6,89331.76
2202.8,Rail,25.1,5,7.0,22369.98
2388.0,Road,2931.6,8,3.7,45403.28
3199.1,Air,2778.1,28,9.9,165220.46
1837.8,Multimodal,5352.5,26,6.6,43846.04
1260.9,Road,80.5,26,4.7,31609.43
1321.1,Road,4498.8,15,6.7,35922.35
1570.5,Rail,3308.4,10,6.4,22042.22
2597.2,Multimodal,5576.1,12,3.6,45707.46
3739.0,Sea,3742.5,6,5.9,26013.72
1096.0,Multimodal,1749.7,25,2.4,28286.24
2630.0,Air,7652.0,18,6.1,196852.08
3378.9,Rail,1088.6,27,6.6,43022.12
4475.4,Road,5659.5,17,1.1,83987.19
4085.2,Air,1603.1,18,2.0,174151.88
2914.4,Rail,8007.1,11,5.3,37455.08
4261.4,Rail,4725.6,24,8.9,53796.99
4228.8,Rail,6946.4,23,8.6,55043.25
205.3,Multimodal,2610.5,1,4.1,8704.32
2930.5,Road,837.9,28,5.6,59682.91
2932.6,Sea,3519.0,4,6.3,21237.08
3046.4,Sea,4272.1,14,3.7,25311.65
4223.7,Road,7573.3,18,2.0,84863.29
1295.9,Multimodal,2716.6,26,7.4,33422.77
1067.3,Rail,9163.2,5,4.7,20531.55
2160.9,Sea,9217.4,29,5.4,30561.72
1370.3,Road,3401.6,4,7.9,29923.6
1441.0,Road,2314.2,13,1.9,31944.79
1119.4,Rail,7650.7,17,2.8,24653.74
3022.0,Air,4769.3,11,4.1,172351.5
3305.4,Rail,4958.0,16,4.9,40020.79
450.5,Rail,7906.0,1,9.5,12770.37
3595.9,Road,4301.7,29,1.8,74550.47
1209.8,Road,5000.4,15,8.0,35342.39
598.8,Rail,7749.5,8,4.5,16593.07
2058.6,Road,2306.4,21,8.3,46530.63
2763.8,Road,9225.8,1,4.9,59744.63
3248.5,Road,6180.6,18,3.4,68639.01
2703.9,Sea,6581.3,20,2.7,27025.83
4220.7,Rail,9586.5,25,2.6,54523.79
96.7,Road,708.9,2,7.5,4254.38
4102.0,Rail,2334.6,9,2.4,39666.27
3301.5,Rail,6355.4,12,7.5,40808.04
4212.8,Road,1286.1,16,2.1,72582.49
1125.8,Road,3992.2,13,7.0,31110.46
859.7,Air,6075.7,19,9.1,115254.04
4485.4,Road,1500.4,6,6.2,75166.92
2008.1,Multimodal,3695.1,24,3.3,41464.55
1232.3,Road,5357.3,10,7.8,34031.93
3566.2,Road,7437.0,20,8.6,79366.57
2418.5,Road,471.6,28,8.9,52311.61
2792.2,Multimodal,1730.0,6,4.5,39901.69
251.2,Air,3584.0,13,3.2,60284.05
2996.4,Sea,637.0,18,7.2,27045.01
3113.8,Sea,5097.4,11,3.7,24657.6
622.3,Rail,8361.6,27,1.3,25663.5
3352.0,Air,5839.1,22,1.1,200372.02
318.3,Road,9266.3,24,4.1,32905.8
425.9,Rail,5376.0,23,3.4,19812.95
2822.1,Sea,5367.8,22,6.7,29658.25
4252.9,Rail,8221.5,26,8.9,57801.42
1991.9,Sea,9605.7,14,2.5,22330.38
730.2,Road,8957.4,20,9.8,37378.69
3356.3,Road,1653.7,23,5.2,65191.38
2655.6,Rail,9951.2,23,6.3,42972.02
4380.3,Rail,3545.0,23,6.7,52040.63
632.8,Rail,3342.1,21,1.2,18554.56
3458.2,Road,7193.5,9,2.7,69140.19
1179.2,Sea,4871.1,14,1.4,16671.21
4104.4,Multimodal,895.8,12,5.0,57023.76
3549.2,Rail,8346.4,15,2.9,43565.92
2056.6,Road,8646.5,18,7.6,56480.67
206.4,Rail,8450.3,7,1.8,13492.28
3079.8,Sea,5485.9,29,6.8,34285.67
2081.0,Road,2958.9,26,2.5,48581.08
3592.0,Road,8550.0,22,2.6,79411.11
3333.9,Rail,8979.9,9,9.5,43062.82
3368.4,Road,9184.6,27,8.5,82376.05
775.6,Road,6760.4,27,5.0,36699.05
1966.7,Sea,5358.8,2,5.0,15822.39
2117.9,Road,38.6,13,9.1,40106.29
3532.9,Road,1251.1,6,5.9,59872.96
1828.4,Sea,4869.8,13,1.1,18940.74
3894.8,Road,7242.4,11,4.5,77609.07
1241.5,Road,506.6,22,2.4,29844.81
4437.6,Rail,5403.6,4,9.1,47130.25
402.2,Air,4578.1,29,7.1,85020.81
2239.3,Rail,1444.2,12,8.0,27343.67
2651.8,Road,4180.3,29,9.6,63429.08
1994.1,Rail,3565.9,28,6.4,33950.44
2469.9,Rail,8178.3,18,6.4,37563.97
3504.6,Multimodal,1967.6,9,4.4,49859.46
770.4,Multimodal,9847.7,11,8.0,31142.36
4265.2,Road,9025.4,5,2.0,82130.31
1769.1,Sea,7320.1,18,1.2,21898.23
2802.6,Air,8003.0,26,7.5,211465.98
1989.0,Rail,978.6,29,8.6,32644.87
2699.4,Air,7693.3,19,7.3,200892.46
3263.6,Rail,2017.1,14,7.5,37444.89
2284.7,Rail,8843.2,2,8.4,30172.62
506.4,Road,3991.2,18,2.8,23396.66
1502.7,Road,6874.7,1,9.2,37294.63
3622.8,Road,7729.8,9,9.6,76335.86
2565.9,Sea,5111.5,12,8.3,24308.7
3414.4,Road,4224.7,18,5.3,68486.91
3997.3,Air,4203.7,16,5.6,203357.2
1976.8,Road,8694.8,7,1.9,48567.1
1591.5,Road,9762.7,21,8.8,52815.73
506.0,Road,7046.5,27,1.0,32845.56
1221.9,Multimodal,4653.7,3,2.3,24277.84
1900.1,Multimodal,2361.8,7,1.1,29906.54
599.2,Rail,5070.6,6,7.6,13598.68
513.6,Road,1346.8,3,8.4,12392.75
2006.4,Rail,8860.1,15,6.6,32951.94
1678.9,Multimodal,8332.5,21,3.2,43195.48
3810.2,Sea,7769.9,26,2.2,34801.69
131.4,Rail,1218.0,3,8.7,4805.73
3435.5,Air,5228.9,10,3.2,191594.28
942.0,Rail,4520.7,19,7.3,21938.45
3958.5,Road,2302.4,22,8.9,77344.6
1279.2,Rail,6627.5,23,8.3,28757.7
2480.0,Road,9093.6,1,8.0,56385.77
1145.6,Rail,5736.1,25,9.4,27865.66
1856.7,Multimodal,9167.1,11,4.1,42317.62
1075.7,Rail,8443.9,1,1.5,17534.25
1682.0,Rail,4169.7,4,5.8,20851.12
3892.5,Road,520.7,22,4.9,70755.36
3127.6,Road,4547.7,13,2.1,61032.26
1509.7,Road,4580.7,1,1.1,31367.52
3845.7,Rail,3786.0,1,2.7,35461.7
236.0,Rail,2229.6,1,1.2,5374.66
3174.7,Rail,4928.5,8,9.7,37694.29
2820.9,Multimodal,7584.5,29,5.8,59927.36
1688.5,Rail,5120.8,24,2.6,29893.01
1859.5,Road,3356.1,13,4.0,40530.21
1709.0,Road,1318.5,24,8.5,40678.71
2886.4,Rail,6731.2,13,8.2,38294.39
1074.8,Road,8660.5,27,10.0,45566.3
4476.2,Road,5056.9,5,4.4,79727.36
18.1,Rail,1330.4,11,4.1,7518.65
2099.1,Road,2300.6,16,2.4,43083.81
1035.8,Road,7098.8,29,8.4,42770.41
1598.3,Road,1367.6,9,6.6,31889.18
3884.6,Multimodal,5097.2,28,4.9,67911.84
1610.7,Rail,316.3,11,3.0,19213.09
967.2,Rail,2988.6,8,4.4,15417.19
1654.0,Road,1792.4,24,7.3,40337.63
1443.2,Sea,4348.0,21,2.3,20953.01
2288.0,Road,6576.7,26,6.5,59625.48
4050.0,Road,3754.2,2,5.5,70223.03
3134.8,Rail,6690.6,2,1.8,32475.97
3826.4,Rail,4758.1,21,3.5,45544.42
1358.8,Road,7645.0,16,7.9,42845.05
138.0,Sea,1372.7,23,1.4,14987.16
1631.6,Road,6403.8,2,3.5,37613.74
3183.1,Road,8747.7,26,7.3,77572.28
1245.3,Rail,9057.5,12,5.9,25174.47
1248.1,Multimodal,9027.5,7,9.1,34198.05
422.8,Road,9153.9,19,4.2,32000.61
940.3,Road,8866.6,27,9.8,43740.87
3299.7,Rail,7770.0,14,5.2,41808.59
2287.2,Road,1984.8,7,3.8,41830.5
306.8,Rail,5024.2,21,6.7,17814.16
4487.8,Road,2727.0,4,3.4,74593.09
2555.4,Road,3434.7,22,5.9,56003.45
704.1,Sea,8910.2,19,6.4,19153.71
222.9,Road,9541.5,3,7.1,22598.8
2511.8,Multimodal,1097.9,18,2.9,40499.46
1141.5,Rail,4805.0,13,8.7,21474.17
1132.4,Road,3281.0,10,1.6,27690.92
2230.6,Road,3248.5,15,7.3,47975.27
2091.8,Sea,5786.1,12,6.5,21560.79
1622.4,Road,4726.6,27,8.7,46933.31
3641.8,Sea,9977.0,3,8.8,28314.29
1802.9,Sea,7063.3,22,8.4,25692.07
2020.4,Multimodal,9765.0,20,5.3,49535.33
2828.8,Road,1146.1,9,8.4,51359.25
3218.1,Rail,5732.5,10,8.7,39286.43
1675.7,Rail,9729.7,12,7.7,29883.37
2345.1,Road,3318.1,28,8.6,56276.74
2262.3,Sea,5217.7,24,1.4,25927.02
3956.1,Rail,7425.6,18,5.3,48797.95
1881.1,Road,7762.5,18,7.7,52224.19
2074.9,Road,8615.9,2,9.7,50103.95
2593.0,Road,7447.1,25,3.6,64187.21
2995.2,Sea,9793.6,20,8.0,31965.23
9.3,Multimodal,7426.4,12,7.8,18617.58
2934.8,Rail,592.6,16,5.9,33562.98
689.2,Road,7268.5,7,7.4,27521.53
4391.8,Road,3692.3,25,9.8,88648.67
1613.9,Road,5034.7,3,4.1,35377.99
2170.8,Rail,4363.6,5,5.3,25340.49
311.9,Air,5727.4,17,3.5,89986.17
3925.4,Road,8900.9,20,7.1,86757.44
1117.8,Road,1771.6,27,7.3,33319.4
1382.7,Road,7878.0,24,1.7,45937.98
2795.3,Sea,9594.3,19,8.6,30671.06
39.2,Sea,6811.3,7,8.8,9521.64
4458.6,Road,7394.1,19,9.8,93603.33
2285.9,Rail,3846.9,14,2.2,28879.73
3756.0,Rail,5100.3,15,6.8,44509.46
4082.4,Rail,7372.6,13,3.9,46763.88
6.9,Road,5375.5,5,3.8,12642.29
1929.8,Sea,321.3,4,2.4,13842.74
4004.4,Road,6276.7,11,1.2,75576.32
3117.9,Road,9545.0,3,2.4,65468.73
3327.8,Road,7095.0,14,7.2,71480.69
2483.9,Air,8926.1,18,1.2,205141.81
4392.8,Road,2122.2,8,7.4,76648.64
469.0,Sea,5140.1,1,6.6,8336.69
3916.6,Road,4343.3,9,9.6,74919.59
3051.4,Road,6405.1,27,9.7,72993.29
2467.1,Road,1447.8,16,1.5,46780.1
3012.0,Multimodal,4388.6,16,6.0,51534.96
3529.5,Sea,6954.7,4,6.5,25662.22
837.7,Road,5271.7,21,9.8,32912.04
996.9,Road,1251.2,16,6.1,25417.85
1106.1,Rail,5385.2,4,2.1,16530.1
1563.1,Road,7355.4,19,4.7,46191.93
2549.1,Air,6645.4,18,3.9,181114.14
4100.0,Rail,7872.2,14,2.7,46973.26
1147.4,Air,3475.5,26,6.9,97246.05
2492.6,Road,7812.3,3,7.3,54860.44
4395.3,Rail,5995.4,3,5.1,44276.71
3048.6,Road,7393.4,6,8.4,64637.64
1932.8,Road,4564.5,4,7.3,40747.54
339.1,Road,1949.1,15,6.3,16121.69
1460.0,Road,9908.2,21,9.5,51072.15
1450.1,Road,8108.8,4,2.3,38533.21
3033.9,Rail,7626.8,13,2.5,37840.16
774.2,Road,9195.3,24,5.4,39804.0
2222.3,Road,9745.4,9,1.5,54963.8
1801.1,Road,3730.8,23,9.5,46419.93
635.6,Rail,876.0,9,7.4,11544.83
3998.7,Rail,6975.2,17,3.6,47363.83
2797.4,Road,8633.4,18,4.3,66669.9
3032.5,Road,6919.7,18,2.5,66299.06
1781.7,Rail,5558.8,27,2.5,32416.1
3770.5,Road,5464.3,22,1.4,75768.47
4168.2,Road,1404.3,9,2.2,69005.58
116.3,Road,2138.8,29,2.9,19275.75
2027.0,Road,1691.3,2,8.9,36612.99
3022.9,Road,4084.1,13,5.5,60134.17
3766.8,Road,5291.7,22,7.5,78900.55
3547.3,Road,5019.1,7,9.5,69412.28
4412.6,Sea,2847.8,10,5.7,30532.92
3413.3,Road,1942.1,18,5.5,64556.14
567.4,Road,5987.3,15,9.2,27109.34
721.4,Sea,3284.5,17,5.2,15893.3
4285.0,Rail,944.4,17,2.2,43183.58
114.0,Multimodal,5970.7,6,5.0,15043.8
1699.8,Rail,7903.1,8,2.1,25184.16
1944.2,Rail,572.5,26,6.5,29798.73
1171.0,Road,3344.3,11,1.3,28836.02
3286.4,Sea,1947.5,18,9.4,30131.67
3748.6,Rail,6959.4,19,3.3,45988.77
4303.9,Road,8818.1,27,5.9,94829.3
4352.0,Road,1813.4,25,5.9,82114.24
1765.9,Rail,9276.4,22,2.9,33453.7
4255.4,Road,2823.1,3,9.7,75000.38
2186.7,Rail,1923.1,21,4.7,30272.53
3750.3,Road,9753.5,13,3.0,80146.9
3546.1,Road,7780.6,8,3.0,71253.87
1013.9,Air,3565.0,17,5.9,89260.62
2570.3,Rail,5720.1,6,1.8,29070.56
4370.7,Rail,5454.6,13,8.5,50264.57
2372.2,Rail,1376.4,2,2.6,21986.99
2353.4,Road,9399.5,8,9.9,58682.1
2823.3,Rail,5716.6,13,6.5,36110.7
4180.3,Road,7351.3,15,2.3,82604.96
1748.5,Road,7966.0,1,9.7,43311.35
175.7,Rail,5685.9,18,5.9,15873.48
816.0,Sea,3400.9,26,6.8,20632.8
4321.6,Air,5412.3,11,3.6,225898.09
1178.6,Road,9783.5,17,3.4,43560.6
3348.0,Air,8033.0,12,3.4,223178.46
1729.2,Sea,9995.6,28,6.5,28751.03
173.9,Road,1406.1,4,6.7,7583.68
1492.0,Rail,1001.6,1,8.0,15587.88
1860.7,Sea,7071.3,1,8.2,16505.43
1046.4,Road,6646.4,15,9.8,36005.49
4362.3,Rail,3185.6,15,3.5,45816.46
4458.6,Multimodal,4358.2,5,9.8,66380.26
1247.9,Multimodal,1827.8,24,9.3,31108.17
4317.5,Sea,3759.3,24,5.4,36602.97
4140.3,Sea,9288.4,8,2.9,29272.08
4270.3,Road,3635.2,15,7.2,80553.34
3315.7,Rail,2075.8,21,5.6,40226.38
2201.8,Multimodal,2651.0,1,9.3,33653.18
1855.0,Sea,5036.9,15,1.4,20106.21
133.0,Road,4757.4,17,5.2,18893.23
967.7,Road,964.4,2,8.2,18486.06
3328.3,Rail,1105.3,29,3.6,42003.38
514.8,Road,2396.2,5,3.2,14800.34
63.9,Road,7317.1,8,6.7,18386.54
3561.6,Road,4512.4,21,9.7,75030.88
1766.6,Multimodal,1204.9,10,1.5,28116.44
1782.9,Road,6817.2,20,7.6,49759.07
1226.6,Road,139.0,13,5.3,25485.72
3780.7,Rail,5960.4,20,1.4,44692.88
3678.8,Road,3467.8,27,3.2,74113.62
2277.6,Road,493.2,6,4.9,38892.59
2646.6,Rail,1240.0,6,3.1,26168.95
1109.7,Road,7486.8,24,7.3,42162.06
653.2,Rail,2473.8,18,3.0,16777.72
1498.4,Road,2734.8,11,8.0,34093.78
3495.7,Sea,4878.9,28,1.1,32586.02
4018.1,Multimodal,1569.6,26,4.7,63097.01
1879.2,Road,9689.1,5,5.4,49087.52
4037.9,Multimodal,3807.5,20,9.4,66840.21
1328.4,Rail,4465.6,9,1.0,19400.5
1716.3,Sea,736.3,12,2.4,16661.91
1434.4,Rail,5580.8,28,7.0,31120.49
1091.3,Road,7981.5,22,6.2,41683.68
1808.0,Multimodal,4220.7,28,4.9,42120.92
1521.6,Multimodal,1667.5,23,8.1,33408.36
973.4,Sea,264.0,12,3.4,13400.99
2381.8,Rail,3479.4,5,2.2,25227.8
2944.7,Road,8612.3,3,6.4,63013.1
3323.2,Road,1018.9,3,5.8,54896.86
3559.8,Rail,9560.6,14,5.5,45716.61
2286.8,Road,8740.6,14,6.1,57861.99
1639.3,Air,424.5,2,5.0,67148.29
1186.4,Rail,828.7,13,2.1,17105.4
1900.3,Air,4456.4,15,6.0,130987.57
1362.5,Sea,809.6,14,1.1,15845.54
2473.1,Rail,9534.8,21,9.5,41305.95
59.3,Sea,240.3,23,8.7,14243.43
2134.1,Multimodal,9421.5,20,3.3,49602.76
3330.4,Rail,6473.9,27,4.1,46255.08
1261.0,Road,5461.4,3,7.0,31429.45
3922.1,Road,6544.2,14,7.6,80042.07
821.3,Rail,1285.4,29,7.5,22500.41
3556.7,Multimodal,7501.7,23,1.4,63497.19
3337.3,Rail,2626.1,6,5.9,34246.5
1777.9,Sea,7773.2,8,1.6,17808.31
12.7,Road,8266.1,9,4.7,19736.06
435.8,Rail,4353.5,15,8.9,15711.07
2481.3,Sea,4562.6,5,7.8,20374.12
4177.9,Road,2161.3,12,8.8,76004.94
2001.3,Rail,5845.9,12,5.7,28580.75
3429.9,Road,844.2,12,8.0,61420.11
711.9,Rail,2925.8,9,4.9,13716.4
3598.2,Sea,1678.4,26,1.4,31054.1
1189.0,Road,8870.4,17,2.0,41793.47
563.0,Road,7016.1,28,6.1,34435.14
2119.9,Rail,7521.4,3,4.1,26453.59
2274.3,Road,7912.8,15,1.8,55218.45
2661.5,Rail,1364.2,21,7.5,34923.2
2123.3,Air,8734.8,15,2.0,189154.27
1901.7,Road,6506.6,12,1.1,45554.79
2871.2,Sea,2000.2,6,2.5,19525.9
3268.6,Rail,9353.2,27,3.8,48161.41
1846.6,Road,4387.3,1,9.5,38299.83
3704.7,Road,3599.7,1,8.4,65952.97
1643.4,Rail,2848.8,27,7.4,30088.58
4033.9,Road,6416.4,15,6.8,81550.5
863.7,Road,4513.1,4,7.4,24031.31
2630.3,Rail,1739.0,17,7.8,33323.36
4136.6,Sea,7698.9,9,9.9,33389.25
985.7,Road,1590.9,3,6.0,19978.95
4434.9,Rail,3930.1,26,3.2,51807.4
3630.2,Rail,5674.3,2,1.3,35090.47
1825.3,Road,476.9,29,3.5,41873.53
2207.7,Rail,7019.6,12,5.8,31468.13
411.8,Sea,742.0,25,3.9,16984.29
2018.5,Air,335.6,16,1.9,84981.29
4456.3,Road,4374.2,25,8.2,89807.93
4468.8,Air,4692.0,11,6.1,224246.16
743.8,Air,3239.5,25,4.8,79214.34
71.6,Sea,4044.1,13,4.4,11312.11
644.3,Sea,839.2,3,6.5,8307.17
2535.6,Road,6217.1,26,6.1,62574.0
4100.1,Multimodal,7476.2,20,8.8,72748.44
105.7,Sea,2109.5,21,4.3,14334.29
1552.7,Road,1803.1,15,9.3,35218.07
4475.0,Road,370.0,17,6.5,78206.33
2447.6,Road,4704.7,12,6.1,52237.18
2246.7,Sea,6912.9,15,5.5,23877.52
314.0,Air,7175.3,8,7.3,103515.47
1648.9,Road,338.0,14,6.9,33182.81
2026.6,Rail,9689.9,27,7.4,39487.05
2260.8,Road,9842.0,7,1.9,54858.57
4040.1,Rail,8271.0,23,8.0,54178.23
4083.4,Sea,6877.5,21,4.5,34814.52
1900.7,Road,3685.3,18,2.8,43727.1
122.5,Road,3910.7,8,1.2,12925.2
3905.1,Road,9076.5,10,7.5,82560.42
2557.8,Multimodal,2765.2,8,8.4,41078.8
781.5,Sea,8755.7,22,4.3,20535.28
2758.4,Road,1513.2,15,2.6,51136.95
2591.6,Road,3262.4,24,4.6,56606.12
1617.1,Rail,4238.7,27,2.8,29909.82
275.7,Road,6194.6,19,7.5,24613.02
118.5,Rail,7444.5,9,9.9,13097.09
3108.5,Rail,1387.1,9,1.4,30482.08
441.1,Road,4006.8,19,4.7,23033.21
4110.5,Road,3724.3,28,6.6,83580.17
665.4,Rail,3020.2,19,2.8,17803.42
2478.5,Road,4517.7,16,7.8,54693.04
3486.4,Rail,7309.9,11,8.3,43201.3
3860.1,Multimodal,5580.9,26,2.7,66068.73
3990.8,Multimodal,5050.8,28,5.2,69137.66
2500.1,Road,5183.2,26,9.6,61504.15
1078.0,Sea,7119.1,12,1.1,16227.46
918.5,Road,5558.2,6,8.8,27922.45
2019.0,Multimodal,7097.3,15,4.7,42977.2
2833.5,Road,5031.5,3,2.0,52917.9
3878.2,Rail,6926.5,29,8.8,54593.22
2268.0,Road,8485.8,22,8.8,61628.72
3156.5,Road,795.9,8,6.8,54707.37
3106.8,Road,7528.6,2,2.0,61040.09
536.6,Multimodal,8143.1,22,9.2,30808.13
3669.2,Rail,7476.7,3,8.8,41518.08
1938.6,Multimodal,2313.2,1,8.9,29818.16
260.7,Road,1178.4,4,5.0,8489.15
2564.3,Rail,9163.4,21,9.3,41691.75
4082.7,Road,3418.6,3,2.5,68764.91
3418.3,Road,1837.9,16,8.7,65136.36
544.7,Sea,6765.7,10,4.1,13269.56
3599.9,Road,8681.6,12,8.8,78562.49
209.6,Sea,9856.5,1,5.3,8864.62
2590.1,Road,5433.7,1,3.9,49892.56
522.1,Air,8792.1,8,7.6,130479.15
2712.3,Air,4843.6,17,5.3,165441.77
692.4,Sea,5416.7,6,5.5,11760.27
4022.4,Sea,5677.4,5,6.2,27809.17
2936.0,Rail,8742.0,9,8.6,38910.85
1980.4,Air,2415.5,27,9.6,115819.85
4083.1,Air,7471.9,2,4.7,238829.48
781.8,Road,3389.2,1,6.4,19225.43
3952.4,Rail,986.9,6,5.0,37402.96
514.3,Sea,9762.8,23,5.4,20242.6
3476.0,Sea,9257.7,1,7.8,25628.63
646.7,Road,5076.4,27,7.7,32095.17
695.8,Rail,1547.7,24,7.1,19263.64
3878.0,Road,8639.6,9,3.2,78363.79
2017.7,Sea,4027.9,23,7.9,25896.1
1149.4,Sea,5134.5,25,8.8,23025.92
2965.6,Road,9894.7,19,9.5,74255.63
3878.0,Road,4664.7,15,4.6,74682.6
1873.2,Air,1483.8,10,5.2,91716.78
1290.0,Rail,6650.2,10,8.6,23053.08
1248.1,Rail,5517.3,26,3.7,27975.18
3072.7,Road,1819.6,19,8.5,60848.22
3182.6,Road,1890.5,5,8.7,56554.05
4110.7,Road,9202.0,2,4.6,80485.22
99.9,Road,407.1,8,10.0,6559.57
621.3,Road,6236.3,9,4.4,25316.87
2655.1,Road,7905.0,11,4.3,59980.3
1325.1,Multimodal,3742.2,24,5.2,34001.13
2027.8,Road,1384.7,10,2.6,37730.03
4172.4,Road,9206.3,21,9.5,93065.16
439.3,Rail,2614.7,5,5.8,9508.02
2919.0,Air,1813.5,11,7.3,134485.1
3619.6,Rail,641.1,16,4.6,38631.39
546.5,Road,8939.2,25,1.4,35971.16
2911.5,Sea,5398.8,3,8.8,22578.62
3743.2,Road,3899.3,27,8.3,78732.64
934.3,Air,7691.4,11,7.5,133461.77
611.4,Sea,5266.3,4,9.5,10649.17
297.7,Multimodal,3054.1,18,3.3,18081.02
3281.1,Air,3887.0,3,2.5,166564.93
1865.7,Road,7592.5,6,2.7,44733.2
2249.8,Air,2681.8,20,3.1,123405.5
449.5,Sea,5373.5,24,6.8,18592.47
525.7,Road,8658.4,5,5.1,26501.26
3034.6,Rail,8774.8,13,9.4,41970.4
1858.7,Road,8939.4,11,8.8,50983.61
3782.5,Rail,7638.2,22,6.0,49734.82
3542.9,Road,5110.9,2,5.6,65039.89
3536.4,Road,4999.9,23,8.5,75761.41
3873.7,Rail,9578.0,12,5.5,47499.85
3814.1,Rail,7702.3,14,6.2,46579.9
2446.1,Road,2132.5,16,5.0,48942.14
1296.8,Road,3299.4,7,3.0,29190.06
2535.3,Rail,3311.8,10,3.2,28874.59
1068.7,Road,7745.0,16,9.3,38698.84
867.4,Road,4667.5,6,2.0,24626.02
2280.1,Sea,7297.2,9,5.5,21455.91
2805.0,Road,449.2,19,7.4,53736.37
2032.2,Multimodal,6668.9,28,5.8,48710.44
3629.4,Sea,3156.9,2,5.4,23193.63
2630.9,Road,2195.6,29,4.3,57461.39
4400.8,Road,6642.5,11,2.1,82709.0
769.4,Road,1042.0,18,9.2,22746.07
1408.4,Road,6645.1,19,7.6,43135.54
322.7,Rail,9938.9,27,9.8,25101.5
2249.1,Road,9174.0,8,1.3,53848.22
229.5,Multimodal,7650.0,27,7.3,28469.77
2932.1,Road,3397.2,15,9.9,60262.89
1127.3,Road,3016.1,12,4.2,28459.74
3399.8,Sea,9683.2,9,5.6,27981.91
183.9,Road,998.9,24,6.6,16035.03
1518.9,Rail,2118.3,21,3.1,24735.21
4190.1,Air,8283.1,21,4.0,260546.04
314.7,Road,4970.9,22,4.1,24228.84
3940.0,Road,9021.5,18,2.3,83377.01
1491.1,Road,3718.2,1,2.3,29823.61
175.6,Road,3064.2,17,7.0,16506.76
4052.0,Rail,5931.6,13,5.4,46062.27
1933.6,Multimodal,6864.7,13,9.4,42131.03
1957.9,Rail,6682.9,27,5.7,35721.63
3101.5,Air,2552.3,1,6.2,145004.46
2111.1,Road,8458.4,3,6.7,49920.98
3497.2,Air,4594.3,2,7.5,184936.24
2555.7,Sea,832.3,17,2.3,22646.34
1434.3,Multimodal,5520.3,21,5.5,36644.45
2876.5,Air,2866.5,11,6.1,145078.87
398.6,Air,5903.5,21,4.9,97012.44
2217.2,Road,1863.1,19,1.2,45053.05
1536.6,Rail,8259.2,22,9.7,32301.77
1813.8,Road,1735.2,23,4.2,41539.73
3036.5,Road,4209.9,18,4.4,62309.45
733.2,Rail,361.7,11,9.3,13033.65
159.8,Air,6485.1,25,5.4,97295.42
3938.8,Road,940.4,16,7.9,71208.58
3836.5,Air,7234.8,18,1.4,232472.11
4136.1,Air,6707.2,19,7.0,240693.06
3193.7,Road,4188.2,14,5.7,63442.87
3978.7,Road,4892.7,7,4.9,73233.08
1457.2,Road,8371.1,16,9.1,45925.82
678.4,Sea,2568.1,10,9.3,12655.51
3128.5,Road,6377.9,12,1.1,63285.25
1589.5,Road,5740.4,16,8.7,43352.67
1232.8,Road,7252.8,1,4.9,32850.86
2667.0,Road,4044.0,7,2.1,50526.67
656.0,Sea,8814.3,4,5.5,11977.8
2669.5,Rail,2367.4,21,2.9,34082.48
3931.7,Road,8046.9,12,2.3,78802.91
3099.5,Rail,6028.8,13,7.8,39384.52
2298.7,Road,7996.2,12,9.2,56836.59
2192.1,Road,9633.2,12,3.6,56322.98
1436.2,Road,40.4,6,7.9,25882.06
3417.7,Road,294.5,11,2.2,56830.08
4207.6,Road,15.8,18,9.2,75578.76
2137.4,Air,3132.7,5,4.0,118385.67
3975.2,Air,3943.8,4,3.8,193023.54
105.4,Multimodal,3744.7,13,3.2,14751.47
857.7,Road,500.0,16,5.4,21833.77
238.7,Air,9028.1,21,6.2,128881.64
2409.2,Road,1296.1,16,4.1,46567.7
1488.0,Rail,5400.6,22,4.4,28127.49
3791.3,Rail,9052.4,16,9.1,50197.77
3071.1,Road,5402.0,28,8.6,71442.83
2788.2,Road,3698.9,16,3.8,56465.3
568.8,Road,7048.6,15,1.3,28367.42
1254.5,Road,9958.0,17,4.7,45232.28
3266.0,Road,6020.9,1,9.6,63911.2
912.2,Rail,6455.4,14,4.9,20798.4
3148.6,Road,1815.0,9,9.8,58214.38
4053.6,Rail,2641.5,17,7.6,46227.86
3915.3,Road,7946.7,1,3.9,74491.05
141.3,Multimodal,7503.4,24,8.0,25708.31
3964.3,Sea,2392.0,6,1.6,23979.07
1314.9,Road,5064.2,24,8.1,41106.73
1960.8,Rail,8785.8,26,5.5,37210.26
2390.2,Sea,1793.3,18,5.7,23880.62
1850.3,Road,7252.5,12,5.8,47429.75
2831.9,Road,3482.7,2,5.4,51132.46
3757.7,Multimodal,668.4,22,7.7,58562.19
3133.3,Sea,2811.7,8,7.4,24228.97
1078.6,Road,4200.8,22,4.5,34328.23
4135.4,Rail,7449.8,26,5.7,54084.2
3126.8,Sea,1282.0,22,7.3,29762.5
618.3,Road,8577.1,5,2.6,27589.83
3285.7,Road,3234.6,4,9.0,60278.01
158.2,Road,1513.7,27,1.8,17780.1
2813.5,Air,3712.7,24,1.2,156836.36
4161.3,Rail,9277.8,22,2.7,52456.63
2589.1,Rail,5641.7,6,2.0,29200.0
1384.4,Road,3508.0,20,7.3,37501.12
4447.4,Road,4303.0,10,8.4,82938.81
3639.4,Sea,7382.6,6,2.4,25104.92
1119.2,Sea,447.1,13,7.9,15327.16
329.7,Road,9510.7,2,5.2,23633.65
4347.6,Sea,8330.5,11,2.0,30501.05
163.5,Rail,8868.8,22,8.1,20475.34
3045.8,Road,6675.4,7,2.7,61068.83
4424.4,Road,5911.9,17,4.3,85935.07
1105.1,Road,3434.1,3,5.7,25206.87
4167.2,Road,3014.0,10,3.9,73355.82
1897.9,Air,898.5,10,5.9,85862.59
1064.3,Road,347.3,27,8.4,30180.42
373.5,Rail,551.1,4,9.0,6827.05
2707.1,Road,1799.0,19,7.3,54608.81
3131.0,Road,1628.0,13,6.5,57946.75
2906.3,Road,7855.4,29,5.5,72394.83
2725.1,Road,1060.3,4,7.9,47043.68
2797.2,Road,7660.4,16,2.6,63242.5
2310.7,Road,4406.1,28,4.7,56271.99
967.2,Road,9598.7,12,7.0,38316.65
2727.1,Sea,6045.8,7,4.4,21814.4
3994.9,Rail,5584.0,19,4.4,47406.52
81.7,Road,6432.2,16,1.4,20580.53
4421.0,Road,4943.2,27,6.1,89741.58
4377.4,Road,5713.5,13,6.0,84213.0
1203.7,Air,7063.7,6,9.3,133673.78
1911.5,Sea,8438.9,27,2.0,27221.14
2545.0,Sea,9219.9,2,5.9,20534.04
3806.1,Road,6885.8,15,4.6,77600.88
279.2,Road,9176.2,12,1.6,26681.61
1024.3,Road,5445.8,25,5.7,37383.53
2972.2,Rail,2367.8,16,6.0,35565.18
282.0,Rail,3393.9,17,8.2,14346.42
4017.5,Multimodal,8635.2,28,8.2,76765.38
3989.0,Rail,6440.9,23,1.7,48350.31
448.3,Road,2794.4,12,7.4,18022.69
1872.6,Rail,5778.4,27,3.7,33620.06
2298.5,Rail,6643.5,16,2.5,32525.12
2921.9,Road,9983.2,16,9.5,72283.64
2441.8,Road,5070.9,26,6.8,59351.86
10.9,Rail,9014.3,5,3.8,11696.18
586.8,Road,3403.9,13,8.6,21872.83
3747.0,Sea,6386.8,22,2.1,32212.28
3548.4,Air,7924.7,8,3.3,227166.77
81.8,Road,9311.8,26,9.0,30334.82
71.7,Rail,4828.4,23,7.4,16477.31
3830.9,Road,8552.4,6,4.0,76475.76
1629.1,Rail,5247.0,11,8.0,25119.63
1833.4,Rail,6485.5,8,2.0,24871.7
4249.2,Road,2424.1,1,6.2,71000.86
4037.1,Air,8243.8,12,3.9,250586.35
1760.7,Road,9683.8,6,2.8,46970.95
3594.6,Road,7783.8,3,8.5,72723.26
2043.6,Road,2705.4,23,6.0,47276.65
1936.5,Multimodal,743.8,1,5.4,26444.86
92.1,Sea,595.3,11,6.6,9234.17
3571.8,Rail,7154.5,11,7.9,43549.98
3635.6,Air,7875.6,4,9.2,231074.78
3440.7,Rail,6659.6,23,2.3,44477.48
4342.9,Rail,6687.0,3,7.0,45737.16
220.0,Multimodal,9190.5,26,8.8,30175.23
4351.3,Sea,4455.6,27,6.8,39190.71
3863.8,Road,4944.3,13,3.6,73534.3
533.6,Multimodal,2455.3,8,2.5,15400.46
194.6,Road,9998.4,4,4.0,23364.28
97.5,Air,9443.5,26,4.1,131080.85
529.6,Multimodal,2354.8,10,8.5,16582.52
3688.8,Road,2285.0,13,7.9,68401.81
1669.6,Road,7731.0,5,9.9,43452.6
2798.6,Sea,1865.0,26,3.1,28470.46
1775.2,Road,2026.4,15,7.5,38682.91
2574.8,Sea,8553.1,17,5.3,26982.59
1255.4,Road,5945.1,13,9.0,37098.05
4043.2,Road,2806.1,16,9.2,77108.41
2785.0,Rail,4024.7,18,6.6,36575.15
2096.6,Road,1724.4,27,1.7,46774.89
1250.6,Road,5934.8,25,1.6,40986.85
1338.3,Rail,1567.1,14,8.0,20458.33
3133.5,Road,3199.1,13,3.8,59427.44
1848.0,Road,9690.4,3,7.4,48306.67
2543.6,Rail,5684.9,10,7.1,32655.03
4443.5,Sea,3480.9,13,3.1,30599.39
1425.5,Rail,9255.8,1,3.9,21432.05
1845.8,Road,3705.3,28,1.8,47101.82
1450.6,Sea,7254.1,14,9.6,20590.87
408.8,Road,3297.4,12,1.7,17887.54
4231.6,Road,3037.5,19,7.8,80884.94
3377.6,Road,4739.5,20,7.5,70927.76
2762.3,Rail,5573.9,5,7.9,32384.15
112.7,Road,4302.3,7,7.1,13250.64
3750.5,Road,8326.6,4,5.2,74721.94
327.8,Rail,6926.2,25,4.0,21285.97
583.7,Rail,9621.7,12,7.1,20253.71
397.1,Road,3836.3,26,3.2,25144.13
663.0,Rail,5417.4,12,9.6,17473.75
2871.0,Sea,8670.1,18,6.3,29254.35
370.2,Road,2748.6,13,5.3,17016.01
2858.8,Air,7491.7,27,7.4,207734.73
3495.9,Air,5915.0,24,3.9,208705.42
2064.6,Rail,5922.3,25,8.2,35820.49
2874.8,Road,2629.8,16,8.7,58000.45
1595.5,Air,2706.7,27,5.6,104353.65
3364.6,Road,9316.3,28,6.6,82076.25
4441.2,Rail,416.5,4,2.0,37946.32
1534.6,Rail,5452.2,1,8.6,20072.57
2743.4,Road,6906.9,14,3.2,60406.06
4372.3,Sea,1820.3,28,1.2,35044.44
148.1,Rail,5332.3,15,1.6,13857.68
1261.1,Rail,9034.8,18,9.4,28818.39
727.3,Road,8105.1,14,4.1,32425.23
2740.4,Road,8810.3,3,3.8,59121.05
802.5,Road,4167.3,20,7.0,29563.65
1415.5,Road,6171.8,21,6.3,43062.37
1954.4,Rail,1865.3,6,7.2,22386.68
247.2,Road,8643.9,23,4.8,30317.06
1339.0,Road,1527.1,15,8.1,31061.69
1019.9,Sea,1215.9,26,8.9,21120.9
1936.9,Road,8150.1,13,2.3,49902.9
4491.1,Road,3586.0,9,2.1,77542.08
4490.6,Road,7368.9,5,9.6,87689.69
828.6,Rail,9734.4,10,1.9,20928.76
3224.2,Rail,3425.5,28,5.3,43660.17
4012.9,Road,9466.2,29,5.3,92126.7
2343.5,Road,2617.3,1,9.2,42977.44
3330.5,Multimodal,7744.7,12,4.3,57853.44
1869.5,Road,5557.9,29,5.2,52221.16
2697.2,Sea,7742.4,7,8.2,23826.34
2078.7,Air,2414.9,2,4.1,106420.6
1363.6,Road,7829.2,2,1.6,35676.65
665.7,Rail,7225.5,11,1.3,17787.71
1316.1,Air,1053.7,13,7.6,68565.51
3964.5,Road,6222.0,12,8.2,79521.97
4057.4,Road,3856.5,20,1.1,76042.94
3876.5,Sea,8736.2,22,8.7,37463.49
1318.2,Rail,3345.8,18,5.4,23305.81
4022.5,Multimodal,7110.3,23,1.3,68125.74
722.5,Road,5939.8,16,6.0,29659.93
3862.2,Air,6185.8,24,2.0,223859.29
1240.0,Multimodal,1385.8,3,4.0,19769.49
2942.1,Road,2392.2,10,2.5,53209.63
3385.3,Road,6470.2,19,5.8,72789.8
353.1,Multimodal,363.5,2,6.0,7569.27
1304.8,Air,8978.1,26,9.2,169337.13
2829.7,Road,7192.1,4,2.2,57383.0
2704.2,Road,769.0,26,5.5,55097.42
3991.7,Rail,5852.7,16,6.2,47370.55
2923.7,Road,9952.5,16,4.5,70105.66
923.2,Road,888.1,13,1.9,21661.45
3519.5,Road,241.1,21,8.6,66089.79
4312.3,Road,3595.7,10,5.3,77479.37
2929.3,Road,4722.8,22,4.0,63167.01
2099.1,Rail,5584.1,17,1.1,29943.98
3640.5,Sea,4544.6,29,9.1,37951.42
2057.6,Rail,6482.1,11,8.4,29956.92
685.5,Road,7769.3,19,2.4,33312.44
372.7,Rail,614.3,6,3.1,7450.83
1791.3,Sea,4208.7,15,4.5,20292.08
3197.9,Rail,1473.7,9,5.9,33452.24
3130.2,Sea,6520.2,19,5.2,29697.6
2395.4,Road,6722.9,3,7.9,51553.63
1972.4,Air,8151.9,25,9.6,183436.19
2977.9,Rail,8529.4,24,4.7,44131.55
4320.0,Sea,9964.2,6,1.9,28768.47
1304.0,Road,690.8,9,9.0,26482.59
2525.7,Rail,8527.3,3,8.6,32400.81
3803.3,Road,9324.4,13,8.9,83444.12
1172.3,Road,9397.4,6,5.0,38039.52
1170.5,Rail,373.9,17,4.0,18663.61
3970.2,Rail,6595.7,11,9.5,47561.42
4327.9,Rail,8613.0,4,7.3,47937.09
3082.7,Rail,1887.4,16,4.3,35172.92
2902.2,Sea,5766.3,10,2.0,22802.66
2371.6,Sea,4621.7,10,3.4,20521.22
3517.0,Air,1842.4,22,1.7,158436.24
4344.7,Air,3921.2,3,8.1,208216.1
1727.5,Rail,3024.0,22,2.0,27272.94
1318.2,Road,8498.3,18,1.4,43406.36
4380.2,Road,7335.4,16,2.1,85907.36
2280.6,Multimodal,76.0,4,9.2,32119.72
788.0,Road,5574.1,8,2.1,25904.11
3965.4,Sea,328.3,1,4.1,22434.57
475.5,Road,9224.3,22,4.3,34285.31
2333.9,Road,393.5,28,1.4,48376.16
3415.5,Road,1844.9,21,6.2,66124.18
3957.2,Sea,2034.3,1,9.8,26302.92
373.9,Road,8033.0,17,6.0,28464.91
3053.7,Multimodal,4684.9,5,1.9,45627.75
3636.6,Sea,1680.9,7,1.1,22568.51
2808.0,Rail,1391.4,23,4.6,35891.09
1156.0,Sea,3767.8,14,5.3,16796.66
3064.5,Sea,5683.0,1,6.5,21473.23
4075.7,Air,7957.1,26,7.3,256789.84
4180.9,Road,7754.7,14,5.1,84762.98
3204.1,Sea,406.8,10,4.8,23312.61
1025.1,Road,6492.7,16,3.3,34831.18
997.1,Air,171.0,16,4.0,47290.07
1641.9,Road,5706.2,26,1.5,46775.3
855.5,Road,1768.7,18,2.2,24557.16
1062.3,Rail,8609.3,18,7.8,26265.78
1000.8,Air,3841.5,26,2.1,95573.39
459.2,Road,8413.9,9,4.8,26835.11
2382.9,Road,9149.2,19,5.3,62111.77
1254.3,Sea,4005.7,13,1.0,16175.07
4475.1,Sea,5942.5,25,7.8,40358.49
1889.9,Rail,9317.5,13,5.7,31256.84
2863.1,Rail,2462.3,26,1.5,37250.0
4274.9,Road,899.6,10,5.0,71858.12
3580.3,Rail,5182.2,12,1.5,38843.14
3661.9,Road,5514.5,9,8.0,72126.43
4217.6,Road,4339.7,22,8.7,85069.76
3811.0,Road,9690.1,9,6.5,81037.22
4018.2,Road,4222.1,20,9.3,81158.38
4103.6,Road,5575.8,10,7.4,79171.93
2225.1,Multimodal,598.9,29,8.0,43059.21
724.5,Air,447.6,18,4.4,41768.71
3742.7,Road,5828.6,10,1.2,70602.39
3790.3,Air,9171.4,7,3.0,250080.32
2616.1,Air,8226.2,4,6.5,197195.72
3510.2,Road,5643.3,5,1.9,64901.43
4110.5,Rail,5019.8,10,6.1,44832.49
2400.7,Road,7647.9,18,9.3,60645.21
2381.2,Rail,29.8,16,6.5,28607.26
4073.4,Road,3986.7,20,9.2,81495.92
2451.6,Air,984.3,3,3.4,102705.83
3684.4,Sea,4878.4,23,1.3,31260.33
3739.8,Road,7743.7,2,9.0,74657.0
1438.3,Road,4818.8,16,9.7,39324.23
4488.9,Road,3020.0,4,6.9,77619.3
3779.7,Road,4666.6,25,7.4,79208.21
3303.8,Road,3533.9,15,7.2,65040.51
1740.6,Road,1645.3,5,9.5,33553.65
753.7,Multimodal,7553.8,12,1.1,27177.05
1537.2,Air,2003.6,6,1.9,83449.02
407.4,Road,8315.7,9,4.7,25790.44
3898.8,Road,6461.7,8,7.6,76781.54
3443.4,Road,8152.1,16,5.3,75116.36
1084.0,Sea,1384.4,20,9.5,18961.45
917.1,Road,3897.4,6,1.9,23921.62
1127.0,Sea,1306.1,18,7.8,17946.17
1881.1,Road,14.4,7,1.3,31368.86
2201.8,Road,7562.8,15,5.3,54687.13
378.3,Road,9778.2,29,8.5,37183.52
348.5,Sea,6430.8,3,8.7,9249.8
1574.5,Sea,1099.3,23,5.2,21780.58
2839.7,Road,9153.6,16,8.9,69278.11
3077.3,Multimodal,6563.7,21,1.7,55866.97
3054.8,Road,8553.3,14,6.2,69421.26
2350.2,Road,6676.1,26,8.1,61287.9
4308.7,Rail,4933.4,9,2.2,43428.81
3407.7,Rail,767.0,2,8.6,32649.76
2194.2,Road,801.0,1,10.0,37526.52
2098.7,Rail,9735.3,10,2.6,31084.1
2433.1,Air,1128.4,4,9.9,106557.61
1541.7,Rail,7169.5,25,3.1,31182.89
4044.8,Multimodal,2638.7,1,1.7,52033.16
2333.0,Multimodal,9710.1,17,3.0,50908.65
2910.3,Sea,5084.6,10,6.7,24603.76
984.4,Sea,3068.1,18,9.5,18141.97
1204.0,Sea,3106.5,5,5.3,12739.15
4191.7,Air,4354.0,20,4.4,213280.13
243.9,Sea,156.3,24,3.9,15446.19
1538.0,Sea,3504.9,11,3.8,16872.15
2233.2,Sea,1881.7,15,7.0,22248.21
1504.6,Road,9847.2,19,1.1,48848.37
1656.8,Rail,3275.8,2,8.6,19603.84
4492.2,Air,1718.9,23,4.1,193478.96
2619.5,Road,9743.6,24,8.4,70238.97
2336.8,Sea,1074.7,23,7.6,26236.89
1906.4,Rail,6984.3,2,5.3,24273.08
3498.5,Road,1030.8,15,6.6,63429.24
3253.4,Road,120.4,7,6.1,54124.64
2900.9,Sea,7768.3,25,7.0,32500.5
790.7,Sea,438.9,13,8.9,13754.5
539.0,Rail,4190.5,21,7.1,18981.53
2213.3,Road,7245.2,23,7.0,58390.2
3597.6,Sea,6823.2,15,4.9,30010.98
319.1,Road,272.3,12,4.4,11344.03
4039.6,Multimodal,289.0,6,6.5,53482.21
3824.5,Road,3635.3,29,1.0,76098.58
930.8,Rail,8743.8,24,2.4,27174.66
1855.2,Sea,9014.4,9,4.2,19710.96
282.8,Road,4883.4,14,2.5,19939.8
212.6,Sea,1644.5,15,8.1,11999.39
1876.5,Road,7425.9,23,4.3,52730.26
1474.1,Road,3252.1,28,8.7,42359.83
3627.2,Road,9755.9,7,9.9,79217.28
1230.4,Road,7797.2,4,8.8,35942.32
3516.0,Rail,979.2,23,4.5,41179.77
1377.2,Multimodal,7882.0,1,9.0,31248.37
2490.5,Rail,8429.6,27,4.2,41268.15
3844.8,Rail,3937.1,19,6.1,45728.83
741.3,Road,1288.0,21,9.5,24103.59
1575.3,Road,5244.6,14,9.3,41462.83
3263.7,Sea,7559.2,28,4.6,34363.43
947.2,Road,9975.9,13,2.2,38456.31
318.8,Sea,9062.9,3,8.7,10170.82
4405.7,Sea,9167.2,18,7.3,37707.52
1561.2,Road,7483.1,11,6.7,43276.85
3954.3,Sea,7768.5,16,5.5,32878.24
996.4,Air,3632.7,15,2.9,88158.46
2387.4,Rail,1285.0,21,3.4,30983.1
3906.5,Road,9983.3,16,2.8,84111.35
283.6,Rail,253.7,12,6.1,9211.77
3393.5,Sea,5233.9,26,3.8,32791.85
601.2,Rail,6578.2,7,2.9,15058.7
1030.5,Rail,5035.8,28,8.6,27406.38
1602.1,Road,5091.7,10,6.1,38920.25
1334.6,Road,4752.1,26,5.5,41258.29
1683.7,Road,5877.8,26,2.4,47855.2
3130.4,Rail,4663.6,20,5.4,40371.01
1100.9,Rail,5688.1,10,5.2,19896.56
2761.2,Road,787.6,8,9.6,49636.51
2679.3,Rail,3937.6,16,8.9,35673.62
1094.3,Rail,9522.9,5,9.5,21789.88
363.3,Rail,5424.4,22,2.8,18849.63
1132.9,Rail,9653.7,11,1.9,23620.86
2926.2,Road,3550.9,15,2.0,56989.28
1149.1,Road,684.1,14,1.8,25085.23
961.9,Road,202.1,23,4.9,25954.41
4216.3,Road,9036.5,17,1.3,86522.73
4313.8,Air,2932.0,20,1.8,198831.58
1800.5,Rail,2625.7,7,7.7,22337.93
3498.6,Multimodal,8993.8,1,2.5,55753.48
327.5,Sea,1666.1,21,3.0,15056.03
4071.5,Road,4382.9,7,2.9,72491.0
1559.7,Air,9494.2,12,6.5,177944.37
3448.1,Sea,6361.4,8,1.7,24289.78
2952.8,Multimodal,9633.7,5,8.4,54881.56
1816.5,Air,2423.0,10,6.0,101264.17
349.7,Road,2857.9,13,1.0,16746.92
2771.9,Rail,6765.2,19,9.6,40639.41
328.5,Rail,9931.9,27,1.3,24763.23
4317.3,Multimodal,6787.1,3,4.4,63839.96
1932.6,Road,7238.5,1,2.6,42807.94
1313.1,Road,1827.7,8,5.9,27658.28
941.3,Rail,8175.5,4,5.1,18177.03
339.5,Road,7179.1,26,7.1,30490.93
3188.3,Road,4669.3,24,8.1,69819.99
4457.7,Rail,5699.1,12,6.6,49516.24
2068.6,Rail,6239.9,6,5.2,26599.31
3172.4,Road,818.5,14,7.8,58190.75
2182.6,Road,9688.5,25,8.6,63755.76
1824.0,Sea,6110.5,12,4.6,19873.27
1635.2,Rail,5577.2,5,4.4,21812.03
4027.8,Road,5414.2,12,1.4,74994.55
3422.8,Road,9788.2,13,1.1,74355.42
3865.4,Sea,9092.7,16,9.0,34955.41
438.9,Road,2491.0,15,9.1,18815.05
1632.9,Road,357.0,28,6.5,39116.25
942.8,Rail,7642.1,25,5.9,27155.22
774.7,Road,2270.5,9,9.5,21117.95
3968.6,Sea,1433.9,28,8.5,37567.62
4001.5,Road,9991.7,20,9.7,91435.04
2575.7,Air,4035.5,24,1.9,152577.6
1170.6,Rail,7432.8,18,10.0,26498.98
4386.9,Multimodal,3189.1,2,4.3,58808.35
498.7,Road,263.5,17,5.9,16398.84
3496.2,Multimodal,2304.4,18,2.2,53145.67
1483.5,Rail,743.4,3,6.2,15755.3
1815.2,Road,1247.4,22,3.1,39904.93
3604.6,Rail,7977.0,4,7.9,41480.45
167.8,Road,9263.0,22,3.7,29688.94
2111.5,Road,9636.9,2,3.7,50641.34
1847.7,Rail,3989.4,11,6.2,25363.87
1184.1,Road,2855.1,23,5.5,34243.67
4335.5,Road,7946.7,27,5.0,93286.45
2240.8,Sea,4679.0,13,3.2,21265.34
1958.7,Road,8219.7,6,3.7,47451.94
3103.8,Air,8439.4,15,5.3,221647.11
3347.1,Rail,9626.3,18,6.0,46146.45
1185.1,Rail,3369.3,16,2.6,20705.14
1367.5,Road,2777.4,7,3.9,29496.41
175.6,Multimodal,5426.9,4,8.9,14045.17
4463.4,Rail,4869.7,8,2.5,44365.67
6.0,Road,9502.6,28,3.7,30440.81
2162.3,Road,3315.5,19,1.5,46897.45
2004.7,Road,7259.8,14,2.1,49684.98
3622.0,Sea,3603.8,18,2.0,28617.53
316.8,Road,166.5,5,5.0,8035.41
1405.2,Road,723.9,25,4.6,34476.03
3251.4,Multimodal,1473.4,8,2.4,44672.62
4407.3,Rail,4080.5,2,1.5,39782.11
4482.8,Road,6854.2,23,9.8,94904.91
814.2,Rail,3765.5,17,2.4,18617.81
326.9,Road,8131.1,16,6.8,27451.8
2216.8,Sea,9414.0,20,9.0,28098.55
164.3,Road,9264.6,20,3.2,28698.28
2116.2,Road,263.8,3,8.5,35778.38
4251.7,Road,194.4,12,5.0,71232.05
3790.1,Road,7624.0,1,1.0,70340.53
211.4,Rail,6252.8,11,5.4,13558.62
104.4,Road,3079.0,24,2.8,18474.7
1889.6,Road,9149.2,17,1.5,52528.4
502.7,Rail,487.1,22,2.1,15432.76
1668.6,Multimodal,2556.0,23,9.7,37115.13
3143.4,Rail,2678.8,21,3.9,38484.72
1514.0,Road,1049.6,4,8.9,28103.76
1645.7,Road,5641.7,22,2.9,45183.12
363.1,Road,1547.5,9,1.4,12830.86
4068.7,Sea,6607.4,8,9.2,31669.89
3719.2,Multimodal,6841.9,20,9.8,67749.12
1698.8,Road,6479.8,20,2.6,46473.56
2509.0,Multimodal,7449.2,28,1.0,53797.57
2221.6,Road,9944.8,24,4.9,63073.24
975.6,Multimodal,8064.7,18,7.0,33951.53
1041.1,Rail,4599.0,29,9.2,27615.34
2250.0,Road,2911.7,8,2.1,42761.38
1908.8,Road,2190.9,15,9.3,41569.17
1829.5,Multimodal,8427.5,16,6.3,43623.01
3769.1,Road,7836.4,4,9.6,76518.89
110.4,Road,1123.2,25,9.0,15551.57
4325.4,Road,9433.0,4,7.9,87337.35
3563.4,Rail,5311.9,5,8.7,39533.74
4027.5,Road,1185.3,8,9.9,70712.66
2916.9,Sea,9665.7,9,8.6,26833.77
1281.4,Air,4177.4,17,8.8,106883.89
2349.4,Road,4754.0,26,9.4,58275.35
2010.6,Rail,6919.8,6,1.7,25661.88
801.0,Sea,3458.6,16,9.1,16430.17
4401.5,Rail,424.6,1,4.3,37840.97
1363.1,Road,6659.2,4,5.7,35367.51
192.8,Sea,3595.2,2,7.9,6901.21
2200.9,Road,6315.5,3,3.7,46451.01
487.7,Road,7681.6,10,1.6,26166.44
3725.2,Road,337.7,10,8.7,64570.22
153.6,Road,6471.4,19,6.1,23233.33
234.6,Road,8275.8,25,4.6,30272.18
3557.1,Road,135.8,16,1.7,60442.01
576.1,Road,3234.1,17,8.0,23089.96
2537.4,Road,6901.1,9,1.7,54472.2
2813.3,Rail,8416.6,18,2.2,38815.98
4477.9,Air,6951.1,19,9.4,257574.67
1148.4,Air,8297.1,2,3.8,143818.47
1334.9,Road,8509.8,22,6.6,46497.74
301.2,Multimodal,7931.3,27,9.4,29812.09
231.2,Rail,3201.6,20,1.5,14897.73
1845.4,Sea,2419.2,22,9.6,24351.32
2965.9,Road,4807.8,20,8.1,64918.69
2981.1,Road,5740.7,26,8.1,69469.03
3496.4,Road,311.2,13,9.6,62788.27
2431.3,Road,9078.2,9,4.7,57980.17
3571.0,Rail,3732.8,18,6.4,42935.2
815.8,Road,1624.6,28,9.1,29051.95
2855.5,Rail,2103.9,15,3.7,32836.79
3503.4,Sea,3106.3,19,1.1,27949.98
2571.5,Road,3613.7,10,5.4,50930.52
3258.5,Rail,9137.7,1,8.7,38527.91
641.6,Road,3549.3,27,3.4,28842.19
1996.4,Air,2340.3,28,7.3,115196.46
3831.7,Air,3874.8,14,7.6,193762.58
1433.9,Sea,1786.7,23,8.3,21983.77
4045.8,Road,4863.2,13,7.7,78600.62
4446.1,Multimodal,9290.5,26,4.5,79582.39
631.7,Sea,7482.1,4,4.0,11205.01
668.7,Road,8895.9,12,3.4,31981.22
1690.0,Rail,9780.1,26,5.2,35694.12
2535.6,Rail,3842.7,20,7.1,35361.89
3434.3,Rail,1818.5,6,4.2,33422.2
308.0,Rail,6529.4,8,9.1,13426.89
3518.3,Road,6695.4,9,7.3,71676.84
740.0,Road,6452.4,2,2.0,24041.23
387.3,Multimodal,7676.8,13,6.9,24046.73
2714.5,Sea,2029.8,8,3.3,20200.49
351.8,Rail,140.5,10,9.3,8985.65
333.6,Rail,5010.7,25,8.2,19867.1
2781.3,Road,1479.4,14,3.2,51253.39
3145.9,Road,290.6,7,2.5,51188.1
4137.0,Road,4598.8,6,5.1,74801.29
4308.8,Air,6793.8,16,9.2,247947.36
2149.0,Rail,5382.9,26,5.0,35536.9
2899.2,Road,325.8,27,9.2,59309.41
3502.5,Sea,1950.6,6,5.2,23692.79
4154.5,Air,4300.4,22,2.0,210823.08
104.4,Sea,8165.0,9,3.4,11193.57
985.4,Road,2963.2,20,2.1,29500.05
2362.0,Road,8555.8,22,1.8,60815.97
1046.3,Road,8370.9,24,8.2,42846.88
2328.2,Road,6252.5,27,3.1,58929.36
3057.6,Air,8457.4,2,9.0,216013.17
3464.4,Road,6562.3,23,3.5,74829.89
3762.5,Rail,1899.1,1,1.8,32620.02
4475.5,Road,126.6,2,9.8,73246.4
3958.9,Sea,5965.7,28,7.0,38480.4
1566.5,Rail,2062.9,1,8.6,17322.36
1310.7,Road,6107.5,24,2.6,41917.89
1362.2,Road,2186.0,21,9.3,35638.88
418.9,Rail,1282.5,13,4.1,11605.06
2985.3,Rail,4215.5,12,2.4,33764.91
52.5,Multimodal,7491.7,7,3.5,16925.52
1319.8,Rail,2365.4,13,9.1,21005.75
3452.9,Road,8389.1,11,2.0,71731.33
2114.0,Sea,8927.3,2,9.2,19250.53
1861.1,Air,2567.8,6,5.6,102779.82
3538.6,Road,2600.6,14,7.4,66783.92
1813.7,Sea,3572.6,2,8.3,15256.72
2133.9,Road,7122.4,12,6.7,51932.69
2223.3,Rail,1237.0,24,8.3,32568.65
2279.8,Rail,7945.8,11,8.9,33413.66
461.5,Air,5172.2,17,6.5,88740.8
2378.9,Road,5984.8,16,7.4,55700.43
1744.6,Road,8144.0,19,4.5,50360.39
4049.1,Rail,1015.8,11,1.7,38503.42
61.3,Rail,8660.8,28,9.9,22153.23
2326.3,Multimodal,9431.2,9,9.2,48903.42
4385.4,Road,6861.8,25,4.0,90390.39
73.5,Road,7689.8,6,1.5,18231.22
3110.6,Sea,1291.0,23,7.4,30262.76
139.4,Rail,5180.9,12,8.8,12479.14
3881.9,Multimodal,2495.2,6,8.2,55916.32
887.9,Road,7936.4,12,6.9,34072.6
3714.1,Road,7938.9,18,6.4,80388.78
4125.3,Rail,3813.3,3,3.8,39283.67
617.0,Rail,7133.0,15,6.8,19568.32
446.8,Rail,5212.3,17,1.4,16987.84
3765.6,Sea,5133.6,22,7.0,34491.72
792.2,Road,6681.4,19,1.9,32876.75
244.8,Road,5864.4,18,1.4,22827.35
997.5,Road,1672.6,14,8.7,25608.39
927.8,Rail,6227.1,27,3.2,26421.34
3037.4,Sea,4297.8,17,9.2,29259.55
2126.6,Road,4510.9,26,4.1,52622.86
3446.6,Road,7982.4,6,3.0,69218.76
1065.2,Air,7518.7,3,3.2,131888.78
2211.4,Road,7187.3,28,9.6,61394.59
479.3,Road,8370.2,26,4.2,34666.61
2127.2,Rail,1996.4,3,7.3,22616.68
2249.8,Road,4999.0,27,9.1,57442.73
4102.2,Sea,9605.5,12,8.6,34446.03
4269.5,Rail,1018.6,5,5.9,40117.84
3939.5,Road,9370.3,21,10.0,89985.33
4151.4,Road,1455.3,13,8.8,74728.66
214.2,Road,419.2,8,6.8,8249.23
3721.4,Road,1941.1,17,5.3,68716.87
304.3,Multimodal,4515.4,18,8.9,20580.79
2575.5,Road,2718.0,5,1.3,45509.88
388.3,Road,4532.4,4,7.9,16704.78
3560.4,Road,4720.9,18,3.5,70629.49
15.2,Rail,9923.2,23,7.6,20590.75
1730.5,Multimodal,5534.2,4,6.0,32629.07
2385.2,Road,7692.5,25,5.0,61992.6
1222.7,Road,942.4,28,2.6,33082.33
2276.0,Rail,6028.2,23,6.9,36370.62
3943.5,Sea,2777.6,25,3.6,33834.61
2747.0,Road,2642.6,12,9.1,54307.18
2491.1,Road,9949.6,23,6.5,67470.03
4414.3,Sea,3140.9,24,7.4,38161.33
1758.1,Rail,8715.8,26,8.1,36030.21
3969.4,Rail,4615.3,29,3.2,50155.62
2912.2,Road,3818.2,14,4.1,57894.58
3489.4,Sea,1418.2,18,4.8,28570.57
1407.5,Road,6633.3,6,9.5,37702.6
2749.9,Rail,5349.0,24,2.7,38511.26
3818.9,Road,6196.5,5,4.4,71856.89
2817.2,Rail,8336.4,27,2.9,43246.32
3043.5,Rail,7957.4,26,7.2,46277.03
2302.2,Sea,1019.0,14,8.4,22316.99
576.2,Road,484.4,21,4.6,19688.08
3373.6,Road,5259.8,21,7.3,72160.17
3128.4,Road,1255.8,2,2.3,50213.79
2234.2,Rail,9732.3,17,2.5,35123.79
1817.2,Air,6661.2,21,9.5,158066.08
3002.6,Sea,8759.5,10,5.2,25885.2
3152.0,Sea,281.2,27,2.3,29345.29
1725.4,Road,4586.5,5,1.2,36381.76
1383.6,Road,4613.0,6,9.9,33799.43
4364.7,Rail,2442.8,14,5.4,46033.96
4392.3,Air,864.2,25,6.5,182140.24
1686.5,Multimodal,2793.0,6,3.4,28306.66
4323.8,Road,6824.4,22,8.5,90920.03
2633.2,Rail,352.9,28,6.8,36659.4
68.2,Sea,4995.0,6,1.9,8377.88
503.1,Air,4436.7,29,5.0,86821.93
994.8,Sea,2640.7,18,4.8,17331.19
3663.5,Road,2981.6,18,1.7,68110.78
3301.8,Sea,2184.1,5,6.9,23184.54
3717.4,Road,6482.0,9,1.9,71286.54
2342.8,Multimodal,4715.4,20,1.1,44259.27
2530.2,Road,7756.4,6,1.2,54374.28
209.0,Road,7046.2,18,7.4,24606.98
965.8,Sea,5526.7,7,6.7,13746.54
2075.0,Road,9705.5,18,3.2,57285.94
3595.8,Sea,3928.0,11,9.6,29618.02
2907.9,Road,8755.9,18,2.5,67695.78
2797.7,Multimodal,4774.4,16,8.5,50665.89
4021.5,Sea,2229.8,5,6.7,26679.46
2710.0,Rail,6378.0,2,2.1,29032.2
1236.3,Rail,4949.1,11,2.6,20351.69
2194.5,Road,3399.7,15,8.5,48017.19
3216.5,Road,8479.8,14,1.9,69704.31
3742.4,Road,676.6,13,8.9,66951.01
2392.0,Sea,3237.0,6,4.0,18475.04
3646.0,Sea,7310.6,21,7.7,34715.0
4453.3,Air,1808.4,15,6.3,190967.33
283.7,Rail,4965.3,24,1.6,18668.82
3289.0,Road,3630.2,16,3.2,63594.9
4172.4,Air,3295.7,26,9.5,205643.6
2253.4,Rail,4155.1,28,1.2,34809.48
1717.3,Road,5403.1,17,7.5,44778.81
2484.5,Air,3073.6,6,5.8,131170.89
4085.5,Air,4037.5,27,3.9,208398.03
3834.6,Sea,6232.7,3,9.1,27918.24
2702.8,Air,3319.9,23,5.1,149395.3
4193.4,Road,8694.2,9,1.5,82024.82
3261.4,Sea,8031.6,11,4.8,27028.19
1695.5,Multimodal,1429.5,13,6.2,30176.78
1074.9,Sea,8484.5,7,6.8,15414.0
2841.6,Sea,1813.9,15,4.4,24286.27
3429.4,Road,1167.9,28,3.0,66602.56
2996.3,Road,9770.1,23,8.6,75828.34
2767.3,Air,5505.2,3,4.1,168546.76
410.0,Road,8688.4,2,7.6,23543.08
2692.1,Road,2474.2,10,9.1,52160.96
52.5,Rail,9447.5,18,5.6,18208.51
186.0,Road,9001.9,17,8.1,27422.7
1134.3,Sea,5382.7,25,7.0,22588.02
560.3,Multimodal,8424.7,5,8.9,23818.39
1031.7,Road,3846.8,8,4.7,26814.43
4365.2,Road,6024.2,26,4.1,89145.46
4203.1,Rail,6656.6,14,1.9,46230.14
328.3,Rail,8468.2,16,7.1,18859.5
384.0,Multimodal,6521.5,4,1.8,17883.89
2619.3,Rail,9787.3,7,4.5,34490.33
4254.1,Road,132.0,2,8.3,68681.68
3429.3,Air,8348.7,12,2.3,229346.25
3099.8,Sea,2994.4,19,6.8,28747.08
1817.7,Rail,1130.5,12,6.8,23091.5
3173.0,Air,2157.7,29,7.1,155880.62
2714.4,Road,7964.8,19,4.8,64806.43
3562.9,Rail,3999.6,10,6.2,39327.6
4138.1,Air,6638.6,15,2.7,235542.01
3324.5,Road,6583.8,24,2.7,72844.09
1074.6,Rail,3479.7,7,9.1,17040.87
2155.0,Road,5316.1,25,1.3,53018.11
3252.2,Rail,5080.3,20,1.3,39693.23
3675.2,Road,4344.0,19,1.3,71100.08
1000.7,Rail,2480.6,1,3.8,11989.54
2517.6,Rail,4616.2,14,3.2,31708.19
4227.5,Road,753.2,10,5.9,71389.33
3022.9,Road,7105.0,7,9.6,64797.52
2437.0,Road,4929.3,8,1.7,48957.32
3145.7,Rail,7983.9,10,6.2,39489.23
2531.8,Road,2206.2,29,7.5,57212.3
1311.0,Rail,4005.3,24,9.5,27330.9
1835.2,Rail,9189.2,7,7.7,28488.05
3743.3,Road,5243.1,24,9.9,80725.12
2650.4,Air,9128.4,10,3.8,210666.92
1925.2,Road,3980.4,1,9.1,38731.31
512.3,Sea,9289.7,12,1.5,14765.75
522.0,Rail,4938.4,26,6.3,21710.41
684.7,Road,1969.6,8,9.3,18592.35
4168.1,Sea,5104.9,18,7.5,35066.25
4307.8,Rail,6681.9,21,2.5,50555.7
3301.3,Rail,7045.3,19,4.4,42985.71
220.3,Road,5149.0,22,2.3,22993.61
2712.5,Road,5049.5,5,4.1,53011.12
2811.2,Rail,2373.3,6,7.4,30189.83
4431.1,Road,779.6,12,2.2,73210.12
1081.0,Road,582.5,21,5.5,27711.35
3255.4,Sea,3827.8,24,3.3,30424.69
4471.4,Multimodal,2798.3,16,1.6,63601.6
4226.2,Rail,8952.2,25,2.0,53518.55
1598.3,Air,400.7,14,1.2,69858.93
640.4,Sea,8195.2,19,3.4,18275.18
349.6,Rail,5116.8,1,9.5,9331.56
274.0,Rail,7940.9,3,5.8,11917.3
400.9,Road,1529.3,5,5.2,11691.47
4408.0,Rail,8999.5,29,2.4,56992.26
4441.3,Road,3500.9,23,4.6,84631.6
525.0,Multimodal,9778.9,18,2.7,30759.59
373.0,Rail,7652.0,10,4.8,15623.46
2992.3,Rail,8480.8,3,5.3,35177.51
3685.8,Air,347.8,29,9.0,153730.54
3413.2,Sea,91.9,29,7.6,34107.74
46.8,Road,1879.1,28,7.9,17419.92
1959.1,Sea,7003.7,12,9.5,22305.26
3241.5,Multimodal,6111.1,12,7.7,55997.8
3658.7,Multimodal,7929.5,12,7.4,63591.89
3125.9,Road,7996.8,5,7.4,66129.9
1487.1,Rail,8263.6,2,5.4,21965.64
1222.3,Sea,9942.6,28,2.3,25378.99
3731.5,Multimodal,6444.2,13,6.5,62203.66
2447.3,Road,5060.4,19,4.2,55248.83
1148.1,Sea,3774.9,1,9.7,11716.25
3903.6,Rail,9668.5,12,2.8,46305.37
3676.1,Sea,6506.5,5,6.9,26881.32
2223.1,Sea,7098.8,27,8.7,30306.02
3647.6,Rail,7333.9,15,4.9,44548.75
470.0,Air,2838.0,11,7.0,58480.56
4084.2,Road,7218.6,5,4.7,77930.2
4400.3,Road,2314.2,24,2.6,81044.16
53.9,Sea,5219.9,23,2.8,16225.16
3901.3,Road,1371.8,4,3.7,63570.8
3385.2,Sea,5276.6,19,4.7,30074.01
3848.6,Sea,8971.0,23,6.6,36628.15
1339.2,Sea,3707.6,11,6.9,16647.95
4297.9,Road,4484.8,26,8.2,87982.57
3749.0,Rail,6163.2,16,8.5,46783.03
1857.8,Rail,9990.5,17,1.3,32119.61
3549.0,Road,9224.4,3,5.4,72880.95
1920.1,Road,4105.5,15,7.9,44859.38
1487.0,Road,9834.1,10,9.5,46448.71
661.3,Road,7465.3,9,7.4,28418.38
4174.8,Air,1073.4,19,3.4,172135.7
1045.8,Road,9846.4,27,4.4,46347.95
2302.7,Rail,7026.7,6,9.9,30902.93
2380.4,Road,6404.3,13,3.5,53851.12
157.3,Rail,9670.2,21,7.4,20705.61
3585.8,Multimodal,5091.4,17,3.0,58303.28
3122.2,Rail,1892.3,7,7.5,33014.94
1306.9,Rail,2848.2,27,1.8,26138.38
4198.1,Road,5834.4,29,5.0,88263.28
4462.1,Air,2244.4,6,3.7,190736.14
3033.9,Road,2789.0,19,1.2,58607.77
3370.3,Road,9176.6,12,2.4,72561.29
272.6,Rail,4072.9,23,1.4,17348.93
1962.0,Sea,7892.7,5,2.6,17381.44
115.9,Rail,4579.8,14,7.2,12653.71
3237.3,Rail,6112.7,23,2.4,42532.04
3739.6,Road,9739.7,1,9.7,78221.34
540.0,Multimodal,176.2,14,2.4,14735.35
426.6,Road,726.1,28,9.7,21324.26
3706.0,Road,2774.9,25,7.7,74895.03
2284.4,Road,5054.0,22,3.5,53921.01
3809.5,Rail,9626.7,26,8.9,55333.22
1783.9,Road,3801.7,24,9.8,46705.66
789.1,Road,4245.1,12,9.5,26204.45
1672.3,Road,6508.3,16,4.2,44752.99
1260.3,Road,9816.0,10,4.0,41787.68
2293.8,Sea,2664.7,12,2.3,19909.48
4009.2,Road,6312.4,13,10.0,81937.71
1612.1,Road,7728.4,17,3.2,46315.19
3309.7,Rail,2023.9,29,1.4,41595.85
2877.1,Rail,2073.6,2,3.5,27030.47
1006.2,Rail,6124.7,3,7.7,16751.0
1431.2,Rail,7788.0,17,8.1,28404.07
933.2,Air,3689.1,3,1.5,80964.6
3413.4,Road,8563.2,26,9.8,82162.04
581.5,Road,4496.2,13,9.4,23799.09
2605.5,Road,4827.5,17,1.3,55214.07
774.9,Road,3534.4,27,5.0,30954.61
892.3,Air,2314.6,26,5.1,73808.34
28.3,Sea,2458.2,17,5.4,12205.1
1986.4,Rail,7027.3,8,6.7,27967.68
3643.0,Sea,4236.1,11,7.9,29113.27
401.0,Road,2807.1,18,2.3,19734.94
3809.0,Road,5075.9,1,5.2,68436.72
3796.5,Sea,348.2,5,2.8,22766.58
1048.6,Road,5125.0,23,3.4,35826.02
3930.2,Road,5952.3,10,3.8,74992.86
3720.3,Multimodal,9382.2,26,4.0,70952.57
2946.4,Rail,6900.6,16,5.0,38928.77
3741.7,Sea,4569.8,8,5.6,27071.97
336.1,Road,5548.3,16,3.7,22937.13
1439.3,Road,9817.4,1,6.1,40987.54
1302.5,Rail,1575.7,16,3.8,20374.79
3518.4,Road,6614.9,22,7.8,77510.4
3384.0,Road,7345.4,15,8.8,74116.73
4010.0,Air,3919.1,29,7.7,207563.34
1301.7,Road,2696.4,25,8.3,37216.65
2134.9,Road,2976.4,6,5.0,41151.26
89.3,Road,3702.8,28,5.4,21314.13
4455.7,Road,2230.6,28,1.5,82972.66
1852.6,Rail,3905.3,4,7.0,22345.33
2512.8,Road,7584.4,28,2.8,64280.36
2398.3,Road,5975.8,25,6.7,59824.32
1754.7,Road,7487.7,27,3.5,52618.1
1052.1,Road,9517.6,19,5.1,42413.76
3358.9,Air,2472.0,22,9.7,164573.03
1695.5,Rail,3319.2,6,9.2,21919.84
3028.0,Rail,3214.1,21,1.5,36933.87
3288.0,Rail,6756.4,25,9.4,47877.88
3268.2,Rail,4077.0,21,6.8,42181.0
371.5,Road,2809.4,26,6.6,23115.73
4385.8,Road,6305.8,9,1.9,80787.21
3419.3,Road,9095.9,2,8.7,71905.5
2689.9,Air,3052.9,5,6.3,138029.57
1301.5,Rail,7065.1,3,1.2,18912.54
686.1,Air,4136.3,22,7.7,86931.5
3575.2,Road,8897.9,25,9.6,84814.17
1777.7,Road,5787.2,18,7.3,46846.05
4103.4,Rail,3946.6,26,3.9,49557.83
4232.3,Road,7983.5,15,7.6,87921.27
255.3,Road,5189.5,28,6.4,26476.21
2613.7,Road,6699.9,13,3.8,57909.43
1729.8,Rail,6981.5,5,4.6,23937.05
1840.9,Air,9355.6,1,4.6,180906.05
2774.8,Road,695.7,19,7.6,53714.69
3499.1,Road,4715.1,11,3.1,66371.3
2475.8,Rail,5665.3,18,7.5,35738.74
3406.6,Road,9135.4,29,1.6,80236.77
4343.6,Air,1086.8,7,6.2,174842.98
1852.6,Rail,2380.1,23,2.5,28208.77
2003.2,Road,9360.8,5,8.2,51196.02
3031.7,Road,4826.0,25,3.2,65877.07
182.4,Road,6621.9,4,9.2,17179.94
532.4,Road,5547.4,26,4.3,30408.15
681.7,Rail,8995.7,7,4.4,17902.13
2603.9,Road,921.3,28,8.5,55971.4
2450.7,Rail,523.2,23,7.8,33363.17
1380.2,Air,4586.3,8,4.7,110437.08
2589.2,Sea,8995.7,21,9.6,30689.96
4339.5,Rail,6016.7,26,9.2,56909.14
3879.6,Rail,7007.6,6,4.1,41698.93
1620.9,Multimodal,8889.9,2,9.9,36496.85
4281.1,Multimodal,1462.2,2,2.2,53670.74
1599.9,Road,6253.4,6,8.4,39758.76
2582.9,Rail,1807.2,26,5.4,36045.48
3089.3,Road,7863.7,21,4.7,71218.43
2742.2,Road,7678.2,19,7.8,66041.89
3803.6,Multimodal,800.4,12,6.6,54268.74
2546.0,Road,9437.9,2,5.7,57599.44
1688.8,Road,3968.3,27,2.2,44957.49
2457.1,Rail,1215.1,24,9.5,34990.12
4206.0,Rail,2378.7,2,4.8,38786.2
3197.5,Road,9061.3,14,7.3,73053.46
1264.8,Multimodal,4895.2,20,6.9,33576.62
93.7,Road,6753.7,18,3.6,22279.78
2721.9,Sea,4507.8,20,3.1,26502.41
667.6,Road,1004.0,21,8.6,22311.71
2268.6,Road,6498.7,14,2.0,52191.01
1109.7,Road,9987.6,25,3.4,46551.66
4039.1,Road,5180.5,9,4.5,75324.04
588.8,Rail,2222.8,14,9.4,14701.06
4429.2,Road,2738.5,2,4.7,73832.76
502.5,Sea,2478.3,9,3.2,10842.8
2725.8,Road,9445.6,22,5.1,69235.48
2338.9,Road,9524.6,21,3.7,62441.27
3264.8,Road,2863.6,11,3.8,59943.61
1015.9,Rail,79.8,16,5.0,16773.81
1931.3,Rail,3170.2,18,1.7,27247.9
25.0,Road,5687.4,5,2.1,13366.61
3018.1,Air,8190.9,14,10.0,217276.89
1441.0,Road,4183.5,26,8.8,42661.15
4313.5,Road,4844.9,11,5.9,80580.24
2067.4,Road,1274.4,5,1.5,35631.37
3123.0,Air,5732.0,16,5.1,190159.98
788.7,Road,6155.3,1,5.7,24218.57
3628.5,Road,1390.3,15,7.3,66423.99
72.4,Sea,3178.2,29,2.8,18224.9
246.6,Road,2857.6,25,6.1,20766.9
3498.2,Rail,8841.5,6,5.3,40853.29
1823.5,Multimodal,5725.3,13,5.2,37991.11
246.5,Rail,7079.5,25,3.6,20727.86
1765.7,Rail,4118.0,4,5.0,21341.0
728.3,Sea,3922.6,10,9.6,13540.96
2107.3,Road,3124.5,23,5.5,48737.05
4453.0,Road,2507.3,27,9.2,88068.14
61.5,Sea,9641.3,7,7.2,10765.37
3506.2,Air,4353.2,6,2.9,181703.6
1656.3,Rail,3441.9,1,5.4,18533.77
3530.9,Rail,3597.8,25,5.2,44760.7
2011.4,Rail,3636.0,15,2.0,26867.96
3380.9,Rail,1790.1,4,8.7,34353.71
2476.6,Rail,2051.6,1,2.0,22736.49
3353.6,Multimodal,6661.6,14,3.0,56818.52
2311.5,Sea,152.6,14,4.2,20576.16
3019.5,Road,7306.9,16,8.9,68833.96
2071.9,Road,1733.7,11,7.4,41019.17
1063.7,Rail,7874.8,6,4.4,19671.53
3408.9,Sea,3441.0,21,9.5,32886.35
2247.6,Sea,1369.7,14,7.8,21989.47
1765.0,Road,7609.5,7,9.9,45610.15
4460.6,Rail,4573.5,14,4.0,47840.37
244.9,Rail,1754.7,28,7.8,17494.6
3264.7,Road,6103.7,29,3.1,73622.6
1867.0,Sea,6038.9,18,3.7,22614.66
1501.5,Rail,6257.2,22,4.4,29060.7
4028.9,Rail,2785.3,4,5.9,39252.63
3492.7,Road,46.0,1,5.8,54832.02
97.2,Rail,7542.1,15,4.2,15521.17
3312.5,Air,145.7,5,9.4,127057.57
42.2,Road,3067.7,13,10.0,12711.33
217.8,Multimodal,3135.8,2,6.5,10206.04
1149.7,Sea,2322.9,11,8.2,15402.38
4413.7,Sea,3666.8,6,8.5,30862.29
1763.8,Rail,7675.8,16,2.1,29010.53
2563.6,Road,7756.2,23,8.3,65281.55
3516.9,Road,1279.0,15,2.5,61965.62
1182.3,Rail,8015.3,6,8.6,21555.03
4225.2,Air,1279.4,22,9.0,181351.88
2079.4,Sea,7971.1,13,7.2,23172.51
3949.3,Road,3231.5,19,4.7,74924.69
2038.8,Road,599.4,13,8.9,39839.81
4082.6,Rail,9390.2,18,8.4,53454.03
3872.8,Road,6742.5,5,6.9,75063.74
1550.4,Road,4401.8,19,4.2,40582.69
397.9,Road,1300.2,4,6.4,10835.58
288.6,Air,580.4,9,4.8,23754.29
2105.3,Rail,7311.0,5,9.8,28897.75
188.1,Road,9413.7,4,5.9,22303.37
2800.4,Rail,8842.0,10,4.0,36363.83
3637.5,Sea,4849.4,8,9.7,28959.41
3902.2,Road,2969.1,24,2.5,74896.07
4255.2,Rail,1432.8,26,4.0,48675.48
382.8,Sea,3246.3,11,8.6,11765.9
3943.6,Road,8134.0,6,8.0,79914.37
456.0,Air,7243.4,13,1.8,111290.82
4457.3,Rail,9384.9,1,4.0,46265.11
494.3,Rail,1924.2,27,1.9,18930.57
4480.4,Road,1664.4,13,2.9,76348.23
1853.8,Sea,5906.3,14,4.4,20767.44
3331.2,Rail,6998.9,24,2.4,44481.04
793.2,Air,3560.8,2,8.4,74839.15
376.0,Rail,6282.7,23,7.4,20308.32
3027.5,Rail,7685.0,27,5.9,45754.79
2491.4,Rail,7134.5,8,8.7,33229.09
4086.3,Rail,2128.8,14,6.9,44270.23
3065.0,Sea,5807.3,8,9.5,26128.07
2867.1,Road,5485.4,4,4.7,55829.53
2938.6,Rail,6085.2,8,9.0,36307.71
1806.8,Road,4469.8,21,2.1,44852.62
3249.2,Rail,5734.9,29,7.4,47390.41
4024.6,Road,4051.0,22,2.3,77553.14
3113.8,Road,8481.6,8,3.9,66423.95
512.8,Road,2593.5,13,7.7,19106.01
2037.5,Road,949.4,27,8.0,46413.1
1819.6,Road,1911.6,27,4.7,43840.13
2182.6,Road,6901.7,24,1.6,55941.26
1315.3,Road,3051.2,21,6.0,35828.5
2514.6,Sea,2602.0,13,5.2,22466.53
3620.6,Sea,2666.6,10,1.9,24596.67
1512.3,Air,707.1,9,6.3,69328.92
4143.7,Sea,9522.1,6,2.6,28204.23
1246.4,Sea,3457.1,2,5.2,11687.31
2258.9,Sea,6449.2,1,1.2,16007.02
2948.3,Air,7272.6,6,1.4,196370.1
3688.6,Rail,3771.7,18,6.3,43866.06
3006.2,Road,8742.4,27,6.1,74750.13
3966.0,Rail,7136.0,1,6.7,41775.67
3741.0,Sea,605.4,10,3.4,25101.43
921.7,Road,8204.4,9,8.4,33972.79
1671.6,Sea,2209.6,22,4.4,22046.89
136.1,Road,3973.0,9,1.4,13781.27
1296.9,Road,9900.7,13,8.4,44717.52
72.5,Sea,2609.8,10,8.4,9503.31
3092.2,Rail,9325.1,7,2.1,36939.58
3196.6,Air,7769.5,21,1.2,217663.11
3521.9,Rail,7251.7,27,8.7,50886.42
644.3,Road,9910.2,23,6.8,38841.8
1463.4,Air,8960.2,26,6.9,174495.14
2829.6,Air,8508.2,13,1.1,209926.85
3840.4,Multimodal,545.7,26,8.7,61717.67
3821.9,Sea,3800.7,1,3.5,22708.94
1818.6,Air,3369.6,6,9.7,111963.62
1490.8,Road,695.5,12,9.2,30903.7
2091.5,Rail,1166.5,15,6.6,26780.04
722.6,Road,6850.1,25,4.1,35183.46
1040.3,Road,8092.7,9,6.8,35308.91
86.5,Sea,6169.4,11,8.6,11362.17
3365.3,Sea,7807.8,3,1.8,22302.6
4477.3,Air,6030.6,11,8.1,242003.67
353.5,Sea,7146.1,5,9.9,10612.14
680.9,Road,7241.2,24,5.1,34999.86
923.2,Air,8104.5,17,2.9,140141.43
2452.9,Road,3125.4,20,2.9,51862.98
1746.5,Road,7903.7,21,9.0,51955.31
359.9,Road,5008.4,2,9.7,16292.78
26.9,Sea,9618.8,10,1.0,12013.94
1524.9,Air,1654.3,12,7.2,82842.98
1990.8,Rail,9869.6,19,2.5,34303.72
3104.9,Air,924.6,20,2.6,132523.09
4407.7,Rail,5985.9,7,9.3,48889.64
1863.6,Multimodal,6826.5,16,7.6,42099.46
2345.3,Road,9003.5,21,5.2,61997.55
3299.1,Multimodal,7600.7,14,9.5,60632.62
1880.9,Road,964.4,8,9.7,36017.46
2690.4,Road,6173.4,4,5.6,54861.72
1660.6,Road,7017.7,7,9.8,42869.77
4456.9,Road,2042.1,13,7.2,79585.97
1004.4,Rail,6579.1,16,2.8,22281.91
3370.9,Rail,923.2,27,6.5,42799.32
414.2,Sea,1422.0,26,4.3,17744.44
1224.2,Road,3624.8,10,8.6,31029.96
3145.6,Air,1968.3,11,7.2,144519.89
1383.1,Sea,44.7,11,2.5,14573.38
1385.3,Sea,6214.7,2,4.3,13257.91
932.8,Multimodal,4633.5,20,4.9,28913.84
385.0,Road,2238.2,18,4.1,18480.32
1600.5,Multimodal,2130.1,24,7.5,35358.76
433.0,Road,5935.1,28,2.5,30274.18
4436.0,Road,1084.6,7,6.2,74114.86
1361.9,Road,2491.4,9,1.4,29167.03
2389.9,Rail,420.0,11,7.7,27242.15
1233.1,Road,7663.7,6,5.3,35967.62
1039.0,Road,9762.4,9,5.2,38127.07
3234.9,Road,2665.5,6,8.5,59113.9
1633.0,Road,4650.6,15,8.5,41497.26
748.2,Air,4377.2,5,3.1,83795.69
906.0,Road,5421.2,21,6.8,33852.27
3948.5,Road,3757.3,16,4.8,74499.99
2545.9,Road,1331.0,21,2.0,50169.13
2976.0,Road,2490.1,22,7.0,61242.23
397.3,Road,7971.6,4,9.4,23042.5
2604.9,Rail,5984.3,8,4.7,31549.36
842.0,Road,698.7,22,7.9,25066.83
551.3,Rail,2171.7,22,5.5,17601.48
2186.3,Rail,4007.0,5,4.8,25032.43
2679.8,Road,6465.1,26,7.2,65725.46
1635.8,Rail,7852.1,15,6.8,28957.38
3104.1,Rail,5845.5,20,2.9,40052.13
3725.6,Rail,8995.0,27,7.4,53534.2
2780.3,Road,8052.1,8,7.5,62098.22
3523.8,Road,4770.0,13,7.1,69832.84
3818.4,Road,7293.4,4,7.9,75448.96
4454.4,Rail,1625.0,21,6.7,50029.74
2622.9,Road,3484.9,7,1.5,48719.56
505.4,Air,223.2,5,6.1,25536.62
1862.2,Road,7422.5,7,7.1,46111.83
3354.6,Road,9314.6,22,3.5,77657.05
3921.2,Road,3782.5,22,8.1,78854.63
947.6,Air,3095.2,28,8.8,86613.96
2712.5,Multimodal,2659.9,28,6.6,51142.64
3286.8,Air,10.2,28,2.8,131651.47
4446.9,Sea,3078.4,2,4.4,26329.98
1724.8,Road,176.9,24,5.4,38094.47
200.8,Sea,5615.5,3,8.5,8168.26
4326.0,Road,6847.5,17,6.9,87799.51
212.3,Road,3589.1,22,4.0,20188.18
1067.5,Road,4034.7,11,4.0,28923.19
2484.6,Rail,3177.0,2,4.9,25412.6
399.8,Sea,2672.0,16,8.3,13801.78
4243.9,Rail,3246.2,18,7.1,48505.89
2566.9,Road,5624.0,26,6.6,62184.15
1630.8,Rail,5620.5,19,6.5,28619.93
1617.0,Rail,7359.9,18,7.5,29824.45
57.5,Rail,1343.4,15,1.8,9636.0
3647.1,Road,9589.0,2,9.9,77083.87
1842.4,Road,5235.0,10,1.3,41654.66
49.6,Road,8467.8,4,3.7,18267.23
3593.2,Multimodal,625.8,3,2.6,45168.34
4121.6,Air,3616.6,3,1.5,192450.71
2892.6,Road,7288.1,8,7.8,62677.89
4418.3,Road,980.1,29,9.7,85984.07
2413.1,Road,1688.9,22,2.2,49401.52
384.8,Rail,5752.2,9,9.8,13930.16
4350.7,Road,4891.2,16,4.4,82521.91
1342.3,Air,3968.3,23,2.9,107944.33
3221.3,Sea,1658.2,18,7.0,28553.58
2265.0,Rail,124.8,17,8.3,28690.28
795.4,Air,69.9,29,9.7,45377.9
1756.8,Rail,6103.2,10,4.7,25668.4
1818.8,Road,4294.2,6,9.7,40128.03
3398.8,Rail,7829.7,25,1.7,45928.65
1259.3,Rail,3402.4,21,6.9,24453.96
4467.1,Rail,10.6,20,7.0,48397.81
3719.0,Road,5087.9,12,4.4,71573.81
2795.8,Road,4493.9,7,7.8,55687.85
2351.2,Multimodal,1963.9,21,3.9,41646.32
3342.3,Air,9949.7,12,6.1,247313.2
4291.2,Air,1144.8,7,1.4,170492.01
4490.2,Road,3859.8,19,5.0,84548.95
3907.6,Sea,5292.5,18,5.0,32361.03
143.5,Multimodal,3433.1,24,7.3,19628.36
4347.4,Multimodal,3625.5,5,5.2,60975.27
3300.6,Road,8996.3,14,5.3,73587.9
2761.7,Road,4087.7,11,9.3,56845.68
805.7,Rail,4583.4,1,8.5,12797.51
571.6,Air,4980.8,10,5.1,87169.84
2064.1,Rail,6003.1,10,2.2,27184.83
3247.4,Sea,3763.6,25,3.9,31164.52
3359.3,Rail,9311.7,2,6.7,39003.34
2469.8,Sea,807.5,29,1.9,27497.99
3626.9,Road,2418.4,3,3.0,60577.89
2605.3,Sea,9603.2,1,5.6,20351.32
1940.8,Sea,2415.6,26,2.8,24724.4
1650.8,Road,8570.7,9,4.4,45045.51
1303.3,Air,7028.7,10,2.4,137387.28
3696.1,Road,8186.5,11,7.4,78023.68
989.1,Sea,6698.6,11,8.8,16458.99
4048.3,Air,4171.6,24,1.3,205807.8
1390.7,Sea,9787.5,5,4.3,16144.45
1921.9,Road,83.1,5,8.2,33241.16
673.5,Road,5497.6,22,3.7,30537.1
506.8,Road,3397.8,13,7.9,20439.7
637.2,Road,5725.1,29,5.7,33716.65
3293.8,Rail,9365.1,20,3.8,45251.42
3094.2,Road,9655.9,21,1.6,73045.36
3161.2,Air,3164.8,22,7.0,164449.63
3825.2,Road,9376.8,13,4.9,81562.47
922.7,Rail,9868.6,21,4.6,27168.11
1167.3,Air,4799.8,8,6.3,105712.49
4327.0,Multimodal,1331.8,3,4.5,55837.28
484.2,Air,9714.4,7,6.8,139615.76
1261.4,Road,8968.6,13,8.2,42442.6
4328.0,Rail,6581.3,4,7.5,46338.86
2465.7,Road,288.4,19,5.4,47439.71
4175.8,Rail,3580.3,4,5.2,40772.64
3627.9,Road,1550.9,25,6.3,70733.83
4273.4,Road,1904.5,14,1.1,73012.27
3325.7,Rail,6870.0,21,6.2,44790.98
1181.6,Road,3917.0,2,8.2,27212.16
3418.5,Road,3396.4,17,8.4,68190.81
1766.0,Road,4674.1,18,4.6,43899.27
724.2,Rail,1607.0,25,4.1,19814.54
1117.7,Rail,4390.5,17,5.0,21994.34
1322.1,Road,9361.4,7,2.5,40249.87
467.6,Air,7960.9,21,8.3,124485.88
1813.4,Rail,426.8,19,1.1,24090.76
4240.9,Sea,4315.8,18,3.2,32261.89
879.7,Rail,8591.9,12,5.1,21600.28
4401.3,Road,2519.8,23,3.2,81503.6
2191.5,Road,8391.8,24,2.8,59165.44
3414.1,Road,5913.2,7,7.8,67825.6
508.6,Sea,101.6,7,6.2,9105.85
3880.2,Sea,8835.1,3,6.5,27718.77
2603.3,Road,8969.3,28,2.9,68223.24
588.3,Sea,8256.9,9,8.6,13967.04
2247.0,Sea,5276.6,21,1.1,24383.63
3057.0,Rail,7289.3,16,5.9,40547.29
1859.9,Sea,1302.6,19,9.6,22672.12
1464.0,Air,8608.7,3,9.7,160533.43
1368.7,Rail,9489.6,17,4.4,28497.32
2406.3,Sea,3292.8,6,1.4,17634.09
1979.1,Multimodal,2620.5,28,9.4,42966.6
3337.6,Road,2474.9,7,3.2,58212.18
4269.9,Road,3386.1,12,1.7,75140.42
812.9,Rail,793.1,16,1.3,15347.64
2291.6,Rail,7919.0,13,2.7,32369.05
2206.4,Road,3231.5,4,7.0,42588.66
1805.9,Rail,812.2,4,3.0,18143.84
3364.7,Sea,9889.6,11,6.3,28895.76
2060.2,Road,2152.5,3,7.4,38016.8
427.5,Road,8186.5,24,3.3,32525.89
2262.0,Multimodal,4930.0,26,3.9,47317.55
3395.9,Air,3765.4,7,4.4,171869.49
4313.8,Multimodal,6680.6,8,2.5,64699.52
517.4,Rail,8619.2,25,3.7,24369.48
2854.7,Rail,570.4,25,7.2,37425.69
1592.7,Road,454.1,4,7.7,28212.08
1027.7,Road,9849.6,5,7.8,36633.46
2693.1,Road,2682.5,6,3.7,48735.55
1778.2,Road,556.6,15,4.5,35345.27
331.4,Road,3292.7,5,2.9,13754.21
4031.2,Road,1818.0,17,9.6,75808.01
1951.4,Road,4524.8,24,6.9,49820.43
4336.9,Rail,8816.3,10,9.6,52300.36
1005.9,Rail,8958.7,3,3.3,18599.71
255.4,Rail,3125.1,24,1.5,16729.47
139.1,Road,4763.8,26,5.3,22984.65
2771.8,Air,5413.9,16,2.5,172694.6
3769.0,Sea,2530.0,7,7.7,27130.18
2880.4,Rail,1685.0,10,4.9,30937.14
3707.6,Air,4756.5,4,6.0,194510.38
2332.0,Air,4058.7,7,5.8,137978.24
514.9,Road,8987.9,3,5.4,26018.7
3625.8,Road,8469.3,14,4.8,77348.52
1637.0,Road,6641.2,21,2.2,46335.09
3118.9,Rail,2845.2,3,4.9,30877.34
518.2,Sea,3726.0,13,1.3,13002.15
1271.6,Road,1782.6,14,2.7,29126.13
1868.2,Rail,2707.5,24,1.4,28938.13
4357.4,Sea,9837.8,9,5.4,32489.23
2871.0,Rail,5514.6,9,4.4,33673.79
3121.0,Rail,8179.5,29,7.3,48435.62
3500.6,Rail,2749.2,26,2.9,43118.42
2220.2,Road,4115.1,11,5.8,47118.57
703.6,Road,5985.3,12,1.3,27145.69
1384.0,Road,513.6,11,1.9,26926.03
1114.4,Rail,8988.2,3,3.1,19489.36
4036.1,Rail,8464.3,12,4.1,47024.72
3279.0,Road,9811.5,7,9.3,73567.46
2488.9,Road,3863.4,18,7.7,54599.5
1100.0,Multimodal,1239.0,28,4.3,29247.08
705.9,Road,6805.1,27,7.8,36063.87
2662.9,Rail,1323.7,12,4.8,29647.68
583.9,Rail,3106.5,2,1.7,9453.86
2040.1,Road,2160.8,25,1.0,45630.51
2618.1,Road,6367.9,24,5.6,63067.3
1605.0,Sea,6475.6,25,5.4,25223.41
4172.0,Rail,3322.5,9,8.7,45016.51
417.5,Road,7437.2,24,2.7,31004.7
1903.2,Road,7827.3,27,2.3,55064.67
4036.3,Road,6873.1,4,5.6,76739.43
799.5,Rail,588.7,25,7.6,19814.05
2828.2,Road,1468.9,3,2.0,46542.56
2617.5,Sea,3797.6,29,9.5,32345.23
4070.6,Road,4367.4,25,2.8,80346.97
3983.5,Rail,3282.4,9,3.7,40417.66
4116.3,Road,5561.8,21,4.9,82741.92
2615.7,Road,3021.4,29,5.7,59259.3
808.7,Road,4182.4,6,7.4,23495.82
619.8,Road,210.3,7,6.1,13666.38
3468.1,Road,3551.0,5,6.6,62933.28
1889.7,Air,6943.6,25,7.6,165284.88
1119.3,Road,5034.7,3,6.0,28282.9
3007.5,Sea,7231.2,23,2.4,29901.8
3488.3,Rail,6096.8,6,2.0,36596.77
4091.5,Road,9814.6,23,8.7,93202.66
201.3,Rail,2704.6,20,8.5,14377.97
483.7,Road,1074.5,29,5.6,23092.25
3060.2,Sea,1350.2,22,2.5,27375.37
673.6,Rail,2692.4,8,1.0,12342.44
580.2,Sea,5757.0,8,4.9,12103.65
833.7,Rail,7736.1,29,8.8,28536.31
1349.3,Road,388.7,4,4.1,23493.24
3987.2,Multimodal,9656.5,19,4.0,71281.17
3613.5,Rail,3539.7,3,6.0,36131.13
1509.9,Air,8242.0,6,5.0,158107.51
2817.5,Road,6713.6,13,1.3,59970.25
3100.0,Road,5922.3,29,5.3,71738.12
4441.3,Multimodal,869.9,10,8.3,62239.91
369.4,Air,8954.1,13,4.8,128975.61
1620.7,Sea,3782.1,4,4.1,14280.11
4257.4,Road,8923.4,11,2.3,84916.86
2397.0,Sea,1916.6,7,7.4,19627.67
3526.3,Road,9670.7,18,3.0,78767.06
1039.7,Rail,6228.0,10,3.2,19511.68
1287.0,Multimodal,8366.1,7,9.1,33492.08
4025.6,Road,5033.9,22,3.3,79910.54
3029.9,Rail,5970.7,14,9.4,39846.97
3758.9,Road,3200.8,1,9.2,66509.42
967.3,Road,7425.1,18,9.9,37490.61
1089.4,Multimodal,9029.7,1,8.7,29329.42
1321.0,Road,7173.0,25,2.0,44299.71
3714.6,Multimodal,4712.0,6,7.0,56549.24
982.0,Sea,8356.6,7,1.8,14252.46
3017.1,Road,4997.0,18,6.5,64385.57
1461.1,Rail,4400.1,22,3.9,26826.88
2749.0,Road,6650.3,10,1.1,57344.73
1930.7,Road,2305.3,10,3.4,38178.45
1168.3,Road,4761.0,9,2.3,30622.49
2983.5,Road,414.6,28,5.0,59510.71
3125.4,Rail,9844.8,26,9.2,49424.52
3407.5,Road,9615.2,24,4.7,80574.84
3701.5,Sea,9857.9,14,5.0,31356.62
1216.6,Road,8787.4,24,4.1,45565.31
1749.6,Air,9011.8,22,2.9,182531.16
2935.0,Road,865.3,5,9.1,51017.33
3043.9,Road,2133.8,27,9.7,65138.28
4464.4,Road,6679.2,23,4.5,90749.69
937.5,Sea,2032.6,9,8.5,13437.75
2613.0,Multimodal,502.2,19,3.3,41374.01
534.7,Road,4089.6,13,2.2,21767.04
569.3,Rail,9284.1,14,4.2,20545.98
1932.5,Rail,9958.2,18,5.2,34399.79
2510.0,Road,4886.2,11,8.9,54035.84
937.2,Road,6107.7,9,3.5,29795.07
255.2,Road,3474.0,14,8.6,17204.06
1538.0,Multimodal,2827.3,12,2.8,29213.14
990.5,Rail,9295.0,8,3.5,21074.67
403.7,Road,7196.4,3,9.1,21221.57
3714.8,Air,2221.3,8,7.7,167085.33
2633.8,Road,2483.6,16,6.9,53157.75
3252.0,Sea,7190.6,10,3.4,25553.96
3428.4,Road,3985.2,1,9.4,62677.07
681.3,Sea,4953.9,3,1.6,9719.29
1215.3,Rail,8096.5,6,3.5,20904.84
254.5,Rail,6881.4,4,7.5,11369.61
3999.2,Rail,9460.7,24,2.6,52030.17
3558.7,Road,8300.2,10,4.1,73799.92
1248.3,Air,2657.1,8,7.7,83072.27
1399.3,Road,5537.1,16,4.7,39043.77
2635.2,Air,2653.5,10,8.7,134487.36
2686.2,Road,3136.8,9,6.2,51749.61
3917.8,Road,7451.8,5,9.7,78831.85
137.9,Rail,3855.8,23,6.8,16216.61
4158.0,Road,4796.4,18,7.4,82238.27
3909.4,Road,6711.3,6,8.6,77085.41
2284.3,Rail,4141.3,20,7.6,33705.0
525.0,Road,4353.6,24,8.1,27528.77
2793.9,Road,3473.3,16,6.4,57306.96
2793.4,Rail,4544.1,9,3.1,31537.14
406.4,Rail,7889.0,28,5.2,24302.65
4196.7,Road,5950.4,2,9.7,79075.78
2826.4,Rail,678.0,6,5.2,27891.68
2443.8,Sea,1017.6,13,9.0,22751.41
2604.4,Road,140.9,12,7.1,46804.22
2380.3,Multimodal,2038.0,28,1.8,44486.85
417.7,Road,2241.9,6,5.6,13766.85
3454.3,Rail,728.8,27,1.4,40645.36
25.0,Air,6900.5,7,4.7,89398.76
3710.8,Road,6997.9,18,9.6,80467.77
656.1,Rail,5294.0,19,9.2,20399.12
1393.2,Road,6459.1,24,5.8,44486.05
1658.8,Rail,8914.4,9,7.7,27630.78
1981.8,Rail,2338.1,3,5.9,21274.84
2104.9,Rail,4537.9,3,6.0,24324.29
2856.5,Road,4105.9,4,7.5,54409.5
2043.4,Road,8224.7,11,7.0,52091.23
3392.8,Road,3080.2,26,1.8,67933.96
510.6,Road,3747.0,21,4.4,24515.18
1411.8,Road,1926.0,13,3.8,31204.56
1112.0,Sea,325.8,16,9.8,16993.97
1411.5,Rail,8912.4,20,7.5,30299.24
905.0,Road,8069.3,26,8.9,41232.44
3919.2,Sea,7979.3,27,1.9,35672.76
2213.7,Rail,2628.1,7,1.5,23834.66
2807.9,Road,1366.1,28,6.6,59176.34
3391.8,Sea,6010.8,28,5.9,35061.4
1378.0,Air,4732.2,28,1.8,120399.95
3930.7,Sea,2459.4,4,6.4,25849.88
2024.7,Multimodal,7762.0,14,8.6,44835.26
2873.7,Road,1479.2,9,2.5,50182.33
124.8,Rail,8224.1,28,6.0,22260.05
1902.4,Road,9376.5,1,8.7,48062.05
1324.2,Multimodal,7429.4,22,9.1,39410.73
162.6,Road,6726.5,23,8.9,25624.22
1582.1,Multimodal,3514.8,23,8.6,36980.11
3773.8,Rail,1698.1,23,4.2,43719.0
4016.5,Sea,2222.5,29,6.2,37159.53
2567.8,Multimodal,3494.9,18,5.4,45749.56
4425.0,Road,4575.1,3,2.0,75716.02
4156.1,Sea,9089.9,6,5.7,30109.45
3015.6,Air,4341.7,9,5.8,166932.84
908.1,Rail,9092.7,13,8.7,23230.11
548.8,Rail,2420.9,25,1.7,18887.7
2972.1,Road,8136.8,2,2.3,60362.6
1835.7,Road,6373.5,24,6.2,51132.3
224.8,Road,1976.8,1,2.4,7960.11
4058.1,Rail,1280.0,14,9.6,44844.06
234.6,Road,48.9,1,5.9,4751.16
3562.2,Road,3397.6,27,2.7,71996.86
2447.4,Rail,2504.8,7,1.5,25496.99
1917.1,Rail,9451.0,8,6.0,29450.45
3057.6,Rail,7437.5,16,8.4,41932.52
2178.9,Rail,863.7,23,6.0,30568.53
2663.9,Road,7218.7,27,9.4,68223.44
2609.0,Road,2637.9,9,9.7,51042.25
2707.6,Rail,7952.0,22,1.1,39081.25
4460.4,Rail,4561.2,11,8.7,49535.58
1322.4,Road,2177.7,20,7.7,34168.88
1387.0,Rail,8399.6,1,6.7,21069.06
1632.6,Road,9606.2,28,9.7,56446.65
4061.2,Road,4893.5,19,1.8,77959.09
2493.1,Road,4100.2,1,5.4,46557.51
4177.1,Rail,6488.6,26,3.8,52458.66
3410.1,Air,2447.4,1,10.0,156851.64
1134.4,Sea,9365.5,13,3.7,18229.72
2570.4,Road,6423.8,6,3.2,53425.45
368.2,Road,7368.2,27,5.0,31633.56
2516.4,Road,7864.8,20,1.3,60708.61
863.0,Air,8005.1,15,6.5,136370.71
1853.8,Sea,7474.3,5,2.3,16814.39
2595.8,Multimodal,2830.5,29,6.0,50058.4
869.7,Rail,6623.4,27,8.9,26942.12
3386.7,Road,6083.7,26,3.8,74307.55
2159.4,Air,9173.4,7,3.7,192572.22
3932.0,Road,7445.1,23,5.6,84658.87
1398.3,Sea,5598.9,23,4.6,22664.05
3448.2,Rail,9228.6,18,9.2,48266.41
114.2,Multimodal,8622.6,22,9.2,26135.52
2488.4,Road,2941.1,15,5.2,50651.8
3808.2,Rail,9243.4,20,7.4,51329.61
3740.2,Road,4646.5,16,3.4,72288.36
2548.7,Rail,2755.1,26,6.3,36801.24
2796.4,Road,1701.1,22,8.4,57554.37
3450.9,Road,6849.9,26,8.0,78807.08
2444.3,Sea,6445.6,26,2.4,28397.97
3607.6,Road,5990.7,15,7.4,74486.55
2710.0,Multimodal,8256.6,11,2.9,50358.19
684.1,Road,9825.5,13,5.6,34581.99
3452.9,Rail,1331.5,1,9.9,33895.46
1614.1,Road,8267.4,14,1.8,45623.29
3979.2,Road,7194.5,17,1.4,79585.71
1735.9,Air,4618.7,2,5.9,121204.32
1097.6,Air,3463.2,26,9.8,95805.5
1366.7,Road,6236.5,7,8.3,36419.15
825.0,Road,7231.4,21,3.2,35433.49
2020.8,Road,4966.8,16,9.0,48775.39
3368.1,Sea,2546.3,20,6.2,29927.6
2972.5,Rail,7207.2,26,9.5,45964.42
3922.4,Sea,1289.6,15,8.1,31224.04
97.3,Sea,1942.2,15,2.8,11513.66
3420.4,Sea,5999.3,9,5.2,26318.09
2740.2,Rail,4516.7,15,7.5,35665.83
4341.5,Road,6084.9,14,7.0,85320.03
3740.8,Rail,8088.5,2,4.9,40111.26
1266.7,Road,7953.4,17,8.9,42591.12
3889.4,Sea,5822.5,7,2.3,25934.13
3940.0,Road,8650.6,8,6.9,80890.34
3712.0,Rail,3278.3,18,5.6,43232.04
2367.8,Road,5262.1,27,2.9,57512.52
3823.2,Sea,6455.4,18,2.4,30842.42
1422.2,Road,4455.9,2,7.3,31623.18
1572.5,Multimodal,9198.9,9,1.8,37493.15
2918.4,Rail,9819.2,5,3.2,35579.42
127.8,Road,64.6,27,2.3,14703.52
2931.6,Road,8128.2,27,1.5,70594.51
1445.6,Multimodal,9971.3,13,7.3,40238.43
4031.7,Road,8673.2,3,2.8,77788.12
1861.8,Rail,8846.2,4,3.1,25833.32
3369.9,Road,8774.4,6,3.4,69710.54
1230.5,Road,807.2,20,2.0,29267.51
1485.0,Rail,1721.8,14,4.5,21093.6
838.8,Road,3435.2,26,3.7,31157.05
1088.6,Rail,2098.3,28,1.7,24045.41
490.5,Sea,5367.5,6,8.8,10948.78
2778.3,Road,2618.2,7,9.6,52790.25
3781.8,Road,1628.9,24,3.8,71354.41
1281.0,Rail,1887.4,29,8.4,27214.42
1362.4,Road,7437.3,7,7.1,38313.73
4091.2,Rail,1824.5,6,5.5,39575.1
413.3,Rail,4983.2,13,2.6,14727.28
417.0,Road,8948.6,7,2.5,26064.01
3469.0,Road,5424.7,15,6.9,70903.87
1131.9,Road,1968.2,24,6.9,32546.52
2392.2,Air,4254.2,2,2.3,139029.23
2063.0,Road,7027.1,16,7.5,52630.0
2500.1,Air,5254.0,9,5.0,159014.35
389.0,Road,7666.0,23,7.3,30856.68
1711.5,Road,966.2,9,6.0,32804.46
2883.2,Air,3404.8,17,1.3,152560.77
1011.0,Sea,1598.1,22,4.2,18696.29
680.4,Road,9370.0,16,1.3,34614.03
1978.3,Rail,2207.0,11,7.6,25317.12
4246.7,Road,7986.1,25,2.7,89567.42
4268.3,Road,1924.3,16,9.5,79191.29
3825.6,Road,8981.7,12,9.9,83356.08
1163.1,Air,924.7,14,8.9,62110.22
3123.2,Road,2994.5,22,3.9,63004.76
4329.2,Rail,1326.3,10,1.8,40589.45
3059.6,Road,3249.9,14,7.5,60552.22
2752.4,Road,5212.3,23,2.0,60990.27
532.1,Road,9705.0,29,2.5,39047.28
3368.2,Road,3179.5,5,1.7,58289.22
3455.3,Rail,2511.1,16,4.2,38759.05
774.5,Road,6419.7,16,2.9,30980.58
1796.4,Sea,3273.6,23,6.6,23994.56
2557.5,Air,3198.7,6,4.3,134730.64
1118.6,Road,9603.0,10,4.5,39336.32
4423.0,Air,2178.9,13,5.8,193100.64
754.1,Sea,1247.0,24,3.9,18267.22
4342.4,Sea,9059.6,19,4.0,35643.76
747.8,Sea,6339.7,26,4.1,21182.44
2229.8,Road,6443.5,14,7.5,53234.48
4442.2,Rail,6980.9,29,4.5,56874.09
881.8,Road,4052.6,29,1.9,34004.14
3320.5,Multimodal,5209.7,15,7.1,56677.59
2299.0,Rail,7609.4,17,9.5,36115.75
1902.0,Rail,5576.2,25,1.6,32180.41
1877.6,Multimodal,5927.0,3,9.1,35438.63
2511.1,Road,9481.6,26,4.2,67386.5
3452.1,Sea,4090.6,10,6.0,26456.87
1470.6,Road,3089.7,3,2.4,29435.64
4481.1,Rail,1073.9,26,3.6,49857.6
4081.5,Rail,967.8,11,3.2,39609.62
2214.7,Road,4403.9,20,1.4,50079.86
2408.6,Rail,3135.1,28,6.6,37119.05
3259.7,Rail,5192.2,5,8.1,36524.26
1329.2,Road,567.8,24,1.3,31980.44
2247.3,Rail,6824.9,24,1.5,35483.71
1550.9,Rail,50.9,8,3.2,17252.56
1915.7,Road,119.8,1,2.5,29779.54
3610.3,Road,1003.4,26,3.3,68166.59
2282.7,Multimodal,267.0,15,4.1,35608.77
3756.9,Road,2901.6,28,9.8,78477.23
870.8,Road,8570.6,8,4.0,32729.47
2987.2,Sea,1510.8,21,3.2,26843.59
3879.1,Sea,8277.8,3,1.4,24402.31
844.5,Multimodal,5554.3,10,6.4,24917.14
2160.7,Air,1312.9,5,9.1,99072.56
4075.4,Road,8973.0,5,6.0,81719.33
4282.5,Rail,5163.1,14,8.5,49761.89
3441.3,Road,5699.7,27,1.8,73804.31
2963.6,Sea,5457.9,1,1.9,18791.85
785.5,Rail,8513.3,28,6.7,28101.09
4393.4,Rail,8053.5,27,1.9,54686.62
75.6,Rail,1052.3,13,5.4,8560.09
2431.1,Road,6212.9,9,2.6,52057.58
843.2,Sea,9709.2,21,2.2,20445.36
4256.8,Road,6745.6,18,5.7,86300.91
2977.4,Road,8581.8,2,2.2,61107.54
3952.9,Road,2142.1,7,3.2,66777.19
1950.5,Rail,6706.0,25,2.9,33899.21
3322.2,Rail,6738.3,21,9.8,46490.54
3171.0,Rail,934.6,20,1.1,35350.65
3878.9,Road,3850.1,2,1.7,65492.38
201.8,Road,3972.9,12,8.8,16335.9
2421.8,Road,7479.4,4,5.7,53108.51
3396.4,Road,5594.2,14,2.8,67664.95
4425.7,Rail,1692.0,4,3.3,39877.13
3183.0,Sea,3434.4,9,8.8,25784.09
2692.6,Air,393.5,7,9.3,108286.46
2318.8,Rail,3431.0,13,3.2,28688.15
1430.8,Sea,338.7,24,2.9,20797.84
616.6,Road,9845.4,1,4.3,28141.41
4151.6,Multimodal,7968.6,23,9.0,75547.89
835.4,Road,9586.2,27,1.1,42267.13
3235.1,Road,4477.4,2,4.7,58757.51
3552.9,Road,3657.1,12,3.9,66151.02
3863.7,Road,9791.7,24,6.4,88813.91
1439.9,Road,8568.6,21,5.2,47505.12
3986.3,Road,6946.6,4,2.5,74186.22
2281.9,Road,3622.7,25,8.1,54201.18
797.7,Rail,2438.9,5,6.7,12457.02
468.1,Sea,4928.4,11,2.5,12417.63
418.5,Road,2355.1,17,2.8,18793.69
2932.1,Rail,1777.3,5,8.3,30710.21
3253.1,Road,3208.3,23,2.1,64867.37
2073.9,Rail,1131.8,14,7.4,26310.77
810.7,Rail,4983.8,15,2.6,18779.07
4270.6,Road,8060.7,10,6.2,85465.5
1878.1,Air,9478.7,25,5.2,194702.01
350.8,Road,4205.7,21,8.0,23113.27
1095.0,Rail,9622.2,5,4.5,21153.53
2717.6,Rail,7080.2,3,9.2,33110.71
2140.7,Sea,596.5,21,8.1,24395.97
2269.2,Road,4210.9,5,8.0,46010.7
1229.3,Sea,9598.8,16,3.5,20048.87
12.9,Sea,2472.5,20,5.2,13541.91
640.5,Road,901.7,27,2.8,23870.29
4226.3,Rail,2897.7,22,8.4,50702.51
2648.6,Road,6037.3,25,6.8,63802.21
746.7,Multimodal,8235.7,19,1.1,31197.85
846.6,Multimodal,4872.3,3,6.2,20708.67
4124.0,Sea,6279.6,10,1.4,27817.3
970.8,Rail,8893.3,13,4.3,22980.39
392.7,Road,6254.7,28,9.1,30687.37
4231.4,Road,5314.6,6,1.9,75383.65
1098.7,Rail,592.0,5,1.8,12565.9
3914.7,Rail,6677.8,8,8.4,45138.33
3516.3,Rail,5467.8,8,3.4,37860.95
1485.6,Sea,8305.3,9,1.3,17185.41
4397.4,Sea,5259.4,26,6.6,39239.8
4204.8,Road,2831.8,16,3.4,75974.66
1377.9,Rail,1786.1,8,4.7,17635.51
1004.3,Sea,6872.2,5,2.7,12957.27
235.0,Air,4526.7,11,8.7,70349.55
4142.9,Road,6557.9,29,6.4,89531.1
3966.9,Sea,8290.9,23,7.3,37443.36
3081.2,Air,3240.8,8,4.9,155137.05
4120.8,Road,6295.4,5,2.9,75737.58
1301.1,Rail,9297.2,3,6.7,21898.34
477.4,Road,2117.5,8,2.2,15085.79
3513.7,Sea,8575.7,23,4.9,33929.49
4394.8,Sea,1825.0,9,4.3,28639.96
1148.4,Air,3610.7,21,4.0,96227.22
1001.4,Sea,4297.8,23,7.6,20648.97
4228.6,Road,6019.5,4,3.4,76686.13
3239.5,Road,1773.5,14,9.6,61817.76
1276.7,Road,4889.9,1,3.5,29094.04
2525.3,Road,9429.0,19,5.5,64863.82
2151.8,Road,3384.7,16,6.1,47088.25
3304.4,Rail,2226.2,13,5.2,36461.81
1911.5,Road,480.5,28,2.1,42461.83
1832.4,Road,7062.5,10,7.1,46387.75
3829.6,Rail,5040.9,27,1.8,47636.3
3183.5,Rail,5287.4,4,3.0,33094.57
3238.8,Rail,9764.1,9,1.9,39261.53
1227.0,Road,2475.9,12,8.0,29781.56
2052.9,Road,8379.9,20,7.6,56707.71
2677.4,Sea,1739.3,24,9.2,29451.92
1170.2,Sea,4577.5,4,5.7,12753.34
4468.7,Rail,6547.7,23,5.5,54654.85
2020.9,Sea,8502.7,14,8.8,23937.04
1664.2,Rail,7233.6,24,3.7,31989.52
3831.9,Road,6260.3,6,4.1,72593.15
1118.1,Sea,183.7,26,8.3,21041.79
3611.6,Road,5602.9,18,6.9,74898.39
4243.4,Road,3689.5,25,9.3,85988.32
3243.3,Road,9677.1,20,5.4,76620.5
2242.3,Road,3272.8,27,8.3,53973.3
562.4,Rail,1044.0,13,7.8,12906.0
3154.0,Air,1455.2,22,4.1,142223.2
3757.7,Road,6910.3,15,3.2,76097.62
1869.1,Rail,4130.0,25,1.1,30514.97
3445.1,Road,3971.2,1,3.1,59734.29
2432.7,Rail,3804.7,20,1.6,32409.11
3493.7,Road,9595.7,16,7.7,79804.58
1210.5,Road,1452.3,13,5.2,27526.96
29.2,Rail,8434.8,4,3.5,10797.43
4482.4,Multimodal,8556.5,15,2.8,72841.96
758.5,Rail,6590.3,5,5.5,15768.35
3955.7,Sea,2650.5,4,1.2,22830.0
404.0,Road,6211.6,16,3.4,24997.52
2937.5,Road,702.2,27,9.1,60666.33
257.3,Air,9329.4,2,3.2,124490.11
3019.4,Road,6678.1,25,1.6,68323.87
482.8,Road,1439.4,20,1.6,19232.46
2722.5,Road,7794.0,26,5.4,68006.84
1630.6,Rail,3135.8,12,9.5,23885.64
2366.5,Road,411.7,17,9.0,46470.54
229.8,Road,2321.6,26,5.8,20083.02
1593.5,Road,6501.5,29,3.1,49268.76
3512.0,Road,6521.4,7,6.5,69806.52
3490.4,Road,9551.7,18,9.3,81444.32
2976.2,Road,3773.9,28,8.7,67008.2
4276.4,Road,7807.7,25,9.8,94151.87
2985.2,Rail,4839.5,19,2.9,37797.02
1556.8,Multimodal,7478.7,25,4.7,42657.05
3039.2,Rail,5028.9,18,3.4,38153.89
1605.7,Sea,4683.1,6,8.8,16554.44
2722.6,Road,3843.5,25,4.1,59862.51
3013.5,Sea,362.7,25,5.9,29689.99
2052.7,Rail,8438.3,3,8.1,27997.42
4425.8,Road,6317.2,10,3.3,82825.84
448.8,Road,4807.8,17,8.5,23880.64
2283.3,Rail,5490.3,7,4.6,28041.86
4032.0,Sea,1985.9,20,2.4,30788.59
1981.2,Road,9518.2,9,6.3,52455.41
2760.7,Sea,2700.3,25,2.0,27707.83
1850.5,Air,16.7,2,4.2,69533.47
4305.0,Sea,5983.4,23,6.7,37843.66
4394.7,Sea,8232.6,8,7.8,33123.82
849.8,Rail,6304.3,17,1.5,21008.65
4201.5,Sea,2824.7,21,5.2,34185.77
2312.7,Air,4173.7,21,3.1,144105.79
2585.3,Rail,7074.4,10,2.5,32397.16
4246.5,Sea,6835.3,14,6.7,33730.58
3315.5,Sea,4589.4,18,1.5,27326.15
2836.2,Road,63.4,9,6.2,48530.63
3952.7,Road,5596.4,26,1.4,80556.23
2963.3,Air,4401.4,3,9.8,164704.69
347.9,Road,3136.8,20,4.4,20617.52
3133.4,Multimodal,7190.0,21,9.1,60959.66
4241.6,Rail,3983.4,4,3.3,40547.15
2397.4,Road,5470.9,6,1.0,48322.2
2426.6,Road,1756.8,1,3.9,40824.13
1254.1,Sea,1414.1,6,9.1,13463.27
2533.6,Road,4694.0,21,5.3,57201.83
4220.4,Road,1467.4,26,5.9,79761.72
1278.2,Road,9247.2,28,8.7,50057.6
4356.7,Road,5329.1,28,5.2,89332.43
3191.1,Road,5526.3,19,7.3,68883.33
987.7,Road,6939.0,12,2.9,33300.3
3171.7,Sea,5113.6,25,3.5,31226.41
1908.7,Rail,6315.3,29,9.5,37018.24
2641.8,Road,2497.3,15,9.2,53819.11
3875.9,Sea,2201.5,11,6.7,28705.36
972.1,Rail,656.7,15,9.3,17162.04
2018.8,Rail,4565.4,26,5.3,33652.1
1974.7,Rail,4323.6,3,7.1,23287.87
3105.4,Road,9040.0,5,1.8,64935.75
311.9,Sea,1351.6,1,9.9,6192.9
843.6,Road,6221.2,21,3.6,33985.49
1985.1,Rail,2478.5,11,1.6,23756.11
2453.2,Sea,8058.2,14,6.3,25106.88
200.0,Rail,1543.2,6,7.7,6999.66
1998.0,Rail,744.3,16,9.9,26994.23
2795.4,Rail,3496.9,1,3.7,27484.02
615.2,Road,7875.1,24,7.3,35115.78
1990.4,Multimodal,2063.7,13,4.8,34306.94
3328.3,Sea,2861.5,21,4.1,29477.4
408.0,Road,6488.5,22,7.8,28649.21
2791.9,Rail,3546.4,12,6.1,33258.45
1727.9,Air,6443.4,2,6.6,142959.41
2030.9,Sea,7315.4,9,2.9,19404.88
1625.2,Multimodal,2441.4,24,5.3,35686.17
383.0,Road,4473.7,11,2.5,19289.96
2694.3,Road,2593.5,24,9.0,58850.33
1915.3,Multimodal,7248.0,6,2.4,37327.85
3781.1,Rail,5104.1,10,8.4,43477.69
3297.0,Air,710.9,14,4.2,134861.67
2610.8,Road,7497.6,20,7.3,63810.44
1069.8,Sea,7901.8,11,7.4,17104.87
2186.9,Rail,2821.9,2,6.3,23019.21
3500.9,Rail,6276.2,25,2.2,45499.15
532.9,Rail,9479.9,17,8.6,22085.73
538.4,Sea,3489.4,24,4.1,18164.39
990.1,Road,8698.2,12,4.9,36796.9
3989.1,Multimodal,9584.8,27,5.9,75848.47
2292.5,Rail,4893.0,8,1.2,26876.46
4392.4,Sea,2375.3,6,8.1,30005.81
3986.4,Road,1541.4,6,2.0,65098.52
1041.5,Road,5020.9,16,8.5,33307.36
4436.6,Road,9014.3,2,9.6,88476.68
2208.9,Sea,6562.9,22,5.6,26688.03
3917.1,Road,7717.6,12,7.1,80923.96
2143.7,Sea,4424.8,21,7.4,25660.45
4258.0,Road,3170.0,7,2.5,72732.16
3347.4,Road,9754.3,7,3.5,71630.37
2377.4,Road,2091.8,22,9.3,52080.44
3150.8,Road,9356.9,3,2.7,65733.67
1024.4,Sea,8862.4,28,9.5,25199.43
3847.9,Air,1199.3,16,7.6,163246.13
1232.8,Air,2931.2,23,2.2,91568.15
2673.2,Road,8368.5,11,8.2,62650.97
4460.7,Multimodal,3074.7,14,1.4,62890.52
243.0,Sea,5579.7,21,6.1,16366.89
781.5,Road,5689.6,21,9.6,32714.22
3092.4,Air,7279.3,2,4.8,201280.81
2867.5,Road,9429.6,28,4.0,73515.95
3260.4,Road,186.7,25,9.4,64035.59
92.6,Air,9332.9,24,1.1,128483.81
3073.1,Air,8334.3,12,1.3,216081.3
4236.2,Rail,1200.6,1,9.9,40748.85
1807.3,Rail,6770.6,1,1.7,21692.61
2208.3,Road,6723.7,20,9.7,56975.83
3153.5,Sea,2784.8,14,2.8,24869.71
3962.7,Sea,7721.2,10,7.4,31385.66
3391.9,Road,8722.9,24,5.3,78944.76
4328.4,Rail,2483.0,1,2.7,38080.23
3328.0,Air,8312.8,18,9.2,231461.34
1293.1,Sea,7604.4,16,8.7,20569.06
4030.8,Sea,777.7,2,1.9,21954.84
2289.3,Road,6854.6,21,2.8,56575.93
4133.0,Sea,1598.7,10,4.8,28114.09
300.3,Rail,2013.4,11,5.0,10402.67
2914.5,Road,1142.2,21,2.4,55368.1
65.5,Rail,7285.3,15,2.6,14911.42
678.1,Sea,9386.5,28,7.9,23401.48
1367.0,Sea,2902.3,13,5.2,16995.54
3328.6,Multimodal,5053.9,25,8.8,61721.17
1890.4,Road,4966.5,27,8.6,51592.16
1997.0,Road,80.2,23,9.2,42905.7
1332.9,Air,3113.9,25,4.8,98727.24
3795.9,Sea,2172.5,12,7.0,28978.65
4336.2,Road,80.5,12,1.3,69827.48
4424.6,Road,1384.0,6,1.0,70631.73
2350.5,Sea,5633.5,25,2.6,27339.08
203.4,Road,6942.6,25,4.7,27417.69
446.2,Sea,9988.3,7,4.3,12773.26
3927.0,Rail,7078.2,15,5.3,46900.26
2688.1,Rail,912.0,12,6.8,30202.47
816.9,Rail,4443.0,11,9.2,17386.16
2418.0,Road,6656.3,13,8.3,56613.63
2770.8,Road,4946.6,23,9.5,63910.05
3858.5,Rail,3130.2,20,4.1,44330.98
2972.7,Road,559.9,5,9.9,51408.2
2179.3,Rail,4058.7,6,1.1,24231.2
2715.6,Rail,3399.5,3,2.7,27076.48
606.7,Road,8601.6,12,4.1,30606.12
1103.5,Road,1721.2,21,6.6,30285.74
2384.6,Road,9663.4,14,2.6,59874.43
966.1,Road,8363.9,7,6.0,33657.37
4434.3,Road,2596.5,16,9.5,83077.38
2471.4,Road,357.5,2,5.2,39881.7
648.1,Road,4698.6,7,5.0,22129.21
4152.9,Rail,6464.3,29,3.6,53414.4
3194.1,Rail,3068.4,23,9.6,42858.72
179.8,Road,144.3,4,8.3,5514.57
1638.5,Road,9543.7,20,9.6,52908.42
1919.2,Rail,3409.9,24,7.2,31610.04
2384.5,Road,9323.1,17,3.1,60788.64
1425.4,Road,3218.0,28,8.2,41534.76
3249.2,Rail,6403.3,12,9.1,41134.21
2459.8,Road,5899.7,22,4.2,58335.42
216.6,Road,8128.7,5,1.6,20705.58
358.8,Road,9102.8,18,6.5,30625.8
1483.7,Road,4611.0,14,1.5,37068.84
2932.5,Road,4261.9,18,4.6,60908.39
2918.6,Sea,8026.1,6,6.2,23852.51
844.4,Sea,1345.2,24,5.6,19006.58
4017.7,Air,2605.7,29,4.4,190076.41
2315.9,Rail,1196.7,6,6.5,24587.36
2614.1,Road,3004.7,1,1.8,45085.6
3553.1,Road,5440.7,3,6.7,66889.22
521.9,Road,6881.5,1,5.6,21432.83
2360.2,Road,2743.4,28,1.6,52903.87
3130.9,Road,7008.5,28,7.8,74852.39
923.6,Road,4174.5,4,8.6,24414.04
783.8,Multimodal,7444.2,11,8.1,27755.71
4213.3,Road,5372.2,20,3.1,82286.91
3508.7,Road,8678.4,16,4.0,76374.88
124.7,Road,8487.3,26,6.4,29496.76
1814.7,Road,4267.6,27,7.3,48794.53
830.2,Rail,8066.0,20,6.3,24482.47
1427.7,Sea,5783.1,21,7.5,22558.25
1295.5,Road,2414.6,3,6.4,26321.23
4497.0,Rail,1173.6,14,4.4,45147.01
4390.1,Air,482.3,10,5.0,169810.06
406.1,Road,2493.3,7,6.8,14513.94
1087.0,Road,839.5,27,3.6,30567.55
3509.8,Road,1891.1,17,2.2,63736.44
2851.0,Road,4224.6,26,8.7,64980.16
357.1,Air,1588.2,29,9.9,47641.14
228.9,Road,7294.1,29,9.3,30387.21
745.8,Road,144.1,27,2.2,24146.13
1951.7,Multimodal,9266.7,9,1.4,41816.34
3893.9,Road,3855.0,2,6.9,68872.31
1678.4,Rail,1075.2,8,4.8,19568.29
1281.4,Rail,98.6,1,6.6,12653.64
1352.1,Sea,9180.5,4,1.4,14658.95
2828.0,Sea,4600.7,14,8.3,26440.33
1665.2,Road,8712.0,10,1.7,45330.2
2054.9,Sea,5440.3,16,5.1,22720.01
1838.1,Sea,1196.2,23,6.8,23611.12
1732.7,Air,6519.2,17,5.8,150529.02
744.0,Road,7369.2,26,3.7,36765.91
4165.0,Road,5262.2,18,2.3,80076.74
615.1,Road,2806.0,15,7.6,22031.48
2663.2,Rail,8344.5,24,4.2,41126.52
272.4,Road,957.9,12,6.2,11893.86
819.4,Road,5369.2,29,6.3,36071.12
1476.4,Sea,8356.8,15,8.9,21439.25
888.0,Air,3980.9,11,1.7,86476.35
1729.9,Road,4004.5,11,3.3,38781.46
3122.9,Road,2890.0,15,1.6,58615.17
2915.9,Road,3638.0,12,8.7,58657.22
2475.2,Rail,3406.0,19,5.6,33392.49
1368.8,Rail,3642.4,22,9.3,26512.92
3803.9,Sea,777.3,24,2.7,31383.41
3865.0,Air,3202.6,20,7.1,189341.4
992.8,Air,9423.9,11,2.5,155610.08
4356.8,Multimodal,3797.6,25,7.7,71909.99
742.7,Road,9340.6,10,5.9,33379.41
1167.4,Air,373.6,25,5.0,60033.98
3274.5,Rail,6359.5,24,4.0,44195.77
3253.9,Road,3939.9,11,2.0,60829.05
1066.5,Rail,3469.6,29,8.0,26670.26
2337.6,Road,5730.9,29,3.5,58931.23
125.5,Road,1134.5,25,8.9,15929.89
2590.2,Road,7303.7,26,4.7,64796.26
4161.9,Sea,8233.4,28,1.6,37035.31
798.9,Road,397.8,25,1.6,24331.39
70.2,Rail,1554.5,21,8.6,12603.66
3512.9,Air,1173.3,12,5.3,147679.56
4248.8,Rail,9391.3,26,4.6,56184.09
1244.6,Multimodal,6917.6,26,6.2,38918.27
3997.9,Road,2878.4,15,1.5,71477.46
2052.2,Air,981.9,1,8.3,89151.0
3562.7,Multimodal,6673.3,28,5.0,66459.6
1360.7,Rail,894.2,27,6.7,25703.2
4181.8,Road,9218.7,16,7.1,89452.23
329.2,Road,2656.5,19,7.4,19040.19
3951.6,Road,2667.9,26,4.7,77162.69
1511.6,Rail,4597.3,23,4.8,28093.73
24.9,Road,9442.7,12,4.3,23379.86
1341.6,Sea,3905.9,26,8.6,23898.09
3651.4,Rail,3449.1,27,4.8,46436.94
435.9,Road,5850.2,2,7.9,18829.41
2990.5,Sea,9772.1,27,8.4,35236.81
3844.3,Sea,2453.3,26,1.3,32388.89
1394.0,Rail,8679.2,5,1.8,22152.93
1975.4,Road,4963.1,23,4.4,49778.28
60.0,Rail,7881.8,18,2.4,16914.72
981.5,Rail,3691.2,21,5.0,22141.31
896.1,Road,4512.0,3,4.0,23541.57
3763.9,Multimodal,3896.1,28,1.0,62432.29
4015.2,Sea,5133.6,12,3.0,28808.33
2424.2,Road,1615.1,7,4.0,43313.35
2621.7,Rail,8282.1,23,5.6,40897.65
304.9,Air,3900.2,15,9.9,67108.36
2500.9,Road,3309.7,17,7.1,53158.36
1157.1,Road,8384.7,6,7.8,36469.31
1721.3,Multimodal,2168.1,23,7.1,36396.91
2110.9,Road,7277.4,11,3.5,50442.33
2629.8,Rail,3411.7,15,1.8,31379.02
2313.7,Rail,5717.3,6,8.4,29310.58
562.5,Multimodal,5171.0,19,3.3,24720.49
2199.6,Road,5802.1,8,4.4,48016.27
1251.4,Multimodal,5833.6,23,5.6,35826.32
3940.0,Road,6882.0,13,8.5,81066.37
732.4,Road,4683.8,15,8.7,27394.68
2941.8,Road,4925.1,16,2.7,60511.17
3609.2,Road,7587.7,15,2.8,74808.12
372.0,Multimodal,2098.1,17,1.4,16830.2
2507.8,Multimodal,7791.3,20,5.3,52342.73
1066.5,Road,94.1,12,2.4,21928.15
836.5,Rail,5776.4,11,7.0,18461.48
1076.5,Road,4361.7,23,4.4,35120.28
1516.4,Road,6329.7,10,2.7,39033.77
3769.4,Sea,4893.8,5,1.2,23500.03
1401.8,Air,7900.7,10,2.4,151397.65
4438.7,Rail,1987.9,2,4.0,39831.59
43.8,Road,2709.1,11,6.8,11136.62
3698.5,Sea,5782.9,26,7.0,36082.9
689.1,Air,2366.0,25,3.9,66655.66
3469.0,Rail,9449.5,9,5.8,42783.08
2852.8,Road,8601.5,29,3.1,71923.14
2665.6,Road,7604.9,17,2.9,61703.53
953.3,Rail,7522.8,17,8.5,23949.23
3177.7,Air,6469.2,23,4.3,203761.86
2239.1,Air,7348.5,15,6.6,177980.4
4151.0,Sea,345.5,22,7.1,34477.39
976.0,Road,5812.0,6,5.3,28724.77
3898.4,Road,2632.0,22,8.4,76744.76
3343.9,Sea,985.5,7,6.6,23672.96
430.9,Rail,9718.5,27,4.3,25674.34
2391.4,Air,9459.5,14,1.8,206678.18
3142.8,Sea,9060.5,24,1.3,31116.61
367.7,Multimodal,6473.4,5,8.3,18442.41
1653.7,Road,36.6,18,2.8,33385.06
3416.3,Air,2981.7,16,3.5,166901.39
1992.6,Multimodal,187.6,29,8.2,39765.8
948.9,Air,3305.7,12,4.0,81390.31
705.8,Road,2973.9,25,7.7,28313.87
3726.4,Multimodal,5725.0,17,7.0,63069.12
305.4,Sea,1433.0,12,4.2,10866.27
551.3,Road,3242.2,23,8.6,25373.52
3765.7,Rail,8983.7,27,8.6,54546.87
3022.6,Road,2319.7,13,6.2,57226.51
1063.7,Road,4938.9,29,2.0,38231.86
751.5,Road,1195.8,28,1.7,26519.4
508.8,Sea,7528.3,28,7.2,21730.76
222.5,Rail,814.6,18,8.2,12004.55
954.0,Multimodal,1688.5,24,5.9,26644.51
3455.4,Rail,9861.2,27,2.1,49192.05
2768.2,Sea,2974.1,7,1.7,19587.65
3236.2,Sea,115.0,5,5.5,21464.17
4382.1,Road,2385.5,4,7.2,74950.37
1922.1,Sea,4312.8,16,2.6,20874.27
4165.2,Road,4711.1,3,7.8,75807.41
350.8,Road,4077.8,10,7.7,17995.1
3548.2,Rail,1364.0,23,7.8,43513.99
2799.6,Rail,1876.7,18,1.8,32726.29
2878.1,Multimodal,6673.8,8,1.5,47876.89
13.3,Road,9730.4,11,8.5,23257.0
919.2,Road,7494.5,3,3.8,29323.46
4292.3,Sea,7706.8,4,6.7,29808.93
2932.0,Road,4378.3,28,4.2,65507.46
4117.9,Sea,3590.6,21,1.0,31450.19
642.0,Road,8013.0,22,1.2,34310.08
2448.5,Road,6938.6,1,8.9,52328.81
1145.9,Air,4488.7,20,4.3,106210.01
4357.8,Rail,7581.3,18,8.3,54140.02
3449.1,Multimodal,725.2,10,6.1,48692.55
4346.6,Road,664.2,18,3.4,75171.65
153.0,Road,7096.7,6,2.3,18437.59
1016.7,Sea,9805.7,15,9.4,19708.08
4119.4,Road,1604.7,3,4.2,67166.15
718.9,Sea,9495.2,10,5.5,15329.0
3028.2,Rail,9707.4,27,7.9,48402.41
4161.0,Multimodal,978.4,5,3.3,53624.98
58.7,Road,4552.9,14,8.9,16029.56
2410.5,Air,4357.1,23,3.7,150900.59
2736.9,Sea,2152.9,5,1.3,18058.05
3487.3,Road,4413.5,5,1.3,62031.94
3489.8,Sea,8366.6,13,9.3,31453.93
2477.9,Rail,9163.8,10,2.5,33387.45
3987.2,Multimodal,3327.5,12,2.1,57534.3
1191.1,Rail,2222.2,21,7.5,22952.8
1860.5,Rail,5225.5,16,6.0,28825.4
2987.5,Sea,2958.3,6,6.8,22395.48
3625.8,Rail,5363.4,8,1.9,37926.07
1520.0,Rail,6247.4,28,8.8,32855.4
1557.7,Rail,7958.3,6,6.1,24083.99
2095.5,Sea,6530.6,29,5.4,29231.85
1299.5,Road,5343.3,11,4.9,34971.44
1517.2,Road,6743.2,7,1.8,38299.04
2831.7,Air,2249.0,23,6.1,141497.43
991.5,Multimodal,9337.7,26,5.2,39470.12
2320.1,Sea,6489.2,8,1.0,19289.02
4338.2,Road,8462.1,29,9.9,98196.07
4116.6,Rail,2179.9,20,9.8,49055.2
1749.6,Road,6822.5,9,5.9,43814.04
1186.6,Rail,250.0,11,3.8,15943.32
4459.9,Road,1477.5,20,8.3,82485.2
980.8,Road,1365.2,13,9.4,24599.04
3686.9,Road,8860.9,13,9.5,81124.49
4300.6,Air,4645.9,4,1.9,211830.48
4495.2,Road,6798.7,24,2.2,90332.95
1953.3,Road,9747.9,5,6.3,50576.41
1910.2,Road,8748.3,29,3.5,58072.47
3024.6,Rail,6106.3,15,5.8,38636.11
1790.6,Road,2579.3,22,9.4,43662.49
1063.1,Rail,1577.3,20,2.7,19994.06
1372.9,Sea,6823.4,14,2.4,18535.74
386.2,Rail,3404.7,15,6.6,14229.16
1053.3,Sea,4254.5,4,2.2,11577.19
836.5,Rail,6762.1,26,3.6,25861.71
2082.8,Road,8035.8,1,6.5,47734.48
4404.6,Rail,5577.2,4,9.3,47253.67
3055.5,Road,8575.6,28,8.6,76956.47
857.2,Rail,8423.8,2,4.1,16690.52
4087.0,Multimodal,5533.4,21,5.6,68184.22
711.1,Road,839.2,17,1.3,20250.59
2368.9,Sea,6876.5,11,1.7,21292.69
2876.2,Rail,3779.3,12,9.2,35555.67
1631.5,Air,7799.0,23,6.2,164966.95
3588.7,Air,747.5,25,10.0,153674.36
609.5,Sea,4561.7,19,7.1,16957.89
2370.8,Road,4174.7,17,5.6,52159.58
1525.7,Multimodal,1885.1,18,2.2,30200.57
53.6,Sea,5526.3,27,6.4,18131.95
2115.1,Multimodal,5298.4,8,5.8,38698.5
1802.4,Multimodal,4788.1,11,7.4,35994.99
814.3,Road,3311.3,1,9.5,19926.53
1713.1,Road,9178.0,20,6.1,52479.6
759.3,Rail,7868.1,11,7.4,19690.9
1987.4,Road,8450.3,4,8.3,48908.31
1906.3,Rail,2831.1,26,6.8,31653.81
2764.5,Rail,9593.0,2,5.4,33725.68
1245.4,Rail,3266.9,8,1.5,17249.77
896.3,Road,1041.2,3,4.1,17370.18
3216.9,Air,8199.1,12,7.6,222507.37
3537.6,Rail,384.6,8,5.5,34551.81
235.7,Sea,9716.5,18,5.9,16704.3
2353.6,Road,1155.9,10,8.4,44265.46
2162.7,Sea,1402.1,25,2.5,24823.8
1974.1,Road,264.8,8,8.2,35755.41
107.4,Sea,1117.2,23,6.6,14833.14
2444.1,Air,2330.2,14,3.5,123622.39
2875.0,Sea,7947.3,1,1.9,19495.07
3694.6,Rail,122.3,3,3.9,32620.88
3495.5,Sea,8545.3,17,5.7,31430.73
974.8,Sea,3034.4,27,3.7,21321.77
4195.9,Rail,8896.2,15,1.9,48689.17
367.5,Sea,4178.0,5,10.0,9376.22
2480.2,Rail,7060.7,7,2.2,30192.98
1005.7,Rail,1470.8,22,5.6,20776.58
3070.5,Road,5436.9,14,9.1,65471.55
3661.0,Multimodal,3293.0,9,4.0,53480.54
3662.3,Rail,2622.0,21,9.4,45652.13
1205.7,Road,6782.0,17,1.8,38342.9
1841.4,Road,9047.1,17,1.2,51550.49
1630.5,Road,6347.4,24,7.6,48386.77
414.8,Road,8841.0,8,1.9,26204.49
3598.2,Multimodal,3761.9,16,8.4,58979.0
1563.1,Rail,6650.9,11,2.3,24440.73
1891.7,Road,998.7,5,6.7,33962.56
3060.5,Sea,9508.6,1,5.6,22601.72
2824.0,Rail,7106.5,28,9.8,45494.13
3765.9,Road,5316.0,20,2.6,75234.1
1984.8,Rail,8671.1,7,8.9,29762.88
4000.4,Road,7129.6,17,7.0,83304.73
4447.8,Road,4460.6,25,9.6,90736.44
1590.3,Rail,5695.4,14,7.9,26431.63
741.2,Rail,5599.9,16,6.8,19796.6
758.9,Rail,6621.1,15,7.2,20393.11
1744.0,Road,7630.3,9,2.2,44222.0
1863.2,Sea,3852.7,21,9.3,24472.37
4330.1,Multimodal,7664.8,11,8.4,71548.85
3854.4,Multimodal,2810.8,21,4.7,60779.35
4385.4,Multimodal,3801.7,4,7.9,63070.66
2595.4,Rail,3735.6,11,5.6,31151.23
169.9,Road,822.3,17,2.4,12315.69
1520.3,Sea,1942.7,19,5.8,20268.49
3872.9,Rail,9819.8,22,8.7,54039.63
2420.5,Multimodal,5053.9,23,2.3,47414.36
2793.2,Road,2216.2,23,5.2,57661.1
2777.8,Multimodal,3842.3,6,3.9,42670.09
4382.1,Road,4467.1,19,8.5,86361.61
2407.0,Road,4717.3,28,9.1,59844.34
3152.1,Sea,4387.1,2,7.8,22517.6
442.0,Rail,7887.8,9,7.9,16241.25
2012.0,Road,3594.1,29,9.5,52214.6
4009.5,Road,5929.7,13,8.6,80473.83
3243.0,Road,4541.5,19,5.3,66969.05
2126.1,Multimodal,4641.4,16,8.2,42099.53
3309.1,Rail,9419.7,16,2.1,42743.63
567.1,Air,3265.9,12,1.8,67202.77
3622.7,Road,1321.6,15,5.7,65316.63
3625.0,Road,3809.9,6,6.1,66018.53
3512.3,Rail,1323.4,21,8.5,42676.61
2468.7,Sea,8203.9,28,8.3,32354.0
169.7,Air,2349.7,23,7.3,47189.14
3647.6,Road,5629.8,27,1.7,76760.25
234.1,Road,1965.1,17,5.9,15424.05
4339.1,Road,567.5,8,1.7,69188.33
2895.3,Road,3228.4,22,2.6,59437.25
77.2,Rail,9922.4,3,1.5,12057.73
483.5,Sea,9747.5,4,6.6,11628.06
2846.5,Road,4736.8,7,5.2,55857.13
4490.1,Air,3818.6,20,8.0,219809.38
407.7,Rail,9753.6,12,6.7,18889.38
309.7,Rail,4336.2,12,3.0,12940.76
3046.5,Air,177.3,29,4.2,126197.58
2796.9,Road,9564.1,24,1.6,69729.52
3909.1,Rail,8440.6,23,1.2,49135.8
3881.9,Rail,6885.8,22,3.4,48381.22
2844.5,Road,8659.6,18,3.6,67022.2
1353.0,Road,1473.2,11,9.2,29678.2
3111.2,Rail,2297.8,10,1.2,31619.54
833.3,Rail,828.5,19,4.7,17397.91
465.2,Rail,9248.1,1,7.7,14038.03
3125.9,Road,3310.5,3,3.4,54820.91
1912.3,Road,9292.2,7,8.6,50710.79
3388.7,Rail,4827.8,28,4.3,45833.78
356.5,Road,7231.8,26,1.2,30443.85
4462.7,Sea,7527.7,17,7.8,37200.88
2317.3,Air,3050.5,16,6.2,129626.28
4016.0,Road,4557.3,8,4.5,73270.52
2167.1,Road,9010.7,7,5.3,53131.86
1110.0,Road,7846.0,3,7.4,33395.48
1451.4,Road,5667.3,21,8.8,43171.43
4040.9,Rail,4102.3,23,5.3,48729.49
3154.5,Road,9769.4,19,2.0,73482.72
865.7,Sea,421.2,23,1.4,17728.13
1582.6,Rail,7680.0,6,6.8,24308.3
152.6,Road,5855.7,29,6.2,26628.0
2888.9,Road,9248.4,18,5.9,69821.07
1679.8,Road,7433.5,28,1.8,51402.32
250.9,Air,1461.4,16,5.9,36219.23
3711.5,Air,7881.9,28,4.8,242272.9
1948.0,Rail,3265.6,18,5.9,28658.69
3364.3,Road,3417.0,7,4.1,60802.36
2704.7,Rail,4888.4,16,6.1,35620.97
2118.7,Rail,6351.1,9,6.2,28816.21
475.0,Rail,130.7,26,8.3,17171.13
2834.4,Road,9560.5,20,7.7,71125.8
2507.2,Rail,6329.1,4,6.4,29930.14
4447.1,Air,4125.4,21,4.0,219728.56
2624.3,Road,6561.0,2,7.0,54180.91
2442.9,Sea,6814.8,29,2.7,30030.77
4234.3,Multimodal,205.6,8,2.2,53805.76
2160.2,Rail,1044.4,24,5.1,30767.91
895.9,Rail,5593.8,21,4.5,23075.13
1771.5,Road,4077.0,11,1.6,39106.02
1312.2,Road,4716.6,4,8.6,31629.75
2285.5,Rail,2126.0,18,3.0,29335.18
3973.4,Rail,9369.6,22,1.5,50264.46
41.5,Road,3509.1,18,3.5,15629.19
2381.8,Road,599.1,6,3.9,40299.59
2566.9,Rail,6395.4,8,6.6,32340.93
1270.9,Rail,5821.3,13,7.5,23192.46
2429.1,Road,5823.0,10,4.7,52463.8
4026.1,Road,736.1,13,6.5,70145.58
3888.0,Road,7709.7,14,5.5,80321.99
897.6,Rail,3345.0,19,2.4,19777.67
2352.2,Road,9528.9,5,4.7,55754.54
3293.2,Road,6224.7,6,9.7,67018.95
4283.3,Road,6752.5,3,5.4,79708.85
3379.8,Road,5843.1,12,7.4,69149.45
2976.5,Sea,4526.8,19,5.9,28397.83
1103.3,Road,3398.9,17,8.9,31746.97
2283.7,Sea,1597.1,7,3.4,17531.51
1790.2,Air,6182.3,18,1.5,147982.25
1819.9,Road,9958.9,5,2.6,47891.13
1138.2,Rail,4113.8,29,4.5,27169.72
1506.4,Road,2466.5,21,6.2,37727.36
3350.1,Rail,7981.1,3,1.4,35637.77
1795.0,Road,9351.3,9,2.3,48239.29
288.6,Rail,9857.4,20,1.2,21344.99
228.2,Road,8549.7,6,3.3,22067.16
915.0,Road,5096.3,22,8.3,34053.5
1013.0,Road,8532.5,4,7.9,33680.32
4237.3,Sea,746.0,8,1.2,25133.59
2612.0,Road,8087.2,20,2.0,62862.27
3598.9,Multimodal,956.9,4,1.6,45785.15
440.7,Road,6088.3,29,6.5,31503.59
553.4,Road,3356.1,20,5.1,24027.93
334.6,Sea,5609.8,28,5.6,19834.51
2849.0,Road,3061.7,26,8.6,62729.81
2606.8,Road,580.2,9,9.6,47221.75
1734.7,Rail,7934.6,28,5.2,35370.5
352.4,Sea,1223.9,22,3.9,15515.08
1957.9,Sea,6172.3,22,4.5,24950.95
1757.6,Air,3029.1,17,6.9,109963.54
451.6,Road,6308.0,3,6.2,20241.37
1587.8,Road,4270.7,10,9.6,38147.46
3769.1,Sea,8755.8,9,1.6,27139.96
4031.1,Road,7274.2,28,6.9,88881.17
1127.3,Road,2488.6,13,5.9,28289.78
1285.1,Sea,9644.7,26,6.3,25471.07
1287.7,Rail,2555.3,20,5.9,23328.54
2820.4,Air,1582.8,19,5.4,131055.72
1687.0,Rail,9752.6,6,5.5,26706.47
3016.1,Road,835.8,8,3.3,50908.66
36.3,Road,3585.3,26,1.0,19332.44
2776.6,Road,6329.9,3,5.3,55770.47
1735.8,Road,9536.6,14,3.6,50171.79
2825.1,Rail,2904.9,17,7.4,35725.75
4121.9,Sea,6572.4,26,2.0,35501.96
4331.0,Road,252.4,4,6.9,70096.39
2481.1,Sea,7151.5,17,6.2,26239.75
799.6,Multimodal,9160.7,22,6.6,35198.12
4168.9,Road,1629.3,28,1.2,77315.85
2164.4,Road,7789.6,20,3.9,56352.76
1628.5,Road,5009.4,20,8.3,44207.83
646.8,Road,5994.2,23,3.4,31434.45
4112.1,Rail,7059.3,14,7.7,49430.12
4345.4,Air,7051.3,11,9.9,250648.14
4336.2,Road,4762.9,7,8.6,80836.32
2089.8,Road,4596.6,21,3.2,49712.96
3834.6,Road,2921.0,22,3.8,73517.91
3163.3,Sea,1638.0,12,7.4,25705.92
2109.5,Sea,8524.1,28,7.5,30291.28
3734.3,Rail,8265.4,3,9.7,43471.12
2117.0,Sea,8584.3,25,5.7,28409.84
3541.7,Rail,9753.6,4,7.0,42051.91
4291.8,Road,3586.4,8,4.6,75891.91
2983.2,Road,4453.3,15,9.2,62713.84
4207.6,Rail,9187.8,17,1.8,49894.16
2405.7,Sea,1917.3,15,2.8,21653.58
1029.3,Air,6021.4,19,8.0,120514.85
2542.4,Road,6875.1,7,8.7,56236.54
2461.6,Air,7503.0,3,5.3,182025.06
1185.7,Road,8404.5,26,9.1,46209.4
3088.3,Rail,2637.0,2,7.7,31272.68
703.1,Road,5995.7,13,1.8,27678.06
2191.2,Sea,9366.1,26,7.5,30198.35
1113.7,Rail,9001.9,10,9.0,23708.79
4409.9,Road,5924.8,25,6.3,90680.17
908.9,Road,2726.2,23,5.8,29787.0
4270.8,Road,5289.5,26,8.0,88858.07
4182.3,Road,3559.4,13,2.3,75077.79
1606.1,Sea,6824.8,26,5.2,25702.01
90.1,Rail,5815.4,5,4.6,9447.11
3287.5,Road,1523.7,14,6.7,60692.19
712.5,Rail,4007.1,5,5.4,12974.04
2873.9,Rail,9512.1,16,1.3,39120.17
900.0,Road,7909.5,28,2.5,40892.35
102.9,Road,4169.3,8,9.4,13314.84
163.3,Air,8643.7,13,6.8,117966.54
2883.2,Sea,4815.5,9,3.1,22335.08
3730.1,Road,4901.3,28,1.0,76584.87
3913.9,Road,8169.5,23,5.7,85815.01
2788.4,Road,7323.1,19,6.7,65507.07
1525.4,Road,131.0,9,1.7,27369.47
2576.5,Multimodal,3924.7,25,8.2,50700.51
3015.9,Rail,76.9,5,1.9,26948.6
2788.3,Road,5503.4,22,6.4,63484.59
1069.5,Sea,4439.8,21,9.3,20485.57
2751.7,Rail,2511.5,11,4.2,30709.29
1867.1,Air,9868.1,6,2.8,189825.63
2039.1,Rail,1305.0,6,1.6,20875.46
3127.1,Air,8881.2,1,1.6,219749.36
2956.3,Air,9380.0,4,7.2,223551.83
903.9,Road,8850.4,8,7.0,34179.31
10.7,Sea,4527.5,17,3.9,12954.5
3847.9,Road,9724.8,23,9.6,89801.63
3149.0,Road,131.1,23,9.9,61508.19
4015.8,Road,2999.7,3,5.2,68647.93
1215.8,Air,1421.8,25,5.9,74413.97
4440.2,Rail,1555.1,10,1.2,41245.85
1950.7,Road,7436.4,1,5.2,44276.73
4124.1,Road,2707.1,29,2.0,79586.98
2892.6,Road,3945.0,4,3.0,52752.23
1245.6,Road,6035.4,24,6.0,41539.47
1508.6,Road,7846.1,1,9.1,39130.11
2853.7,Road,2888.9,9,2.1,52110.18
3059.7,Road,8300.6,29,9.7,77419.75
2480.2,Road,5362.0,6,3.3,50110.45
4266.3,Rail,7080.1,6,1.1,42963.66
2944.6,Rail,6937.6,11,7.1,37576.44
747.2,Road,8943.7,19,9.7,37119.81
245.3,Road,8214.9,15,9.9,26127.6
3724.3,Rail,8746.7,2,2.4,39188.02
1317.6,Rail,6738.5,29,3.4,30885.15
4395.8,Rail,1223.9,3,4.1,39284.82
3300.1,Air,1566.6,3,2.4,139328.75
1329.0,Road,8230.3,13,5.3,41623.35
4282.7,Road,6274.0,29,4.2,89791.57
277.1,Rail,319.7,5,9.9,6230.17
2253.0,Road,1604.8,2,4.3,38498.07
738.5,Road,8775.4,16,6.2,35037.35
4158.6,Road,5643.0,17,6.3,82666.26
151.9,Rail,1144.6,16,5.6,10660.85
3303.4,Rail,564.7,20,8.2,39532.43
3881.1,Road,9994.3,9,5.6,82153.57
1252.8,Rail,2961.8,22,6.4,24305.52
3282.6,Road,6604.3,6,1.7,63636.98
397.9,Rail,3293.8,16,4.1,14574.68
721.7,Rail,7623.6,24,4.3,24764.03
4316.1,Road,9089.9,29,2.4,94096.98
1020.5,Road,4748.9,4,9.8,27232.78
1315.5,Rail,9065.6,5,6.2,22719.61
4020.4,Road,2964.5,3,1.3,66445.97
1320.3,Multimodal,6799.4,3,4.4,28954.05
2325.2,Sea,1626.9,24,7.2,26670.35
1340.7,Rail,2545.9,5,6.7,17059.02
3214.4,Sea,8193.8,17,2.6,28571.8
4372.3,Road,9364.9,7,4.8,87164.89
526.9,Road,7220.4,14,4.7,27884.5
3605.9,Rail,1571.3,19,6.9,41950.59
2570.2,Multimodal,254.5,15,5.6,39424.09
2440.9,Rail,841.4,28,9.0,36164.93
2791.7,Road,3283.0,24,7.3,60839.88
3698.9,Air,3333.2,8,8.2,180155.95
3187.3,Rail,439.0,20,7.0,37836.42
2269.3,Rail,9864.8,5,2.3,30030.67
135.2,Rail,5516.0,21,3.3,16670.8
1811.0,Sea,518.2,1,2.9,12153.51
4043.9,Multimodal,6760.3,19,4.5,67961.5
2600.1,Road,8666.5,18,1.9,62750.69
1724.8,Rail,2578.5,22,3.8,27352.71
304.1,Air,7999.7,11,8.9,114521.26
4357.2,Air,8862.9,19,7.0,274468.47
1044.2,Sea,1380.3,3,6.6,10573.81
2996.6,Rail,4144.4,13,4.0,35112.73
2670.9,Multimodal,932.2,21,1.6,42829.01
752.7,Road,224.2,3,5.1,13827.48
947.1,Road,7645.0,13,8.1,35154.88
4231.2,Road,827.6,17,1.6,72046.33
4484.1,Road,5503.1,7,6.9,83367.52
1654.2,Rail,4881.9,12,6.8,25146.81
2254.0,Road,4859.7,24,1.8,53334.62
2340.5,Multimodal,8932.2,20,4.0,51533.77
572.3,Road,5854.9,20,2.0,28528.54
4381.9,Sea,9572.6,9,2.2,30311.64
1379.1,Sea,7375.5,27,9.5,26098.61
1978.2,Road,4787.4,10,6.9,44399.25
3967.0,Rail,1272.3,29,8.0,49808.13
3163.4,Sea,5879.4,10,4.3,25094.38
1334.9,Air,6921.7,27,3.7,145235.45
290.7,Rail,9519.1,9,9.4,16332.01
613.5,Air,3015.4,11,8.0,65873.26
1761.1,Rail,9980.6,11,3.4,29175.5
1999.7,Road,629.0,5,5.0,34507.83
2163.7,Rail,2151.7,17,7.0,29260.82
301.3,Rail,9738.0,4,5.2,14299.97
183.3,Rail,4139.4,14,2.2,12634.1
2807.3,Road,9866.6,12,9.7,68545.92
733.3,Rail,9889.1,2,3.0,16794.3
2952.9,Sea,2987.8,13,1.7,23161.24
680.3,Multimodal,4742.9,9,8.9,21461.7
2473.0,Rail,2089.6,25,4.2,34358.59
1237.3,Sea,8245.6,4,9.5,15301.5
910.5,Sea,1398.6,22,2.9,18040.2
997.8,Rail,1657.3,12,2.0,15899.95
1927.5,Road,8058.3,1,9.5,46260.8
2434.1,Sea,7798.2,21,2.5,26613.71
3712.7,Multimodal,7918.8,24,2.4,66797.99
3273.6,Rail,2086.6,2,5.3,31119.99
957.4,Sea,7152.8,16,5.7,18197.07
1959.1,Road,3979.0,6,6.4,40756.16
147.7,Rail,6543.1,25,1.6,19419.6
2567.6,Road,2035.0,17,2.9,50171.59
3169.2,Sea,9183.2,22,6.9,33006.38
3342.4,Road,5935.8,15,1.6,67294.77
563.3,Road,7587.3,12,2.5,28061.15
2252.5,Road,4381.3,7,6.2,46452.41
3973.0,Rail,8518.4,23,8.2,53953.29
838.1,Road,3859.9,1,5.6,20831.32
330.2,Road,2932.0,25,2.2,22032.93
1172.3,Rail,9824.0,29,4.1,32578.51
472.9,Rail,4894.3,1,8.3,10273.76
269.7,Road,3516.2,17,5.2,18745.37
1015.0,Road,5611.7,13,6.6,32281.61
1658.3,Rail,8241.3,23,1.5,31788.52
3347.8,Air,5169.6,4,1.4,184209.27
337.4,Rail,5224.5,24,3.2,19374.5
4384.8,Rail,5253.5,6,8.9,47338.98
58.3,Rail,4895.0,14,1.0,12345.87
3630.8,Road,6982.2,5,1.0,68632.0
27.8,Sea,8341.9,13,9.9,12827.41
1136.8,Road,6220.9,8,1.3,32092.71
4198.4,Road,3213.8,16,4.2,77109.26
1955.6,Road,8057.6,6,1.8,46641.58
1539.0,Sea,1039.3,18,5.8,19473.39
2957.8,Road,3815.8,20,8.2,63053.29
3453.8,Rail,8252.3,4,7.3,40219.0
4133.2,Road,7170.9,22,3.3,85401.03
4104.0,Sea,9682.1,15,5.7,33979.8
3144.5,Road,3817.0,17,8.9,64946.14
208.3,Road,6378.0,22,3.2,25052.71
1397.4,Sea,7935.5,8,2.3,16361.49
1362.1,Road,5092.5,2,9.5,32297.28
1449.4,Rail,2965.1,5,5.5,18093.55
483.1,Road,1181.8,10,4.7,14641.55
189.4,Sea,2228.5,14,2.6,11547.12
1047.6,Rail,561.3,14,6.0,16830.62
2628.3,Air,2675.5,15,4.4,135065.88
18.6,Sea,1198.1,24,5.7,14847.64
3994.8,Road,344.0,8,7.4,67170.79
4146.1,Road,3737.3,3,7.2,73231.49
2764.4,Rail,4806.5,3,8.7,31257.18
235.9,Road,5878.5,5,8.8,17099.4
4408.6,Road,8205.5,27,8.0,96733.11
2787.1,Road,584.1,22,2.5,53031.69
2389.9,Rail,1082.7,13,4.9,27704.36
2149.0,Rail,4030.7,21,2.5,31230.73
594.8,Rail,6054.2,21,3.9,20984.72
3590.1,Air,2130.9,24,1.3,165272.87
2232.7,Air,2110.5,4,6.5,110041.03
94.6,Road,331.7,28,1.2,15107.07
691.0,Rail,5809.1,23,6.4,22615.54
1291.9,Rail,5632.7,29,6.4,30253.35
4115.6,Sea,5114.0,24,8.2,37891.36
2070.8,Sea,9367.8,28,2.5,28876.19
4233.4,Road,4815.3,28,6.8,87601.96
1240.5,Road,8042.1,20,2.5,42594.96
4428.8,Road,3745.3,15,7.8,83462.26
4298.5,Road,7650.3,6,1.5,80394.75
3204.5,Road,8226.4,2,8.1,66642.52
3406.4,Road,424.8,19,7.0,62849.17
114.1,Rail,1210.5,17,5.9,10798.62
1038.7,Sea,8845.6,24,2.9,22484.73
881.2,Road,4815.9,22,9.0,33114.72
4317.5,Road,7479.8,24,7.1,92101.83
1842.4,Rail,6146.7,26,2.7,33023.69
2709.6,Sea,5870.5,10,2.9,22386.02
1217.4,Sea,1188.1,5,5.1,12050.02
1149.4,Road,246.9,6,7.5,21775.6
1888.3,Road,6025.3,17,6.7,48410.25
1433.0,Rail,9828.1,29,6.9,35427.26
3382.9,Road,6305.6,2,3.7,63775.36
2801.8,Road,7365.7,29,3.9,69194.89
3123.6,Road,585.7,13,6.8,56014.34
2431.5,Multimodal,9055.0,23,4.8,54489.0
4063.2,Road,6439.0,4,8.3,77980.39
295.2,Road,7293.2,18,3.5,26257.42
3375.3,Sea,8699.0,26,9.0,36638.25
1084.0,Air,6644.7,20,8.2,130447.04
2806.0,Sea,1330.6,28,7.3,30986.25
4166.2,Rail,5696.5,2,9.6,44462.69
1402.0,Air,1773.4,5,9.9,77245.23
4338.0,Rail,8140.9,18,3.6,51518.24
797.2,Road,3658.3,7,6.3,22645.3
4298.8,Multimodal,1039.3,14,9.7,63358.5
191.8,Rail,4704.3,20,7.7,16059.19
1481.6,Road,4892.0,22,8.8,42782.82
3144.6,Road,9425.9,25,9.2,78707.05
3800.3,Rail,889.8,4,9.3,37660.44
756.2,Sea,2466.1,3,8.5,9816.36
4204.7,Multimodal,8174.0,11,2.7,67131.72
709.0,Road,2650.8,8,8.0,20090.48
3908.5,Sea,9262.0,18,5.1,33921.33
3982.1,Road,3482.2,3,8.4,70968.82
3321.4,Rail,8320.8,27,6.8,49124.41
4009.7,Road,6572.4,25,5.0,84864.43
378.8,Rail,2684.5,29,7.2,19878.33
4165.4,Rail,5116.7,21,5.9,50195.21
2089.4,Air,3807.3,5,2.1,124226.38
1333.1,Rail,9117.0,2,8.2,21941.29
32.5,Sea,9445.9,22,6.7,17373.88
2569.0,Air,9972.2,25,5.2,225305.95
285.6,Road,8775.0,24,3.1,31543.76
60.2,Road,9237.5,7,6.0,21258.49
1881.8,Road,6376.7,18,7.0,49439.15
278.3,Road,4828.9,17,8.4,21332.33
3810.0,Road,6120.8,21,6.3,79922.44
211.1,Road,8447.5,17,2.3,26567.5
2532.3,Road,7516.1,27,9.9,66832.06
2379.7,Road,826.6,5,5.0,40671.36
2529.5,Road,5475.9,4,4.8,50814.65
599.1,Road,4006.8,1,8.5,17727.67
3970.1,Sea,2776.6,11,3.1,27229.56
2937.4,Multimodal,3603.5,16,5.4,49295.46
3522.4,Road,3473.3,28,1.6,71408.1
3815.2,Sea,1755.3,4,9.6,26744.11
4026.3,Road,5140.9,29,9.0,86728.21
3253.2,Sea,9794.5,15,6.4,30312.06
3270.3,Road,2809.2,11,5.4,60643.47
676.1,Road,2091.0,4,6.2,16565.34
766.5,Rail,6589.7,4,8.2,15566.07
3391.8,Multimodal,2471.4,20,6.8,55430.52
993.2,Road,7182.0,13,1.9,34016.78
2490.3,Road,6217.0,17,4.5,57248.02
1225.6,Rail,9225.1,29,9.5,33491.35
1153.2,Air,2413.6,6,9.5,76156.96
2031.4,Sea,8575.0,5,3.9,18483.59
747.6,Air,7122.1,2,6.4,115734.46
3807.8,Road,4413.7,6,3.7,68588.5
670.2,Road,2944.2,15,4.5,22830.84
3504.5,Sea,2418.7,9,7.6,26547.82
2113.2,Road,4420.6,2,1.8,40650.13
933.6,Rail,3432.9,25,9.3,23869.51
1544.5,Road,6088.4,29,1.2,47302.63
1922.2,Road,4042.5,12,5.6,42726.24
1257.6,Multimodal,2303.4,14,8.0,27029.96
3644.8,Sea,7985.7,18,3.3,31240.22
1593.1,Road,4427.7,20,7.5,42420.18
2210.6,Rail,5171.0,21,2.0,32574.78
134.0,Rail,6782.9,9,7.8,12474.83
1017.4,Rail,2310.2,8,3.7,15085.12
371.7,Multimodal,3433.1,22,8.5,21600.06
4089.2,Rail,2201.7,25,6.7,49254.06
3876.6,Rail,6475.2,22,1.7,46940.96
1267.2,Road,8568.9,11,4.0,40058.39
2197.9,Road,4069.6,17,5.8,49337.86
1464.6,Rail,1842.2,8,6.5,18867.96
3496.4,Air,7566.1,25,5.2,229626.8
1048.6,Multimodal,9976.2,5,7.2,31950.75
3655.5,Sea,2020.5,9,3.6,24968.79
813.6,Sea,2314.4,23,8.1,18970.75
1315.6,Road,7825.6,16,6.6,42232.52
3999.3,Air,3632.2,13,2.9,193619.26
1290.3,Multimodal,7492.2,11,7.7,33828.98
4099.1,Road,3319.8,19,9.2,80137.67
613.6,Rail,7455.8,17,4.8,20690.21
2844.7,Road,7199.5,10,4.8,61393.01
1257.4,Sea,8091.9,18,1.3,20104.21
1447.0,Road,8059.8,28,3.5,49464.52
3751.9,Sea,727.0,16,2.8,27560.67
2579.8,Sea,6739.8,8,6.1,22489.89
987.6,Road,4359.0,20,7.1,32811.04
4254.8,Road,7485.8,23,8.1,91310.19
1825.0,Road,9402.6,3,6.3,47141.1
3958.0,Sea,4302.1,13,7.3,31360.56
4103.9,Road,2048.9,28,8.4,81574.84
1885.5,Air,6084.9,22,2.8,152220.08
1864.2,Rail,1349.6,12,7.4,23923.56
2489.8,Road,1728.5,14,3.1,47350.17
2867.9,Road,9524.9,7,2.1,63369.09
250.1,Road,1414.8,7,1.1,9954.76
309.2,Road,6057.1,4,5.4,18008.99
1131.2,Road,7903.9,15,7.9,39312.16
1946.4,Sea,4892.2,27,5.0,26803.14
2948.6,Road,7290.7,21,1.1,66352.57
887.1,Road,5744.4,29,8.1,37911.1
1377.1,Sea,9982.7,14,8.1,21000.03
1837.4,Rail,804.2,11,4.4,21815.91
1261.3,Road,2324.4,22,9.1,34658.89
1736.8,Road,5718.5,18,5.2,45577.41
578.5,Road,5123.2,12,7.1,24140.85
73.3,Multimodal,944.3,19,3.8,12742.66
891.3,Road,5485.3,8,4.1,27523.91
1229.9,Rail,1100.4,10,1.1,16125.47
3555.4,Sea,6913.6,23,4.5,33256.46
3383.5,Rail,6525.6,26,8.7,48486.85
3269.7,Road,674.3,26,4.5,63104.18
4322.1,Multimodal,4671.2,7,4.5,62607.85
1845.3,Road,7114.4,10,8.2,47022.66
474.4,Road,8008.9,4,6.6,24138.21
3684.2,Sea,373.9,10,6.3,26311.95
2626.7,Air,4679.0,24,7.4,164341.01
4498.9,Sea,9876.3,19,3.4,36307.17
1530.9,Road,3843.7,5,1.7,32357.46
3934.1,Multimodal,5345.9,5,6.9,59661.55
3871.0,Road,2999.1,18,2.7,71679.22
4425.1,Road,560.1,18,6.9,78505.92
4428.9,Road,9036.9,9,9.3,91241.24
4463.4,Road,6317.9,2,7.4,82504.72
4113.6,Road,5236.1,19,9.0,83811.15
1177.8,Rail,8111.7,24,7.5,29470.52
1989.3,Road,1479.2,13,3.8,39058.58
4367.3,Road,8691.3,1,7.9,85097.58
1797.5,Rail,6098.6,6,5.8,24442.51
4132.7,Rail,7087.4,6,6.8,45495.65
3405.6,Air,6210.5,26,9.3,212745.04
3898.1,Road,8232.2,13,2.4,79142.87
3409.4,Road,7929.3,4,9.0,70723.35
1720.9,Road,5722.9,10,4.0,41380.78
1231.0,Road,8401.9,5,1.7,36089.51
3166.2,Road,7856.5,5,4.4,64962.35
398.4,Sea,5039.2,28,2.3,19856.74
835.1,Road,951.7,5,8.7,17723.8
139.4,Air,8673.4,23,8.8,121975.45
1280.1,Rail,3760.0,11,7.5,20607.12
1408.9,Road,8195.0,19,2.1,44741.78
4020.9,Road,7725.3,4,3.2,76518.41
3427.8,Road,859.5,29,8.7,69481.71
3088.4,Road,2730.2,14,3.1,57967.78
3587.3,Sea,8277.1,20,8.7,34870.6
2872.8,Road,5829.6,21,9.7,66400.43
1183.3,Road,3233.2,11,1.1,28764.42
4307.6,Rail,1591.5,17,3.3,44794.74
616.6,Rail,4335.5,19,4.3,18659.51
485.2,Air,6284.8,5,2.3,97367.23
1079.9,Road,3530.5,19,8.0,32347.38
3854.3,Road,6017.4,8,1.3,71750.68
1996.0,Road,8127.6,13,2.2,50644.65
1786.0,Road,2714.2,28,5.2,45380.45
1279.3,Sea,904.7,26,5.9,21832.1
4319.1,Road,1805.4,1,9.4,72970.83
3471.6,Road,2380.2,8,6.2,62078.25
748.9,Sea,1304.3,24,6.1,18538.42
1571.1,Road,4066.0,7,1.7,34227.8
1626.2,Road,3272.6,5,9.4,34611.06
1012.2,Road,3843.0,12,9.0,28903.11
579.3,Air,3608.1,17,9.2,74540.39
3771.6,Air,2495.3,14,1.6,171626.42
2344.7,Road,6410.7,19,3.2,55862.17
1601.1,Sea,2426.3,22,8.5,22857.35
278.4,Multimodal,9313.5,20,3.9,28167.14
1139.3,Road,3193.6,9,8.7,28438.36
3262.8,Rail,9532.4,6,4.7,39257.66
4026.6,Road,1907.3,21,4.8,74782.55
4013.5,Rail,870.5,9,5.8,39730.2
1410.7,Road,3083.3,18,5.7,35914.14
3190.5,Rail,3229.0,28,4.3,42694.32
666.9,Rail,8087.1,10,4.7,18466.34
1283.4,Sea,7733.1,9,5.9,16931.57
2324.3,Air,1864.8,29,7.1,121751.26
3492.2,Road,9227.1,28,4.7,82948.09
4098.4,Road,3548.1,2,5.0,70353.02
4240.4,Road,9872.9,29,2.8,94687.75
735.4,Road,9652.5,29,5.6,42272.46
1991.2,Road,2736.4,29,6.4,49463.26
3042.5,Road,4516.2,12,8.4,62051.13
3388.2,Multimodal,8450.6,21,3.5,63238.41
2274.1,Sea,3026.0,15,4.6,22091.22
261.3,Road,4495.9,15,9.5,19577.13
3607.1,Road,1934.2,10,5.4,63860.09
3879.4,Air,4975.6,13,8.3,208672.72
4010.0,Road,2743.4,5,1.5,66797.16
3940.5,Rail,1146.9,21,4.2,43623.11
3393.5,Sea,6916.3,26,7.5,35336.45
1873.3,Road,3583.0,29,9.2,49876.84
813.1,Sea,5322.7,17,2.6,16798.28
596.7,Road,5545.2,28,7.4,32541.39
3189.4,Rail,5909.8,6,1.4,33750.13
3504.4,Multimodal,7708.4,12,1.4,58312.17
2936.1,Rail,7179.4,3,2.1,31826.67
2579.6,Air,7596.0,29,5.8,199267.79
2655.5,Air,8121.8,19,4.8,203403.59
299.3,Road,3957.4,26,3.9,23954.16
1274.1,Multimodal,7938.5,17,4.7,36504.12
771.1,Road,3594.8,16,5.4,26067.19
2047.9,Road,4167.3,9,9.5,44798.83
353.1,Air,9024.5,17,1.7,130935.92
1492.0,Rail,6757.1,21,7.0,29495.95
3940.9,Sea,2503.6,24,2.8,32611.69
446.0,Road,6659.1,14,9.7,25946.58
2546.2,Rail,1543.1,12,6.6,29613.93
1183.3,Sea,2612.6,28,5.5,22922.22
1672.3,Rail,571.3,18,7.7,24220.02
1352.0,Multimodal,6808.1,26,7.5,40301.89
284.9,Rail,9482.0,19,6.0,20684.46
315.8,Road,9332.8,21,1.6,31610.93
2116.6,Road,8081.2,4,1.5,48114.45
3811.7,Rail,1610.3,16,6.5,42233.43
4196.2,Road,8441.7,14,3.2,85054.82
1022.4,Road,39.0,14,5.6,22733.13
4039.2,Road,9164.4,7,5.3,82053.5
221.0,Rail,7042.7,22,8.2,19390.74
3780.7,Road,1758.5,1,8.0,63582.91
2476.0,Air,5646.5,12,8.0,165259.44
393.0,Multimodal,6273.4,14,8.2,22470.83
351.0,Rail,2688.8,5,5.1,8804.09
644.3,Rail,8513.1,1,7.7,14847.42
221.6,Road,5132.5,3,9.5,14792.69
3182.1,Road,5648.5,14,3.7,65017.69
2775.9,Road,8862.3,22,2.0,67594.26
3775.0,Road,6550.0,17,9.8,80298.02
2189.4,Air,5904.0,28,9.7,165775.27
2626.5,Road,1268.2,29,7.2,56898.91
651.1,Road,5421.3,2,9.9,21725.73
2347.0,Road,9140.2,6,6.5,55980.73
1421.4,Road,6069.1,5,6.2,35621.52
2033.8,Sea,2853.4,14,3.0,20069.62
3766.0,Road,8290.5,11,2.2,76275.43
3024.5,Rail,4349.1,17,7.4,38764.51
278.6,Sea,800.9,15,4.7,11933.43
4315.0,Rail,4837.3,26,3.8,52052.2
1162.2,Road,7617.6,10,7.6,37013.54
2069.3,Road,9186.0,16,5.2,55971.13
2115.4,Air,6648.6,22,3.5,167353.14
2919.0,Road,8388.8,1,3.7,60056.35
3802.4,Sea,7499.7,29,6.6,38506.21
1274.0,Sea,1829.9,1,3.2,10331.43
1330.6,Sea,9841.8,5,8.6,16682.41
1006.0,Air,573.9,8,6.5,49155.91
3420.9,Road,2746.7,2,9.5,60912.41
2864.9,Road,7636.4,6,8.9,62425.61
948.1,Road,1348.7,5,8.6,20327.84
2013.7,Road,5684.2,7,2.8,44015.81
1829.9,Road,6310.4,1,6.5,40758.4
2420.4,Rail,6877.9,20,8.5,37602.33
3696.1,Rail,1614.9,24,2.6,42698.66
4017.0,Rail,2082.4,27,9.5,51088.2
982.4,Road,1248.3,29,9.6,31589.75
2715.6,Road,1720.8,5,5.5,47468.78
3612.0,Road,8331.9,11,7.7,77170.32
621.8,Road,1146.1,5,7.8,14632.77
1539.4,Road,4020.4,24,1.7,41276.83
730.1,Sea,164.1,27,8.0,19536.03
1699.2,Sea,7638.0,23,3.0,24492.01
192.9,Road,9572.4,29,8.3,33920.59
2225.7,Road,3000.4,29,3.3,52435.21
4484.4,Rail,3056.0,28,3.1,52286.31
3938.4,Rail,5743.7,6,8.3,43551.85
2292.1,Road,1319.9,14,7.5,45081.1
2643.8,Sea,6024.2,16,3.2,24896.63
3457.5,Rail,5507.2,3,4.1,35507.45
1047.8,Rail,3998.3,18,8.7,22102.06
2475.7,Road,7011.5,2,6.1,52347.02
2176.9,Road,5440.6,17,6.6,51751.66
1733.2,Multimodal,8441.3,19,7.3,44165.09
2053.6,Rail,7272.8,29,1.7,36688.8
3463.9,Road,5807.9,2,6.6,65521.95
1714.9,Multimodal,3179.5,1,5.7,27542.75
4137.2,Road,297.2,20,5.4,73430.94
4041.3,Road,3719.6,17,3.9,75809.1
4381.8,Multimodal,7732.6,5,3.3,66190.47
294.2,Air,8914.3,9,8.2,124084.89
2734.3,Rail,8511.4,10,4.7,35798.78
933.1,Sea,3701.4,13,6.4,15462.94
365.3,Road,308.5,4,1.5,8341.2
2315.1,Rail,9375.5,26,3.3,39861.62
4200.2,Rail,6839.7,4,9.7,46859.98
1329.3,Road,4800.8,21,8.1,39597.91
1795.8,Sea,7786.4,20,5.9,24349.43
3073.3,Road,903.5,25,5.7,60631.43
3938.5,Road,879.0,17,1.2,67637.71
463.8,Road,7074.8,17,4.8,28047.97
2674.6,Air,685.7,7,9.5,111312.35
1079.1,Sea,500.6,12,4.5,14074.71
3497.2,Air,7205.6,5,5.2,216286.4
1197.9,Multimodal,7416.8,22,9.1,37876.73
3275.2,Road,4133.8,15,2.0,63322.8
3214.7,Road,3922.2,1,4.0,56653.32
4391.4,Road,4425.8,13,4.5,81037.87
2227.5,Road,3696.3,2,1.5,40907.25
722.7,Road,4467.1,6,5.4,22357.47
3569.9,Air,1863.6,2,7.4,154658.84
3364.0,Air,5844.1,16,9.5,202371.16
3829.8,Road,5175.3,16,7.3,76798.29
2515.8,Rail,6658.4,21,4.3,37130.46
2967.2,Multimodal,1833.9,10,7.8,45312.44
4335.4,Rail,897.9,27,6.4,50850.79
77.2,Rail,8062.6,11,7.5,14030.57
3007.2,Road,9042.0,3,6.9,64975.35
2074.5,Road,1729.0,7,5.3,38668.58
1853.1,Road,4166.1,7,9.0,40592.61
1347.7,Air,7254.7,5,9.3,140833.19
3268.1,Road,5249.3,10,6.0,64967.26
522.5,Road,5673.4,28,9.3,31699.74
1035.5,Road,3427.8,13,5.6,28464.76
1449.1,Road,1208.6,26,5.5,36648.73
915.9,Rail,9605.5,23,3.4,27499.51
660.8,Rail,7436.7,2,6.1,14407.37
2187.3,Road,3216.0,21,1.5,48028.43
536.5,Rail,7150.5,28,9.9,25061.56
1384.3,Road,3913.7,16,5.1,36002.68
4083.7,Road,1958.4,1,8.6,68994.93
2460.6,Rail,6782.1,19,8.9,37575.07
2339.6,Multimodal,4111.2,20,9.5,46222.28
3649.6,Sea,1160.2,21,3.7,29951.95
3110.9,Road,3345.2,17,7.5,62914.88
1639.3,Rail,3915.5,9,1.1,21380.13
609.3,Road,3876.9,27,6.0,28983.27
3387.3,Rail,5721.8,27,2.4,45111.19
503.2,Multimodal,4374.1,10,1.5,18691.49
1378.6,Multimodal,7406.5,15,3.9,35929.73
3499.9,Air,6234.1,14,4.7,208559.08
3172.7,Road,5247.8,10,8.0,64404.43
3803.9,Sea,7622.9,2,4.9,25420.05
2724.0,Road,9316.0,19,7.2,68392.46
2816.6,Multimodal,2252.6,3,1.5,38301.97
2237.1,Rail,7910.7,28,9.8,40985.05
1375.6,Rail,4313.5,26,2.0,27513.53
2194.7,Road,5673.6,15,4.4,50843.73
539.9,Road,8217.0,16,5.5,30932.21
4473.2,Road,5561.7,17,10.0,89891.03
1546.9,Rail,1830.8,16,1.6,21968.31
3855.5,Air,9775.6,4,4.0,258909.14
4099.5,Sea,8410.9,5,6.7,29717.08
126.7,Road,1059.9,18,8.7,12589.97
2686.5,Road,1719.2,1,8.0,46299.04
3843.4,Road,3528.9,28,2.9,76963.75
1971.4,Road,4737.1,1,4.0,39332.44
277.9,Sea,1631.3,22,9.3,15548.88
1726.2,Road,4493.3,22,7.5,45488.67
1243.5,Road,4472.7,15,2.0,33847.51
3992.7,Road,2573.9,22,7.6,77573.11
2999.3,Air,1484.2,10,8.4,133557.24
1175.0,Multimodal,1608.8,22,3.3,27827.59
3624.7,Road,8312.0,7,2.8,72770.6
2291.7,Rail,7955.2,8,2.0,29906.69
3940.0,Sea,206.8,9,8.4,28380.44
3606.5,Road,2178.7,10,8.5,65838.41
2995.3,Road,290.4,9,4.5,50625.04
523.4,Road,1380.7,5,5.4,13272.2
2713.5,Road,784.6,12,9.7,50707.06
2775.6,Road,7625.8,18,7.2,65721.38
3672.0,Road,3567.6,12,3.5,67636.89
831.8,Air,7010.6,2,6.7,117444.75
2746.5,Air,5387.7,9,4.3,169091.31
3726.0,Air,2465.2,6,2.5,166574.17
85.5,Sea,4977.1,13,9.3,11767.35
2759.1,Sea,2327.1,9,7.5,22629.65
3667.4,Sea,3440.5,15,3.6,28342.8
2031.2,Air,8810.4,22,9.1,191982.52
864.1,Road,8156.9,21,9.3,38455.47
3528.9,Sea,4385.2,9,7.1,27224.57
408.8,Air,1684.7,12,7.6,42978.28
2402.9,Rail,1601.4,26,6.4,34685.11
33.3,Sea,6509.4,18,7.4,14357.49
2124.9,Road,4951.7,8,6.7,46017.05
4036.1,Road,5347.2,13,5.2,77752.87
4186.5,Rail,766.4,15,2.3,41472.12
738.4,Road,3799.9,8,3.8,22125.3
2792.2,Road,3713.8,24,2.8,59716.42
254.5,Multimodal,2698.8,4,2.1,10777.54
3064.2,Sea,7557.3,15,7.0,28777.88
3452.0,Road,1347.8,11,1.4,58714.73
2064.0,Road,7885.9,7,1.6,48384.96
1917.1,Road,875.6,19,1.6,39010.41
2474.3,Multimodal,1566.2,27,1.9,44412.29
1323.1,Multimodal,5266.4,19,2.6,33509.53
2167.8,Rail,5781.3,1,7.9,25670.29
3918.2,Road,9675.9,24,8.0,90384.51
505.9,Rail,6064.4,5,6.5,13204.06
2477.4,Rail,5643.2,18,1.6,33580.31
1430.4,Road,1888.1,21,1.2,34438.41
3425.5,Road,867.5,19,3.1,62026.19
1518.3,Sea,7904.1,15,8.8,21434.82
3581.9,Road,7738.5,3,6.3,71144.83
1788.7,Road,4242.0,28,4.0,47803.67
2786.3,Air,789.4,5,6.5,114444.0
3152.6,Sea,4814.6,20,4.4,29145.79
1447.9,Sea,4015.7,15,4.8,18764.89
1889.9,Rail,7355.3,12,2.5,28190.37
3794.7,Road,5743.1,23,7.4,80569.27
1991.1,Air,1420.4,26,3.0,101849.23
2110.4,Road,1789.1,4,2.0,36925.09
2631.5,Road,1493.1,11,9.3,50114.25
3518.1,Rail,3359.8,3,3.1,33620.76
321.8,Rail,2806.4,1,2.3,6620.44
2694.6,Road,2593.9,11,9.0,52929.03
3892.0,Road,4495.2,29,1.2,78868.19
1520.4,Road,8298.0,13,2.1,43951.71
3079.7,Sea,3140.0,8,1.3,21185.17
1163.2,Road,2945.6,19,4.4,32028.79
492.0,Multimodal,4659.3,5,8.9,17285.72
779.0,Sea,3144.6,3,6.6,9948.95
3249.6,Sea,6107.2,10,4.0,25352.18
2658.9,Air,686.0,21,3.0,114515.28
881.2,Road,2288.4,9,2.7,22019.47
164.6,Sea,7512.4,17,4.1,14915.14
3725.2,Road,8663.6,26,9.7,87227.05
3155.3,Rail,4207.5,9,9.9,37355.16
2034.2,Road,2385.4,12,5.2,41356.61
932.0,Rail,3539.8,11,3.5,16836.35
4345.4,Road,8241.5,16,9.9,92149.73
1701.8,Multimodal,6200.5,28,4.0,43559.2
4170.9,Rail,3207.6,4,4.4,39883.6
1004.1,Road,7761.6,20,1.4,38338.82
3982.9,Road,4179.6,2,4.4,69391.15
2448.5,Road,1437.8,8,2.0,42995.78
4247.3,Sea,1598.4,16,5.7,31918.19
561.8,Rail,9835.8,19,6.8,23307.41
4459.2,Air,2033.0,11,8.1,193385.07
916.2,Road,9018.0,14,1.5,36589.58
424.6,Rail,7926.8,2,5.8,12766.86
2543.1,Rail,3566.4,22,2.4,34270.19
3063.5,Multimodal,3565.8,15,4.1,49643.09
1708.5,Sea,6411.3,17,6.1,22048.63
3141.8,Rail,4056.5,10,5.4,35426.93
4257.5,Rail,1209.6,1,8.4,39993.39
3584.3,Rail,9575.3,4,7.6,42630.94
3988.6,Air,3929.1,18,5.3,200492.41
4040.9,Road,2668.4,2,8.1,69841.1
1349.7,Road,862.1,3,9.3,25014.45
3183.6,Road,5400.3,13,8.4,66337.61
3364.3,Road,4237.1,13,3.8,64800.17
551.6,Road,9384.5,15,7.6,32893.09
2182.6,Road,253.0,6,4.2,36740.35
2953.7,Rail,9541.2,1,6.6,35310.29
1310.7,Sea,8847.2,10,7.2,18191.94
2876.8,Road,4295.0,12,3.8,57118.6
239.7,Rail,4294.3,16,6.3,14405.46
2659.4,Multimodal,3954.3,26,5.8,51310.27
459.3,Road,3092.3,2,6.4,14161.11
3072.1,Road,7117.7,3,3.1,60640.67
2956.2,Road,7120.3,28,9.2,72920.74
2806.2,Road,2553.1,24,3.3,58069.27
1161.1,Rail,4122.7,4,1.7,15781.22
3011.1,Air,1663.3,5,7.4,133370.24
1868.4,Road,8332.5,15,8.1,51705.04
2415.1,Road,2649.9,4,1.7,42833.25
3080.1,Rail,6581.2,29,3.4,44776.34
1669.0,Air,8940.3,4,1.1,170291.0
4476.4,Sea,3267.5,16,1.5,30838.52
285.8,Rail,7043.6,2,5.7,10844.94
3286.5,Sea,6366.0,9,7.5,27027.08
1085.3,Road,4672.7,12,7.4,31355.08
4418.3,Rail,7991.2,16,7.4,53576.13
2390.2,Road,7264.5,5,5.3,52495.8
3533.2,Road,7147.6,22,3.4,76347.68
917.0,Road,6371.3,23,7.5,36740.92
3962.3,Rail,2202.2,14,3.2,41164.99
4340.2,Rail,9211.6,23,2.9,54245.03
2427.6,Road,3545.8,8,6.9,48350.7
3830.4,Air,8241.4,23,6.5,249482.79
3015.4,Rail,6490.2,24,8.7,44417.92
1102.0,Sea,3158.5,25,3.3,20972.67
4133.0,Road,9026.7,15,2.1,84809.52
3507.8,Rail,955.9,14,4.2,36802.42
4011.4,Road,5978.0,20,8.6,83642.47
1636.0,Rail,6547.6,17,7.5,28805.16
2044.0,Rail,7205.4,17,3.6,31646.8
1301.3,Rail,5836.1,7,2.6,19848.06
1514.5,Road,1871.3,19,8.6,36515.59
1178.1,Road,6102.0,20,1.5,37888.42
3274.0,Road,7198.7,11,6.9,69371.14
1708.2,Rail,8507.3,13,8.9,29852.09
3293.7,Road,7443.8,15,9.3,72995.5
3036.5,Sea,732.7,24,5.6,29271.32
2500.5,Rail,5819.8,27,1.0,37757.04
3024.5,Air,6873.9,11,2.7,196982.65
2493.5,Rail,9720.0,24,7.6,42386.14
3239.2,Multimodal,1319.3,24,5.8,53232.93
1472.6,Rail,2844.6,26,2.3,27037.9
3517.0,Sea,8062.7,12,9.7,31334.86
1346.9,Rail,5954.5,15,8.4,25084.57
4405.9,Road,3115.2,10,7.2,79337.55
1741.1,Road,6849.7,21,9.5,50093.52
63.4,Road,2865.3,23,6.6,17112.11
2097.3,Rail,1835.1,6,5.5,22878.91
4301.2,Sea,1049.3,9,5.1,28361.68
2853.4,Road,5911.1,14,8.5,62530.93
464.4,Air,2729.1,5,2.3,53926.61
490.5,Rail,6557.0,11,4.4,16054.65
2023.0,Rail,7287.5,12,8.8,31026.73
1018.7,Road,8222.5,18,1.4,38438.85
2722.7,Multimodal,4747.5,3,2.4,41381.99
4203.2,Road,1704.0,1,7.2,69633.73
4347.1,Road,1805.2,1,1.8,68517.72
4145.9,Rail,3531.9,1,3.2,38022.72
1336.3,Rail,6702.1,22,9.7,29051.16
4395.0,Road,9056.8,5,2.7,84660.37
1389.4,Air,9382.0,25,3.1,175668.73
2819.0,Road,2475.8,6,3.3,50071.04
4008.1,Road,1502.4,28,1.4,74865.29
2965.9,Road,8573.8,13,8.4,68625.1
4484.6,Road,6895.9,3,3.1,81507.91
1575.0,Multimodal,4177.4,11,6.5,32154.53
541.9,Road,1138.8,15,4.6,17584.76
995.3,Rail,3773.9,27,6.3,25123.17
832.7,Multimodal,112.2,14,3.9,18114.08
4066.7,Air,8815.7,1,1.1,251774.07
2099.0,Rail,7627.6,18,6.5,33930.57
2323.4,Road,5269.6,21,8.0,56018.54
782.5,Sea,5401.0,21,4.6,18753.6
968.2,Road,1375.4,12,3.7,23047.92
3599.2,Road,9095.3,27,4.4,83743.63
3074.6,Air,2441.0,6,1.7,142979.25
1485.1,Rail,1094.9,25,9.7,26697.95
3580.7,Multimodal,8115.9,9,4.6,60014.75
246.4,Multimodal,6642.4,6,3.8,17388.33
322.7,Rail,1500.1,8,3.4,8799.55
402.9,Rail,57.3,7,2.5,7682.05
3167.1,Rail,7782.3,9,9.4,40374.35
2683.4,Road,8800.6,17,6.9,65781.7
3878.6,Rail,6550.2,22,8.7,51132.65
4358.9,Road,8488.1,1,9.7,85837.83
1537.9,Air,6676.5,8,3.2,140833.6
2831.3,Air,9822.4,7,6.1,225253.57
3917.6,Road,9766.6,6,9.3,83053.3
1053.3,Rail,8505.6,3,5.7,19053.09
434.7,Rail,6517.3,27,8.1,23017.05
4422.8,Road,795.1,23,7.0,81134.37
4048.2,Road,7992.6,5,9.0,81368.81
2747.1,Air,7203.6,16,9.5,196244.47
51.3,Road,8456.7,28,1.8,29200.22
1021.8,Sea,9549.1,1,1.7,12075.66
3132.0,Rail,9943.8,18,2.1,42777.37
1623.2,Sea,1027.9,29,8.4,25467.95
2562.1,Road,93.7,15,5.0,46715.56
255.0,Sea,7264.6,28,8.0,20259.95
2471.2,Road,8839.1,5,6.9,57185.56
650.4,Multimodal,5706.0,7,8.3,21661.85
479.2,Road,608.7,11,6.1,13990.57
2204.3,Road,7995.5,13,5.4,54576.19
2311.7,Road,1871.6,11,10.0,45889.84
4054.2,Road,4828.9,9,1.1,72842.0
4448.7,Air,3716.9,19,5.9,215272.59
493.4,Road,4944.3,11,9.1,22363.61
1424.2,Air,1560.9,10,1.4,75870.38
3312.6,Rail,6732.0,26,8.1,47827.92
2960.7,Rail,4092.1,5,3.9,31026.68
368.6,Sea,3845.9,9,6.1,10846.85
269.2,Rail,1780.8,25,9.1,16500.66
1869.3,Rail,6207.1,3,7.2,24267.11
2238.0,Sea,6602.6,29,2.2,28923.7
2577.4,Road,814.0,14,4.4,47472.98
2875.4,Road,8235.4,21,6.2,69221.48
2171.1,Rail,8870.0,23,5.0,37420.93
3232.6,Road,9892.4,25,3.4,78211.23
531.6,Rail,3460.1,14,6.5,15099.62
3339.7,Rail,6074.3,21,6.8,44606.11
2788.6,Road,1220.5,15,7.9,53363.71
46.7,Road,4204.8,12,1.6,14221.23
2124.8,Rail,8588.4,28,8.8,40303.62
1585.2,Rail,7217.2,29,3.8,33610.07
1144.5,Road,5154.8,18,5.1,35408.81
252.8,Road,8395.1,13,9.6,25639.08
4398.1,Road,8307.0,20,3.5,90630.29
1262.5,Rail,9086.7,21,7.6,29736.73
2064.7,Road,2017.3,18,1.7,42802.07
428.5,Road,2297.4,21,5.5,20777.71
3587.0,Air,9759.5,22,6.9,258810.68
111.6,Road,5073.2,8,7.8,15138.72
2657.0,Road,6489.7,6,1.3,54037.5
1248.3,Sea,9063.3,11,4.7,17970.13
1557.4,Road,5440.1,21,2.0,42943.04
2364.6,Road,1502.1,18,2.0,46451.75
2112.6,Road,3853.8,4,8.3,42580.41
1851.7,Road,5175.6,5,9.1,41500.94
2820.8,Sea,4757.5,28,1.0,29740.56
2470.0,Road,9943.5,20,9.1,66647.95
1493.2,Rail,2323.7,28,7.4,28794.66
852.6,Road,7625.5,21,6.7,36966.46
706.4,Air,324.5,28,5.4,44318.11
169.9,Air,3660.4,15,9.6,59385.09
2005.5,Road,982.9,12,9.6,39672.92
790.5,Rail,5680.2,9,8.7,17315.54
3970.4,Sea,2858.5,2,9.5,27009.87
1904.1,Road,6237.6,9,8.4,45878.0
2821.2,Rail,5883.4,6,8.5,33815.17
1406.4,Multimodal,5154.6,5,1.5,27798.95
1170.7,Road,8452.3,22,4.3,43512.55
3674.0,Sea,4407.9,18,2.3,29318.36
1665.1,Sea,7536.6,13,7.5,20976.59
433.6,Sea,4276.9,23,8.8,17897.88
1459.1,Multimodal,9575.6,2,3.1,34024.76
540.0,Sea,1608.2,29,1.9,19509.26
2087.5,Multimodal,7348.1,16,9.7,46189.2
1320.4,Road,656.4,27,4.2,33804.97
3692.3,Rail,1602.2,1,7.1,34728.28
298.7,Road,5300.6,11,1.9,19507.28
4430.3,Sea,4538.3,25,3.5,36593.17
3580.9,Road,9600.1,13,9.8,80942.83
3000.7,Road,20.3,9,3.2,49639.14
243.4,Road,5974.8,13,2.6,20812.26
4409.3,Road,3184.8,21,2.2,81113.12
3425.8,Road,4856.4,21,2.1,69558.5
2034.6,Sea,5559.3,5,9.2,18902.09
3730.2,Rail,5408.3,21,5.3,46403.69
1526.1,Road,9595.7,13,2.4,46304.37
1840.9,Road,9868.3,16,3.0,53124.38
3025.0,Sea,5053.3,7,1.8,21530.47
4150.5,Air,4027.8,19,7.9,209616.5
4137.8,Air,7229.2,29,3.9,249516.77
1066.6,Air,5191.6,17,3.0,110255.44
2890.8,Sea,7360.2,29,7.3,34211.05
3980.2,Rail,3838.7,15,4.3,43797.03
471.6,Road,4662.7,22,8.5,26299.2
839.9,Road,821.9,29,7.9,28375.63
3539.1,Road,6571.3,5,7.2,69764.29
2532.4,Sea,8202.9,14,7.5,26059.09
258.6,Road,1786.0,16,3.2,14911.11
2407.8,Air,9514.5,24,4.8,213473.01
4147.1,Road,9823.0,9,7.2,86864.07
827.2,Road,5765.5,28,2.2,35900.55
312.6,Road,795.1,17,8.8,14545.97
4259.2,Rail,7956.6,24,6.1,54960.55
1712.4,Rail,4674.5,13,8.0,26198.89
3494.5,Rail,8654.6,18,3.1,44928.97
2730.7,Sea,8101.2,6,9.9,24516.94
846.8,Road,5861.4,24,1.4,34381.73
911.5,Air,358.8,10,3.6,43667.69
3343.3,Rail,5925.8,16,1.1,39326.01
2857.0,Rail,7623.5,5,3.0,33032.12
72.0,Rail,6552.2,15,3.0,14423.83
2231.0,Air,6547.6,10,9.5,166843.13
4135.1,Rail,7667.3,11,6.4,48034.95
2398.6,Road,5297.6,26,1.7,57294.64
130.7,Sea,7654.3,5,3.0,9434.89
2204.5,Air,2227.1,12,4.4,113304.9
208.4,Sea,4075.5,10,1.3,10507.59
2040.4,Road,6592.2,24,6.4,54887.61
3318.8,Road,1649.6,23,9.8,66946.05
593.9,Rail,7666.6,14,4.5,19260.27
1537.8,Multimodal,5861.9,22,1.4,37965.8
899.5,Rail,7314.8,10,3.8,19541.38
1774.0,Road,8610.0,4,2.4,44210.89
677.3,Rail,9678.1,8,3.6,18979.83
1227.1,Rail,2901.6,26,3.9,25449.02
609.7,Road,7944.2,2,3.1,24867.4
1858.9,Road,3610.1,7,7.6,39351.17
2124.7,Road,4858.7,23,7.7,52989.12
2643.8,Rail,6119.9,29,2.5,40663.92
3405.8,Sea,2378.7,7,1.3,21888.81
472.1,Road,2131.7,28,4.7,24192.9
3912.2,Rail,5923.5,24,8.0,51449.7
3150.1,Rail,7000.9,3,5.5,35097.66
490.2,Multimodal,9553.6,18,7.6,30316.3
1711.0,Sea,5682.5,3,7.1,15797.08
1704.6,Road,5920.3,26,3.8,48630.28
3170.1,Rail,4149.4,23,9.3,43450.78
678.4,Rail,7842.5,9,7.9,18201.73
281.4,Rail,7358.9,24,5.9,21037.75
117.5,Air,1911.7,14,1.5,35826.04
3904.1,Rail,3850.5,4,1.9,36975.01
2786.6,Road,1361.6,19,2.6,53080.82
97.5,Rail,1100.6,12,9.2,8511.05
4216.9,Road,9317.0,17,7.9,91139.39
492.2,Road,6649.5,9,8.0,24376.6
3370.3,Rail,8955.5,5,1.9,37708.58
3846.8,Road,5739.7,5,3.7,71107.23
2925.8,Rail,2579.6,27,9.7,41894.96
323.8,Sea,2613.3,28,9.8,18995.24
2552.6,Road,2443.0,24,5.9,55034.91
2040.8,Road,3163.6,1,9.5,39189.65
3416.6,Road,2057.7,26,7.4,69385.93
1213.1,Multimodal,1413.7,2,9.4,20092.26
3131.1,Road,8993.3,20,6.0,74001.22
915.8,Air,5745.6,16,2.2,111004.61
3190.8,Multimodal,2203.5,4,8.6,46347.45
1184.2,Road,5728.6,18,8.6,37699.75
4441.4,Rail,2477.2,11,1.7,42758.45
4166.7,Rail,6834.1,3,5.0,43038.84
2287.0,Road,8857.4,7,8.4,55760.19
3158.6,Rail,1647.2,9,6.1,33347.4
3667.4,Road,5517.3,17,3.5,73294.09
3074.3,Rail,3700.3,11,5.1,34904.27
3662.2,Rail,8254.5,15,8.4,47538.02
1392.1,Sea,491.8,14,1.9,15900.18
551.1,Road,6958.2,25,6.8,32892.15
560.4,Multimodal,6453.3,7,9.2,21740.25
2900.8,Road,7803.8,20,6.2,68378.42
2116.4,Multimodal,5520.3,8,5.8,38992.5
3685.1,Rail,4456.3,27,9.9,50375.59
268.4,Rail,2551.2,14,3.8,11959.8
2456.8,Air,8786.2,17,8.1,204552.43
718.8,Air,8937.6,25,1.2,146329.98
3172.1,Road,4980.7,4,4.5,59610.35
1462.5,Rail,9065.4,11,1.8,25611.34
1075.2,Rail,412.5,20,3.7,19320.41
41.4,Rail,8427.5,24,7.3,19870.27
2305.2,Road,8059.0,5,3.4,51933.07
2715.6,Rail,8211.6,21,1.0,38832.68
3143.6,Road,6465.4,19,6.5,69442.25
4441.7,Road,5679.9,2,2.2,77599.15
2547.0,Road,8335.2,17,6.6,62722.72
2937.0,Road,7689.1,7,1.2,60788.77
2666.5,Air,9370.9,2,9.0,212836.54
3099.1,Sea,8208.9,10,1.5,24253.02
4148.5,Road,3319.1,29,9.0,85416.4
4346.8,Sea,1521.4,1,9.6,28216.68
2617.6,Sea,1598.2,19,5.2,25193.13
2650.1,Sea,8571.7,19,4.6,27932.4
3734.7,Rail,7378.3,27,6.0,51409.88
76.0,Road,9856.6,29,1.4,32468.49
872.0,Rail,8943.7,28,9.7,29758.05
792.6,Road,9254.7,24,3.1,39975.82
329.5,Rail,6825.4,14,6.9,16453.02
1622.2,Rail,2900.1,2,4.5,18016.46
3385.4,Road,4802.4,9,8.7,66829.1
2681.5,Rail,326.5,15,7.3,31247.75
1207.9,Road,6416.3,23,9.7,41716.61
4013.2,Sea,2337.5,6,7.0,27418.26
1409.2,Multimodal,9238.1,18,3.2,40068.84
2357.1,Rail,3444.1,4,2.0,24460.8
198.7,Rail,4826.9,5,9.9,9548.88
3785.0,Road,4363.8,2,7.1,68410.77
4398.0,Road,4719.5,23,3.9,85767.5
4011.0,Road,9126.6,20,8.4,89209.01
1841.7,Sea,5227.4,9,7.0,18901.85
710.3,Multimodal,6536.7,6,5.4,22974.56
1365.4,Sea,7256.3,25,7.0,24510.97
4123.5,Road,7871.9,23,6.8,89218.15
4383.0,Rail,1494.1,21,9.6,51171.87
274.2,Multimodal,485.5,16,7.7,13308.69
599.7,Road,3360.4,27,7.4,28152.06
3695.7,Road,969.2,21,7.2,69422.28
777.4,Road,7327.9,7,1.3,28379.31
1743.8,Rail,8559.0,9,1.6,26445.87
169.0,Sea,5914.2,8,4.0,10271.66
937.7,Road,3428.8,8,2.4,24309.26
800.9,Road,3020.6,1,7.7,18959.69
3674.6,Road,5164.7,16,2.4,71657.42
273.7,Rail,8756.3,29,8.6,24490.82
2683.6,Road,1559.4,12,9.2,51358.34
2631.5,Road,7978.9,23,1.9,64309.67
4271.3,Road,2263.7,1,9.8,73350.25
453.9,Road,2212.4,7,1.8,14391.6
2890.2,Sea,1869.7,28,7.4,31691.98
3420.9,Road,1515.1,13,9.7,63767.05
41.7,Rail,791.2,9,1.7,6311.71
2916.1,Rail,8890.3,18,10.0,43613.38
520.8,Road,1093.6,29,7.6,23813.17
2837.6,Road,2369.4,19,7.1,57602.2
1294.1,Road,7832.1,5,3.9,36533.04
497.4,Air,872.1,19,4.4,39264.05
2053.8,Road,1900.0,23,4.2,45461.8
2806.6,Rail,2305.8,16,8.6,35159.09
1429.7,Air,6505.4,20,5.7,140840.1
2375.5,Sea,7522.8,16,9.2,26470.84
1665.2,Road,6779.5,19,5.6,46895.6
4227.4,Rail,5100.1,1,2.0,39209.19
2683.6,Road,9962.6,3,4.4,60532.47
1464.9,Road,7027.8,17,5.6,43355.79
981.0,Road,2756.4,18,7.5,28979.07
2600.9,Road,8580.4,18,6.8,64481.14
4412.0,Road,5392.0,19,8.0,88163.15
2158.6,Sea,8282.6,10,3.0,20924.2
4103.1,Rail,78.5,17,9.8,45653.66
2388.3,Multimodal,7602.5,14,6.6,48327.1
3619.2,Road,6034.7,3,7.3,69208.31
2655.8,Rail,7417.4,28,1.4,41044.32
2633.3,Sea,7204.4,3,7.9,21453.88
1899.2,Sea,1436.6,1,3.0,12983.48
3092.5,Sea,8176.0,20,7.3,31500.59
2225.3,Road,231.4,23,6.3,45766.16
3803.1,Road,4563.5,8,6.0,71070.24
4151.1,Air,2559.7,3,10.0,186092.77
2213.5,Rail,5863.1,4,6.4,27118.41
1187.7,Road,7420.2,26,5.5,43848.3
2026.5,Road,9154.2,25,8.0,60105.99
3170.4,Rail,835.4,23,6.5,39118.77
2264.6,Air,5821.9,24,2.2,163154.9
1786.4,Road,3557.7,22,8.9,45185.24
126.0,Multimodal,2544.2,10,6.4,11763.28
830.8,Road,829.3,14,4.9,20991.4
3784.8,Rail,2289.6,11,4.1,38880.7
3440.4,Rail,4626.6,11,4.6,38400.33
381.4,Sea,65.5,12,6.1,10800.0
482.4,Rail,5865.1,27,6.9,22649.26
4202.6,Road,1053.1,19,8.1,77088.08
3589.6,Multimodal,5756.4,24,8.5,65521.53
1830.4,Rail,3779.2,21,7.5,29785.65
4377.1,Road,7744.0,19,7.4,91435.49
4378.7,Road,4390.7,19,3.0,82453.27
4489.8,Rail,9433.0,3,9.2,50871.32
1712.3,Road,3267.4,5,1.7,34083.2
2400.1,Rail,5434.9,11,8.4,31968.48
2931.4,Rail,7323.1,11,8.8,38563.23
3684.1,Road,2194.5,11,8.1,67474.9
878.3,Road,175.0,7,6.7,17722.81
1476.0,Rail,7853.9,28,8.5,33921.26
1611.7,Air,2939.1,19,7.1,104445.74
3756.8,Rail,1605.0,6,8.9,38585.48
2152.4,Air,5929.9,15,4.4,157140.92
2607.0,Sea,3736.3,26,9.3,30783.05
3520.5,Rail,2662.5,23,3.2,42099.75
2870.0,Rail,7072.9,21,7.9,41962.75
4112.7,Sea,9678.3,22,1.3,34583.03
696.1,Road,5273.6,9,7.9,25016.11
2124.6,Road,7765.6,25,3.3,57732.74
1748.5,Road,8418.2,12,10.0,49150.78
3672.5,Rail,4845.8,18,6.0,44592.88
2173.3,Rail,5065.6,15,6.2,30795.95
4145.9,Road,7183.8,14,2.9,81727.82
1265.9,Road,9252.2,13,2.3,41870.92
1112.6,Road,8168.0,20,3.1,40820.81
2641.2,Road,7824.1,5,5.8,57576.07
228.3,Air,7758.0,26,2.4,115321.86
2971.7,Air,4707.5,1,4.2,165381.77
3451.2,Road,8608.1,14,5.2,75142.84
1185.1,Sea,3587.0,18,9.0,19449.52
1607.9,Road,6082.2,4,1.9,37136.86
2994.9,Rail,1379.8,12,4.7,32374.95
2510.3,Rail,6504.0,19,6.6,36880.02
2826.7,Rail,7503.0,21,6.1,41224.04
2523.2,Rail,4113.6,19,7.8,35247.87
2242.2,Road,5130.2,15,4.6,50679.99
140.6,Road,171.0,8,1.1,6625.42
1678.3,Road,9043.6,4,5.2,44356.75
2719.1,Multimodal,8146.1,17,2.3,52753.72
3598.2,Road,7339.7,12,3.7,73376.22
3882.4,Sea,688.2,12,1.2,25408.86
1631.1,Road,2192.8,14,7.5,36240.02
3149.0,Sea,9890.9,18,2.2,29218.63
375.7,Road,4598.9,22,9.2,24683.77
1633.0,Road,8773.9,25,8.9,53462.74
720.6,Sea,6782.0,10,3.3,14014.09
2117.8,Road,8103.1,9,7.6,52334.06
2883.4,Sea,6102.4,21,6.6,29835.32
4235.2,Rail,1918.3,20,5.2,47039.22
3800.9,Rail,5147.2,22,5.7,47484.37
743.3,Road,8410.2,20,2.4,35735.7
3434.8,Rail,9102.8,15,9.8,46990.27
2602.6,Air,7069.9,4,8.5,183491.68
3687.9,Road,6718.3,14,7.0,76344.36
2148.4,Sea,6296.9,4,9.6,19485.57
911.5,Rail,5674.1,4,9.8,16266.71
353.4,Road,8901.6,27,3.4,34103.74
1202.1,Sea,7692.3,24,6.6,23344.81
877.7,Road,7182.1,8,4.3,30462.88
2747.3,Air,4108.6,2,9.2,152656.78
2902.6,Road,4624.3,1,3.6,52986.15
1991.3,Sea,4359.9,19,7.7,24019.05
2050.2,Sea,9984.9,13,9.5,24338.58
3898.3,Rail,9217.2,16,8.4,50803.59
653.1,Sea,1071.8,25,3.8,18230.89
492.7,Road,4716.8,16,2.2,23581.37
329.1,Air,2671.3,5,1.3,48391.15
2143.8,Rail,3001.6,8,3.9,24909.94
3515.3,Road,166.8,27,8.5,68494.19
3015.1,Rail,1330.5,12,2.0,31371.03
401.4,Sea,5891.5,28,2.8,20266.16
2271.4,Road,6592.3,5,2.5,48550.13
189.0,Sea,9544.6,10,6.8,12740.23
577.4,Rail,8254.9,13,1.4,18972.83
945.4,Road,2515.3,5,6.7,22076.02
1930.9,Air,5333.6,1,4.3,135688.59
1651.5,Rail,1971.0,25,8.9,28757.55
3065.9,Sea,4661.1,9,7.4,25023.14
3424.7,Rail,7679.6,13,7.4,43435.22
4083.0,Road,7606.5,26,6.7,89384.11
2734.3,Air,7722.5,11,9.0,199451.1
1172.3,Road,2080.2,5,8.6,25108.23
2299.7,Rail,4236.9,19,4.4,32325.82
2878.6,Road,7040.1,29,7.5,71318.64
830.9,Road,1050.0,29,1.2,27632.72
1878.0,Road,3354.5,8,2.9,38325.47
1440.1,Sea,6083.6,9,5.6,17009.92
2907.6,Road,5141.5,7,7.9,58609.16
418.8,Rail,739.2,3,7.8,6882.58
3694.4,Rail,7163.5,9,8.5,44045.15
434.8,Air,3754.9,22,4.2,72949.92
3744.1,Sea,9338.2,8,3.0,27520.1
628.3,Rail,2757.7,25,8.2,20352.75
3486.5,Air,9805.7,1,5.7,245663.09
3897.5,Rail,8777.9,28,1.6,51814.33
2603.8,Sea,7410.0,18,1.1,25428.19
4072.8,Air,2214.6,23,9.4,187662.39
1320.2,Sea,6692.5,19,8.5,21592.62
1512.1,Road,1548.0,1,6.4,27273.18
1694.2,Sea,6023.0,16,9.6,22269.58
4331.2,Rail,6977.4,25,4.0,53775.58
322.8,Road,3313.9,17,7.2,19229.14
40.6,Road,9941.0,19,7.6,27636.01
238.7,Rail,883.1,14,9.2,10444.28
2204.3,Road,6017.3,5,2.4,46555.27
995.7,Road,7211.7,18,5.3,36848.52
2194.5,Rail,1446.6,6,8.8,24594.77
2397.2,Road,8999.3,4,8.0,56264.66
2183.0,Road,5633.8,2,6.1,45295.87
2020.1,Sea,9638.2,9,1.7,20041.1
1772.3,Rail,4629.6,10,1.4,23543.22
1457.1,Air,9438.5,12,6.5,173631.09
1457.5,Sea,5692.7,13,4.0,18271.12
953.3,Road,2205.1,5,3.7,21200.84
1790.4,Rail,4419.4,10,2.8,24005.81
2471.5,Rail,4474.7,19,8.8,35679.4
4228.2,Road,8849.2,2,7.0,83172.84
3264.4,Multimodal,5246.5,21,8.2,59228.67
4098.7,Road,8138.0,15,7.6,86020.83
987.0,Rail,8208.0,3,3.6,17771.8
1121.5,Rail,5079.8,1,9.3,16129.39
1370.1,Multimodal,1005.3,19,9.7,29108.46
4352.7,Air,8056.5,12,6.9,261421.63
2377.3,Air,9400.0,10,8.3,206012.52
3701.2,Multimodal,9761.6,27,5.6,72637.06
3662.4,Road,2619.2,17,6.0,69313.58
3985.3,Rail,1442.8,8,6.1,39691.81
930.0,Road,1472.6,15,3.0,23879.65
2332.0,Sea,6833.9,18,8.0,26471.38
2668.4,Rail,9424.4,2,8.2,33919.59
2313.2,Rail,835.2,23,5.3,31541.07
3843.7,Road,4627.7,1,4.1,67434.95
4218.6,Road,7153.0,12,7.2,84448.63
999.3,Road,8091.6,18,5.9,38672.96
265.2,Sea,4574.7,18,1.2,14551.16
3312.4,Road,56.5,22,9.3,63262.0
2295.2,Sea,1321.4,11,7.7,20932.07
4224.7,Rail,811.6,1,5.4,37471.3
3193.4,Road,5330.4,29,9.0,73812.6
1409.2,Road,7175.0,5,9.7,38298.83
2393.0,Air,7448.0,5,2.6,178766.1
4043.9,Rail,3293.2,11,8.2,44480.2
3818.1,Rail,2251.9,1,8.3,37033.78
2105.0,Rail,4882.0,5,3.8,24779.73
1002.0,Road,4972.1,16,1.4,31499.2
483.1,Road,8711.5,8,1.3,26965.38
776.8,Air,8582.6,2,6.6,134357.79
1992.4,Air,1674.6,17,8.5,102483.02
3226.0,Rail,704.5,15,1.8,33612.88
777.0,Road,4452.9,23,3.8,30663.6
3073.6,Road,5833.3,19,9.8,68661.28
1374.4,Road,9358.2,16,4.4,45437.87
2818.2,Sea,8819.8,19,7.8,30143.81
2190.6,Rail,8124.8,20,3.5,35064.37
3928.9,Multimodal,9491.5,3,3.2,62742.6
4161.0,Road,7036.6,5,6.1,79624.27
1735.5,Road,1607.8,12,4.8,35195.37
1665.8,Multimodal,8874.1,7,7.1,38528.57
2760.0,Rail,7002.9,22,4.5,39924.33
1323.2,Road,7686.8,9,4.7,38698.9
2638.1,Road,5510.0,12,7.6,57171.58
1855.5,Road,8181.1,26,1.6,54349.68
2147.0,Air,1001.8,14,5.4,97728.95
3561.0,Road,7020.6,11,8.6,74309.6
502.5,Multimodal,4341.1,23,1.2,24447.63
673.6,Road,1946.4,14,5.5,20688.38
521.2,Multimodal,4025.7,11,1.9,18937.57
2800.1,Sea,8613.3,11,8.9,26744.97
3905.0,Road,2299.0,13,2.1,68455.14
4059.5,Road,6419.6,17,4.3,81259.87
2356.5,Multimodal,7624.8,17,7.4,49591.8
2919.4,Sea,3292.6,13,2.0,23306.05
3108.2,Sea,2656.1,4,8.3,22643.83
2077.2,Rail,6910.7,19,2.6,32420.14
2937.2,Road,894.3,9,2.3,49882.69
1595.4,Air,5574.7,18,6.1,134899.28
2825.3,Sea,8781.6,25,8.3,33060.83
2235.9,Rail,6040.8,8,2.3,27768.46
728.2,Rail,3758.3,25,2.4,21553.03
3803.3,Road,7710.9,13,2.8,77011.18
1200.1,Air,3659.3,19,9.6,98688.85
474.0,Road,2521.8,11,8.0,17549.93
3739.3,Rail,887.1,17,2.1,38839.08
3892.2,Rail,8687.9,15,2.0,46127.71
221.4,Rail,6427.5,8,5.6,12388.57
4217.7,Road,4739.6,2,5.8,74852.68
320.0,Road,6445.5,5,7.8,19401.98
943.5,Road,1621.0,16,5.6,25138.55
33.3,Road,278.0,2,3.5,2520.27
70.8,Road,8053.9,1,2.3,16656.7
386.8,Road,9036.4,19,3.9,31307.9
3985.0,Rail,1013.3,11,5.1,40049.16
261.7,Road,4261.0,13,4.3,18069.97
3353.2,Road,9047.2,11,6.3,73590.38
2571.8,Sea,8104.9,12,2.0,23149.6
3545.4,Road,4037.0,10,8.9,68547.7
3746.3,Road,962.8,15,9.8,68833.44
1903.6,Road,3236.2,16,9.5,44012.9
689.5,Rail,8125.7,14,7.9,20832.7
11.7,Air,2370.1,3,8.4,32791.05
3998.1,Road,9306.7,28,7.2,92278.82
2452.3,Rail,3648.8,13,4.2,30222.14
2315.5,Road,8528.9,11,9.5,57752.63
3335.3,Road,4272.9,25,5.3,70497.21
1478.3,Rail,5334.1,27,5.8,30461.07
4470.9,Sea,7965.3,12,1.8,31217.99
2558.6,Rail,3161.2,26,3.4,36199.65
324.5,Road,119.0,1,9.1,6390.36
782.1,Multimodal,1748.6,1,3.1,14010.98
1348.0,Road,3762.8,9,9.1,32827.75
702.4,Rail,9557.0,6,3.4,18081.3
4087.7,Rail,9270.4,9,4.5,47113.08
2063.5,Road,9593.5,26,7.3,61714.23
1886.7,Road,8833.1,5,4.8,47439.7
3395.8,Road,7605.6,2,8.4,68594.15
3710.3,Multimodal,156.7,21,2.4,53863.71
1183.7,Air,4420.0,3,2.4,98782.07
217.6,Road,9674.1,29,3.7,34380.19
644.4,Road,1119.9,18,5.6,20651.12
3871.9,Road,7299.6,25,2.1,82363.26
1878.4,Air,7427.0,15,7.0,165961.27
1012.3,Road,2152.1,14,8.6,26728.93
4440.8,Road,9283.8,11,7.4,91596.06
986.1,Sea,2153.7,8,5.6,12730.96
3616.0,Sea,9436.9,4,8.7,28211.03
4498.7,Rail,6010.3,25,4.5,54740.4
637.1,Road,92.1,20,4.4,19368.11
3062.9,Sea,6119.3,24,7.5,32383.45
3754.2,Road,5558.0,23,2.7,76901.69
4143.5,Rail,6561.7,13,8.7,49504.62
1333.5,Road,5236.0,25,7.6,42086.43
359.6,Rail,5948.7,20,1.5,18246.47
177.5,Road,5925.6,14,4.9,20371.64
1613.4,Road,8291.6,28,8.8,53714.56
690.2,Sea,6613.7,2,9.3,10799.55
1639.1,Air,2760.9,1,4.9,94607.56
4040.3,Air,497.8,17,1.9,158662.5
1050.6,Road,4042.3,14,1.6,29757.87
2624.9,Air,6545.0,26,2.0,185381.81
4397.8,Rail,2255.5,23,9.0,52531.52
1712.3,Road,9725.4,16,5.8,51616.98
968.1,Sea,9877.1,18,3.3,19979.81
4260.2,Road,4563.1,8,5.0,77392.96
2613.7,Road,9634.3,29,1.6,69428.84
250.7,Sea,7443.8,5,4.1,9888.4
585.7,Rail,6564.8,2,3.7,12691.57
2616.0,Road,7594.3,4,7.9,57141.05
2177.7,Multimodal,6824.7,22,4.3,47413.4
2019.1,Road,8291.2,3,9.6,49071.25
2464.5,Road,239.4,24,3.9,48989.12
1637.6,Sea,9018.2,28,1.7,26634.5
3752.5,Sea,2431.9,22,7.9,33759.58
4257.9,Rail,5469.1,23,2.5,50041.12
1420.6,Rail,8548.6,14,4.7,26856.08
3055.5,Sea,3331.0,12,3.5,24107.44
1708.9,Sea,9871.8,15,3.1,21800.28
709.5,Multimodal,1910.8,26,9.8,25477.06
947.4,Rail,2117.1,28,3.8,23276.84
1093.2,Road,5070.7,29,6.7,39752.39
2218.7,Road,781.1,1,8.5,37491.52
1183.2,Road,170.6,27,7.8,31663.35
2318.5,Sea,6652.0,5,3.3,18845.01
5.5,Road,4604.7,28,9.9,21533.78
1408.2,Rail,7109.8,19,2.2,27193.34
1759.0,Road,9556.0,20,3.5,53253.54
2803.5,Rail,9431.1,5,3.6,34464.96
218.4,Road,7484.3,1,5.3,17900.35
4154.0,Multimodal,4319.7,18,4.9,65259.87
1401.2,Road,4559.8,20,4.0,38985.57
2229.7,Rail,4623.3,22,1.4,32416.33
3129.2,Rail,8583.2,10,6.9,40170.73
1661.7,Road,8166.2,27,8.4,53583.43
2836.3,Road,7060.5,24,1.1,65733.21
2223.0,Road,6531.5,22,8.6,57362.77
2137.2,Road,2803.4,18,1.6,45290.31
830.7,Road,5266.0,24,2.1,33234.46
1768.9,Rail,3400.9,28,3.1,30880.59
935.2,Road,5778.6,13,9.3,31677.01
3559.7,Road,9150.6,29,9.6,86886.55
601.3,Road,5525.2,4,6.7,21684.92
196.1,Road,9977.0,23,5.1,31876.53
1773.1,Road,4997.7,5,3.5,38509.59
75.3,Sea,1718.8,10,6.5,9047.71
1613.1,Road,9795.3,23,2.8,52617.29
3513.2,Road,1710.5,20,3.4,65502.06
3597.8,Road,5770.5,7,1.8,67292.39
1710.5,Sea,7267.4,7,6.5,18081.17
2793.3,Road,4846.3,25,5.6,63410.66
2794.9,Road,436.2,8,9.2,49380.91
1954.2,Multimodal,6296.2,8,9.0,39159.52
2433.3,Rail,9859.4,28,3.3,42107.5
2808.9,Rail,6825.6,15,2.4,36116.6
1985.8,Air,6123.0,23,3.7,156960.28
4255.5,Road,5906.0,4,3.6,77007.31
3892.2,Sea,3617.0,23,1.0,31397.38
3161.0,Rail,2884.5,15,8.1,38094.17
2544.5,Road,7294.5,17,8.9,61692.22
3112.9,Road,2930.9,13,4.1,58800.6
3736.1,Rail,9128.1,20,2.8,47932.52
528.3,Road,1940.7,5,4.0,14284.47
503.3,Road,9737.3,9,8.7,30129.22
1704.9,Multimodal,4392.2,26,2.9,39845.96
4246.7,Road,961.5,7,9.5,73084.63
617.2,Rail,401.8,15,4.4,13348.84
2309.8,Sea,8314.3,27,8.4,31090.5
1019.2,Rail,5178.2,27,4.1,26235.21
695.3,Multimodal,1961.9,17,8.2,21060.99
3944.1,Rail,2651.8,23,9.3,48907.21
3122.2,Rail,989.3,22,6.4,38388.98
2902.5,Rail,2587.1,2,9.4,30201.24
2574.4,Multimodal,814.5,13,3.4,38685.61
3238.4,Road,4163.6,21,3.1,66010.47
3431.5,Sea,4760.4,17,2.6,28065.13
1669.5,Road,5606.4,22,9.3,47270.43
1771.9,Rail,5686.6,27,6.5,33494.11
889.3,Rail,3019.4,22,3.9,21043.7
3883.1,Rail,8714.0,29,4.0,53593.4
610.5,Road,3184.6,19,6.1,24239.6
2472.2,Sea,5823.7,9,1.0,20152.5
139.1,Rail,3145.4,11,5.8,10218.64
2291.6,Air,8278.0,3,2.7,184409.46
3865.4,Air,9978.2,4,2.7,260983.7
4172.3,Road,1714.6,12,9.0,75104.4
3796.4,Sea,9550.1,12,7.5,32173.38
3437.9,Rail,720.2,13,9.7,38508.25
717.5,Road,8052.7,24,5.3,36916.22
2689.9,Road,9432.2,24,2.5,68368.95
553.8,Road,6515.3,1,6.0,21404.98
367.9,Road,3277.1,17,7.0,19870.6
54.5,Rail,1952.2,6,8.8,6091.1
1015.4,Road,8196.8,11,3.9,35599.37
3342.6,Road,987.7,14,2.3,58363.53
2163.6,Air,4793.0,4,7.0,139878.66
749.7,Road,7978.4,7,4.1,29476.31
1120.6,Road,8263.6,29,9.5,46372.11
1203.4,Sea,3502.9,23,6.9,21260.15
3702.3,Road,5264.6,17,5.7,74585.96
1260.7,Road,1487.9,5,4.9,24762.45
957.5,Multimodal,5751.0,9,2.6,25584.93
1911.7,Road,4707.3,1,4.2,38499.36
3979.5,Road,9078.8,22,5.7,87929.99
3361.7,Rail,4660.3,3,9.3,36594.51
3012.7,Road,6357.2,8,5.1,61598.84
4137.2,Sea,3686.5,9,5.2,28758.76
3588.2,Road,2825.0,14,5.8,67097.27
1517.4,Road,1287.8,16,3.8,33008.23
252.5,Rail,5040.4,10,5.5,12430.25
438.3,Air,5286.4,18,4.4,89616.49
1718.1,Rail,3955.7,16,8.3,26974.02
1603.3,Road,5588.7,11,8.5,40914.55
3792.7,Road,5878.8,5,6.3,72097.33
4418.2,Road,1223.1,4,6.0,72732.05
4309.6,Rail,2648.1,10,6.6,44660.27
2960.1,Road,8605.1,3,6.0,63027.49
1822.8,Rail,4838.9,25,2.2,31154.12
1670.4,Air,3475.7,12,8.0,110030.15
113.8,Rail,721.9,8,5.5,6520.23
3912.4,Sea,5092.0,2,8.1,26744.76
4060.4,Road,6416.9,1,6.3,75209.27
923.0,Sea,5661.5,17,4.8,17799.7
1586.9,Sea,7867.1,17,6.4,22154.99
2787.8,Road,2806.8,12,5.9,53933.2
1328.6,Sea,523.6,5,5.2,12285.13
1594.8,Road,5799.7,29,7.8,49038.47
2076.3,Sea,2318.3,4,8.5,17207.04
1638.4,Rail,1834.3,8,4.9,19880.47
493.2,Road,6494.7,10,9.5,24709.4
3276.4,Road,5343.9,25,4.7,71234.85
722.6,Sea,8554.5,26,4.8,21983.22
3857.5,Road,7723.7,5,2.2,73993.3
1463.7,Rail,4531.3,16,1.2,23769.18
1154.3,Rail,3101.7,12,10.0,19769.89
3198.4,Air,9770.4,3,5.7,235812.22
3477.3,Road,6753.3,5,2.7,66849.72
1406.0,Rail,9894.0,25,8.8,33700.14
4058.8,Rail,5818.5,12,7.2,46731.14
2990.4,Rail,2350.6,3,8.6,30919.06
582.3,Sea,6727.3,5,2.0,10978.46
655.0,Road,9060.7,21,9.6,36809.81
1017.1,Road,6359.6,17,5.5,35266.42
3522.0,Rail,4667.3,26,4.9,46030.93
4210.3,Road,2218.1,27,5.7,81516.8
3482.2,Road,7184.9,9,6.2,71317.36
115.8,Road,3141.1,4,3.9,9857.19
671.7,Air,4354.9,21,3.5,88085.75
2388.9,Road,6706.4,26,1.8,59699.0
2598.0,Sea,4873.5,2,9.2,20337.82
3773.9,Road,5636.1,2,6.0,69761.57
1629.1,Rail,2120.8,27,2.7,28007.83
3876.7,Road,8196.1,15,5.7,81595.21
721.5,Road,1524.2,25,2.6,25322.98
877.9,Road,1740.2,16,1.7,23824.3
1291.7,Sea,595.5,16,1.3,16320.46
1105.7,Sea,7077.2,12,8.7,17555.66
3525.4,Air,9321.5,1,7.6,242182.1
1535.6,Rail,712.8,13,4.1,20192.09
509.4,Rail,1780.9,10,4.4,11381.31
2332.0,Rail,3735.3,29,6.6,37332.62
573.9,Road,2835.9,18,9.7,23020.71
3706.8,Road,6306.3,2,1.1,67196.38
1499.0,Rail,410.0,24,5.7,24992.12
2226.9,Rail,5832.7,24,2.7,34818.05
3977.8,Road,5522.8,9,7.9,77016.09
1809.5,Rail,423.3,6,5.1,19245.23
437.9,Air,3762.7,1,3.4,63545.58
3894.7,Sea,9210.4,5,8.8,30156.58
622.4,Rail,1935.4,11,8.5,13384.67
3384.3,Road,9296.9,26,7.1,81753.19
1988.3,Road,7310.0,11,3.5,48545.12
3467.7,Sea,2599.0,13,7.1,27916.24
469.8,Road,94.9,6,7.2,10808.06
3344.8,Rail,4233.9,13,7.5,39678.18
2738.3,Air,5995.2,9,6.5,177017.04
1016.5,Road,1087.8,13,4.7,23865.42
1955.4,Sea,644.0,1,3.4,13064.74
3866.3,Sea,455.3,4,7.1,24971.89
2427.6,Road,7579.3,3,6.6,53161.44
604.9,Road,7698.0,6,4.8,26480.43
3402.2,Sea,6657.8,2,7.4,24420.45
561.3,Air,7175.3,9,1.9,112452.88
1587.4,Road,3479.0,3,5.5,32512.67
476.4,Rail,1202.5,12,4.9,11546.09
1786.6,Sea,1365.4,13,5.6,18527.19
3854.8,Road,3153.0,27,9.2,79601.64
3502.9,Road,3750.5,2,9.5,64043.3
4094.9,Air,9080.1,28,8.2,272502.83
2432.1,Rail,3774.5,12,4.1,29758.05
2951.0,Rail,4366.8,5,1.1,30069.44
2847.3,Rail,4304.6,29,6.9,42494.07
228.9,Rail,7287.9,9,2.1,13584.25
2729.8,Multimodal,302.6,22,9.4,46300.7
2122.3,Rail,4477.3,12,9.9,29649.53
1625.0,Road,8689.9,22,3.0,50514.45
720.4,Road,8727.6,29,3.9,40198.49
567.8,Road,7398.0,3,8.0,24102.17
2284.9,Road,4019.0,5,4.4,44659.95
756.6,Air,2518.1,28,9.9,72954.32
3372.8,Rail,919.9,17,2.5,36187.63
3478.2,Rail,4821.1,13,1.8,38463.9
1300.7,Multimodal,8566.5,3,1.8,30903.03
2780.2,Road,3491.5,18,4.6,57142.3
285.6,Road,5140.1,16,1.6,21201.17
4083.4,Road,3288.6,2,4.2,69146.84
2820.7,Road,4034.2,11,6.2,56340.18
1601.4,Road,1409.6,24,2.7,37797.72
2485.5,Road,6938.8,29,2.0,62951.4
1576.7,Road,502.3,21,3.4,34533.94
369.0,Road,9741.9,14,4.2,30047.45
1183.7,Multimodal,3846.9,10,6.5,26403.92
51.6,Road,2722.0,25,2.3,17411.83
3477.5,Rail,5901.8,10,1.1,37671.91
4349.9,Sea,9027.6,7,4.6,30574.18
1381.4,Sea,8839.6,16,8.5,21503.66
3228.5,Multimodal,9252.5,19,3.7,61755.05
2358.4,Rail,951.0,17,6.9,29867.83
100.5,Road,2274.0,7,1.7,9300.49
4385.4,Rail,743.1,3,7.6,41110.79
4331.4,Rail,939.1,2,3.6,37758.46
4004.3,Rail,1889.1,2,3.2,35750.68
1420.7,Road,1211.6,1,2.7,24294.19
607.0,Air,3325.9,21,8.8,73890.02
1419.9,Rail,4091.7,21,4.1,25847.26
3317.6,Rail,3397.8,24,10.0,44892.77
2153.2,Road,4089.3,15,8.5,48635.16
4126.7,Road,8680.0,26,8.3,92742.99
92.6,Road,8279.6,23,5.0,27296.82
4327.1,Rail,9626.8,21,9.9,58231.27
4311.3,Road,7877.5,27,1.6,90556.07
3530.6,Multimodal,8420.7,22,8.5,67842.95
2285.2,Road,6941.8,14,6.4,54829.06
1615.3,Air,1751.5,14,9.3,88628.2
4300.3,Road,9366.2,27,1.5,92949.25
3102.5,Road,2099.9,13,5.2,57606.27
3441.0,Road,6778.7,25,9.1,78575.2
3638.0,Road,2305.0,19,9.0,70860.6
3872.9,Road,905.9,27,3.5,72619.3
2259.0,Road,1969.2,11,5.6,43736.48
4304.4,Road,2328.6,11,6.2,76108.03
1331.5,Rail,3811.2,26,9.5,28265.29
3559.3,Road,701.4,27,7.0,69383.93
576.1,Rail,5861.1,25,9.4,22923.2
1660.8,Rail,7990.7,20,2.0,30338.57
2001.5,Rail,7647.1,3,6.0,26303.1
2495.5,Rail,8375.6,17,2.7,36291.34
344.1,Road,9794.8,11,2.9,28294.28
1782.8,Rail,9958.2,6,3.7,27258.88
1406.7,Multimodal,4110.6,23,1.4,34230.3
2081.3,Multimodal,5025.9,1,3.8,34144.47
3285.7,Road,4986.8,12,8.4,66767.19
685.1,Sea,6424.1,17,8.0,17347.73
3072.9,Road,2464.4,29,1.9,63526.37
1609.7,Road,7728.1,11,4.0,43731.43
1382.3,Sea,1275.5,5,9.5,13858.9
1813.2,Road,9512.5,6,2.7,47507.01
3852.7,Sea,1256.2,8,5.6,26213.09
307.7,Road,7429.2,19,6.8,27297.27
2587.2,Road,3977.7,22,2.7,56270.45
3308.1,Air,6342.2,19,4.0,204982.6
2810.7,Road,3150.0,13,9.2,56796.06
2411.5,Road,1205.7,3,6.6,41506.55
2801.6,Rail,9381.2,1,9.6,35184.6
1596.8,Air,5105.8,25,4.6,132045.79
1914.2,Road,3012.2,20,2.1,43307.35
1749.1,Road,6248.7,5,2.9,40213.62
2612.1,Road,2586.5,20,6.0,54453.29
3981.7,Road,414.1,4,9.0,66362.54
2129.9,Rail,7938.6,9,2.9,29266.15
1826.1,Road,9958.7,22,6.7,56695.92
3050.8,Rail,9564.9,12,3.3,39607.63
895.7,Rail,8798.7,19,3.9,24915.31
4016.1,Sea,7476.8,29,2.9,37388.21
3407.3,Rail,1627.9,28,9.6,45790.06
1577.4,Air,1566.3,23,7.7,88704.07
941.6,Rail,1505.3,24,7.6,21485.76
2879.9,Road,4601.5,14,9.6,61108.9
4316.5,Multimodal,4765.3,4,7.2,63054.56
3936.1,Road,5780.1,23,2.3,79859.26
352.1,Road,2274.9,13,8.1,16081.13
1253.3,Sea,406.7,5,9.2,12633.87
3094.6,Rail,1016.6,12,4.0,32622.58
2444.5,Road,703.3,19,7.6,48730.86
880.0,Road,7930.2,26,6.1,40147.3
3897.9,Road,1355.6,14,1.2,66536.04
4345.9,Air,7507.1,23,2.5,256679.39
1748.6,Rail,1079.9,21,4.9,26050.94
2673.5,Sea,4963.4,12,8.7,25076.25
1596.9,Road,2885.7,3,5.2,31473.92
933.6,Road,6517.8,24,4.9,37339.31
4042.2,Rail,1468.4,7,5.9,39539.53
1900.1,Rail,5890.3,2,1.6,22129.1
128.5,Road,5720.2,14,6.4,19150.06
1456.8,Road,4035.5,20,6.9,39476.89
1786.3,Rail,4830.1,22,7.0,30731.44
768.5,Rail,1478.3,2,8.3,10177.25
3309.6,Road,8107.0,8,5.1,69346.3
800.6,Air,6051.5,28,4.8,116345.17
3902.2,Sea,1203.3,15,3.4,28375.18
2734.7,Road,9176.2,6,7.6,62496.03
3565.9,Road,6230.0,27,9.9,81032.99
3067.3,Sea,1731.6,17,2.4,25199.74
3433.9,Road,2249.6,19,2.6,64286.08
1880.1,Rail,2049.4,11,7.1,24102.54
2671.7,Rail,2260.8,25,4.6,36255.05
1720.0,Rail,2105.6,27,4.0,29160.54
3241.2,Rail,7462.3,9,5.3,38868.9
1400.9,Road,5918.1,29,8.0,46361.36
1509.9,Road,2341.2,26,7.3,40052.09
3725.9,Road,9320.2,5,8.0,78081.38
814.8,Road,126.1,5,6.2,15696.42
1798.6,Air,6859.1,23,8.0,160307.47
2581.8,Multimodal,5438.4,15,6.4,47747.55
605.1,Road,5319.0,4,9.2,21590.65
2759.5,Road,5518.0,8,3.4,55623.23
1685.3,Road,4871.4,8,9.7,39790.33
967.9,Road,9465.3,23,9.7,43433.15
261.6,Rail,6191.2,10,8.0,13653.81
2537.0,Road,4599.3,20,8.5,57857.4
4371.3,Road,8602.0,17,9.4,93331.07
3480.6,Air,8897.7,3,6.0,235568.78
1785.8,Rail,7746.3,29,2.7,35227.37
857.3,Road,5742.4,17,4.2,31513.92
3379.5,Road,436.6,29,8.5,67771.41
3887.4,Rail,9102.0,28,4.8,53963.29
1556.4,Road,8177.5,23,2.9,48908.93
284.5,Road,9335.8,1,5.4,22232.58
2788.5,Rail,1354.0,24,1.5,34876.11
417.2,Air,9611.8,29,7.5,145910.62
785.2,Rail,9657.3,16,6.1,23665.31
24.8,Rail,4539.4,21,4.8,14971.18
1177.7,Air,753.0,5,5.8,55984.23
3429.3,Road,6222.4,16,9.0,73393.31
3694.2,Road,6266.2,29,3.9,80681.34
4266.9,Rail,5310.7,1,7.2,43003.14
3703.4,Road,3288.2,1,5.3,63514.79
954.7,Road,727.4,2,3.5,17160.66
2358.1,Road,5628.2,3,4.7,47916.28
2642.9,Road,3148.6,17,3.4,53532.8
578.1,Rail,1005.6,17,3.0,14376.05
1962.3,Rail,1910.9,15,6.6,26328.84
1377.5,Road,7907.2,1,8.6,36987.45
3389.0,Road,8066.2,18,3.1,73918.1
363.2,Road,7678.5,8,8.8,23756.65
1244.9,Road,767.5,17,7.2,29054.33
471.1,Rail,1114.7,13,6.9,11992.79
2086.4,Rail,2340.3,8,4.2,23781.85
854.0,Sea,9793.9,12,9.1,17385.19
476.8,Road,2756.2,16,9.4,20398.26
2964.6,Sea,9348.3,11,6.8,27010.03
3803.8,Rail,6595.2,6,4.4,40887.95
910.8,Road,283.5,5,3.9,17090.09
554.1,Road,4879.2,16,9.2,25329.77
2973.3,Sea,8362.6,25,8.4,33733.65
199.5,Rail,644.7,1,3.8,3820.79
1076.3,Sea,6103.0,1,1.0,10967.87
1375.8,Road,3211.5,10,7.9,32537.18
4138.5,Rail,2010.8,27,6.8,50452.3
1583.1,Sea,5289.5,20,2.5,21423.21
2398.8,Rail,7961.8,13,2.6,33172.64
3479.6,Rail,7787.8,14,2.9,42045.57
3804.2,Road,1750.2,25,2.3,71454.76
434.5,Road,3488.3,14,2.5,19666.73
3395.0,Multimodal,3488.5,4,1.6,47136.04
3393.0,Road,8246.3,9,2.0,69703.38
3952.9,Road,4967.7,9,8.5,75883.19
3446.4,Sea,3758.7,25,2.4,31236.84
586.4,Sea,8053.6,2,1.8,10102.35
1356.9,Road,8910.6,3,4.3,38569.38
1908.1,Rail,3244.6,1,2.9,19711.53
514.0,Air,9852.6,22,6.6,149086.36
547.7,Sea,5361.9,22,9.9,18578.46
3549.6,Road,628.6,8,2.4,58166.28
770.5,Road,3663.6,17,4.0,26521.25
4073.4,Rail,5447.1,9,8.0,45658.26
960.4,Road,8266.7,25,2.1,40957.36
2211.3,Road,7094.9,13,6.4,53413.54
956.4,Road,2003.1,22,9.1,29226.44
4235.4,Multimodal,4242.7,9,6.4,62923.18
2442.0,Road,992.3,19,9.9,49908.12
2520.4,Road,8774.1,20,9.0,65397.93
3920.9,Road,47.2,10,3.3,64113.17
677.9,Rail,2614.5,14,9.4,15935.34
395.2,Rail,7625.5,14,4.9,17615.74
4385.8,Road,229.9,4,4.1,69071.89
4133.8,Road,7213.2,5,6.6,79809.89
1141.0,Road,6546.8,17,1.7,36889.5
2666.8,Sea,4460.1,3,1.3,17855.51
3122.1,Sea,1422.1,10,6.3,23994.77
4170.5,Road,3101.7,18,1.7,75816.34
949.9,Road,1998.8,6,2.3,21008.64
3547.8,Road,69.5,15,10.0,64253.43
807.7,Road,3683.9,5,1.2,21298.1
2519.6,Multimodal,9024.9,26,7.3,57669.03
906.0,Rail,4801.0,24,9.5,24335.88
1343.3,Road,6010.1,23,4.9,42276.97
2395.3,Multimodal,9414.6,11,6.2,49633.04
1441.2,Rail,4514.5,28,3.6,29451.57
4487.2,Rail,5838.8,1,5.3,44188.81
2902.5,Multimodal,932.7,20,9.2,48356.49
3764.4,Air,1345.7,27,1.7,163536.03
889.5,Multimodal,5844.2,28,8.2,34241.25
590.3,Sea,487.4,8,2.9,9888.88
1264.7,Sea,367.7,1,6.2,10365.38
3666.0,Road,1054.2,29,4.0,70960.28
896.9,Road,2339.7,2,2.7,19063.74
1109.0,Road,984.7,19,9.3,28530.04
3345.3,Air,2569.4,28,9.1,167563.85
3605.1,Road,7389.0,26,3.0,79538.18
2465.8,Road,4162.0,25,7.0,57741.87
653.0,Rail,6644.8,12,3.7,17817.76
3757.1,Road,7647.4,19,3.4,79303.74
2621.6,Rail,3287.4,9,9.4,31621.62
4195.2,Rail,8942.0,16,7.0,52283.05
933.3,Road,8616.5,27,7.6,42884.03
662.0,Rail,4138.1,28,3.1,22752.32
1019.6,Rail,8255.8,28,7.8,30017.57
859.8,Road,3377.4,1,7.8,20639.47
3625.9,Road,7236.5,3,5.8,70734.44
433.1,Road,9711.9,8,7.8,28442.4
3653.8,Sea,3122.3,6,9.5,27395.02
2907.8,Sea,5729.7,13,3.8,24909.09
4126.6,Road,3609.5,17,5.6,77978.11
2101.2,Road,4978.7,7,5.6,44993.01
1218.3,Road,2185.9,16,2.2,29852.34
4060.3,Multimodal,4287.6,7,2.1,57490.7
37.4,Road,6449.5,10,6.4,17313.84
4131.6,Road,3452.9,28,9.7,85298.65
2813.3,Road,2896.8,9,8.1,54092.55
731.5,Rail,3317.2,13,8.1,16387.28
1322.4,Sea,3130.8,8,6.4,14873.66
2657.4,Multimodal,1612.6,28,2.2,47103.23
441.4,Sea,9064.0,11,3.1,14022.42
263.1,Road,9557.5,7,5.1,24955.26
2337.3,Sea,2655.1,24,2.7,25638.79
155.6,Multimodal,6170.7,18,6.2,21187.76
3470.6,Rail,3158.5,25,2.8,42805.59
3137.4,Road,5805.0,12,6.3,64891.8
4174.2,Road,2939.7,13,6.3,76173.88
3716.4,Sea,617.5,20,1.5,28489.5
290.6,Multimodal,1506.3,17,9.5,15518.28
912.8,Multimodal,5236.7,20,9.9,30116.91
906.4,Rail,2501.3,25,1.5,21690.28
1992.8,Rail,4841.2,7,6.8,25644.0
2462.0,Rail,9101.3,13,1.7,34278.27
2085.3,Road,420.1,1,4.0,33281.83
1025.8,Multimodal,8154.8,10,8.8,31325.58
4118.3,Sea,4874.2,23,8.5,37593.78
171.1,Road,1552.0,25,3.4,17262.54
140.6,Road,2329.3,15,6.9,13789.18
3416.9,Rail,9908.9,14,1.4,42803.11
1285.5,Rail,3483.9,21,8.4,25130.43
3347.9,Road,657.4,2,3.4,52986.89
1349.8,Rail,5861.7,17,8.8,26082.23
2548.9,Multimodal,1930.0,24,6.0,45969.59
3895.3,Road,8985.7,24,8.4,88931.44
848.1,Rail,3552.6,28,8.6,24343.21
3229.0,Sea,6187.3,19,7.5,31088.55
3652.3,Road,8516.6,14,5.6,78260.06
4382.3,Road,9841.0,1,3.8,84861.77
862.8,Multimodal,9584.4,16,1.2,33205.36
2257.5,Rail,1132.6,22,3.6,30288.99
1326.3,Multimodal,3384.0,15,8.9,30140.07
1963.3,Air,6434.2,10,2.7,153606.9
304.0,Road,1250.8,6,3.0,10057.97
4022.8,Road,3834.0,1,6.9,70484.15
1447.0,Road,9504.8,14,9.1,46942.02
4450.2,Rail,1915.7,6,4.5,41915.67
1984.8,Air,4975.3,4,6.0,135240.19
1596.6,Rail,505.0,7,6.8,18382.58
2270.6,Sea,6403.1,11,2.1,20867.39
633.8,Rail,5935.9,1,6.5,12358.69
3809.3,Road,8355.3,7,5.5,77141.22
3636.6,Road,8719.7,4,7.5,74934.05
3705.9,Road,2132.0,5,4.6,62912.43
1869.6,Multimodal,8593.9,10,3.8,40976.0
1617.5,Rail,9800.3,24,5.9,34400.9
4314.9,Road,8848.4,18,3.4,89360.38
2557.3,Rail,8638.0,5,7.1,33141.87
4000.4,Rail,5724.4,8,7.1,44236.75
1172.0,Rail,6554.8,8,4.1,20140.92
2453.0,Road,7884.5,23,6.7,63132.89
3036.4,Road,1790.5,27,9.2,64199.09
446.5,Road,9775.0,8,5.7,28650.68
3977.7,Road,2988.3,14,5.5,73254.33
1990.3,Road,5150.4,22,9.1,51443.44
3586.5,Sea,5486.3,11,5.1,27737.79
3596.0,Rail,8368.1,2,2.1,37710.05
3067.8,Road,4662.3,5,8.5,59560.82
1712.6,Sea,4150.3,26,7.6,25565.45
2528.9,Road,3544.5,2,4.4,46126.21
3628.8,Sea,8845.7,19,7.6,34225.25
466.2,Sea,8517.7,23,1.2,19235.69
3679.9,Rail,4296.6,25,5.0,46672.28
1294.6,Sea,4162.3,18,5.1,19464.54
1704.2,Rail,1899.8,10,1.3,20518.51
1279.0,Sea,5037.1,12,3.4,16673.08
4420.2,Rail,3402.7,29,3.7,52912.08
3210.2,Road,4066.0,23,9.3,69268.81
4491.2,Road,1965.8,13,9.4,81458.13
437.2,Road,6157.2,6,7.5,21228.49
4358.1,Road,4366.5,11,8.9,82444.96
1023.1,Road,9065.5,5,5.5,34880.77
88.8,Rail,4267.7,10,1.2,10275.17
976.7,Rail,7885.8,15,7.6,23468.0
832.4,Air,5951.7,26,3.9,115200.2
3364.4,Road,8988.8,24,1.6,77156.08
3024.3,Road,8600.1,5,6.7,65251.22
1604.0,Road,8642.5,27,2.8,52206.77
837.6,Sea,9782.1,10,8.3,16284.72
1620.9,Road,1092.7,5,9.3,30623.85
4345.7,Road,2781.9,15,8.7,81003.69
1361.0,Road,11.3,12,8.0,27367.99
3094.7,Sea,8066.2,12,1.9,25434.93
1512.4,Road,6968.3,22,4.7,46147.19
3627.2,Rail,9306.6,25,8.5,52645.15
2593.7,Road,7082.6,10,2.4,56372.35
2998.9,Multimodal,599.0,5,9.7,42552.05
175.4,Road,2176.7,1,7.6,7727.1
3312.1,Road,937.3,3,5.9,54542.25
1214.0,Rail,172.4,28,8.3,24546.27
2898.9,Road,2728.4,7,9.7,54921.26
1889.0,Road,5797.5,27,1.5,50987.7
1445.9,Rail,8711.4,14,6.9,27828.09
1581.2,Road,6641.0,12,9.7,43166.21
528.9,Road,1856.1,23,3.9,22307.97
604.0,Rail,4814.8,10,6.3,15106.32
534.5,Rail,2302.5,19,9.1,16598.33
3035.1,Road,5967.6,3,6.4,59531.13
1265.9,Rail,6003.7,20,2.8,25706.01
4319.6,Road,3560.8,19,2.1,79469.68
3693.4,Road,1675.6,19,3.2,67401.57
1556.8,Road,7177.8,28,4.5,49938.67
2323.8,Road,3000.0,12,6.8,47474.96
3533.4,Multimodal,9288.3,27,6.8,70539.68
662.3,Sea,3943.8,8,2.3,11482.97
825.8,Rail,87.6,17,1.4,15270.06
1707.2,Road,5404.4,27,1.6,47624.66
2353.2,Sea,5110.4,26,1.4,27143.46
576.1,Sea,3538.4,26,5.7,19405.92
2102.4,Road,1304.9,1,4.5,35345.68
886.8,Rail,6785.3,2,3.9,15345.8
3956.4,Road,2995.6,23,9.4,79185.9
4208.7,Sea,460.0,11,5.8,29172.33
3311.5,Road,9147.5,12,9.0,74837.19
620.9,Road,1619.9,22,8.2,23153.42
3095.9,Air,1505.3,7,5.8,134702.3
2429.7,Air,1465.1,2,6.2,108306.7
3823.4,Sea,2422.5,10,3.8,26525.17
1719.6,Road,2332.0,22,6.4,41332.07
4412.8,Sea,1396.1,5,2.0,25323.3
3606.0,Road,7638.2,1,4.4,69494.29
914.1,Road,7232.4,10,5.5,32136.86
3014.9,Road,407.3,11,5.6,52514.47
2336.7,Rail,1247.9,2,7.3,23233.11
3310.8,Road,7940.3,24,7.4,77539.23
1693.2,Sea,5324.3,24,7.4,25041.73
65.8,Sea,2106.0,23,9.3,15095.43
1747.1,Sea,7903.0,3,6.3,16658.46
2963.7,Multimodal,7424.0,17,7.7,56819.79
608.3,Rail,7269.3,16,1.7,19712.44
4223.9,Air,855.1,2,7.1,166057.37
1518.5,Road,7536.7,8,3.0,40433.6
2657.1,Air,4013.5,9,5.6,149921.07
502.7,Multimodal,2172.4,14,6.9,17561.56
116.9,Road,4621.8,22,3.3,20651.73
2358.0,Road,2992.0,4,5.4,44002.37
2129.2,Road,8718.0,14,5.5,55262.57
4490.0,Rail,5166.8,20,7.5,53526.53
3711.1,Rail,6978.1,15,9.4,47248.83
3164.6,Rail,866.5,27,5.8,40713.11
2884.1,Rail,3164.0,26,1.2,37958.86
4252.7,Road,6851.9,6,3.6,79609.97
4019.3,Air,2811.9,15,1.6,184549.51
450.7,Road,5753.1,29,3.4,30765.77
1419.3,Sea,2790.6,29,9.7,25453.99
968.7,Road,2551.1,17,7.7,27998.98
3015.8,Rail,2199.0,6,6.7,31595.41
3843.6,Road,2298.5,2,10.0,67132.88
4267.3,Sea,7475.2,11,8.2,33768.44
4480.8,Multimodal,362.1,12,1.4,58181.67
3882.8,Road,2490.8,21,9.3,76222.65
1535.3,Road,9094.8,26,6.3,52400.33
911.0,Road,3231.7,25,6.0,31858.79
1231.6,Road,3798.1,25,6.7,37730.75
3143.6,Rail,7892.8,17,1.8,40304.21
2915.9,Road,7052.0,28,8.0,71670.28
3780.1,Road,269.5,4,6.5,61364.05
1206.9,Rail,1073.8,15,3.0,18543.49
2543.3,Rail,4299.7,22,3.9,35509.1
4080.2,Road,5002.5,29,2.9,83673.84
318.8,Multimodal,1667.7,10,4.9,12649.34
1625.6,Road,2505.0,11,8.4,35671.77
366.0,Road,7826.4,16,9.3,27661.86
3380.6,Road,3892.0,8,6.0,63246.89
251.6,Road,7915.9,4,7.5,20593.16
4257.1,Sea,7469.2,10,2.0,29326.77
3757.1,Road,3737.6,10,8.7,71228.34
261.6,Sea,8401.9,22,6.9,18098.86
3683.7,Road,6170.8,21,6.9,78363.31
498.7,Road,300.6,23,4.3,18913.29
3156.2,Sea,1968.6,4,3.9,20543.03
3130.9,Road,2070.8,10,9.7,58767.77
4338.2,Air,102.8,7,4.9,161887.74
2059.9,Road,6986.4,18,4.8,52621.16
3382.2,Road,7191.5,6,8.3,69576.01
2549.6,Road,8168.0,19,9.6,64561.06
4412.1,Air,4852.9,23,7.6,230569.12
2263.8,Rail,3334.2,11,5.1,27881.62
4234.2,Road,6685.5,8,2.5,79266.05
1834.8,Air,7529.0,17,3.0,165537.51
851.2,Multimodal,7771.7,17,5.6,31348.54
1700.4,Rail,5202.5,6,2.2,21886.32
2015.0,Road,2620.2,10,6.9,41217.0
2956.0,Road,926.2,26,7.4,60076.23
2778.4,Road,4994.9,21,5.2,61538.13
843.0,Air,3279.3,19,6.3,80723.38
573.0,Road,9298.4,11,8.0,31360.87
2337.1,Road,9818.7,23,7.3,65078.1
270.8,Road,205.8,21,8.1,14656.36
2776.7,Road,9218.8,2,6.4,60980.96
2763.3,Sea,4990.6,17,5.6,26570.87
902.6,Road,7088.0,7,7.0,30570.51
4251.8,Road,1814.8,29,7.0,83051.48
2586.0,Road,8724.2,20,9.8,66627.33
4499.6,Rail,1498.7,25,1.7,48668.2
198.2,Multimodal,7411.8,18,4.5,23495.45
3409.3,Road,7527.9,23,7.0,77593.95
1157.6,Road,337.0,21,1.4,27739.1
2335.8,Road,5881.8,18,5.3,54981.28
476.7,Road,6440.4,21,9.9,29257.96
679.4,Rail,7681.2,18,2.5,21534.01
1435.8,Air,6620.4,24,3.6,143698.05
3506.4,Multimodal,536.6,12,4.9,49260.37
3710.0,Road,4805.8,24,3.8,75904.75
813.2,Air,8229.2,5,2.6,132375.54
593.0,Road,6003.2,6,4.7,23109.09
4262.5,Rail,1530.6,15,4.2,43990.72
3247.3,Road,1708.5,29,9.8,68648.54
630.5,Road,3136.4,10,7.4,20601.48
369.6,Road,5116.4,15,6.0,22191.6
1739.7,Road,3303.0,5,4.1,35087.23
510.7,Sea,1927.5,3,8.8,8424.11
3199.5,Multimodal,6112.1,21,1.4,56507.87
821.9,Road,8206.7,26,2.9,39301.06
2221.4,Sea,6137.6,11,6.7,21996.39
1651.7,Rail,1496.3,14,1.0,21507.68
2800.1,Road,429.3,29,6.7,57828.17
4169.3,Road,5917.9,11,9.0,82336.13
1890.9,Road,9787.1,17,4.0,54480.03
2155.7,Sea,1900.5,27,9.9,28251.66
3895.0,Road,6088.7,4,7.6,74332.37
2848.1,Rail,4723.3,15,4.2,35255.31
244.9,Road,8340.9,15,3.6,25993.68
133.1,Sea,601.9,8,7.7,7979.39
4194.9,Road,4381.7,15,1.3,76860.77
913.0,Sea,3006.8,19,4.7,17506.86
4102.6,Road,2449.0,4,6.1,70053.82
1963.2,Rail,7405.3,6,1.5,25749.03
2062.9,Sea,2043.3,5,2.8,15678.34
4465.4,Road,3637.7,6,2.0,75879.02
2319.2,Road,8922.3,22,8.9,63327.0
4380.2,Multimodal,7699.7,13,8.3,73032.62
2873.0,Road,6776.9,15,4.9,63298.07
3470.1,Air,3677.3,10,3.3,174344.02
300.0,Rail,6611.6,2,6.9,10651.44
69.6,Road,1606.9,13,5.7,10402.57
3243.6,Rail,6219.4,17,6.4,41886.94
2282.4,Rail,2190.6,10,6.1,26912.09
3595.9,Road,1665.1,28,6.1,71627.68
808.7,Sea,7366.0,16,7.4,17858.51
3673.6,Road,8168.5,14,1.4,75742.72
2992.5,Road,8451.8,20,3.3,69774.05
1147.5,Rail,710.2,3,5.8,12751.68
4097.7,Sea,1312.6,13,2.4,27720.71
4363.6,Rail,9009.1,1,2.4,44006.19
2071.6,Road,3900.1,26,1.0,49713.42
2033.6,Road,7270.5,6,10.0,48861.68
2573.4,Sea,3379.2,19,6.2,26083.48
3221.7,Road,2100.9,23,3.7,63290.63
3156.0,Rail,9481.5,25,4.8,46872.5
2396.5,Road,2163.3,9,3.5,44603.15
4133.5,Multimodal,6219.1,18,7.5,69554.86
737.5,Rail,3368.0,25,8.6,21891.0
899.8,Sea,9271.5,7,5.0,14519.99
3248.9,Road,8154.0,4,7.3,67717.56
3338.5,Sea,2610.5,14,2.9,25629.73
1774.0,Road,4112.4,10,2.1,38817.05
1348.4,Road,5405.9,4,5.2,32676.52
211.8,Road,412.0,7,9.5,7747.64
1743.7,Rail,3107.7,26,9.1,31181.33
1118.7,Rail,6595.0,4,4.5,18048.95
3754.1,Road,672.8,10,6.2,64136.74
2205.3,Road,3052.9,5,8.0,42933.24
2545.0,Rail,6572.4,4,7.4,30818.75
3344.6,Rail,2350.0,6,5.6,33929.49
1345.3,Road,2286.2,20,8.2,34881.59
3998.0,Rail,2021.1,8,2.7,38198.32
1778.1,Air,8020.1,29,2.6,174778.26
487.7,Road,7690.5,3,3.0,23009.2
3859.1,Sea,7242.2,17,7.7,33881.84
4152.5,Sea,8222.0,18,9.5,37475.91
985.3,Road,1312.8,17,8.7,26201.05
2937.9,Road,6768.1,9,8.1,62927.21
3098.9,Road,4888.1,13,5.1,62550.52
1105.6,Sea,3100.6,20,4.8,18964.14
1929.8,Rail,3794.5,21,10.0,31350.63
1792.0,Road,5079.8,15,3.9,43533.62
2827.1,Road,4102.3,22,6.2,61447.46
2202.0,Road,1510.4,5,4.5,38918.68
3043.8,Road,5738.4,5,4.6,59330.77
416.4,Multimodal,475.8,9,5.0,11751.42
1303.2,Road,2359.2,16,7.8,32436.58
241.1,Road,7688.3,22,7.8,28090.04
2492.1,Multimodal,2942.3,15,2.0,41308.02
1894.4,Road,9383.8,18,5.7,54761.25
4356.9,Sea,8376.6,9,7.9,33418.66
1372.5,Sea,3842.7,21,1.2,20165.45
1247.6,Road,8995.6,9,5.3,39987.16
1595.6,Road,1712.8,16,5.4,35281.77
2163.9,Air,1992.6,13,8.0,110522.13
2758.6,Rail,8380.2,6,10.0,36254.86
1615.7,Sea,8238.4,17,5.7,22335.54
3015.5,Sea,7475.4,25,7.2,33043.71
3240.4,Rail,7897.3,13,10.0,43250.92
3339.1,Road,5625.3,24,6.4,73064.05
3804.9,Rail,777.8,13,1.3,37024.26
693.6,Road,8942.7,17,6.7,35125.66
3361.0,Road,1321.8,7,3.2,56512.99
1334.0,Road,1723.2,5,7.4,26813.05
3270.5,Road,7929.3,11,7.5,70906.62
138.6,Road,521.5,19,6.3,12260.6
964.9,Road,4914.7,13,9.2,30576.07
2169.3,Road,2679.2,18,7.9,47541.44
2668.4,Road,3404.2,16,9.0,56183.99
4261.0,Road,3889.7,28,7.5,86716.6
1113.4,Road,1747.8,11,6.3,25864.92
2369.2,Multimodal,8052.1,14,1.0,46865.57
2219.0,Road,2863.0,25,4.4,50602.78
3118.5,Rail,4094.0,14,6.1,37486.2
1099.4,Road,762.4,7,4.8,21834.55
4177.8,Sea,984.1,11,5.7,29123.04
4476.4,Rail,5965.7,18,4.2,51121.78
3981.2,Sea,4242.1,21,5.9,34062.3
3172.6,Road,4897.0,1,5.5,58506.05
3031.3,Road,5994.5,25,3.2,68037.69
3376.6,Road,8535.8,9,4.2,71132.64
2518.8,Sea,2370.1,22,3.8,25847.62
1065.7,Rail,442.3,11,8.4,15817.07
4004.1,Multimodal,4972.5,18,1.9,62751.42
2957.1,Air,5700.6,14,2.1,181669.57
359.8,Multimodal,447.6,5,8.3,9256.95
2239.5,Rail,1326.2,14,4.5,26990.85
2018.1,Road,8765.8,22,4.1,56817.95
431.6,Multimodal,142.8,15,5.6,14109.81
1648.6,Air,7968.6,25,4.3,168186.12
939.2,Road,7001.5,17,2.0,34694.28
204.0,Rail,9544.9,24,2.7,22244.24
104.2,Road,2286.9,15,4.3,13009.72
1258.0,Road,2185.2,29,9.1,37475.15
417.0,Sea,5349.5,18,5.0,15730.7
3790.6,Multimodal,4848.5,3,8.6,57290.75
4391.0,Rail,6581.2,29,4.1,55861.38
2089.9,Road,6867.3,13,6.1,51085.11
2656.5,Sea,566.1,17,2.7,23051.25
4273.2,Air,5946.4,7,2.5,228151.87
3378.1,Rail,6847.8,20,4.6,44016.41
2294.1,Rail,4066.2,15,8.1,31652.7
1919.6,Air,8927.6,23,5.6,188780.33
3361.2,Rail,4591.5,9,3.8,36610.09
1452.8,Road,7748.1,3,5.4,38117.87
3375.9,Multimodal,980.6,3,4.4,44122.63
328.9,Sea,9423.5,16,1.0,15787.18
2318.4,Rail,4852.0,10,2.3,28270.53
819.0,Road,1893.1,22,1.6,25994.82
3306.9,Road,1080.6,8,4.8,56518.07
4364.0,Multimodal,4974.7,13,5.1,66614.85
2949.8,Sea,1923.4,13,2.4,22984.93
3263.0,Road,2385.2,24,3.6,64794.33
739.7,Sea,509.2,13,9.8,13565.66
2476.8,Road,9246.3,27,1.1,65661.12
3505.9,Road,3965.4,15,4.6,67665.79
3860.0,Rail,8043.5,27,9.2,54914.34
4390.3,Air,7991.3,21,6.2,265540.83
3361.1,Road,7552.2,22,2.8,74288.41
2583.1,Road,8099.5,20,9.4,65316.33
3666.3,Sea,244.8,17,5.6,28968.12
1164.4,Multimodal,7135.2,20,4.5,35253.56
3928.0,Sea,7950.3,2,8.4,28354.3
3517.8,Sea,3852.4,5,6.5,24801.66
755.2,Rail,5156.8,28,7.6,24946.6
3831.6,Road,8193.9,25,1.9,83291.36
3739.8,Road,9245.1,6,6.7,77945.98
4162.6,Road,4199.7,10,3.3,75118.45
4054.8,Road,3321.9,6,3.1,70027.54
1481.4,Multimodal,1943.4,21,5.5,31924.36
2303.9,Rail,2282.4,10,8.2,27877.39
3626.7,Air,3184.1,10,7.0,175995.56
3464.2,Road,286.4,20,6.8,63828.6
3633.3,Road,8308.6,10,5.6,75845.71
1051.6,Sea,8677.3,9,3.3,15726.77
3572.4,Road,1071.2,17,9.1,66828.06
461.7,Road,8249.8,25,9.6,34019.19
2179.4,Rail,6193.1,11,8.2,30758.02
256.7,Rail,2919.5,10,3.2,10398.21
2041.9,Road,1768.4,10,5.7,39639.64
1107.6,Air,8517.1,6,1.8,146508.4
2338.3,Rail,8539.8,11,2.9,32301.51
3210.0,Rail,5045.3,6,9.3,36989.77
144.3,Road,9520.4,27,1.8,32063.6
1188.8,Road,5822.4,6,9.3,32706.09
678.0,Road,4734.8,11,1.1,24041.42
830.3,Road,1858.6,25,8.4,28350.19
2620.9,Multimodal,1599.0,6,2.4,36873.06
292.6,Rail,2245.4,22,10.0,15784.91
3178.5,Road,9083.2,29,8.0,79876.76
1052.4,Road,2355.7,15,9.2,28244.84
4320.1,Rail,9073.5,15,4.0,51048.57
4205.9,Air,7568.0,19,9.9,255319.63
3294.8,Road,5161.6,2,6.4,61848.45
3544.5,Rail,3875.0,18,7.2,43303.55
3237.5,Road,2057.7,29,2.3,65397.06
3270.4,Rail,6448.9,10,9.4,40631.31
814.8,Sea,9734.8,1,5.0,11611.64
4168.9,Sea,8867.6,13,6.2,33365.91
3608.1,Road,2926.7,20,4.4,69630.99
2579.9,Road,9847.2,13,4.5,63211.21
751.9,Multimodal,7986.5,27,7.7,35272.28
3493.2,Road,6754.5,1,5.5,66717.23
4088.7,Rail,1051.2,23,3.1,45033.59
2126.4,Sea,7889.6,1,3.3,16672.86
391.3,Sea,1087.4,3,2.9,6929.4
4354.2,Rail,4989.3,5,6.5,44752.86
772.9,Road,7804.4,14,9.7,33268.71
3575.0,Road,1269.7,18,5.9,65947.03
4428.9,Rail,8976.0,23,1.1,53601.91
1316.9,Rail,9151.9,8,5.6,24055.65
451.7,Rail,6276.3,6,2.4,13134.67
3649.6,Air,7225.0,18,1.5,225852.59
317.4,Road,4252.6,24,7.5,24079.87
2379.2,Multimodal,3573.1,16,6.3,42939.56
3289.0,Road,7785.2,5,6.4,67624.84
2886.0,Road,1613.1,12,5.6,53173.81
2548.2,Road,5657.4,24,8.4,61816.13
1130.2,Road,5017.8,12,7.3,32688.34
1425.9,Rail,7452.8,15,5.9,26638.98
1616.8,Rail,8488.9,5,1.6,23650.15
2951.8,Road,6451.1,6,5.9,60293.5
3060.8,Rail,9329.9,15,9.3,43568.59
792.1,Road,4345.6,21,6.8,30190.12
107.3,Road,8430.9,16,8.8,24564.14
336.7,Road,1889.9,7,7.9,12369.25
3076.3,Road,50.1,15,6.1,54962.24
431.5,Rail,6307.3,21,5.8,19937.34
1409.5,Air,1787.7,21,5.4,83964.22
2480.1,Road,9775.4,10,6.3,60996.09
2484.2,Road,645.9,20,6.4,49270.64
2421.6,Sea,5595.5,27,5.5,29542.42
4139.1,Multimodal,8696.9,12,8.9,71516.86
1999.2,Road,5913.1,25,8.4,54028.33
751.1,Road,4886.1,14,7.1,27392.0
250.0,Road,5014.8,9,4.2,17433.86
2314.5,Road,1562.2,1,7.2,39891.04
2727.3,Rail,4342.2,25,4.9,38841.67
2600.9,Rail,9358.4,7,8.5,35523.79
867.8,Road,361.3,2,4.0,15322.04
196.9,Road,6514.9,10,2.6,19731.91
3946.0,Road,6492.7,18,4.1,80144.71
2005.1,Rail,9258.0,23,5.7,36642.92
481.7,Sea,1152.0,20,8.9,15513.27
2973.0,Road,6993.0,6,6.3,61783.46
2939.1,Sea,8414.5,11,3.0,24905.41
2760.0,Air,1114.8,8,5.9,118518.56
1049.0,Rail,2748.3,25,2.6,23183.62
3826.1,Air,5662.0,14,3.1,212487.66
400.1,Rail,82.7,22,9.1,14698.6
530.6,Road,1026.1,13,6.9,16529.42
1735.1,Road,492.3,16,7.9,35860.52
4048.7,Rail,36.5,21,5.1,44087.95
3702.1,Road,5793.9,3,2.0,67169.11
4090.6,Road,5187.0,14,9.8,81606.45
3154.7,Road,4744.6,18,2.5,64141.4
2799.1,Road,9712.3,25,3.1,71190.87
3527.8,Air,5519.2,29,8.8,209821.14
903.2,Rail,9509.8,11,9.4,22806.41
505.6,Road,6004.6,17,3.2,26624.35
4187.2,Road,6368.7,15,7.4,84150.92
3769.8,Road,1117.0,14,6.0,67003.0
1899.5,Sea,4214.7,10,5.6,18971.21
3502.6,Sea,8435.7,6,4.9,26206.93
2297.4,Sea,8470.4,19,2.4,25519.78
78.4,Road,8332.4,23,2.4,27053.18
72.9,Multimodal,6254.3,9,8.9,16317.23
2130.6,Sea,4600.7,16,5.6,22912.88
2640.3,Rail,7057.6,16,3.4,35865.43
3703.3,Rail,3568.2,6,1.3,35635.4
2655.8,Road,3085.6,25,9.4,59660.8
2671.2,Rail,7827.1,1,7.9,31924.06
4485.3,Road,3205.7,25,6.5,87208.04
12.3,Sea,1664.8,23,5.1,14589.18
1571.7,Road,9755.5,25,2.6,52822.51
4183.2,Multimodal,5182.1,14,3.0,63990.42
1726.5,Multimodal,2828.9,29,8.1,40390.33
1085.7,Road,4492.9,9,9.0,29936.64
1975.3,Sea,1615.5,11,7.0,19097.76
3456.1,Road,2888.5,26,7.7,71711.55
3433.9,Road,4427.3,20,2.6,68623.65
1503.5,Road,1914.8,13,1.2,31902.16
534.1,Rail,6931.8,21,2.5,21073.91
4340.1,Air,1406.3,28,2.4,185471.92
1040.9,Road,8669.9,29,6.3,45366.0
4173.3,Road,7029.5,19,5.1,85511.34
1817.3,Road,5294.8,19,4.5,46298.54
4445.2,Road,8257.5,14,7.8,91506.16
1120.5,Rail,548.2,29,4.4,24036.51
3011.9,Rail,6886.8,23,2.2,41370.91
3691.9,Road,1870.9,15,9.6,69542.01
1830.2,Sea,2866.2,9,6.0,17736.57
668.1,Rail,3989.6,17,1.5,17568.71
442.6,Road,5287.4,26,1.8,28329.01
1019.7,Road,7572.3,12,8.3,35723.4
251.9,Multimodal,2169.8,12,2.3,13507.7
3907.2,Rail,5769.8,14,4.2,44448.66
3170.0,Rail,2679.5,8,6.0,33846.77
2936.4,Road,1535.7,20,5.5,57392.45
3132.3,Rail,9140.7,25,6.5,47229.32
2862.1,Road,4702.1,10,9.4,59027.71
165.6,Road,1925.1,6,1.8,9208.69
2594.5,Air,8247.9,26,6.0,206361.84
1861.3,Road,3194.5,16,5.8,42166.6
715.8,Sea,1310.2,7,8.0,10870.07
2999.0,Road,622.4,27,3.8,59024.2
1928.3,Road,3351.3,17,1.1,42480.13
1159.4,Sea,8494.2,5,2.0,14148.55
3296.0,Sea,4323.0,18,8.7,30848.38
276.1,Rail,1749.6,29,8.6,18283.81
1648.9,Air,2981.4,27,8.6,110262.89
1254.4,Rail,1213.2,24,3.6,23152.48
552.7,Sea,6793.1,21,8.6,18652.96
589.6,Road,1782.6,16,3.7,19806.46
973.0,Rail,4441.2,26,4.4,24821.31
96.3,Sea,360.2,17,2.1,11713.86
2685.6,Rail,6554.9,8,3.4,32188.11
2302.6,Sea,3005.4,25,5.1,26887.73
3856.8,Road,1815.1,26,6.6,75270.94
3581.0,Road,7021.7,12,8.8,75297.63
4400.2,Road,4667.1,11,9.2,83818.92
106.6,Sea,6935.6,12,3.0,12158.05
2255.5,Air,4506.5,23,6.6,148084.97
762.0,Road,1634.3,18,7.8,23536.5
2115.4,Road,5888.2,5,7.8,46575.79
831.1,Air,8872.0,28,4.3,151126.51
334.8,Road,7916.8,5,2.9,22204.79
3736.0,Road,4089.1,5,8.2,68928.91
1946.0,Rail,8436.5,19,8.9,34644.3
3084.7,Road,348.5,18,7.1,57361.47
507.1,Rail,7679.3,2,2.3,13014.14
2591.9,Road,6984.3,23,1.7,61707.59
3728.6,Multimodal,7238.0,14,7.6,64430.05
4012.1,Road,1389.3,2,4.0,64629.64
1365.9,Air,94.6,21,4.0,61708.81
4102.1,Rail,3151.0,4,4.2,39180.88
2195.6,Rail,3092.4,14,4.1,28081.41
1114.0,Road,5922.4,10,1.9,32240.43
2480.2,Air,3294.8,23,4.6,140926.84
3098.5,Sea,1759.1,2,6.6,20585.79
375.2,Road,9545.6,18,2.3,31429.83
3122.5,Rail,6561.9,12,7.5,39490.11
3408.6,Road,3264.9,11,5.5,63651.18
1942.2,Road,5823.2,11,3.3,45185.03
4032.6,Rail,5522.6,8,6.2,43760.12
1003.1,Road,8032.0,2,3.0,30955.06
860.7,Road,7479.1,26,2.3,38503.12
2821.0,Sea,2125.0,14,7.8,25210.72
2071.1,Road,4935.8,7,4.9,44102.98
1882.3,Multimodal,3596.8,29,7.0,43166.79
2822.3,Road,1999.8,13,4.3,52792.52
1647.1,Multimodal,8248.0,1,9.6,35318.33
4311.8,Rail,442.5,5,2.7,37822.63
4056.6,Road,2312.7,28,3.8,78521.31
1398.9,Road,8443.1,19,8.9,46593.77
869.3,Multimodal,7075.3,14,8.9,29649.27
803.6,Road,4351.2,6,3.5,23320.03
3505.6,Rail,2375.2,23,8.2,44345.99
2723.3,Multimodal,3386.0,13,7.5,45998.06
2436.7,Road,7213.0,27,8.3,64112.56
2954.0,Road,7139.7,23,1.6,67341.56
3323.8,Road,3245.7,12,4.8,62517.37
1020.9,Road,8049.9,26,3.4,42106.54
4408.7,Sea,7451.8,22,8.9,39936.63
1598.0,Road,4081.5,27,1.1,43523.46
356.7,Road,7519.0,25,5.0,30806.89
3756.9,Sea,903.8,19,2.9,29110.1
2392.6,Multimodal,3984.7,11,3.8,40553.01
85.9,Rail,7265.0,4,9.7,10311.36
2737.7,Road,3250.1,10,9.6,54575.36
2792.2,Road,964.1,21,8.7,56016.21
3040.1,Rail,1642.1,26,9.7,41556.28
2682.7,Road,5975.0,15,9.9,60954.0
1204.3,Rail,9931.7,4,8.4,22513.12
4495.6,Multimodal,9323.7,10,1.4,70855.18
2106.7,Road,3818.8,17,2.0,46245.53
1749.5,Rail,1906.2,17,4.6,24937.24
22.1,Rail,7283.1,12,1.8,13345.99
2561.9,Rail,8568.9,2,6.8,31649.95
2198.8,Sea,8811.5,9,8.5,22621.09
4261.0,Road,2599.3,21,6.9,80925.22
1441.0,Road,5200.0,2,6.1,33098.3
3059.0,Road,1489.0,6,6.1,53044.18
2838.0,Road,32.4,8,3.9,47062.98
3557.3,Sea,1294.0,20,8.5,31784.52
3579.7,Rail,8229.1,16,8.2,47021.67
21.4,Road,4966.2,12,3.9,15315.19
3907.8,Road,2579.6,9,8.5,71006.82
535.4,Rail,9928.0,24,6.9,25416.53
241.7,Air,3265.0,29,5.7,63333.94
3633.2,Air,5336.2,15,8.1,204888.07
385.9,Rail,5948.6,29,8.3,23083.14
207.7,Road,1912.0,7,7.8,10456.52
1093.7,Air,1928.4,16,4.9,71894.96
2359.6,Air,9559.9,13,9.4,208980.94
3916.9,Air,4947.9,5,3.9,203483.19
4131.2,Rail,3057.7,26,2.9,48499.72
2042.9,Air,1516.9,21,8.9,104401.17
2659.3,Sea,412.4,22,5.7,26464.66
4158.0,Rail,9419.2,23,1.8,52306.5
3483.5,Multimodal,2339.9,13,3.7,51674.31
2801.2,Road,4610.8,19,5.6,60403.01
1106.0,Rail,375.9,23,9.5,21747.83
2120.5,Road,7955.7,24,1.4,56994.39
3866.5,Rail,2833.1,14,4.9,41858.63
1402.1,Sea,9572.2,5,8.8,16980.45
657.8,Road,8166.5,28,1.9,37674.94
699.1,Sea,8492.6,23,9.0,20970.15
3477.4,Sea,2061.1,6,5.8,23929.7
746.4,Rail,1919.3,29,5.7,22089.22
207.2,Air,6110.1,8,1.6,86682.2
3844.7,Road,1221.7,4,9.0,65484.95
4202.8,Road,9603.7,5,3.2,83151.64
4438.4,Rail,965.2,22,6.1,49296.27
1648.0,Multimodal,7016.3,25,9.0,44101.58
4093.1,Rail,1646.9,6,9.9,42169.87
698.5,Air,6217.3,21,2.8,111307.62
4468.1,Air,8668.3,10,7.0,272146.99
81.4,Road,2071.7,25,3.9,16921.78
1561.8,Road,1289.1,27,3.5,38468.14
3352.3,Rail,6316.8,11,5.1,39547.33
2710.4,Air,978.2,8,6.9,115400.78
1801.9,Road,8686.5,21,9.2,54254.9
354.0,Air,8861.9,16,4.1,128675.75
4284.3,Road,7680.5,22,5.5,90001.08
3843.8,Road,3861.2,24,1.9,75239.77
344.5,Road,4045.0,4,5.0,14972.41
3387.6,Road,2134.2,15,7.9,64215.44
753.7,Rail,6464.4,23,1.8,23251.38
4336.3,Rail,764.6,20,9.8,49749.3
303.9,Road,7558.6,16,8.6,26202.44
830.2,Road,1985.0,9,4.2,20865.16
3478.2,Rail,9116.7,11,9.3,45264.58
81.8,Road,7408.0,3,7.8,16501.17
3944.3,Rail,4200.8,3,5.6,39127.46
1178.5,Road,2993.5,4,9.3,26538.6
3876.3,Rail,2472.1,16,3.1,41516.27
2125.1,Road,6909.5,25,3.0,55957.17
260.4,Rail,8949.9,2,1.3,12091.87
2432.9,Sea,9449.7,25,1.4,28777.65
3249.4,Rail,9672.9,4,5.9,38916.7
2410.8,Multimodal,9396.3,17,4.8,52017.67
4052.6,Road,7125.2,1,9.4,78309.68
3389.8,Road,1953.8,8,2.9,58314.4
562.3,Road,3353.5,5,6.8,17671.21
212.2,Road,3851.0,1,3.9,11145.19
1630.8,Rail,6592.2,26,8.3,33060.28
3169.7,Rail,4444.8,21,9.0,42800.88
3857.5,Rail,3477.2,18,5.7,44637.7
3873.6,Road,3580.3,28,7.1,79943.81
310.3,Rail,5575.3,20,9.0,17877.1
3624.7,Rail,7494.2,15,4.7,44402.96
1298.9,Rail,2690.4,15,5.6,21213.18
4133.1,Road,5477.4,20,2.1,80621.41
2236.4,Road,1708.4,3,9.4,40612.77
685.4,Road,9986.6,5,5.6,31349.82
4467.7,Road,5302.1,29,4.1,90746.44
923.8,Road,2265.7,22,9.0,29132.66
1235.5,Rail,6344.5,29,8.4,30742.81
2380.7,Rail,2751.7,1,3.0,23091.77
124.1,Multimodal,6718.8,2,9.3,14487.19
3719.1,Rail,2305.3,6,5.7,37141.44
2036.7,Road,1320.3,7,5.3,37271.47
1583.1,Rail,2521.6,5,5.6,18907.31
1982.9,Rail,5670.2,11,1.5,26596.2
4361.6,Road,4568.1,7,6.2,79381.31
2218.9,Rail,7511.2,2,1.6,26089.28
3389.3,Sea,2543.7,19,2.3,27842.84
73.3,Rail,6586.5,25,9.4,18995.84
3401.1,Road,3745.4,17,9.4,69055.46
431.3,Road,4709.2,20,1.7,24416.34
3572.6,Multimodal,9174.2,7,6.5,61667.96
4133.2,Road,7943.7,8,1.3,79147.55
1056.7,Sea,2505.8,22,10.0,20138.98
1250.9,Road,7047.1,10,8.3,37345.19
3637.2,Multimodal,1229.8,19,2.3,53735.86
3532.3,Road,9976.7,1,3.0,71777.08
3569.6,Multimodal,8894.0,21,1.4,64772.29
3637.0,Road,8475.8,2,7.5,73541.68
1557.1,Rail,6403.4,28,3.8,32098.51
4276.8,Road,2000.6,26,2.1,79235.32
4043.5,Rail,4974.7,25,7.2,51628.49
579.1,Air,4581.1,3,6.3,79632.03
194.7,Road,4143.3,26,9.3,22865.4
4131.3,Road,6531.2,1,4.2,75396.29
970.6,Road,7388.5,6,7.6,31747.34
3336.4,Rail,2721.5,17,1.9,37267.0
2981.8,Rail,6624.5,3,8.7,34842.46
3263.5,Rail,3650.9,29,7.4,45665.7
2782.0,Air,182.7,20,2.0,111870.77
1292.1,Road,1586.5,26,7.6,35349.23
2675.1,Rail,6493.1,24,1.3,38448.11
2396.1,Road,8134.4,27,9.4,65504.13
1381.9,Road,629.1,9,7.9,27462.31
1569.6,Road,1574.9,9,6.3,31703.14
2914.1,Multimodal,4606.5,16,8.4,51830.82
3761.7,Road,1080.9,10,1.2,62282.0
2676.4,Road,6504.4,10,3.1,56834.93
1972.1,Road,347.8,10,6.2,36116.18
555.9,Road,1080.4,28,4.2,23520.59
86.3,Road,7295.7,7,1.1,18100.91
399.3,Rail,8273.4,5,8.1,14404.92
311.2,Sea,2573.2,21,2.8,15349.0
745.5,Sea,4589.2,21,9.9,18835.21
4067.7,Rail,5795.9,20,3.3,47957.76
682.7,Sea,232.1,18,2.6,14758.46
873.5,Road,7092.8,4,2.6,28111.39
2759.3,Road,606.6,5,6.5,46605.13
2427.3,Road,1818.8,17,6.3,48974.1
3764.5,Air,7334.4,19,4.3,233174.46
1037.6,Sea,8312.4,28,4.1,24220.7
2177.8,Sea,7112.4,18,1.6,23654.26
495.4,Rail,9163.1,27,8.6,25935.11
2644.4,Road,9870.6,16,2.5,64956.39
2712.4,Road,8123.1,29,10.0,71629.07
3815.7,Air,6178.5,3,3.9,213758.5
1489.6,Rail,547.9,14,7.8,20863.49
1344.1,Sea,9002.3,10,3.4,17662.7
4285.6,Road,2881.2,19,1.0,77161.18
2028.2,Road,3915.5,16,4.2,45538.41
1305.1,Sea,5212.4,7,2.5,14460.13
2729.5,Road,8837.8,6,1.1,59179.61
648.6,Road,8036.8,22,6.0,34895.84
1741.0,Road,5039.9,20,4.0,44987.7
2068.2,Rail,8787.9,15,1.2,31764.7
3975.7,Rail,8522.3,20,6.3,51477.65
3271.7,Air,3453.0,9,8.1,166508.97
1763.4,Sea,2822.4,23,8.4,24292.9
2096.1,Rail,3938.6,21,5.5,31546.6
4240.2,Road,7675.6,16,5.4,86481.31
3767.2,Road,6280.7,3,5.9,71149.22
533.1,Road,1207.8,13,1.3,16430.86
1617.6,Multimodal,3198.6,6,9.0,29477.48
2086.3,Sea,8770.4,3,4.4,17984.5
912.2,Road,9322.4,26,6.8,43226.13
584.1,Road,1360.0,28,7.0,24677.4
1432.3,Road,9744.2,18,9.7,49163.11
2979.4,Road,6275.4,2,7.5,59382.15
4314.7,Road,7996.2,29,6.1,94545.52
4389.1,Road,8280.3,22,3.0,91016.44
3941.9,Air,1461.7,10,8.8,167643.11
3200.0,Road,6210.6,26,3.5,71582.59
341.5,Road,1393.1,16,3.5,15392.71
76.3,Rail,4379.5,9,4.4,9793.93
111.8,Sea,3570.5,6,5.8,8181.27
454.1,Road,8466.2,29,5.5,35837.65
2088.9,Air,1492.2,6,6.2,98060.51
88.3,Rail,8515.3,2,7.5,10560.42
1602.2,Rail,3568.1,7,1.7,20008.9
4284.0,Sea,618.6,13,4.9,29914.32
2526.9,Road,6647.1,23,3.7,61004.34
2728.2,Road,9954.5,14,1.2,64940.26
2210.1,Road,8891.8,19,4.6,58702.82
4417.5,Road,9242.0,11,4.0,88848.31
755.7,Air,3624.4,6,8.3,76136.35
4390.1,Road,2054.2,26,5.0,82858.69
2104.3,Air,8656.7,29,1.7,193581.4
4164.4,Air,322.2,2,6.9,157338.54
2884.7,Road,9481.5,23,8.8,73593.49
915.3,Road,3731.3,5,4.7,23509.22
3583.6,Multimodal,6996.6,5,9.6,59300.28
603.2,Road,3842.4,24,9.2,27843.44
3654.2,Road,6228.0,26,3.5,78472.16
163.1,Road,3342.4,25,9.5,20413.37
646.7,Multimodal,3177.5,9,7.5,18595.06
1619.2,Road,3597.9,14,8.1,38757.27
297.6,Sea,7889.0,27,7.1,20264.58
3683.6,Air,2058.5,17,1.6,164668.93
2034.4,Air,4378.9,12,9.8,134627.72
2787.0,Rail,3046.2,19,3.7,34888.36
459.9,Rail,837.0,10,2.5,10179.97
36.2,Rail,7273.3,13,8.8,13962.21
4416.1,Rail,8825.4,2,6.9,47715.21
653.3,Road,2463.7,8,4.0,18494.51
3735.9,Rail,3754.8,24,5.2,46312.47
2884.7,Road,8846.7,17,9.4,70076.02
3625.7,Rail,8860.6,8,6.3,43364.61
2712.6,Sea,7159.2,21,4.4,28405.7
1753.9,Road,4702.5,3,9.8,38429.43
2382.1,Air,1555.6,27,1.4,117227.22
2407.3,Road,5968.0,26,4.8,59662.98
806.8,Rail,3847.9,27,3.0,23218.2
2878.1,Road,3200.9,7,3.9,52984.6
791.2,Multimodal,8285.5,17,1.4,30973.27
2439.6,Rail,4169.7,16,5.8,32579.39
3026.4,Multimodal,5094.0,16,1.4,50822.28
3652.8,Sea,4167.4,1,4.6,22670.85
2447.5,Air,7039.9,26,8.8,187526.66
2767.2,Road,2159.0,4,8.9,50088.6
3274.4,Rail,6589.2,14,8.3,42047.46
1636.2,Road,5178.0,21,7.5,44960.04
215.4,Sea,7637.1,26,8.9,19448.68
1334.6,Multimodal,5220.9,6,1.8,27523.4
537.0,Road,3670.3,13,6.8,21449.06
3421.8,Sea,1156.9,19,3.8,28141.52
3663.7,Sea,5155.3,27,1.4,33015.86
4359.4,Road,3125.1,22,2.5,80982.28
2708.9,Road,8990.8,20,1.7,65707.9
2145.9,Road,2493.5,20,2.3,46025.87
4234.5,Road,7986.4,17,8.1,89071.25
4138.3,Air,4653.9,15,7.7,214767.62
2889.6,Sea,138.9,24,1.4,26438.57
3483.3,Sea,2683.2,15,6.8,28828.32
898.3,Sea,9167.7,11,3.6,16242.58
2319.3,Road,3095.9,11,7.0,47223.89
1536.4,Air,5875.6,26,1.6,138894.75
3706.9,Sea,5809.0,29,7.1,37634.34
4006.0,Air,6600.4,27,6.6,237952.69
1808.8,Rail,9505.8,24,1.1,34481.3
2157.3,Road,7399.1,22,5.3,56819.94
1042.3,Rail,5615.2,10,4.7,19247.31
3951.8,Rail,9131.6,1,3.0,41236.49
628.9,Sea,7747.2,11,4.9,14509.34
4127.5,Road,2549.9,9,7.1,73531.33
2778.9,Rail,2365.9,9,8.9,31998.13
1106.7,Road,8500.4,1,7.3,33722.38
1920.4,Rail,1242.3,5,1.5,19251.44
461.7,Rail,1831.5,5,7.6,9147.19
2677.0,Road,7016.0,15,3.6,60244.85
3632.3,Rail,1843.4,16,4.2,39642.44
2935.8,Road,8576.8,20,7.1,70736.45
747.2,Rail,1989.5,10,2.4,13419.17
2486.9,Sea,2728.8,17,1.8,22818.44
3726.2,Road,5243.8,23,3.3,76178.7
3873.8,Sea,6064.3,2,9.2,27593.28
3354.1,Road,5581.9,14,5.1,68117.39
1646.9,Rail,4687.5,6,6.8,22153.67
4407.9,Road,730.8,8,4.6,72490.13
3676.3,Road,5889.1,8,8.0,72580.29
3787.3,Road,7576.4,16,5.5,79516.34
3827.6,Road,4683.8,11,4.6,72147.68
3295.8,Rail,2874.4,26,1.8,41120.87
2271.8,Sea,1367.8,8,4.7,18322.01
2010.2,Rail,3279.7,8,8.1,25303.38
3426.2,Rail,9220.5,19,7.6,47621.73
2189.1,Sea,3692.9,21,8.2,25971.66
4051.8,Road,7355.0,26,3.0,86158.96
1031.1,Road,2969.7,27,9.7,34610.24
3508.6,Sea,1225.4,4,7.1,23636.08
1080.4,Road,8776.0,25,7.6,44589.21
2114.3,Rail,2097.9,13,1.3,25154.37
388.7,Rail,815.9,10,2.7,9451.04
2235.5,Rail,3844.4,21,6.4,33074.63
2375.3,Sea,8522.0,17,3.4,25247.33
815.7,Rail,969.5,28,7.3,21723.56
1465.3,Sea,1620.5,28,7.8,24316.14
958.4,Road,7175.1,18,2.9,36012.8
1937.7,Road,3482.3,2,4.2,37036.14
2872.3,Multimodal,5671.3,21,9.3,55587.17
643.8,Road,3722.2,28,9.3,30066.61
1778.6,Road,9748.3,25,9.9,57812.31
2462.0,Rail,8609.4,6,9.1,33510.03
3590.9,Multimodal,7726.9,16,1.4,60981.89
2802.9,Sea,6692.5,11,7.5,25589.58
3707.5,Road,5032.7,11,4.5,70836.19
318.9,Rail,4068.9,27,6.1,19642.96
842.0,Multimodal,69.9,9,6.9,16326.47
4165.1,Sea,6828.5,19,6.1,35257.16
2982.7,Road,5645.0,23,2.5,65528.88
1855.7,Rail,988.8,13,2.0,22402.35
1635.1,Multimodal,6949.2,8,2.9,34711.32
3366.2,Road,5296.8,27,3.5,72829.9
3992.8,Sea,3378.4,9,7.6,29496.93
2403.5,Road,2298.4,28,4.4,53801.5
601.2,Road,6387.3,19,1.8,29630.16
3906.1,Sea,1951.6,3,3.5,23310.18
1815.6,Rail,5095.7,27,1.2,31914.46
4013.6,Road,7365.9,27,8.6,89397.29
3461.6,Sea,7921.8,20,8.6,33918.19
1466.0,Rail,4221.5,21,6.7,26906.62
506.9,Rail,4024.7,16,7.5,16462.95
2295.9,Rail,5302.4,12,8.0,31282.44
367.5,Road,3350.1,19,6.1,20768.69
3726.4,Road,8657.2,24,8.2,85630.98
258.9,Sea,6602.4,19,4.0,15862.32
4242.3,Rail,3662.4,25,6.6,51612.5
2239.4,Air,1758.1,12,6.0,109386.71
2176.0,Rail,9771.0,23,3.0,37610.03
3792.9,Road,9616.7,14,8.3,83929.04
2463.7,Road,2333.2,7,2.2,44385.24
1904.0,Road,2767.3,18,3.8,42325.56
921.5,Rail,2872.0,9,5.7,15543.37
3284.7,Road,3445.0,11,6.0,62379.07
2253.0,Multimodal,3159.4,21,7.9,43647.65
2279.7,Road,124.4,25,1.6,45670.78
1149.7,Sea,7740.5,8,7.1,15941.49
650.5,Rail,5728.8,17,6.0,19430.42
1426.7,Road,813.3,23,3.5,33941.77
3624.8,Sea,9723.5,15,10.0,34113.16
2822.2,Multimodal,3350.7,28,8.7,54324.04
1587.5,Road,8586.3,17,1.1,47019.99
1334.4,Sea,9402.7,17,7.7,21920.24
21.6,Sea,170.4,14,6.9,10047.23
143.4,Sea,9621.8,2,5.5,8925.03
2164.3,Road,3728.4,2,9.7,42732.18
1157.2,Sea,1010.2,14,5.5,15685.62
4216.0,Road,5673.5,21,3.9,83864.02
2509.6,Road,404.9,14,4.4,45684.98
4059.5,Road,3032.8,13,8.8,76096.15
917.8,Road,8352.2,4,2.0,31043.13
557.6,Rail,7927.2,16,2.9,19972.67
3750.2,Rail,9715.4,3,2.8,41034.27
2744.3,Road,301.0,24,8.1,55069.13
3193.0,Rail,5521.3,6,2.5,33996.16
2486.8,Road,1052.3,28,3.9,52576.9
1611.9,Road,9098.2,28,2.8,53572.25
1301.8,Road,383.4,8,3.8,24512.07
433.3,Road,9227.4,22,7.0,33874.94
363.4,Road,3024.2,9,5.4,15582.31
2028.2,Road,6678.6,6,5.1,46343.83
1319.8,Multimodal,4433.7,22,9.4,34846.73
2607.9,Sea,6074.5,13,9.3,25904.41
3190.7,Road,4182.6,25,1.6,66392.61
2947.3,Road,7156.0,11,4.3,63080.47
3974.7,Road,1769.6,15,6.0,71729.16
3307.3,Road,3163.0,29,5.8,70304.73
1777.5,Air,2352.9,12,7.0,100187.79
1626.3,Sea,3096.6,26,1.9,23449.8
276.4,Air,1702.2,13,3.8,38571.71
2483.9,Sea,6137.6,25,1.9,27931.86
3054.9,Road,4506.5,15,9.9,64321.96
1435.9,Rail,3991.7,9,2.6,20239.82
3809.5,Road,8618.8,10,6.1,79278.72
1630.2,Road,5999.7,15,7.2,43495.92
1610.8,Sea,5441.6,10,9.9,18976.98
1431.2,Sea,6750.5,28,7.2,26104.61
428.1,Sea,6219.2,29,4.9,21018.68
4470.3,Road,6508.1,23,4.5,90465.73
2178.5,Road,6303.9,25,5.0,56455.72
4228.8,Rail,2836.1,7,8.5,44014.32
2588.9,Rail,7076.5,12,8.0,35521.11
3908.8,Rail,5107.5,17,9.5,48279.29
2712.5,Road,7772.1,6,6.9,59448.88
2918.3,Road,3349.0,17,9.3,60634.22
4278.5,Sea,5262.1,28,9.9,41773.85
3430.7,Rail,7492.4,15,6.1,43561.98
806.1,Road,3468.9,3,7.5,20748.47
2963.0,Sea,7088.7,2,2.9,20379.65
1529.9,Road,7585.8,8,9.8,42280.43
1832.6,Rail,5488.3,19,4.4,29662.13
3909.6,Road,2107.9,7,7.5,68594.39
3840.1,Multimodal,9365.8,23,5.5,71870.07
1593.0,Sea,4710.3,26,1.5,23787.83
4084.2,Road,8626.8,21,4.4,87564.12
2134.6,Multimodal,9080.0,29,9.4,55241.71
1287.6,Road,772.3,19,2.2,29633.37
202.1,Road,4262.1,8,3.9,14972.75
1397.8,Road,4132.8,2,3.2,29928.9
3450.5,Road,4790.9,28,5.4,74544.46
2165.1,Multimodal,1930.5,14,7.6,37522.2
973.1,Road,9361.7,23,1.2,42092.16
2148.8,Sea,1511.1,22,3.8,23788.39
4090.9,Multimodal,1195.7,19,5.6,60830.11
1321.3,Rail,2545.1,28,4.3,26843.93
3094.5,Road,804.6,2,8.2,51618.06
601.5,Road,4023.9,2,8.7,18234.63
3930.4,Road,2288.1,18,1.9,70908.14
2292.2,Multimodal,4787.7,5,6.0,38745.97
1286.5,Air,5706.1,12,3.4,122053.42
3837.4,Rail,5141.6,16,2.5,43173.51
643.1,Road,8864.5,1,7.9,27105.62
1590.9,Sea,8930.1,24,9.5,26517.67
764.4,Sea,5946.5,24,8.8,20681.81
3922.0,Sea,5282.4,14,4.6,30266.78
1973.3,Road,3881.1,12,1.4,41982.37
1325.3,Road,6913.1,26,4.0,44685.93
3852.5,Sea,2154.1,26,2.0,32561.75
4066.9,Road,2696.1,11,4.8,72295.08
441.1,Road,5517.4,6,6.1,20094.33
2711.2,Rail,6042.2,5,1.2,29702.66
2500.3,Rail,7183.1,2,5.7,29442.25
3752.7,Rail,9598.8,7,1.5,41895.79
2274.1,Road,497.5,20,1.1,43908.35
419.4,Sea,6381.1,8,3.3,11558.6
4376.2,Rail,5085.9,5,7.6,45871.23
2466.0,Air,3924.4,10,2.7,141417.74
2863.7,Sea,919.3,22,6.5,28063.59
238.6,Multimodal,6983.9,18,6.2,23356.86
3605.8,Sea,7357.2,26,5.6,35613.48
4068.0,Road,1640.8,1,9.4,68713.99
1307.9,Road,6966.4,21,1.3,41829.28
1297.0,Sea,369.9,27,4.9,21901.45
920.9,Road,1556.8,13,5.7,23427.56
2455.8,Rail,2041.3,20,6.6,32860.77
101.2,Road,9659.3,25,7.1,30836.37
580.5,Road,5553.7,18,3.1,27355.28
2755.4,Rail,5071.6,26,8.2,41492.74
2185.6,Road,9812.6,14,5.9,58183.34
3352.7,Rail,1600.4,29,6.4,44004.03
3342.3,Road,9737.3,29,5.1,82255.58
1958.0,Rail,2347.9,24,9.2,31523.43
3041.3,Road,6634.0,29,3.6,71390.77
3870.6,Road,7642.0,11,9.3,80770.55
2688.8,Sea,108.0,18,7.3,25377.83
4358.1,Sea,7337.0,15,8.4,36095.01
4471.5,Rail,5070.1,6,6.6,46384.2
2311.9,Road,5199.2,11,3.7,49682.17
1175.6,Rail,3164.8,9,7.8,18279.95
3547.2,Rail,9064.1,11,5.2,43679.66
787.5,Rail,1918.9,17,7.2,17294.21
3483.8,Sea,3798.0,4,2.9,22383.2
1999.4,Road,433.2,1,1.4,31268.85
3505.3,Road,4431.5,4,6.7,64691.82
1344.4,Multimodal,9165.4,5,8.9,34497.68
2048.4,Air,2441.0,22,7.9,115764.0
3763.1,Road,7857.3,4,8.8,76052.41
1531.4,Road,390.2,28,1.1,36388.34
1834.6,Rail,8198.8,9,8.8,28805.13
2590.7,Rail,3137.3,27,4.3,37290.8
2890.3,Road,631.7,28,2.0,57176.87
853.5,Air,3337.1,14,7.8,79773.81
2755.1,Sea,5616.2,15,6.3,26095.01
2170.0,Sea,9294.3,21,3.8,26634.68
3559.1,Rail,3293.2,13,9.0,41456.55
2937.3,Road,3747.0,15,9.1,60748.12
2249.8,Road,6949.0,8,6.1,51452.71
3868.8,Road,206.9,12,9.3,67837.83
2703.0,Multimodal,7047.2,27,1.5,55042.05
2112.2,Road,393.3,28,2.8,45482.3
882.4,Rail,9451.4,24,7.3,28122.57
931.4,Sea,9939.8,19,2.7,20204.17
672.5,Road,7452.4,23,8.2,34926.48
3700.3,Rail,4398.3,24,3.2,45516.35
166.0,Road,1805.7,15,7.6,13204.56
4358.8,Road,444.1,12,8.7,75782.67
2660.3,Rail,8288.3,15,8.4,38709.86
512.8,Sea,7730.2,2,2.3,9692.8
3654.1,Rail,9184.9,1,7.9,41661.66
3941.1,Air,2673.5,13,9.0,183635.33
1659.3,Road,4171.6,26,3.9,44899.66
1637.6,Sea,9108.8,16,5.1,22062.71
3810.4,Sea,3698.6,9,9.9,29986.2
2186.2,Rail,2731.3,3,9.6,24572.13
2307.1,Sea,5849.4,2,2.6,16829.01
4010.2,Rail,4735.7,9,4.7,42447.83
585.7,Rail,2060.3,12,8.7,13606.27
3982.7,Road,8798.2,25,9.0,90689.93
4170.3,Rail,6389.6,11,4.4,45907.59
65.8,Rail,2699.0,7,1.0,7218.49
3071.6,Air,6336.4,22,9.0,200059.56
1274.3,Road,9521.6,13,4.7,43097.18
2542.9,Road,1827.3,15,6.2,49877.84
2922.1,Rail,6281.6,27,7.8,44358.26
2628.3,Road,9984.5,3,6.4,60630.65
3057.3,Road,4930.9,28,3.2,67888.42
2512.9,Road,7662.9,2,1.7,52331.88
3339.6,Sea,7080.8,18,9.7,32650.82
2418.3,Sea,4942.2,26,5.4,28737.53
917.6,Air,4247.5,28,1.1,98348.9
899.8,Road,6774.2,4,7.4,28592.36
2928.9,Rail,5944.1,28,4.7,43252.25
2290.5,Road,4794.5,1,2.5,43704.74
1616.0,Road,1209.8,15,4.3,33984.67
2555.3,Road,7769.6,1,4.2,53715.51
4441.7,Road,7997.3,7,4.7,85666.56
2838.9,Road,3327.2,6,7.1,53476.32
3123.2,Rail,3129.5,20,1.3,36919.89
3012.3,Rail,4687.0,13,4.5,35863.22
3129.7,Rail,3513.1,1,6.7,31424.52
882.8,Road,7759.4,14,10.0,34920.65
594.3,Rail,9575.2,10,6.5,19355.05
3511.6,Rail,943.2,10,9.3,37721.97
1086.2,Sea,1409.2,2,4.3,10041.87
46.0,Air,3764.0,2,5.3,50275.45
1348.2,Rail,4521.4,25,9.6,28554.03
2091.3,Sea,2553.3,1,4.4,14753.8
1212.5,Road,8986.8,23,7.3,45989.67
425.1,Rail,7382.0,28,1.7,23787.28
1133.3,Rail,8751.2,14,4.5,24652.83
366.8,Multimodal,3515.2,23,3.2,21842.96
2414.9,Sea,8842.5,19,3.2,26437.55
3085.3,Road,9165.1,12,7.6,70882.15
3209.9,Air,9170.8,29,4.1,239887.98
3555.3,Rail,58.1,1,2.3,29603.12
235.6,Road,4739.6,24,9.5,23683.89
3348.8,Sea,7105.5,13,2.9,27002.45
3358.6,Rail,7802.7,6,10.0,41102.46
2287.0,Road,2197.6,18,1.2,46263.63
2705.8,Road,6021.3,24,2.4,62483.29
3046.6,Rail,4603.8,12,6.5,36625.85
2239.1,Road,6701.7,10,9.5,52892.54
4461.7,Road,7394.7,19,8.0,92537.89
224.1,Road,4580.6,15,4.1,18937.38
515.3,Sea,344.0,24,6.5,17005.83
1242.7,Road,6204.6,29,9.9,44807.88
2578.9,Road,9948.0,1,2.3,57158.75
4154.0,Road,8003.4,29,3.8,90693.97
4335.9,Road,2251.4,2,7.8,73546.68
4327.8,Sea,6980.2,19,4.0,34752.47
4288.6,Road,4159.4,8,5.7,77579.67
3879.2,Air,3047.9,15,6.0,185062.73
2402.0,Air,4157.8,9,8.1,143446.17
3032.6,Road,6707.3,20,8.6,69487.85
109.3,Sea,7091.7,2,8.7,7857.66
133.1,Road,678.6,25,7.7,15150.28
3924.1,Road,7408.6,28,4.8,86308.55
1653.9,Air,8753.1,10,8.3,171978.22
1690.1,Rail,6914.9,15,5.4,28315.38
866.0,Road,3892.6,16,2.0,27577.17
1173.8,Road,8508.6,18,3.4,41525.04
3194.7,Sea,4667.6,25,5.4,31889.75
3881.4,Road,6255.2,13,2.3,75372.83
1696.4,Road,1842.6,17,5.8,37575.25
2988.5,Road,168.3,27,6.2,59092.88
3295.2,Road,6324.0,19,9.0,72725.25
2324.7,Road,1844.3,4,3.3,40479.35
1799.1,Road,522.1,28,7.6,42284.76
2713.1,Road,1888.6,24,9.8,58078.99
2538.1,Rail,7391.2,14,8.4,36358.57
1444.9,Sea,2637.8,28,6.8,24361.75
1518.4,Sea,6219.7,6,6.7,16345.51
900.1,Road,6927.6,13,8.2,33011.59
2558.0,Rail,2208.6,2,5.3,25300.43
4220.0,Air,6118.2,17,6.2,235060.17
1535.7,Road,2706.9,6,6.6,31957.89
3024.1,Rail,6870.9,26,4.5,43818.15
3704.9,Rail,2358.3,20,2.0,41252.91
4342.5,Sea,4622.5,26,1.0,35075.54
3621.4,Rail,2802.0,26,8.7,47267.5
435.5,Road,9942.7,11,1.1,29856.63
334.0,Rail,6609.7,25,1.1,20987.79
3222.4,Rail,1130.0,10,4.8,33184.73
3285.8,Rail,9493.2,8,4.5,40184.07
3957.0,Road,6859.8,26,2.6,83499.62
3552.4,Road,5524.4,24,6.4,76241.0
2661.7,Air,3284.7,16,3.6,143656.45
3155.6,Sea,4261.1,13,7.5,27280.54
2760.2,Multimodal,6547.1,14,5.3,50694.02
4060.6,Multimodal,2129.0,27,5.4,65325.42
2033.1,Road,4443.7,28,7.4,52964.99
818.7,Road,6639.0,21,4.5,34370.79
839.8,Rail,5368.3,15,6.9,19912.79
96.8,Road,8953.5,27,9.8,30442.34
3679.5,Multimodal,2862.8,8,8.3,54916.31
2629.0,Road,9173.6,1,8.8,59061.37
2090.8,Road,6895.3,29,2.1,57011.72
3346.7,Rail,3426.3,8,2.4,34159.96
1425.7,Rail,1474.2,16,9.4,22444.63
3282.9,Road,2956.4,23,8.9,68183.9
3859.1,Sea,2276.0,21,7.2,33446.13
2775.6,Rail,9107.9,5,5.5,34748.11
4370.5,Road,5090.6,1,2.6,75295.88
3305.8,Rail,6743.6,16,2.2,40308.67
1976.4,Air,683.8,16,7.6,89429.13
2814.2,Air,9481.2,6,7.0,220419.03
547.0,Rail,8856.7,18,1.9,21531.86
4106.8,Rail,5031.3,20,1.4,46300.46
2929.9,Rail,9487.2,7,2.9,36204.16
1850.3,Road,5277.0,23,2.9,48083.96
3841.7,Rail,8578.7,26,8.0,53998.83
280.1,Rail,6285.7,15,5.4,15885.81
2395.5,Rail,3040.7,4,6.7,26063.76
3344.5,Sea,7414.3,24,4.2,32770.27
3170.2,Road,3073.2,3,2.7,54677.47
81.4,Rail,3184.4,13,6.1,10563.56
1021.2,Road,7729.9,9,7.2,34439.23
3872.5,Sea,5723.6,13,3.1,28972.59
1171.5,Road,5705.6,12,9.6,34954.05
2158.5,Road,4339.7,15,4.9,47959.77
4445.5,Road,2708.3,7,8.9,78953.45
2689.3,Multimodal,6727.0,7,2.8,45901.03
2509.2,Road,9865.7,16,1.3,62372.74
2606.0,Road,1659.7,13,6.8,49815.54
812.0,Road,1363.4,5,1.5,17200.85
3098.7,Road,3576.6,25,6.6,66333.75
109.9,Road,6541.9,29,5.3,27136.52
1457.7,Sea,7549.6,9,6.9,17985.53
1390.6,Rail,4726.9,21,1.8,25631.74
341.4,Sea,156.6,18,4.0,13219.7
1514.5,Rail,3699.1,3,6.1,18657.93
2714.3,Rail,8987.7,21,8.9,42670.47
1699.5,Road,4426.3,24,6.4,45672.62
98.3,Sea,835.8,11,2.5,9309.39
2818.2,Road,1442.5,25,4.2,57088.37
1378.4,Rail,6050.1,29,1.4,30372.11
4493.1,Road,4153.5,22,6.1,87233.99
4049.0,Road,202.0,28,2.5,73946.32
2196.6,Sea,8351.2,8,7.0,21589.44
1660.2,Road,5054.8,20,8.0,44741.62
317.8,Road,7851.3,20,1.6,28335.69
11.6,Road,8293.6,19,1.4,24237.02
3595.0,Rail,1690.4,10,6.9,37907.38
2218.2,Road,8846.2,6,9.1,54241.0
1436.7,Rail,3604.4,2,10.0,18360.82
2566.2,Road,1845.1,7,1.4,44856.83
1379.6,Sea,3779.5,29,8.6,25427.98
1728.2,Sea,9747.7,23,7.9,26719.98
333.7,Rail,9143.7,2,1.0,12898.27
1991.8,Air,9506.3,14,6.8,194604.62
644.3,Road,42.5,5,7.1,12985.46
1940.4,Road,2321.7,21,1.7,42927.22
