distance_km,lead_time_days,supplier_count,transport_mode,weather_risk_score,port_congestion_index,predicted_delay_days
2251.0,57.6,7,Road,22.1,1.5,6.52
3361.6,41.6,25,Multimodal,19.3,9.7,12.68
2534.2,86.8,24,Sea,42.2,3.2,13.88
379.4,20.1,5,Rail,5.9,5.0,2.21
839.2,53.1,21,Road,91.7,3.2,6.64
990.9,63.2,20,Road,94.0,4.7,7.39
1164.1,74.4,29,Road,44.8,10.0,7.24
2546.5,36.9,37,Air,20.9,2.9,4.55
2270.3,62.0,20,Rail,47.1,2.8,6.91
918.2,27.6,18,Sea,10.0,3.7,7.39
308.7,39.5,4,Road,39.8,1.7,3.5
775.6,80.7,11,Multimodal,7.4,7.4,8.02
4429.8,85.5,22,Sea,70.6,3.8,18.94
2111.1,64.8,14,Road,27.6,5.8,7.12
3903.7,34.0,28,Road,52.1,6.6,9.74
3820.1,73.9,4,Road,1.4,0.4,8.84
2304.3,2.8,16,Road,52.5,6.4,5.38
3181.6,9.7,38,Rail,0.3,5.3,5.53
871.4,59.7,23,Road,92.5,0.8,7.3
3099.3,26.6,13,Road,50.1,1.2,7.6
1229.4,85.6,20,Rail,10.0,4.4,6.1
3745.1,39.5,5,Road,34.1,3.5,8.16
381.3,38.9,19,Road,4.6,4.4,3.41
3480.3,61.2,21,Road,53.1,6.4,10.01
454.2,69.2,5,Rail,12.2,1.5,4.17
3965.9,43.1,14,Sea,47.3,6.6,15.73
1372.4,19.7,36,Road,30.6,8.2,5.59
2946.5,69.7,6,Rail,76.2,0.0,8.09
2196.3,29.2,5,Rail,48.2,3.7,5.01
1651.5,16.2,24,Road,84.8,2.8,6.41
2906.3,57.0,29,Rail,94.1,4.3,8.74
4264.1,8.6,29,Road,97.0,6.2,10.0
190.5,87.4,2,Road,26.0,1.9,4.53
4135.2,57.1,6,Multimodal,76.8,1.3,13.21
2742.8,88.7,34,Multimodal,43.8,7.3,13.91
3633.9,30.8,12,Sea,42.6,6.9,14.6
1730.5,87.4,22,Road,86.8,4.6,9.14
2125.9,13.5,4,Road,14.6,5.0,4.34
3910.5,4.1,6,Rail,47.8,2.7,5.42
1869.7,3.5,3,Road,59.3,3.3,4.46
2408.3,42.1,13,Road,6.6,3.2,5.89
95.8,7.9,23,Rail,86.5,7.3,3.91
717.9,46.3,35,Road,31.4,5.6,5.54
2889.4,29.8,26,Air,65.7,7.3,4.65
3227.8,30.5,9,Road,92.8,5.9,8.6
2623.8,57.4,23,Rail,72.0,5.5,7.98
649.2,15.1,4,Road,88.6,3.2,3.86
2007.1,69.1,34,Rail,7.0,4.0,6.74
1601.2,52.6,37,Rail,49.3,8.9,7.24
2233.0,82.4,8,Road,56.5,5.8,8.4
3917.1,33.2,34,Multimodal,68.9,5.2,13.55
3492.5,88.5,37,Sea,11.7,0.5,15.4
382.5,52.0,6,Multimodal,65.7,6.7,7.09
4006.9,87.6,7,Air,14.6,6.9,5.37
2125.6,2.9,39,Rail,6.8,6.9,4.79
3348.7,65.7,36,Air,46.9,0.9,6.6
634.5,73.6,5,Road,60.0,3.0,5.8
3019.9,5.3,3,Road,95.8,3.7,6.98
1067.3,52.3,17,Road,69.9,8.3,6.4
1975.5,72.3,19,Road,59.1,9.8,8.15
80.8,50.7,1,Road,21.5,4.1,3.0
686.5,6.2,37,Road,15.2,5.5,3.77
418.9,62.6,9,Sea,60.7,0.1,7.14
1082.7,5.9,4,Road,22.3,0.1,2.43
454.6,73.7,10,Road,70.7,0.7,5.68
3115.1,4.4,32,Rail,11.4,7.2,5.68
135.5,12.8,1,Road,34.0,1.8,1.9
2781.7,25.1,23,Sea,77.3,7.6,13.97
637.5,57.2,17,Road,83.1,4.3,6.37
4253.5,87.9,30,Multimodal,34.5,8.5,16.39
4199.3,11.0,27,Sea,20.7,8.7,15.55
1018.6,13.3,15,Road,95.8,8.8,4.95
2766.8,33.5,38,Road,76.1,5.4,9.44
130.9,75.3,7,Sea,80.7,7.9,9.25
4193.4,42.3,33,Sea,22.3,6.6,16.9
2355.8,29.3,5,Sea,42.4,1.9,9.91
199.3,50.7,39,Sea,6.8,3.8,7.53
1544.5,23.8,34,Road,10.9,9.6,5.55
350.4,36.4,3,Road,22.1,7.7,2.93
1771.3,30.3,32,Road,30.3,2.6,6.24
3016.3,72.5,2,Air,99.7,2.8,6.54
2117.2,83.2,16,Rail,42.2,2.5,7.19
1729.8,68.5,17,Road,69.8,3.3,7.7
540.6,39.8,12,Road,90.4,9.3,5.19
1106.0,45.6,5,Road,24.6,4.3,4.62
455.1,11.7,4,Road,14.5,3.6,1.85
3634.7,67.3,16,Sea,24.3,2.4,14.77
612.9,53.9,18,Rail,88.2,8.9,5.79
2681.2,81.3,20,Air,66.6,9.6,6.79
1545.6,18.5,9,Rail,45.1,3.2,4.21
1020.8,68.5,16,Road,82.0,6.2,6.91
2879.4,61.8,35,Sea,23.7,9.6,15.47
2059.2,24.3,29,Sea,23.9,5.0,10.69
1803.7,60.2,30,Rail,56.7,4.7,7.35
2669.9,83.2,20,Sea,79.0,5.3,15.43
2213.2,82.7,22,Rail,26.0,0.3,7.37
1369.2,64.9,23,Rail,21.0,3.0,6.0
2518.0,4.8,36,Road,47.4,7.0,6.9
3014.4,78.6,22,Road,13.4,9.7,9.08
125.0,59.4,1,Road,74.8,5.7,4.76
2099.1,28.3,21,Road,57.7,1.9,6.71
264.3,17.3,19,Rail,51.3,4.3,3.32
842.9,10.9,8,Road,87.2,4.9,4.35
2524.5,5.0,5,Rail,73.3,1.5,5.07
3898.5,68.0,29,Air,14.9,3.3,5.79
3973.2,21.6,18,Road,42.0,4.5,8.75
319.4,2.7,29,Road,32.1,2.6,2.95
1888.9,36.1,15,Sea,80.2,3.5,11.06
2625.6,43.7,31,Road,71.9,2.8,8.62
666.1,15.6,15,Road,47.2,6.1,3.56
3445.6,4.4,3,Road,82.4,5.8,7.29
3350.3,17.4,33,Road,41.0,5.5,8.34
4065.5,61.3,24,Air,80.4,1.0,6.8
43.1,7.9,38,Sea,3.2,1.8,5.03
979.0,50.2,24,Rail,13.5,1.1,4.65
3723.2,13.6,13,Air,75.6,0.6,4.29
3019.3,18.0,27,Sea,11.4,2.5,11.47
4025.3,35.7,33,Road,68.4,1.9,10.33
262.0,9.5,19,Air,72.4,7.2,3.26
2688.4,16.0,25,Rail,66.2,7.0,6.1
2562.9,31.7,6,Sea,81.8,2.0,11.72
165.4,30.0,33,Air,51.2,1.7,3.8
2313.3,67.6,25,Road,89.7,1.4,9.35
2744.8,7.2,23,Road,56.9,3.2,6.96
864.9,77.5,17,Road,50.8,2.9,6.68
1233.6,73.6,21,Road,50.9,0.3,6.74
2883.4,69.1,20,Sea,91.2,5.7,15.43
2110.0,28.2,12,Air,24.4,9.0,2.74
3861.8,74.1,13,Road,69.5,5.4,10.87
1544.0,16.9,18,Rail,24.3,0.6,4.01
1203.6,11.6,22,Road,9.2,6.0,3.72
4432.0,4.5,24,Road,95.4,4.8,9.97
4100.6,84.6,33,Road,13.0,9.1,11.19
135.3,28.1,3,Road,68.6,3.6,3.16
3469.4,82.6,17,Multimodal,42.5,7.5,14.37
501.0,24.9,39,Road,83.7,0.4,5.72
128.5,81.7,32,Rail,77.3,7.2,7.1
1235.3,81.4,17,Sea,14.4,0.4,9.41
1215.7,83.2,25,Road,46.8,3.4,7.43
3687.8,44.9,8,Multimodal,2.8,9.5,12.49
3199.4,78.0,35,Multimodal,43.0,7.0,14.57
4417.3,85.6,29,Road,70.0,9.3,12.75
3203.3,29.6,12,Rail,23.2,5.0,5.81
1885.1,38.0,36,Road,81.0,6.1,7.72
3146.7,64.9,9,Road,5.3,5.2,7.88
4497.6,27.4,26,Road,3.5,4.8,8.92
3197.1,68.0,22,Rail,2.7,5.8,7.33
3428.8,7.1,31,Rail,28.0,0.4,6.08
4223.0,47.4,30,Road,46.7,1.9,10.59
515.9,11.4,15,Road,10.7,2.1,2.3
3173.0,26.8,33,Air,99.7,3.8,6.1
3829.4,23.6,3,Road,100.0,4.3,8.95
4294.9,75.6,34,Road,52.0,7.4,12.07
953.3,17.8,17,Rail,56.8,1.7,4.09
2270.2,72.9,5,Multimodal,92.7,5.7,11.7
3064.1,71.6,30,Road,77.0,2.7,10.63
1117.4,45.2,15,Rail,16.8,5.2,4.48
2704.1,21.4,39,Sea,79.2,6.3,14.21
1162.8,20.8,8,Road,23.1,5.8,3.83
1503.9,42.1,38,Sea,43.0,2.2,10.34
1989.6,1.3,28,Road,53.3,7.1,5.77
2383.7,48.1,21,Rail,71.7,6.5,7.16
2024.9,85.8,10,Rail,15.0,9.3,6.77
2221.9,14.3,28,Rail,7.6,6.3,4.62
1347.2,51.8,21,Road,86.6,7.2,7.23
719.5,86.6,28,Sea,82.7,8.1,12.29
217.8,77.5,22,Road,52.3,1.1,6.03
885.9,76.6,38,Road,66.2,7.0,8.06
2620.8,74.1,19,Road,71.9,3.2,9.67
3538.6,28.2,38,Rail,47.7,8.2,7.94
765.8,80.2,24,Rail,25.7,4.8,6.17
493.0,84.7,28,Road,48.1,5.8,6.83
3373.1,44.9,13,Rail,95.1,2.6,8.04
1376.7,32.2,9,Road,83.8,6.5,5.96
4282.0,37.6,9,Rail,46.6,0.4,7.37
3215.9,30.4,21,Road,22.6,7.5,7.93
1473.8,19.5,24,Rail,89.0,1.6,5.75
1306.5,55.9,31,Road,63.8,2.3,7.55
2359.0,50.9,29,Multimodal,40.5,0.0,9.85
360.8,41.9,10,Road,11.2,3.1,3.45
534.0,9.1,4,Road,75.2,3.9,3.22
795.5,71.8,3,Road,31.7,2.3,5.12
3487.4,16.2,13,Air,60.6,2.3,3.75
2314.8,10.8,21,Air,57.0,8.9,3.75
52.5,56.3,8,Road,70.0,3.3,4.5
3032.5,36.2,9,Rail,53.8,7.2,6.22
1909.5,5.9,1,Sea,63.0,2.4,8.57
2301.3,32.3,14,Rail,8.2,8.1,4.54
967.5,69.6,12,Rail,66.5,6.8,6.33
2485.3,55.6,36,Road,19.4,7.6,8.06
4406.3,33.0,22,Road,39.2,4.4,9.69
335.1,17.7,36,Air,51.3,8.8,4.01
1281.2,57.0,16,Air,68.7,3.7,4.99
1097.3,79.9,11,Rail,74.2,6.0,6.91
1122.2,58.3,3,Road,70.5,6.4,6.09
1707.3,73.3,34,Road,9.5,9.5,7.36
3682.4,47.2,25,Sea,38.7,1.3,14.45
4108.3,64.8,26,Air,28.1,1.4,5.94
914.0,80.7,3,Air,39.8,4.6,4.42
2445.6,69.7,20,Sea,64.7,9.2,14.73
2867.9,81.9,31,Rail,19.3,0.2,8.58
2350.6,39.1,1,Road,50.2,2.8,6.14
1956.2,81.4,26,Road,88.5,2.8,9.49
867.9,56.1,25,Air,73.1,3.0,5.16
2199.5,78.4,11,Rail,72.5,0.2,7.64
1808.5,4.0,16,Road,84.9,8.3,5.78
3581.1,59.4,20,Road,39.9,0.1,9.71
3437.4,76.4,38,Rail,75.9,4.8,10.34
607.3,16.1,2,Road,5.9,0.6,2.02
402.9,59.7,29,Road,5.6,8.0,4.67
4087.2,74.3,7,Rail,33.2,7.5,8.29
2412.1,26.3,25,Rail,19.7,7.2,5.34
3860.8,36.8,4,Rail,51.9,7.4,6.55
266.4,51.5,34,Road,18.3,9.4,4.84
2371.7,47.0,25,Sea,97.6,4.2,13.73
2429.7,4.0,8,Road,85.1,8.6,6.3
3873.9,9.3,32,Road,98.3,1.8,10.03
443.8,9.5,18,Sea,80.8,4.5,7.21
1085.8,24.0,11,Rail,95.1,0.1,4.94
1832.4,22.5,37,Sea,36.8,2.8,10.39
3897.0,66.9,39,Rail,49.8,4.6,9.75
4225.3,51.8,36,Rail,24.0,9.1,8.66
4467.3,68.9,10,Road,63.6,3.2,11.31
4316.6,6.8,6,Road,78.8,6.7,8.72
31.7,43.9,16,Road,49.9,8.3,3.91
219.4,29.5,25,Road,29.6,3.3,3.59
668.5,76.6,34,Multimodal,50.8,1.7,8.33
1573.1,63.8,31,Road,6.3,5.9,6.78
3735.5,78.3,8,Air,72.1,2.8,6.48
4017.5,4.7,17,Rail,45.2,6.5,6.06
844.8,65.0,14,Sea,89.8,1.3,9.31
2790.4,48.8,30,Rail,92.3,1.5,8.57
4128.5,74.3,18,Rail,12.6,6.8,8.6
2089.5,45.9,36,Rail,99.6,9.7,8.51
470.4,48.8,21,Road,97.0,2.5,6.32
2062.9,5.1,31,Sea,62.7,7.1,11.45
1694.2,60.3,33,Road,82.5,5.3,8.42
2601.6,24.9,23,Road,1.8,8.4,6.22
1976.8,2.3,38,Rail,97.0,3.9,6.39
83.0,6.4,5,Road,45.6,9.7,1.9
4473.0,86.2,15,Multimodal,91.0,0.8,15.74
2448.2,31.5,30,Multimodal,38.5,9.8,11.68
2134.0,78.2,16,Air,78.8,8.5,6.5
4296.0,86.4,29,Road,41.8,8.7,12.13
705.6,84.9,28,Road,36.3,8.4,6.88
855.6,79.4,6,Air,94.7,8.6,5.68
3637.0,80.6,5,Road,69.9,8.2,10.56
1177.4,26.4,38,Multimodal,84.0,9.0,10.37
3597.5,14.1,25,Multimodal,54.3,4.6,11.52
1225.5,57.7,28,Air,91.8,9.4,6.1
154.2,44.2,1,Road,74.0,3.8,4.11
2329.0,9.3,14,Road,7.2,7.3,4.74
889.1,61.1,19,Air,76.7,7.1,5.62
3411.5,50.9,31,Road,1.9,8.2,8.59
2887.2,77.7,15,Road,82.9,7.4,9.98
4156.6,55.0,19,Rail,33.2,0.4,8.2
3524.5,51.9,38,Multimodal,59.8,7.4,14.43
817.6,39.9,32,Rail,74.9,0.2,6.03
3601.7,41.9,31,Rail,63.7,5.3,8.31
2889.6,85.9,37,Road,67.2,8.4,11.22
3011.9,12.9,26,Rail,89.3,8.3,7.13
3746.0,40.4,25,Multimodal,37.4,8.4,13.61
2584.3,59.2,8,Road,54.7,6.0,7.79
2099.7,39.3,4,Rail,17.5,1.8,4.75
2866.7,25.8,31,Air,46.8,5.1,4.61
1344.3,26.2,32,Sea,15.0,5.2,9.38
825.8,21.4,34,Rail,63.4,3.2,5.0
2776.6,31.3,3,Sea,32.4,4.2,11.46
1056.1,78.5,26,Road,85.9,8.7,8.05
364.2,45.7,4,Road,34.4,5.2,3.53
7.5,22.0,2,Sea,28.7,7.0,5.45
2739.4,34.9,19,Sea,49.1,5.0,12.39
1632.9,10.0,23,Air,17.5,6.2,2.58
3386.6,81.4,25,Air,20.4,0.9,6.03
1691.4,37.0,7,Rail,78.3,9.3,5.79
2189.6,88.2,8,Rail,49.7,4.4,7.54
1834.8,31.6,3,Sea,20.6,7.5,9.63
2929.3,75.4,23,Rail,3.2,6.7,7.25
1605.8,23.4,33,Sea,46.6,8.0,10.78
4337.1,7.3,28,Sea,74.3,0.3,15.32
4213.0,3.3,22,Air,35.1,9.4,2.99
3816.9,54.8,35,Road,24.8,8.3,10.05
4141.7,28.4,34,Road,39.6,8.3,9.92
2023.9,40.2,30,Road,95.9,4.7,8.57
2416.3,73.8,36,Rail,42.3,8.0,8.63
3340.7,22.7,14,Road,26.0,5.8,7.14
3134.2,28.1,9,Rail,56.9,5.0,6.22
4008.6,76.2,22,Rail,81.1,7.8,9.99
3224.9,44.6,28,Road,2.2,6.3,7.81
4490.5,74.6,14,Rail,55.8,0.8,9.3
1571.5,34.0,15,Road,83.6,3.1,6.19
3749.3,36.2,37,Road,21.6,6.2,9.37
3140.9,15.5,24,Sea,92.2,9.0,14.96
3112.8,82.5,34,Road,57.8,9.3,10.9
1469.6,80.8,3,Road,51.7,8.4,6.98
3536.3,88.6,23,Rail,96.4,2.5,10.53
4052.2,36.5,20,Sea,13.0,4.7,14.94
987.4,73.8,15,Road,74.0,4.3,7.28
2816.6,37.6,16,Rail,81.9,4.4,7.02
1767.6,41.2,7,Road,48.9,0.5,5.56
4453.0,74.8,33,Road,0.6,1.7,11.1
2157.4,16.4,19,Rail,52.4,1.5,5.17
1031.3,20.2,18,Rail,15.4,6.2,3.54
1721.5,28.7,18,Rail,56.3,4.1,5.44
2944.0,71.0,3,Sea,73.9,3.2,13.74
347.0,33.9,3,Multimodal,53.1,4.4,5.22
2718.2,32.6,36,Rail,63.1,3.2,7.64
4190.9,89.9,16,Road,10.4,7.6,10.84
3827.4,34.9,23,Sea,9.7,1.7,13.65
309.2,22.7,23,Road,85.1,0.6,4.7
4470.3,56.3,15,Road,4.9,6.5,9.69
3145.8,72.3,9,Road,28.4,2.3,8.64
734.5,6.7,38,Road,93.8,6.4,5.45
60.8,55.9,18,Multimodal,45.9,0.6,5.32
774.9,3.7,38,Sea,67.5,2.5,8.18
3772.6,47.6,6,Rail,22.2,1.5,6.86
102.3,23.5,37,Road,27.1,2.9,3.97
1053.0,27.9,6,Road,50.9,3.3,4.3
3409.1,42.3,21,Road,63.8,5.0,9.3
2639.6,83.5,30,Road,96.0,5.2,10.73
3523.4,64.1,28,Rail,57.4,6.3,9.05
3358.9,84.3,20,Sea,9.6,3.3,14.77
232.5,59.6,19,Rail,36.7,5.3,4.85
4016.8,1.1,14,Road,24.4,9.9,7.22
1025.5,24.3,1,Multimodal,25.4,2.1,4.93
2492.5,81.6,27,Sea,50.5,1.5,13.71
2901.1,58.1,32,Rail,31.7,8.4,7.97
763.0,88.4,29,Rail,28.9,4.1,6.94
4393.2,14.5,31,Road,96.8,8.5,10.72
2199.3,27.1,25,Road,58.4,4.2,6.84
264.1,32.9,7,Road,26.2,0.2,2.92
4218.0,29.7,39,Sea,27.6,3.7,15.95
2640.3,23.1,16,Road,81.1,6.1,7.63
3147.9,40.2,11,Road,88.6,4.5,8.72
2365.7,58.0,18,Road,67.9,4.6,8.19
3757.1,28.4,5,Road,43.1,10.0,7.94
153.9,7.6,2,Air,76.5,5.4,2.37
1211.4,63.9,10,Sea,93.7,7.0,11.55
2116.1,41.6,26,Rail,16.6,7.2,5.88
349.3,50.3,24,Road,86.2,0.0,5.71
3178.1,41.3,26,Rail,84.9,5.5,8.25
1774.5,80.2,16,Rail,36.7,9.6,6.72
1230.6,50.5,25,Road,29.2,7.5,6.34
20.2,83.1,38,Road,56.5,3.4,7.0
3240.6,46.2,6,Road,27.2,3.6,7.64
3753.0,26.7,12,Rail,14.5,3.0,5.62
1780.7,32.3,9,Rail,95.3,6.3,5.74
2541.2,47.2,8,Road,49.1,1.0,7.51
1028.5,47.9,31,Road,47.2,2.9,6.07
2801.8,62.0,32,Rail,12.6,5.0,7.45
59.6,20.6,7,Rail,50.4,5.4,3.11
2201.5,59.5,32,Air,74.3,6.1,6.39
2900.7,70.2,25,Rail,24.8,8.0,7.53
4132.3,61.1,33,Road,36.9,1.6,10.72
1719.1,43.6,28,Road,17.9,2.3,6.3
3444.5,89.3,11,Rail,35.5,8.7,8.34
2691.6,36.7,31,Road,86.1,8.3,8.98
4171.9,10.0,10,Rail,23.7,8.2,5.52
1795.7,74.0,2,Multimodal,3.0,2.1,7.79
1439.3,19.5,4,Rail,53.6,0.6,3.87
3992.7,64.3,22,Road,57.9,5.2,10.8
226.4,16.5,28,Rail,32.9,8.7,3.38
618.1,2.0,10,Rail,64.2,2.4,3.09
375.4,14.8,2,Rail,3.8,9.0,1.76
3794.8,34.2,31,Multimodal,34.1,1.4,11.8
52.7,10.0,23,Road,14.5,3.0,2.28
3878.1,18.2,16,Multimodal,23.0,3.0,10.62
2033.4,68.9,9,Air,38.3,1.5,4.52
23.1,69.4,6,Road,49.3,8.7,4.55
1810.4,73.7,25,Road,9.3,4.1,7.37
844.7,75.8,4,Road,10.1,1.9,4.65
2811.7,38.1,12,Road,67.4,1.5,7.83
3058.7,78.1,24,Road,40.4,4.2,9.86
2196.4,47.6,27,Rail,17.7,0.2,6.16
187.1,42.6,3,Road,23.5,1.2,2.85
2954.3,64.8,12,Road,72.0,0.0,9.22
3790.0,19.6,30,Sea,5.2,0.2,12.94
3242.9,71.2,12,Road,50.9,10.0,9.28
3735.7,38.9,22,Sea,36.0,4.5,15.02
906.3,11.9,15,Road,81.1,7.3,4.37
4000.6,11.2,28,Road,79.0,7.4,9.62
1453.3,15.3,17,Rail,68.9,8.8,4.79
65.3,80.2,25,Rail,38.5,1.0,5.79
3796.0,89.2,3,Air,63.1,5.3,6.07
4238.5,32.4,36,Sea,64.0,3.2,16.81
2951.7,26.6,31,Sea,33.2,5.5,13.07
1045.3,20.1,15,Road,88.0,3.3,5.25
1136.6,74.2,28,Road,98.5,1.8,8.5
2102.3,19.2,31,Sea,31.4,6.7,11.67
4040.8,83.2,20,Sea,80.1,0.4,17.02
677.4,60.2,21,Multimodal,50.1,9.0,9.03
3717.8,80.8,27,Road,46.4,1.5,11.17
1314.4,50.1,19,Road,38.7,6.2,5.96
3639.6,62.3,36,Sea,29.2,7.5,16.71
4141.6,55.9,12,Road,92.0,0.7,11.18
1926.6,74.9,35,Multimodal,74.1,9.0,13.03
1645.9,75.3,33,Air,44.1,3.6,6.3
3611.0,53.3,36,Road,75.2,10.0,10.91
2385.0,57.1,23,Sea,71.9,0.7,12.34
3081.6,83.0,13,Sea,26.7,7.2,15.29
2804.6,83.7,30,Road,17.6,1.6,9.5
692.2,60.0,10,Air,83.6,4.0,4.72
3802.3,1.2,20,Rail,81.1,4.4,6.8
885.0,9.8,6,Sea,99.7,4.1,7.76
4195.6,77.3,31,Road,1.9,3.4,10.62
1131.3,8.1,19,Air,54.0,7.7,3.04
3303.8,19.6,3,Road,70.1,8.2,7.29
1284.5,21.1,10,Road,58.3,3.4,4.76
1433.4,54.2,10,Air,71.0,4.8,4.9
1398.5,52.1,21,Road,13.7,4.2,5.66
3366.8,26.4,2,Road,0.2,5.9,6.21
2507.9,19.1,39,Multimodal,9.3,1.5,8.71
3973.9,68.9,30,Multimodal,38.0,8.1,15.43
1386.6,84.2,28,Rail,32.9,8.0,7.21
3115.5,5.2,18,Rail,87.4,5.9,6.42
3389.5,12.4,14,Road,8.4,7.5,6.65
685.9,58.0,19,Road,44.3,9.9,5.23
1805.6,72.5,36,Road,95.8,9.2,9.53
2175.3,71.3,12,Rail,50.3,6.1,6.99
1603.8,64.9,20,Sea,13.2,5.1,10.71
1452.9,79.9,34,Sea,29.1,5.3,12.16
3090.5,20.0,36,Sea,62.7,4.7,14.13
975.3,10.1,21,Road,1.2,4.8,3.03
3193.7,55.6,19,Rail,96.8,7.3,8.65
4208.0,74.1,35,Road,56.7,9.9,12.32
2545.6,52.6,8,Rail,70.4,0.5,6.89
2753.4,86.7,22,Road,49.9,2.3,9.56
314.9,71.7,38,Air,95.8,2.1,6.8
3890.8,63.2,18,Road,58.9,8.3,10.4
1288.1,5.9,8,Road,66.2,4.2,4.28
2769.7,10.1,2,Road,86.1,5.3,6.66
4406.1,70.7,20,Sea,86.2,4.7,18.46
2681.8,18.2,5,Rail,2.8,8.5,4.05
3262.6,3.1,30,Road,28.3,5.0,7.15
2006.7,82.0,18,Road,24.6,6.7,7.67
276.3,80.2,23,Sea,0.7,0.2,6.94
3590.2,20.1,2,Road,87.7,6.5,7.87
162.3,70.3,37,Sea,31.7,2.4,8.14
3154.5,4.8,32,Sea,34.7,8.7,13.38
108.0,26.0,1,Road,10.0,7.5,1.53
3881.1,56.3,39,Road,99.0,1.1,12.37
713.6,68.8,1,Multimodal,82.6,1.0,7.1
2316.7,1.4,31,Road,57.2,2.9,6.14
2689.2,29.7,39,Road,77.2,1.3,8.96
2061.7,19.7,8,Sea,77.7,7.4,11.33
1536.7,89.9,3,Multimodal,65.7,9.9,11.45
2107.8,60.6,12,Multimodal,17.4,6.6,9.71
1404.8,36.8,34,Sea,72.0,2.5,10.56
1974.4,7.3,25,Road,57.0,5.6,5.69
1618.3,54.1,36,Road,72.4,8.1,8.24
2550.1,57.9,7,Sea,54.3,9.6,14.01
1074.5,73.6,15,Rail,95.6,0.1,7.25
4449.0,26.3,21,Road,62.7,5.2,9.79
2256.4,88.3,25,Air,57.4,4.5,6.94
877.8,39.8,38,Road,84.3,4.1,6.79
2149.4,27.0,37,Rail,37.9,5.0,6.24
3899.5,31.7,16,Road,31.6,4.0,8.63
103.0,47.0,1,Rail,50.3,3.4,3.51
3059.6,84.3,37,Road,58.4,1.1,11.41
2468.1,66.3,14,Road,22.0,5.0,7.59
767.2,52.2,34,Road,68.2,8.2,6.56
3679.6,15.1,2,Rail,80.2,1.0,6.43
1663.1,13.9,31,Sea,57.7,7.4,11.11
1325.6,45.4,19,Rail,52.3,2.7,5.3
3727.4,65.7,19,Multimodal,29.5,3.8,12.68
2875.2,67.7,23,Road,91.0,9.9,10.07
4042.7,20.7,30,Road,75.4,6.8,10.27
2836.3,9.5,17,Air,48.0,7.2,3.16
3335.0,34.9,2,Road,65.9,6.0,8.14
3764.8,82.7,11,Multimodal,33.7,3.2,13.21
251.1,49.3,14,Road,6.0,6.8,3.24
3493.3,29.1,29,Multimodal,20.4,4.6,11.63
2763.6,29.5,19,Road,7.9,8.3,6.52
317.4,12.3,28,Air,50.8,5.7,3.08
2291.1,42.9,1,Rail,62.2,7.7,5.6
375.6,71.3,5,Multimodal,38.0,8.5,7.58
3313.1,87.2,34,Road,53.0,8.2,11.2
2461.5,45.4,14,Rail,8.5,4.0,5.52
4291.3,15.5,19,Multimodal,77.0,3.7,12.77
828.2,61.6,24,Rail,3.3,8.7,5.0
2729.1,68.2,17,Rail,63.4,1.4,7.98
956.1,6.9,2,Rail,43.3,2.8,2.68
2765.2,76.6,31,Rail,18.4,1.2,7.76
3253.3,74.7,17,Rail,52.3,0.4,8.53
3251.8,42.8,8,Rail,78.1,6.2,7.08
3668.8,50.7,17,Air,41.4,9.0,4.9
3841.7,64.4,38,Road,36.8,1.3,10.89
352.3,61.1,26,Road,14.2,8.0,4.84
1548.0,2.0,7,Multimodal,59.5,3.8,6.49
3093.6,11.5,24,Air,82.8,6.2,4.61
2246.1,15.1,30,Rail,56.1,7.6,5.81
862.1,68.1,26,Rail,16.5,7.1,5.48
2489.4,39.9,30,Road,66.1,1.4,8.5
1836.4,49.3,35,Road,3.0,1.2,6.6
1758.2,69.7,2,Rail,83.8,9.2,6.78
3644.8,31.0,4,Road,92.1,0.8,8.72
1837.2,67.5,5,Rail,59.7,2.2,6.29
123.9,40.1,2,Road,88.2,4.4,4.33
266.0,34.3,31,Multimodal,8.5,8.2,6.43
3853.8,30.3,27,Multimodal,22.8,6.0,12.32
4322.9,86.9,24,Rail,31.7,5.7,9.69
3099.4,69.6,4,Rail,77.3,6.9,8.02
1642.8,2.3,28,Road,48.4,8.0,5.01
4224.0,86.2,5,Sea,34.8,2.3,16.1
2984.3,69.9,27,Rail,15.8,0.2,7.5
3800.3,13.9,5,Road,81.1,1.3,8.15
3447.5,7.3,5,Air,2.1,1.7,1.57
1709.2,28.1,9,Sea,33.7,0.4,8.51
2156.8,56.4,27,Multimodal,24.3,7.5,11.19
841.7,55.7,4,Sea,12.9,8.8,8.95
1317.6,25.2,24,Rail,17.2,7.1,4.33
3502.7,40.4,27,Road,49.4,1.9,9.31
4023.4,19.5,1,Multimodal,42.6,6.1,11.72
3261.4,5.0,32,Air,51.8,5.2,4.04
2096.0,46.8,16,Road,72.8,8.2,7.38
393.9,31.6,23,Road,89.2,9.4,5.55
261.0,49.1,28,Road,11.8,7.4,4.38
1687.6,85.2,20,Sea,8.3,5.1,11.8
2089.9,13.3,17,Multimodal,32.0,5.1,8.4
2743.0,0.7,36,Road,54.6,8.1,6.9
34.2,7.4,8,Rail,10.0,1.2,1.32
4453.8,41.9,18,Road,71.6,1.5,10.66
1640.9,63.8,13,Multimodal,55.6,3.4,9.31
3817.2,52.5,9,Sea,74.8,7.5,16.6
2409.7,44.8,37,Sea,35.8,0.7,11.89
591.3,32.2,30,Rail,40.1,3.4,4.9
3590.1,28.2,28,Road,80.8,3.2,9.72
3195.7,34.2,18,Road,26.7,4.9,7.72
2375.8,55.2,20,Road,38.1,4.6,7.63
2317.9,15.5,36,Air,1.3,7.1,3.29
398.2,69.5,19,Sea,55.5,6.3,9.44
2953.0,52.0,5,Multimodal,85.1,9.0,12.92
4101.0,24.6,34,Multimodal,2.8,1.8,11.38
424.1,45.4,17,Rail,61.4,4.3,5.0
1189.5,86.7,28,Sea,84.5,4.0,12.1
4060.9,2.3,36,Multimodal,49.4,1.1,11.44
1283.1,18.4,38,Sea,31.3,1.6,8.65
2944.5,40.6,30,Road,99.7,3.4,9.61
2409.0,57.6,18,Rail,6.5,7.3,6.02
2685.5,19.5,6,Road,21.0,1.5,5.46
1874.0,83.9,26,Multimodal,88.5,2.7,11.73
1353.5,58.0,15,Rail,29.7,6.8,5.45
223.2,79.0,1,Road,82.0,6.0,5.62
3350.5,30.0,17,Rail,33.3,1.0,6.46
3358.7,74.7,31,Rail,81.2,9.4,9.91
3019.9,34.4,2,Road,68.6,1.5,7.58
2898.1,23.1,36,Road,46.9,0.6,8.28
1100.5,82.1,35,Rail,52.3,3.0,7.86
105.4,8.8,27,Rail,17.8,0.3,2.54
3640.2,84.9,3,Sea,11.6,0.3,14.0
2212.7,41.5,20,Rail,71.7,5.8,6.8
1384.2,89.3,8,Air,84.9,8.9,6.55
463.2,48.8,29,Rail,72.2,4.0,5.71
286.9,68.3,8,Rail,91.3,3.0,5.79
1573.2,1.1,27,Air,89.0,9.1,3.9
3622.3,45.0,26,Road,77.8,0.6,10.39
4134.7,66.5,39,Road,89.8,4.7,12.63
4035.9,70.6,10,Road,16.7,2.5,9.63
4140.4,14.6,30,Sea,73.1,3.8,15.66
4085.2,38.0,33,Rail,75.4,4.1,9.12
2374.9,38.0,36,Sea,15.4,5.5,12.35
991.3,9.8,20,Road,91.0,4.5,5.0
3592.2,40.2,4,Road,0.9,9.9,7.0
965.6,72.7,23,Road,43.5,0.3,6.78
1206.1,27.4,29,Road,2.1,7.6,4.66
1053.5,39.2,32,Rail,52.3,0.5,5.67
2319.8,86.5,37,Road,41.2,4.3,9.87
1451.6,3.3,37,Road,62.3,2.0,5.78
697.9,53.4,26,Air,76.6,9.5,5.62
2042.0,67.0,5,Road,76.9,7.2,7.91
3933.2,68.6,24,Rail,72.2,4.6,9.52
2569.6,64.6,2,Sea,10.2,9.5,12.83
3953.1,65.5,15,Road,41.7,7.2,10.43
885.4,5.8,8,Rail,81.6,9.5,3.65
755.5,48.3,37,Air,65.4,7.0,5.27
2592.2,70.6,37,Multimodal,68.1,0.8,11.85
2087.7,8.9,14,Road,22.7,6.2,4.47
2972.5,1.6,5,Air,32.5,9.8,2.2
3576.8,73.4,9,Rail,95.6,2.1,9.48
3382.1,64.3,22,Road,84.7,7.9,10.61
4240.5,37.4,30,Rail,16.5,1.8,7.43
1795.2,84.7,33,Multimodal,54.5,4.5,11.78
932.7,69.1,38,Rail,49.1,0.8,7.15
2481.4,87.1,37,Road,44.4,3.4,10.27
502.8,83.7,38,Rail,47.1,7.8,7.32
1303.4,43.6,7,Road,64.3,0.5,5.42
939.5,68.0,3,Road,96.7,3.2,6.71
1787.6,60.4,32,Road,87.5,6.3,8.51
504.9,73.1,36,Road,87.5,9.5,7.54
148.1,71.0,19,Road,70.3,2.5,6.0
2957.3,14.2,31,Road,1.8,1.7,6.75
2748.1,21.4,30,Rail,44.0,2.0,6.16
3189.1,24.3,37,Road,51.1,2.4,8.54
2973.4,73.8,25,Road,84.2,6.4,10.52
518.8,73.1,13,Air,92.3,10.0,6.16
1313.4,44.8,12,Rail,45.2,5.2,5.15
587.2,52.5,9,Rail,30.0,2.7,4.59
3794.2,74.5,9,Road,33.7,7.5,9.76
3362.3,28.5,27,Road,57.9,1.6,8.9
910.9,5.0,31,Road,27.5,0.3,3.88
1539.2,43.7,6,Road,91.1,6.1,6.39
4349.9,82.3,29,Road,41.9,2.1,11.91
2675.7,71.2,30,Road,99.0,4.0,10.63
3606.2,33.3,38,Road,11.0,2.3,9.02
1194.3,6.3,11,Road,18.8,9.2,3.14
949.2,57.5,6,Rail,51.2,3.4,5.29
3528.7,75.2,39,Road,86.8,4.5,12.38
3088.0,60.0,31,Road,35.4,2.3,9.48
3066.0,38.5,35,Rail,83.7,0.8,8.44
2489.1,11.5,12,Rail,42.5,5.1,4.64
2538.3,82.0,6,Road,85.3,8.7,9.51
3312.0,25.2,26,Sea,27.7,3.5,12.91
1218.7,20.6,37,Rail,47.2,7.8,5.4
1590.7,73.5,32,Road,27.9,0.3,7.49
3923.0,88.3,4,Air,21.5,2.4,5.32
1393.3,59.6,3,Air,42.1,1.3,3.97
2460.7,56.4,2,Road,33.5,4.0,6.94
3163.4,29.1,20,Road,78.7,8.9,8.77
4499.7,2.3,19,Sea,74.8,3.7,15.52
1961.6,17.7,39,Sea,35.9,6.0,11.21
1929.3,52.8,12,Road,99.2,9.0,7.78
3792.4,14.0,36,Road,97.4,3.6,10.22
3625.7,79.6,28,Road,91.8,3.7,12.08
3291.2,17.3,9,Rail,58.7,0.9,5.92
2087.2,47.2,11,Rail,41.2,3.5,5.77
1461.1,46.3,30,Road,31.3,7.5,6.63
2741.2,54.6,2,Rail,1.5,8.4,5.43
3943.6,29.8,38,Sea,63.2,7.2,16.75
3977.6,78.7,38,Road,55.3,0.1,12.27
492.7,40.3,33,Road,63.0,1.2,5.84
1930.4,63.2,7,Sea,57.6,7.3,12.1
2093.9,57.4,21,Air,13.8,9.4,4.52
4399.4,11.0,12,Rail,69.5,7.0,7.48
3052.6,56.2,21,Rail,36.0,2.3,7.41
1835.6,49.8,23,Road,51.6,1.1,7.11
122.1,80.9,6,Road,36.6,8.8,4.8
2546.4,79.3,14,Rail,2.2,1.0,6.73
436.9,14.0,32,Road,87.7,1.5,4.76
3755.9,7.8,13,Road,14.9,6.0,6.6
3387.6,26.9,27,Road,58.2,1.9,8.79
2075.0,88.8,11,Road,88.3,2.3,9.24
1934.3,2.4,32,Road,22.1,1.4,5.29
4038.5,60.7,3,Road,41.2,9.4,9.4
1301.6,55.0,2,Road,37.8,1.2,5.26
1124.3,58.4,30,Road,8.9,9.3,6.05
4226.7,20.0,2,Air,42.4,3.3,2.86
3642.6,20.8,39,Rail,47.9,8.2,7.48
3693.7,39.0,29,Rail,2.7,9.5,6.82
882.4,9.1,22,Sea,48.8,5.2,7.75
649.1,7.2,25,Rail,9.4,7.7,2.62
122.0,8.4,19,Road,89.2,2.7,3.58
1070.5,51.8,16,Rail,65.0,3.8,5.87
3485.0,36.1,17,Rail,5.6,5.5,6.12
1084.0,26.8,27,Sea,82.7,8.5,10.33
3282.3,28.8,19,Road,36.2,6.2,7.76
1137.3,19.1,30,Road,22.6,0.2,4.63
1781.8,37.3,14,Road,25.4,3.0,5.41
4424.3,18.7,32,Road,59.8,8.6,10.13
1105.4,63.0,23,Rail,8.2,2.4,5.4
1696.8,11.6,36,Rail,5.9,3.7,4.53
1358.4,85.4,10,Road,62.8,3.9,7.51
497.8,8.5,38,Multimodal,98.2,1.5,6.78
2207.1,84.9,29,Rail,48.3,3.5,8.4
1707.2,75.1,11,Road,41.3,8.2,6.81
3128.5,61.4,38,Road,94.7,8.5,11.1
3680.1,82.2,15,Road,24.1,5.8,9.83
2451.4,13.0,32,Road,24.1,6.8,6.4
149.7,16.3,27,Road,90.5,5.3,4.47
2787.1,23.1,38,Road,64.7,0.4,8.41
254.0,22.4,1,Road,5.4,7.0,1.59
2775.5,28.3,14,Road,67.4,10.0,7.44
3084.2,52.0,3,Air,82.0,2.3,5.11
894.0,3.0,30,Road,27.4,9.8,3.64
3688.0,34.7,31,Rail,38.3,10.0,7.51
4100.3,22.6,1,Road,19.8,1.4,7.16
3659.8,54.8,14,Multimodal,63.3,9.3,14.23
1376.5,88.7,36,Road,66.4,6.8,8.84
2642.0,46.8,36,Road,6.9,4.7,7.83
4117.1,38.6,15,Multimodal,67.8,3.4,13.16
1446.4,33.5,38,Air,65.8,6.3,5.41
3691.0,70.8,25,Sea,3.5,8.4,16.34
47.6,6.9,14,Road,55.5,0.3,2.66
21.4,86.4,24,Road,61.4,5.4,6.34
3419.9,37.9,2,Rail,43.0,6.5,5.86
3427.7,28.6,34,Air,90.1,0.3,5.73
3551.5,87.7,23,Rail,32.8,8.9,9.2
4185.5,84.3,8,Rail,6.7,9.5,8.36
535.0,58.0,5,Road,67.2,6.1,4.78
1047.8,2.2,29,Sea,60.5,1.2,7.52
4067.2,67.5,33,Road,98.9,9.3,12.56
801.7,30.5,20,Road,23.1,8.1,4.03
3071.6,35.3,16,Road,39.5,0.3,7.56
2389.4,14.7,37,Rail,46.1,5.8,5.94
379.0,47.3,37,Road,86.2,1.1,6.18
1287.3,67.1,24,Road,41.5,1.4,6.74
2344.1,24.9,29,Rail,77.2,1.9,6.86
3836.3,84.5,35,Road,15.7,4.0,11.09
3185.4,17.9,9,Rail,41.0,8.8,5.55
2800.4,6.4,22,Road,15.5,0.3,5.62
2234.7,58.2,20,Rail,95.0,6.9,7.99
1347.6,76.5,4,Rail,17.8,9.6,5.48
541.0,85.8,36,Road,41.9,6.4,6.82
1843.8,69.2,12,Road,8.2,8.2,6.35
133.2,18.4,23,Road,92.1,9.0,4.45
953.7,88.0,39,Road,62.4,7.1,8.67
1949.0,82.8,8,Multimodal,96.2,6.6,11.78
1886.6,15.1,10,Road,4.2,0.2,4.35
204.1,50.5,23,Sea,17.5,5.2,7.37
2652.8,50.2,29,Road,38.0,4.7,8.16
2475.8,40.1,32,Rail,62.1,5.2,7.45
356.1,88.6,14,Sea,33.0,4.3,9.18
4244.5,5.8,16,Rail,71.2,9.1,6.87
451.7,56.6,39,Rail,16.5,8.9,5.42
3847.5,18.9,17,Road,60.1,1.3,8.47
6.4,47.7,20,Road,39.8,5.3,4.37
3970.9,70.3,12,Air,50.8,9.6,5.71
93.6,22.6,9,Sea,57.0,6.0,6.16
3411.4,35.7,8,Multimodal,6.0,8.0,11.01
1630.8,85.6,37,Road,92.4,3.7,9.8
3323.3,68.7,21,Sea,78.6,3.8,15.69
1810.8,51.8,32,Multimodal,44.2,3.3,9.6
323.7,20.4,37,Road,54.7,0.2,4.52
3454.9,38.6,18,Road,3.3,9.2,7.67
325.3,69.8,29,Sea,49.8,3.5,9.13
4149.9,73.9,7,Rail,42.6,3.7,8.33
234.1,22.4,37,Sea,37.4,7.6,7.79
2159.6,59.8,6,Road,81.5,5.3,7.86
3255.0,9.0,20,Sea,18.2,3.6,11.91
1772.6,2.6,9,Road,17.6,8.8,3.95
981.5,49.6,9,Road,52.2,8.3,5.47
3417.1,20.6,8,Road,68.7,9.8,7.58
3530.4,7.6,17,Sea,2.2,6.4,12.27
4152.5,65.8,24,Rail,54.6,6.9,9.36
1695.9,45.1,23,Rail,29.9,3.2,5.72
2280.6,71.8,33,Road,75.7,1.0,9.9
1637.3,59.9,22,Air,46.9,1.1,5.18
1160.6,65.8,22,Road,83.4,6.5,7.41
3380.9,28.0,27,Sea,39.7,1.1,13.22
1531.7,24.1,2,Road,82.7,9.1,5.17
1929.5,54.3,31,Road,71.7,7.0,8.6
1819.5,18.4,13,Rail,82.8,2.3,5.39
3208.4,73.5,2,Road,81.2,2.8,9.51
4130.5,47.3,7,Sea,48.6,7.1,16.04
3002.1,20.8,11,Rail,36.8,8.2,5.42
2124.8,56.5,26,Road,76.5,8.4,8.5
3507.5,85.1,21,Air,36.2,6.0,6.38
2886.2,7.8,15,Road,8.9,1.6,5.4
277.4,10.3,16,Rail,85.9,8.2,3.83
435.0,76.0,9,Air,39.7,7.9,4.72
175.4,10.3,21,Rail,13.3,8.4,2.3
2058.4,4.0,6,Road,64.6,1.6,5.1
3717.2,31.6,1,Multimodal,89.0,6.8,12.84
1412.3,42.3,31,Rail,86.1,9.6,7.0
1731.8,51.5,5,Road,55.4,2.6,6.07
4093.1,45.9,37,Road,8.8,7.2,9.96
3766.9,82.2,26,Sea,69.7,2.6,17.28
2994.4,69.3,1,Rail,60.9,3.1,7.43
1204.3,88.6,1,Rail,21.0,4.9,5.82
531.1,43.1,29,Air,90.1,8.9,5.56
77.2,8.0,22,Sea,8.7,0.4,3.71
486.0,86.0,38,Road,37.3,9.9,7.41
1320.2,0.9,19,Road,9.5,7.7,3.53
2485.3,70.0,28,Road,91.2,3.6,9.94
292.7,3.3,5,Sea,3.5,3.5,4.18
617.3,68.6,21,Road,42.6,4.8,5.88
819.0,84.4,22,Rail,86.2,8.8,7.6
2845.8,35.3,20,Sea,25.1,0.2,11.14
2773.0,22.1,12,Air,10.5,5.5,2.49
2480.7,20.8,6,Road,12.7,0.6,5.2
1131.0,44.5,29,Sea,40.5,1.2,8.86
1673.2,15.8,35,Road,42.9,6.9,5.74
439.6,60.7,11,Sea,71.8,2.3,8.16
1022.9,33.5,33,Road,23.8,0.4,5.32
4040.2,29.4,25,Road,70.2,1.6,9.97
4408.7,41.8,14,Sea,99.9,2.1,16.83
2916.2,49.1,29,Road,86.4,7.7,9.76
4126.1,13.2,13,Road,63.6,6.2,8.68
2894.1,63.8,15,Sea,94.0,7.4,15.63
154.2,79.5,8,Sea,99.1,3.7,9.1
4485.4,25.4,33,Rail,57.0,1.1,8.37
449.8,16.6,11,Rail,27.4,8.1,2.53
3073.5,68.6,15,Rail,91.5,1.4,8.82
1141.5,16.9,21,Road,84.4,3.8,5.51
1767.0,4.2,36,Road,8.5,2.6,5.0
2908.5,55.9,6,Road,93.6,3.0,9.14
1967.0,22.0,25,Air,36.6,6.0,3.62
1131.2,15.9,1,Rail,32.2,1.6,2.89
1508.3,88.4,33,Road,34.3,4.5,8.42
1540.3,26.6,39,Rail,32.0,6.4,5.45
4317.2,81.4,32,Multimodal,51.6,8.7,16.94
3594.8,16.5,2,Road,58.0,3.7,7.35
2066.2,73.8,25,Rail,42.6,3.2,7.63
903.2,45.4,33,Rail,41.3,3.7,5.62
3650.5,7.5,38,Rail,73.7,5.0,7.62
711.5,66.2,11,Road,0.3,3.1,4.48
951.0,80.3,19,Air,94.7,2.5,6.26
1650.2,15.1,25,Multimodal,71.4,3.8,8.25
3962.2,65.4,28,Rail,70.7,7.8,9.64
597.4,40.3,10,Rail,42.2,2.5,3.95
554.4,68.0,31,Air,96.6,8.4,6.64
2225.4,64.4,16,Sea,0.0,2.9,11.19
1247.5,2.9,18,Road,7.6,6.0,3.37
2561.4,16.5,22,Rail,80.4,9.7,6.05
2035.1,42.7,35,Rail,73.9,9.5,7.53
1960.1,84.1,12,Road,27.1,4.3,7.69
508.3,31.1,28,Sea,59.5,0.7,7.23
639.0,56.8,9,Multimodal,53.2,9.0,7.95
3695.7,1.6,30,Air,52.7,1.3,4.05
3987.0,64.1,18,Rail,59.6,9.2,8.8
1059.9,54.5,24,Road,99.4,7.3,7.38
515.0,64.5,19,Multimodal,98.7,9.3,9.82
245.1,81.5,14,Sea,98.2,6.7,10.21
2739.3,13.6,2,Road,54.9,10.0,6.13
3220.5,23.9,11,Air,31.8,4.7,3.52
1680.8,89.6,26,Air,56.0,3.3,6.66
3060.1,14.5,8,Rail,62.3,3.9,5.83
3209.7,65.0,3,Rail,31.1,3.5,6.76
4209.4,65.4,15,Road,63.3,4.0,10.88
296.6,61.6,13,Road,62.2,8.9,4.99
869.4,20.9,16,Road,90.3,5.9,5.21
313.0,19.8,22,Sea,23.8,7.3,6.89
3906.6,60.1,33,Road,69.8,2.9,11.34
3567.7,17.2,2,Road,45.1,9.9,7.02
2588.0,59.7,29,Road,13.0,2.8,7.9
381.1,44.6,34,Rail,31.6,1.6,5.12
1233.5,35.1,16,Air,5.7,7.8,2.79
1343.3,27.4,14,Road,31.9,8.4,4.8
2525.5,85.3,39,Road,6.9,3.9,9.21
1164.9,46.0,5,Sea,92.5,5.4,10.08
333.0,50.7,18,Rail,10.2,4.1,4.27
3289.8,85.5,26,Road,81.7,2.9,11.32
1349.4,59.0,10,Rail,90.6,8.1,6.5
2038.4,86.2,6,Road,46.8,7.6,7.86
578.9,10.0,14,Road,5.4,4.9,2.17
3612.5,76.3,2,Rail,59.6,4.6,8.46
2547.1,30.5,27,Road,23.5,1.8,6.61
4057.6,73.0,9,Air,17.7,6.4,4.89
2232.1,77.1,13,Road,56.7,9.2,8.48
4236.7,24.8,21,Rail,35.6,7.2,7.03
4013.9,37.1,2,Rail,73.0,5.1,7.3
2596.2,65.5,3,Road,59.1,0.4,8.0
4202.9,9.4,13,Rail,82.9,9.3,7.21
1457.3,68.1,21,Road,5.8,3.1,6.26
1648.6,10.4,33,Multimodal,23.5,3.0,7.24
209.4,82.3,20,Road,56.7,4.7,6.15
2653.5,25.2,36,Road,88.0,4.3,8.73
3250.0,52.0,18,Road,81.3,9.6,9.87
3482.0,11.0,25,Multimodal,68.0,1.7,10.78
678.4,24.6,38,Rail,57.4,6.9,5.34
2001.5,36.7,25,Rail,63.1,1.1,6.54
800.0,44.1,38,Road,21.4,2.8,5.36
2981.3,0.5,15,Sea,59.5,7.2,12.28
715.0,80.0,17,Road,49.4,8.0,6.73
4069.2,1.2,36,Air,38.4,4.7,3.91
1041.7,69.7,29,Road,88.8,7.9,7.95
1314.9,42.6,33,Road,82.9,9.4,7.29
3829.8,47.4,32,Road,7.7,9.4,9.32
2065.8,19.1,8,Rail,98.6,3.4,5.64
112.9,54.9,13,Rail,23.0,3.1,3.97
2228.2,48.6,17,Road,21.5,7.3,6.56
385.0,15.2,21,Sea,94.4,6.5,8.18
4434.1,21.8,14,Rail,44.5,3.9,6.75
2648.6,6.5,25,Rail,80.5,2.3,6.15
1158.1,6.4,24,Road,28.8,6.2,4.06
2538.9,1.7,33,Road,87.3,4.3,7.64
350.5,20.2,8,Rail,83.2,1.3,4.03
3600.5,61.3,28,Road,51.9,6.4,10.28
4164.3,28.8,19,Road,70.5,7.0,9.91
3935.6,31.2,11,Air,96.4,3.6,5.03
1541.2,12.3,10,Multimodal,45.2,8.3,7.76
1469.3,52.0,1,Road,49.4,0.7,5.82
162.7,31.1,5,Road,72.3,5.0,3.64
2933.0,61.0,16,Rail,38.6,9.6,7.27
2409.4,66.9,20,Road,96.1,1.9,9.44
2069.8,52.8,20,Road,4.0,1.7,6.68
4084.8,25.2,28,Road,40.3,3.8,9.39
759.6,46.0,5,Sea,71.4,2.7,8.23
48.4,23.0,3,Rail,42.9,2.2,2.47
334.6,81.3,30,Road,25.9,9.5,5.95
1009.1,69.1,23,Road,41.3,3.4,6.42
154.6,44.6,34,Road,88.2,0.6,6.04
2265.3,86.9,28,Rail,54.7,9.0,8.87
1416.8,49.4,1,Road,33.5,4.5,5.16
816.3,29.9,27,Road,67.2,7.4,5.6
3376.6,9.0,34,Sea,61.2,3.7,13.78
924.0,49.2,31,Road,56.0,9.4,6.15
3095.8,77.5,32,Rail,39.1,2.9,9.15
1574.9,78.1,7,Road,7.2,6.6,6.24
2305.7,54.6,38,Road,62.1,8.2,9.06
4202.7,35.7,34,Road,42.0,2.4,10.37
172.9,58.7,4,Sea,42.9,8.0,7.62
2253.7,68.7,19,Air,23.4,7.9,4.91
3845.6,37.3,22,Sea,24.9,9.6,16.11
2647.9,43.1,29,Road,78.7,9.2,8.89
1249.5,61.4,34,Rail,47.9,3.9,6.82
1792.6,79.0,34,Road,10.9,5.9,8.1
3062.8,71.3,3,Road,4.6,9.3,7.71
4009.2,2.5,21,Air,22.5,0.0,3.3
189.6,11.6,38,Road,48.7,6.3,4.0
326.6,76.8,21,Road,61.7,2.2,6.36
1466.1,75.1,17,Road,14.4,7.4,6.6
1051.3,35.3,29,Road,43.4,8.0,5.5
1195.9,52.8,33,Road,7.3,7.1,5.74
999.6,81.6,39,Rail,3.8,10.0,6.7
885.2,82.1,26,Road,86.3,4.8,8.31
592.2,70.6,7,Air,65.8,5.6,4.84
4203.1,19.3,9,Sea,78.1,4.1,15.29
653.1,65.9,18,Road,18.2,9.7,5.11
923.8,9.5,1,Road,32.2,9.2,2.77
1112.0,80.5,11,Road,44.4,9.9,6.77
4198.9,13.8,22,Rail,65.8,9.8,7.4
3401.9,59.8,32,Road,53.5,9.0,10.14
3554.7,55.1,10,Rail,55.1,9.3,7.86
475.9,70.0,27,Road,15.7,1.2,5.37
3764.2,49.9,12,Rail,47.5,1.7,7.63
1839.8,5.8,30,Road,82.4,8.9,6.2
1186.4,63.7,10,Road,50.9,7.3,6.32
2593.0,34.8,12,Multimodal,20.0,8.7,10.68
3700.7,29.2,38,Sea,41.3,7.7,16.04
3505.0,89.3,21,Road,75.5,1.4,11.33
4005.5,53.3,27,Air,13.5,9.2,5.2
4177.0,64.1,6,Rail,58.0,7.7,8.41
1075.4,47.6,38,Air,96.5,5.7,6.67
1910.2,69.4,8,Sea,38.0,5.3,11.46
70.8,67.8,37,Road,4.4,5.7,4.86
3957.6,59.3,6,Road,63.3,3.9,9.95
699.8,89.8,34,Road,4.7,8.0,6.76
3877.3,41.7,22,Rail,19.2,9.1,7.06
1485.6,63.7,29,Rail,4.8,2.5,6.09
1659.8,71.9,9,Road,17.1,0.4,6.33
180.9,34.2,21,Road,85.5,2.0,4.81
1474.3,41.4,32,Sea,73.5,7.6,12.09
3998.2,87.2,8,Multimodal,34.2,8.7,14.97
119.8,3.4,10,Rail,89.7,3.5,3.11
1831.4,30.5,23,Road,66.5,1.5,6.46
146.1,44.0,20,Road,44.8,8.6,4.16
1672.3,0.6,13,Road,6.8,2.1,3.84
781.0,81.0,22,Air,73.1,2.4,6.29
1138.7,26.1,15,Road,37.6,0.9,4.36
3949.8,23.6,31,Rail,30.3,9.1,7.4
1965.0,73.9,32,Road,28.8,3.3,8.23
1235.7,25.4,13,Rail,0.8,1.7,3.34
2654.1,59.4,25,Rail,74.3,9.5,8.19
643.8,74.0,21,Sea,14.5,3.4,8.81
1171.0,71.4,4,Road,52.1,7.5,5.94
2460.4,70.5,15,Road,1.6,2.3,7.57
1072.7,8.4,21,Road,62.8,7.3,4.68
3057.7,7.6,8,Air,36.9,2.3,2.55
2214.3,28.0,31,Air,63.1,6.4,4.69
3475.1,3.7,10,Rail,9.0,4.4,4.44
4267.4,45.3,21,Rail,26.6,8.0,7.79
525.5,35.8,17,Rail,11.0,7.3,3.77
1509.3,50.4,5,Road,64.6,9.4,6.31
1441.4,27.2,13,Air,10.9,3.8,2.45
684.6,44.0,21,Road,61.7,7.5,5.73
3647.3,30.5,12,Road,13.5,9.7,7.66
3420.7,18.0,25,Rail,94.3,3.4,7.69
2182.5,58.6,28,Road,41.6,2.9,7.97
2422.3,60.8,2,Road,12.7,7.7,6.41
272.7,74.7,21,Sea,4.2,4.5,7.93
2502.0,78.8,22,Road,32.9,4.0,8.84
3562.1,63.5,2,Rail,89.1,5.5,8.25
2584.4,62.0,30,Road,14.4,9.4,8.38
1197.6,5.6,1,Road,79.1,0.8,4.01
3005.6,10.3,13,Road,41.7,4.7,6.55
1629.9,73.2,3,Road,80.3,1.1,7.59
2454.2,21.3,20,Sea,87.4,8.8,13.51
2196.6,32.3,5,Road,99.8,1.4,6.87
1718.4,13.5,2,Rail,6.8,0.9,2.95
3236.4,18.0,26,Rail,79.6,9.6,7.19
3978.0,69.9,29,Rail,7.0,5.6,8.41
28.4,23.9,18,Multimodal,31.5,8.3,5.67
4201.6,40.7,9,Sea,64.6,4.7,15.87
2304.3,14.1,22,Road,44.7,4.4,6.19
3154.8,61.2,28,Road,56.5,9.1,9.8
3851.0,65.7,12,Road,96.6,9.9,11.15
2104.6,32.9,37,Rail,81.9,6.2,7.13
3758.2,70.7,18,Road,36.4,9.2,10.12
803.4,22.0,34,Rail,60.0,8.6,5.12
720.5,62.4,3,Rail,4.8,5.4,4.24
2960.3,65.8,5,Road,45.3,9.4,8.03
3916.3,87.2,23,Sea,60.8,2.1,17.26
4016.5,21.3,13,Road,71.5,8.8,9.06
2898.6,8.9,24,Road,90.2,3.1,8.01
2367.1,24.0,28,Sea,28.3,0.3,10.2
1494.6,11.5,17,Rail,90.2,7.9,5.19
4410.1,15.7,6,Rail,66.2,9.3,6.87
1442.0,30.4,27,Road,7.8,2.2,5.59
3350.1,37.6,29,Road,38.0,5.3,8.73
2396.3,81.4,12,Sea,47.7,7.5,13.93
2740.3,18.0,35,Sea,35.2,3.3,12.4
1773.7,87.5,5,Rail,11.6,1.5,6.15
4341.9,73.0,2,Road,55.2,3.9,10.69
2574.7,79.4,11,Rail,13.2,4.6,7.0
4220.4,83.7,4,Road,91.5,7.4,11.78
39.1,67.9,22,Road,86.5,2.0,6.01
2579.2,71.1,1,Air,47.5,8.2,4.83
3228.8,39.7,16,Road,6.8,5.0,7.23
3354.1,46.2,2,Multimodal,55.2,9.0,12.24
4072.9,84.0,27,Road,59.2,5.7,11.89
24.8,34.4,12,Road,88.8,4.5,3.91
6.5,4.3,5,Rail,6.8,2.9,1.02
2127.8,68.8,5,Air,69.2,1.1,5.19
136.7,51.8,22,Sea,56.3,3.7,7.73
4385.5,73.4,13,Sea,17.5,4.1,16.67
1003.2,7.3,16,Rail,12.2,5.7,2.74
2129.6,56.1,26,Rail,69.4,8.6,7.66
279.8,22.7,9,Sea,34.0,4.6,5.82
2351.6,81.3,32,Road,100.0,3.1,10.48
1712.9,10.3,19,Rail,89.4,8.7,4.99
205.7,76.0,36,Road,56.6,7.3,6.67
1511.4,8.4,28,Multimodal,64.2,3.1,7.63
1764.5,2.7,15,Multimodal,15.9,1.7,5.99
4454.7,21.5,9,Road,89.4,2.9,9.68
939.4,30.3,16,Sea,45.9,1.2,7.51
2453.8,56.6,6,Air,52.1,9.0,4.17
4443.0,12.3,8,Road,87.3,6.1,9.14
3565.1,39.6,33,Rail,0.6,8.6,7.02
4470.2,18.8,32,Air,49.4,8.2,4.98
4357.5,77.0,36,Road,62.7,1.5,12.41
2205.5,4.5,36,Rail,15.9,4.4,4.7
3135.2,32.4,34,Road,6.8,9.7,7.84
501.4,57.0,2,Air,53.5,2.3,3.79
1988.0,82.2,13,Multimodal,54.8,0.5,9.93
3641.5,78.2,10,Multimodal,33.0,3.5,12.91
2276.5,80.6,38,Rail,88.2,5.1,9.42
3163.6,6.1,7,Air,30.1,0.6,2.37
3357.2,75.8,3,Sea,51.6,4.3,14.66
1144.3,70.3,27,Road,18.7,2.5,6.53
3941.3,81.3,14,Sea,1.1,2.1,15.11
2071.9,28.4,30,Road,42.6,2.6,6.93
949.8,82.1,34,Rail,52.7,1.1,7.59
3895.0,36.5,23,Road,76.5,0.8,9.9
1883.1,57.3,17,Road,44.9,6.0,6.81
3377.7,38.5,15,Road,27.9,9.5,8.11
2468.4,38.8,7,Rail,60.4,8.0,5.85
1721.5,49.4,3,Road,38.1,8.3,5.59
3645.4,32.4,9,Sea,23.3,7.4,14.23
2632.2,71.4,3,Road,91.0,9.6,8.84
1760.6,57.2,35,Road,53.7,9.5,8.01
497.6,62.2,8,Rail,20.0,7.8,4.28
4030.0,21.2,26,Sea,67.1,7.2,16.27
164.4,87.3,15,Road,80.3,3.1,6.72
3885.0,59.6,5,Rail,75.9,0.9,8.37
1623.0,18.1,13,Air,60.0,0.9,3.43
2878.8,67.7,15,Rail,52.0,7.4,7.65
4150.3,16.0,39,Road,77.7,0.3,10.3
686.9,6.2,12,Road,70.8,8.2,3.82
2553.4,47.7,35,Air,57.1,3.7,5.7
3441.1,50.0,8,Road,65.8,1.9,8.98
3410.3,17.4,10,Air,16.9,4.1,2.75
2367.7,31.7,34,Rail,2.0,7.0,5.53
2813.2,85.1,8,Multimodal,93.1,2.8,12.49
3410.1,26.0,22,Sea,93.5,1.7,14.09
3785.4,14.4,12,Multimodal,78.8,7.4,12.68
3429.3,89.3,22,Road,37.2,8.8,10.65
1596.3,27.6,27,Sea,15.1,5.9,9.56
4485.3,61.4,18,Road,35.7,5.2,11.01
1958.1,21.2,19,Rail,72.6,7.5,5.72
115.0,49.7,5,Rail,33.5,7.3,3.52
1635.0,35.1,16,Air,79.6,0.1,4.52
579.4,86.6,10,Multimodal,67.3,2.8,8.15
550.9,39.2,19,Sea,63.0,9.3,9.39
1270.5,52.8,1,Road,93.0,9.6,6.46
244.9,85.1,22,Road,89.3,5.1,7.47
3099.9,89.0,17,Sea,71.2,5.6,16.12
337.6,9.6,35,Road,19.9,0.0,3.28
918.8,75.2,39,Road,93.9,6.7,8.6
422.6,34.7,9,Road,22.7,2.1,3.02
288.9,53.7,5,Road,37.3,1.3,4.0
1208.5,34.1,9,Road,82.7,3.0,5.65
2575.7,36.4,11,Road,20.9,6.6,6.39
4341.3,14.7,14,Road,63.9,4.4,8.79
3940.6,51.8,24,Road,45.8,3.5,9.76
3942.3,49.4,20,Multimodal,62.4,7.3,14.21
796.4,17.4,33,Road,95.8,8.1,5.97
1195.8,49.0,4,Road,80.8,8.7,5.65
348.4,87.6,16,Rail,29.6,4.4,5.9
3504.2,64.4,25,Road,5.7,7.2,9.11
318.8,43.5,1,Multimodal,96.7,8.9,7.58
2507.3,82.5,24,Sea,58.5,9.1,15.59
1119.2,52.0,3,Road,17.3,4.9,4.28
1099.3,12.6,32,Road,62.7,3.6,4.94
4458.3,49.5,34,Air,4.2,9.0,5.39
3406.7,16.7,25,Multimodal,18.8,2.6,10.11
3767.0,69.2,3,Rail,63.3,8.0,8.09
2576.1,87.1,7,Rail,40.2,9.1,7.45
3920.2,32.8,35,Road,32.5,7.4,9.45
2906.5,39.4,29,Multimodal,65.5,6.8,12.35
4258.1,38.2,25,Road,86.6,0.5,10.93
1269.6,26.0,28,Multimodal,67.9,2.0,7.83
2681.0,71.6,24,Rail,46.3,6.7,7.89
3107.1,55.8,5,Rail,65.9,7.9,7.07
1771.3,6.2,27,Rail,69.6,0.6,5.14
3959.3,75.6,10,Road,77.5,0.2,11.44
4409.2,17.2,12,Road,30.7,3.1,8.46
2224.5,88.1,18,Road,11.4,6.4,8.15
1760.9,34.2,38,Road,68.2,5.1,7.5
2126.4,55.7,8,Sea,12.1,0.1,9.85
3838.1,7.5,38,Road,46.2,1.5,9.02
2906.4,31.3,30,Road,23.1,7.5,7.47
206.3,72.3,9,Multimodal,33.2,3.0,6.21
2442.1,43.2,25,Air,47.1,1.2,4.79
82.8,81.5,30,Air,89.6,0.5,6.92
3504.5,52.0,2,Multimodal,68.0,8.5,13.26
1480.8,83.6,17,Road,17.2,4.7,6.76
2126.7,88.4,7,Road,87.9,5.0,9.15
3595.1,41.1,22,Sea,50.1,0.6,13.79
213.8,51.1,10,Rail,20.4,4.9,3.9
717.6,75.2,26,Road,52.7,6.5,6.92
1793.8,20.3,13,Sea,19.1,1.2,7.84
1038.5,77.6,28,Road,36.7,9.0,6.9
1523.9,53.5,36,Road,80.6,7.8,7.94
4491.8,65.4,11,Rail,65.9,8.0,9.15
3715.2,7.6,9,Rail,47.8,5.4,5.7
3978.1,69.1,16,Rail,22.6,3.3,8.26
4217.1,28.3,17,Road,28.2,6.4,8.77
1537.5,72.6,5,Air,97.8,2.3,5.82
1340.4,46.1,5,Road,34.3,1.4,5.07
1057.1,25.1,38,Road,61.6,5.4,6.51
3736.4,85.8,31,Air,50.0,4.8,7.07
3059.6,69.0,2,Multimodal,2.3,1.5,9.51
1066.6,88.7,27,Air,94.5,5.3,7.32
1699.6,33.1,19,Sea,8.8,5.5,9.47
2282.7,58.6,25,Rail,65.9,8.7,7.49
2379.0,55.2,38,Rail,81.1,7.6,8.53
3999.8,62.0,13,Road,74.9,2.2,10.5
1715.6,3.9,29,Road,80.9,8.2,6.0
4088.8,26.6,19,Road,74.0,9.7,9.62
1988.9,81.9,35,Road,44.6,7.2,9.05
3359.9,38.4,25,Sea,89.6,7.9,16.1
4186.5,86.5,9,Rail,91.2,2.7,10.16
4084.6,19.6,35,Road,43.7,9.9,9.39
261.0,89.8,15,Road,48.5,1.8,6.03
929.6,62.9,22,Rail,48.6,7.5,6.02
2148.7,70.0,13,Road,27.9,4.0,7.52
1944.8,36.0,30,Air,11.5,3.6,3.65
2885.8,81.7,21,Rail,26.2,2.9,7.99
4251.5,49.3,25,Rail,84.4,4.4,9.43
510.3,61.4,25,Rail,54.3,7.9,5.89
2036.1,9.0,22,Sea,85.0,9.4,12.2
869.9,57.0,3,Road,74.5,4.2,5.39
4024.0,79.2,9,Rail,34.9,6.5,8.53
4340.8,16.5,24,Rail,18.5,7.9,6.69
2156.8,66.5,32,Road,56.7,1.0,8.91
472.5,2.8,17,Air,93.6,9.6,3.24
3534.9,83.4,24,Sea,83.9,2.1,16.61
3138.7,88.5,8,Rail,76.4,9.2,9.09
1599.2,32.2,6,Air,76.4,9.9,3.67
3993.9,10.1,9,Air,52.8,1.0,3.11
4391.4,59.4,15,Sea,17.0,8.9,17.21
2512.6,3.2,24,Sea,28.6,6.4,11.14
2547.9,43.7,11,Rail,57.8,8.2,6.25
1342.3,24.8,31,Rail,31.6,1.1,4.93
2632.4,42.9,13,Rail,78.2,8.3,7.16
1981.2,2.1,30,Sea,37.3,6.3,10.15
1363.3,5.1,25,Road,11.4,5.1,3.66
307.0,1.9,12,Air,78.3,5.6,2.72
1140.9,55.9,21,Air,69.8,7.4,5.14
894.4,50.6,24,Road,25.3,3.0,5.16
2441.5,21.4,26,Sea,98.1,9.4,14.03
2709.5,58.4,12,Road,40.3,3.1,7.89
2740.5,79.6,37,Road,68.0,8.8,10.54
1749.9,25.3,21,Sea,91.0,0.1,10.03
1898.4,75.0,23,Road,15.6,9.2,7.33
3754.9,59.8,1,Sea,87.9,8.5,16.64
2145.7,3.5,10,Sea,70.4,1.2,8.94
4445.0,34.1,35,Rail,16.8,7.4,7.61
1981.1,45.9,38,Road,66.5,3.7,8.31
2924.9,66.0,28,Road,87.5,4.8,10.16
231.4,26.2,1,Rail,79.9,0.7,3.54
2941.8,88.5,8,Multimodal,76.1,2.1,12.73
3832.2,61.8,23,Rail,16.1,9.5,7.99
4241.3,33.9,20,Road,19.1,4.2,9.02
4488.0,9.2,32,Rail,54.8,0.3,7.78
1273.4,16.7,23,Rail,58.0,5.2,5.07
2591.3,44.1,7,Sea,94.4,9.9,14.1
2031.0,44.8,11,Road,46.9,3.3,6.5
2539.4,69.2,8,Sea,30.3,1.4,11.99
712.8,65.5,14,Rail,19.1,6.4,4.93
3853.4,18.5,14,Multimodal,5.4,9.2,11.98
4093.5,53.7,36,Road,6.9,8.6,10.04
2026.2,2.3,27,Rail,57.4,6.6,4.84
1265.5,36.2,20,Multimodal,17.6,1.8,6.86
638.0,68.9,38,Road,85.2,7.8,7.73
3078.5,36.3,25,Multimodal,59.6,8.2,12.74
1408.5,75.3,29,Rail,86.5,8.5,8.27
4093.4,87.9,14,Road,42.7,4.0,11.38
3021.2,54.8,28,Road,59.6,4.1,9.48
2907.4,13.5,30,Sea,52.5,1.6,12.03
2519.5,34.5,15,Road,98.7,7.7,8.2
210.8,1.3,21,Rail,79.7,7.4,3.45
4194.0,54.4,12,Road,59.5,1.0,10.42
2827.6,74.0,11,Rail,60.7,0.2,7.8
4473.3,56.9,39,Road,24.9,9.5,11.5
2420.4,70.9,6,Air,73.5,0.2,5.7
3196.9,72.1,3,Multimodal,98.3,6.3,13.19
257.7,76.7,15,Multimodal,12.9,4.5,6.82
2844.7,24.4,34,Sea,63.7,7.8,14.31
3442.1,78.5,4,Road,51.8,0.9,9.8
3504.4,59.0,34,Sea,85.0,6.8,17.61
3466.7,26.4,38,Road,0.0,6.1,8.13
1022.1,88.9,39,Road,13.7,8.5,7.59
4389.4,85.5,6,Road,3.7,5.2,10.06
4478.3,51.9,22,Rail,16.3,7.3,8.04
344.8,76.0,37,Sea,70.8,4.4,10.55
4214.3,23.9,32,Rail,14.0,9.8,7.16
1306.1,37.7,28,Road,62.2,5.6,6.55
3103.3,17.0,26,Road,86.8,7.5,8.53
1524.8,47.0,4,Multimodal,3.5,0.9,6.12
4355.1,44.9,10,Road,2.7,4.6,8.84
461.3,19.5,27,Rail,99.0,0.6,4.79
2242.4,60.7,20,Road,67.3,1.2,8.4
1929.1,11.0,36,Sea,14.1,5.1,9.72
1470.5,6.0,5,Rail,30.7,3.5,2.98
2906.7,34.9,17,Road,98.5,4.6,8.66
594.1,37.2,32,Road,22.7,5.0,4.55
3226.4,29.1,35,Rail,75.3,1.6,8.2
4412.8,23.6,23,Rail,24.1,3.7,7.26
3621.5,30.8,13,Road,39.8,8.6,8.08
3870.8,15.1,1,Multimodal,88.1,8.6,13.06
1621.6,36.6,31,Road,2.8,4.9,5.8
1465.4,81.5,19,Road,30.7,7.5,7.21
2329.1,20.6,23,Multimodal,48.7,7.5,9.84
210.5,61.8,34,Road,62.5,0.4,6.13
4254.4,13.2,4,Rail,2.8,6.1,5.02
651.3,32.2,34,Road,41.1,8.0,5.03
4064.0,29.2,30,Road,34.4,5.9,9.48
380.7,84.4,10,Multimodal,2.7,5.4,6.88
3702.7,38.8,6,Road,35.5,5.3,8.32
688.1,62.3,12,Air,93.2,5.1,5.37
176.4,54.4,12,Road,27.5,7.8,3.77
3239.1,13.1,18,Road,58.6,6.4,7.65
1264.8,84.6,36,Road,29.8,2.2,7.91
3216.7,31.5,35,Rail,10.7,4.3,6.77
2500.1,4.5,25,Road,29.0,5.3,5.89
494.1,27.4,22,Air,47.1,4.2,3.27
4194.9,30.5,30,Rail,29.6,2.4,7.69
2038.2,8.8,29,Multimodal,62.4,1.2,8.02
3306.3,56.0,7,Road,94.9,1.2,9.63
2257.1,31.5,3,Air,6.9,3.0,2.25
2721.6,56.8,21,Sea,71.7,4.0,13.86
1366.0,1.1,20,Sea,0.1,6.8,7.77
905.6,88.4,9,Sea,0.1,9.8,10.55
2443.9,15.8,36,Sea,13.3,9.0,12.26
1983.8,59.5,14,Rail,48.0,8.1,6.0
1758.6,64.6,18,Road,4.8,8.1,6.21
3028.2,15.9,33,Road,72.2,6.0,8.43
3108.8,10.5,2,Air,2.9,2.5,1.79
211.4,14.2,37,Rail,49.5,4.7,4.24
1527.7,22.6,31,Sea,67.6,1.4,9.81
1855.9,15.6,22,Rail,23.8,5.7,4.44
440.5,60.8,9,Road,57.9,0.2,5.11
1065.4,38.2,20,Road,26.2,1.9,4.86
237.1,48.6,20,Rail,21.4,7.1,4.29
4483.1,4.7,1,Road,81.8,2.8,8.86
3315.8,77.6,30,Road,33.3,4.2,10.13
398.1,15.8,19,Rail,81.4,8.3,4.26
96.0,32.7,36,Road,21.7,0.4,3.84
3238.2,6.9,14,Rail,35.6,0.2,5.43
1979.2,12.7,1,Road,10.3,2.3,3.88
3541.7,60.1,5,Sea,49.7,6.8,15.25
4156.0,62.5,10,Road,38.2,2.4,9.79
2698.9,61.1,9,Rail,0.6,8.6,5.8
846.1,49.9,14,Road,46.5,3.5,5.19
3521.0,85.8,39,Road,7.4,2.8,10.61
4301.4,45.9,18,Road,83.7,2.3,10.92
2613.1,40.7,25,Rail,49.4,5.7,6.69
3070.6,22.7,36,Rail,69.0,8.6,7.55
1521.9,9.3,31,Road,82.1,4.1,6.01
1720.0,49.6,35,Rail,5.1,2.5,5.92
3307.3,28.7,27,Air,33.7,4.2,4.3
4175.3,47.4,22,Sea,2.5,9.0,16.54
2832.3,18.9,11,Road,5.0,3.3,5.71
3555.4,75.5,10,Rail,3.8,6.6,7.32
776.5,90.0,8,Road,47.8,3.3,6.33
957.8,29.4,28,Road,45.1,6.7,5.29
2396.5,75.9,23,Multimodal,6.1,8.8,11.88
798.6,78.6,6,Road,26.2,6.0,5.54
2859.3,89.6,14,Rail,24.4,9.5,7.89
1316.0,31.2,24,Rail,29.7,6.0,4.76
3562.9,68.2,9,Sea,64.1,9.7,16.71
3637.5,21.0,38,Rail,69.7,7.2,7.95
2089.7,56.4,25,Road,33.9,6.5,7.41
817.7,63.6,38,Road,78.8,8.3,7.77
2912.3,66.8,30,Rail,41.8,0.1,8.03
4467.6,19.0,22,Road,52.2,2.6,9.36
2803.5,76.5,2,Road,14.6,2.2,7.69
165.8,38.2,25,Road,23.3,1.1,3.71
82.7,19.9,24,Road,72.8,9.4,3.95
1445.0,49.1,37,Road,97.7,1.3,8.22
885.0,77.8,3,Road,70.5,2.6,6.26
3659.7,87.1,26,Rail,5.4,3.4,8.58
3802.4,67.5,30,Rail,14.3,6.2,8.3
1167.5,1.0,29,Sea,44.6,7.7,8.9
1468.8,12.6,7,Road,73.3,6.0,4.6
1066.9,7.3,9,Road,16.6,7.5,2.99
4088.2,9.6,30,Road,75.1,4.0,9.42
2264.4,34.8,16,Rail,55.6,10.0,6.02
2954.3,30.8,14,Sea,77.5,1.7,12.46
1872.6,10.7,26,Road,55.8,4.0,6.03
2841.4,79.5,37,Multimodal,60.3,8.3,14.55
1739.4,55.6,10,Road,24.9,2.5,5.84
1531.9,71.8,30,Rail,72.0,7.5,8.21
2857.0,33.8,22,Sea,84.4,3.6,13.44
2661.8,37.2,30,Air,87.1,1.8,5.72
1324.4,28.9,32,Sea,2.9,4.0,8.67
676.3,39.7,14,Sea,62.5,7.8,9.17
1661.8,55.1,23,Road,99.0,1.1,7.94
1871.3,44.6,17,Sea,58.7,5.2,11.35
2830.9,75.5,36,Road,17.1,7.4,9.21
4115.8,81.1,29,Air,87.8,7.5,7.95
167.7,42.5,24,Rail,26.4,3.9,4.3
1100.3,22.0,11,Sea,4.5,4.7,7.03
875.8,85.1,15,Rail,43.1,8.6,6.52
2262.8,66.3,22,Rail,10.0,2.1,6.26
1936.5,57.8,27,Rail,11.5,9.9,6.06
3282.0,67.2,34,Sea,46.3,4.2,15.49
1094.7,7.3,33,Road,61.3,2.8,5.41
2677.3,6.6,21,Road,90.5,0.0,7.29
3977.9,14.2,24,Road,70.5,1.3,9.09
4098.5,13.7,20,Road,84.3,7.6,9.4
4314.7,38.2,4,Air,41.2,6.5,4.03
3480.8,14.6,37,Road,31.9,2.5,8.25
4077.4,77.0,37,Multimodal,59.3,9.3,16.71
1059.2,52.2,33,Road,69.5,8.4,7.25
893.1,33.5,31,Road,56.8,2.7,5.85
34.2,6.7,34,Sea,26.5,3.3,5.5
3182.3,53.4,22,Rail,37.0,1.8,7.46
4218.9,10.9,30,Rail,44.8,6.4,7.25
845.3,67.0,5,Rail,1.4,7.0,4.15
2868.1,72.3,23,Sea,88.0,4.0,15.19
3360.3,49.2,13,Road,51.1,7.4,8.99
4174.6,13.9,9,Multimodal,75.1,9.9,13.74
2912.6,70.9,14,Multimodal,17.2,6.1,11.49
4366.5,28.1,17,Rail,55.7,6.5,7.56
1554.3,20.4,35,Road,92.6,3.7,7.15
1577.9,42.6,18,Rail,21.4,0.1,5.05
2445.8,83.1,12,Road,34.6,9.5,8.49
1728.8,27.1,16,Road,38.8,7.7,5.24
11.4,81.5,30,Road,38.3,7.0,5.97
3294.3,5.3,13,Rail,60.1,0.3,5.82
3384.0,8.0,18,Air,39.4,7.6,2.97
3362.7,63.0,12,Sea,67.4,6.7,15.94
1555.9,17.6,34,Sea,48.5,5.7,10.36
2352.7,28.8,33,Road,15.8,6.2,6.76
1623.1,12.7,6,Road,94.9,9.2,5.32
77.1,30.2,18,Road,24.0,0.1,2.95
2533.2,25.6,3,Multimodal,56.2,1.6,8.31
561.3,66.4,6,Road,6.1,8.9,3.96
364.8,63.3,36,Air,91.9,0.1,6.52
3401.0,86.0,22,Rail,92.8,9.0,10.01
47.7,65.3,7,Road,36.5,0.3,4.23
4315.7,62.7,30,Sea,12.1,7.8,17.26
2321.1,62.6,2,Rail,77.0,8.9,6.85
4423.7,79.5,32,Air,26.2,6.1,6.64
265.7,27.0,15,Air,70.1,6.4,3.55
2628.0,27.4,22,Road,91.5,0.5,8.54
1575.2,66.8,38,Road,59.0,2.1,8.63
3796.5,21.0,8,Rail,86.1,9.0,6.98
1628.7,82.1,8,Air,22.5,8.2,4.74
1175.9,48.4,39,Road,91.0,0.6,7.71
3859.7,27.4,36,Rail,22.7,8.1,7.34
1689.1,70.0,20,Rail,22.6,4.2,6.43
80.7,28.5,37,Sea,88.0,5.6,8.31
1759.3,86.7,8,Road,55.5,1.1,8.09
2947.1,88.5,14,Sea,79.9,4.0,15.62
1148.3,60.2,20,Air,80.2,4.3,5.75
1946.8,10.7,35,Road,64.7,6.7,6.68
259.9,24.1,25,Road,18.9,6.6,3.16
2648.5,46.6,18,Multimodal,69.2,5.5,11.58
3404.5,76.7,21,Road,6.4,0.3,9.28
1862.8,17.0,37,Air,20.1,1.6,3.38
1893.9,9.8,31,Rail,64.3,1.6,5.57
401.8,7.2,6,Road,90.8,8.9,3.27
912.7,45.9,20,Air,77.2,9.0,4.82
700.3,79.7,28,Road,33.2,8.1,6.71
2170.2,4.3,36,Rail,82.4,1.7,6.22
2384.0,19.5,26,Road,96.7,8.4,7.84
4270.5,62.5,13,Rail,33.2,1.9,8.4
334.2,74.4,4,Road,18.7,5.5,4.02
2701.4,72.8,34,Road,19.8,7.3,9.3
2371.6,70.8,37,Multimodal,40.0,0.5,10.98
2325.5,12.1,34,Road,5.2,6.0,5.85
3929.9,36.1,16,Rail,48.8,2.5,7.35
928.9,88.6,23,Road,73.2,5.0,8.0
188.3,89.0,23,Sea,53.0,3.8,9.41
3026.9,54.4,15,Road,97.0,6.9,9.56
1556.5,64.0,25,Multimodal,46.2,4.9,9.83
84.1,85.6,29,Rail,1.3,3.0,5.57
1134.9,40.8,36,Road,47.0,9.1,6.04
1395.4,12.7,15,Road,93.0,9.6,5.54
2777.7,60.4,37,Road,9.6,8.0,8.74
780.8,86.4,35,Rail,22.3,5.8,6.83
1861.7,62.9,39,Road,71.6,8.8,8.83
2173.7,72.4,37,Sea,29.4,6.0,13.66
2069.3,38.3,28,Road,76.5,1.5,7.73
4382.9,9.1,30,Road,41.9,0.2,9.19
209.5,15.6,7,Rail,79.6,7.3,3.34
4279.6,88.4,4,Sea,55.2,7.5,18.48
2620.8,44.6,7,Road,8.2,9.3,6.12
3581.8,1.6,33,Road,38.6,8.2,8.0
1939.6,86.0,18,Road,33.3,6.4,8.0
2045.0,45.1,15,Sea,81.0,1.9,11.36
3957.6,75.3,35,Rail,62.5,5.9,10.3
4032.2,49.6,37,Rail,77.7,4.3,9.9
1077.9,9.6,5,Sea,37.2,2.3,6.46
900.6,55.6,23,Sea,69.2,8.0,10.82
2235.6,89.8,10,Rail,6.5,1.5,6.76
4051.7,3.6,25,Air,3.7,6.3,3.08
1454.0,75.8,22,Road,28.7,6.1,7.13
2935.8,21.6,31,Road,77.4,3.0,8.33
3188.1,35.8,23,Road,53.4,4.3,8.46
3505.1,33.9,28,Road,40.9,1.2,8.8
2539.8,80.9,15,Rail,89.7,0.3,8.86
1814.0,45.7,7,Multimodal,49.7,0.1,7.38
4351.7,40.5,38,Road,61.3,1.7,11.19
2752.9,73.7,15,Road,98.6,8.7,10.05
3279.9,4.9,5,Rail,52.2,5.2,5.0
1555.7,8.2,12,Multimodal,78.4,1.2,6.76
3016.4,2.4,13,Road,41.4,9.1,6.2
1163.8,62.1,3,Rail,3.6,5.7,4.29
1106.7,47.5,19,Road,83.4,0.3,6.4
3217.7,78.9,26,Road,94.4,7.6,11.46
2348.7,45.1,30,Multimodal,43.4,4.7,10.59
3076.3,20.4,28,Multimodal,50.4,5.3,11.19
1216.1,72.6,15,Road,42.4,6.1,6.41
2696.3,26.8,18,Multimodal,99.7,0.9,10.26
2000.5,84.2,7,Rail,90.3,9.5,8.04
2688.3,22.9,14,Air,4.1,2.6,2.62
1312.5,15.5,24,Rail,77.9,6.2,5.1
3221.0,44.7,24,Rail,60.1,8.6,7.88
3627.7,5.0,11,Rail,2.5,3.3,4.66
1173.3,3.8,39,Rail,44.5,6.3,4.61
1356.3,44.9,10,Road,15.0,9.9,4.8
2976.9,19.8,33,Road,87.3,8.5,8.72
3131.7,1.3,20,Road,1.3,7.8,5.67
3169.9,27.0,39,Sea,87.3,4.4,15.24
3073.7,43.2,22,Road,94.1,4.5,9.45
1770.7,35.8,35,Rail,7.3,4.9,5.85
1779.9,12.6,28,Multimodal,72.0,6.9,9.24
1150.4,52.4,36,Road,54.9,1.4,7.07
710.0,64.1,30,Rail,95.4,8.6,7.34
3118.1,61.0,6,Road,79.8,0.2,9.17
423.9,35.7,1,Air,69.4,1.7,3.0
4220.4,12.8,4,Road,92.6,4.8,8.75
3721.0,45.2,25,Rail,16.0,2.5,7.29
3859.5,80.2,39,Sea,37.6,3.7,17.24
4080.5,42.5,11,Multimodal,84.3,3.3,13.46
1841.7,18.0,38,Rail,10.2,2.7,4.97
3810.9,8.8,37,Rail,93.5,3.8,8.23
715.5,85.0,12,Rail,74.5,5.1,6.78
102.3,67.0,29,Air,43.9,4.8,5.22
3533.1,28.5,34,Rail,33.9,8.1,7.49
341.2,26.9,18,Road,14.8,3.1,3.24
4448.4,80.6,9,Multimodal,9.4,2.8,13.62
3038.2,16.4,12,Rail,42.4,5.0,5.52
3391.8,48.4,9,Rail,84.3,0.5,7.97
1109.9,64.4,1,Road,53.2,1.1,5.56
3034.0,36.0,7,Rail,45.1,8.0,5.78
199.3,4.1,39,Road,31.9,4.9,3.48
3771.0,20.9,34,Rail,15.7,0.7,6.96
767.5,81.2,32,Road,99.0,4.4,8.14
3139.6,47.3,28,Rail,2.6,4.0,6.58
1014.0,73.5,26,Multimodal,31.2,2.5,8.33
312.7,50.2,36,Road,76.9,3.7,6.09
2169.3,85.0,14,Multimodal,52.1,1.9,10.6
765.9,81.9,31,Road,31.4,4.5,6.72
3283.9,43.7,16,Air,99.3,4.1,5.77
1072.9,29.0,39,Sea,61.9,6.1,10.46
1544.4,54.3,11,Rail,29.5,9.4,4.95
2555.6,60.9,11,Sea,84.8,1.9,12.78
1285.9,45.1,38,Air,15.0,4.2,4.73
1704.1,74.1,12,Road,46.4,5.6,7.15
3671.2,16.9,9,Road,84.0,5.5,8.02
810.5,30.4,22,Rail,98.4,6.6,5.74
374.5,61.9,38,Sea,38.3,2.7,8.7
1481.0,22.6,9,Sea,13.8,6.3,8.52
1912.6,39.9,3,Sea,56.7,2.0,9.71
2444.3,86.8,39,Road,94.4,1.3,11.41
1679.0,56.5,35,Sea,66.6,8.3,13.14
3555.7,85.4,30,Road,60.2,4.7,11.51
181.7,65.2,26,Rail,30.9,4.0,5.19
1945.8,65.4,8,Road,60.6,9.3,7.47
1723.2,53.5,32,Road,88.5,7.1,8.51
2915.9,13.2,22,Road,37.6,6.8,6.89
4348.4,47.0,8,Road,24.2,1.9,9.52
2299.1,23.1,2,Rail,48.1,2.1,4.73
4441.0,89.9,14,Road,37.6,4.8,11.83
1363.6,24.4,5,Road,47.0,6.5,4.34
143.8,21.1,13,Road,9.6,4.0,2.1
749.7,56.3,23,Road,33.6,0.6,5.79
1781.1,46.2,13,Road,82.7,6.8,6.91
1426.9,2.4,19,Road,40.0,7.7,4.34
441.3,12.1,24,Rail,96.8,9.4,4.9
1949.8,73.1,35,Rail,70.9,4.1,8.66
1524.8,43.8,14,Rail,36.6,2.6,4.89
556.2,13.6,4,Rail,25.2,9.3,2.24
1336.0,42.1,26,Road,68.5,7.2,6.76
3989.5,23.2,10,Air,30.2,0.6,3.5
1362.7,20.5,38,Rail,92.7,5.8,6.48
3214.2,86.2,38,Rail,11.6,0.3,8.89
2756.2,32.9,34,Road,2.9,2.3,7.2
1925.2,4.7,34,Road,22.1,0.7,5.27
1079.4,87.3,19,Road,60.7,2.0,7.4
1663.7,71.6,3,Road,83.5,4.9,7.44
2666.5,23.3,36,Rail,17.0,3.0,6.28
1581.6,37.1,4,Rail,58.5,0.9,4.85
971.0,77.7,26,Rail,14.4,4.8,5.87
528.5,32.5,11,Sea,56.3,7.1,7.97
3959.6,51.3,3,Sea,1.8,0.5,13.34
1984.2,48.4,9,Sea,55.8,8.8,11.94
2815.3,36.4,2,Multimodal,52.2,6.5,10.4
2209.4,57.7,14,Road,4.3,5.2,6.61
3927.2,42.9,3,Road,68.9,4.0,9.01
2463.5,2.4,2,Road,57.2,3.9,5.23
2166.1,73.4,22,Rail,62.3,3.4,7.72
4161.1,10.6,29,Air,53.0,1.2,4.21
3240.0,42.0,33,Road,72.2,0.8,9.85
506.4,52.4,36,Air,52.5,3.1,5.58
803.8,63.6,10,Road,92.2,6.7,6.44
3543.1,37.3,38,Multimodal,94.4,2.9,13.65
3762.2,66.3,21,Road,72.7,8.1,10.94
2455.6,12.3,31,Road,91.2,3.8,7.81
2497.3,59.0,35,Rail,92.3,6.3,8.78
2845.5,74.5,3,Road,26.2,4.3,7.84
1978.8,80.1,19,Road,99.4,5.0,9.29
3062.5,52.4,22,Road,26.7,2.5,8.34
492.6,28.5,20,Sea,1.9,5.1,6.49
4326.0,15.1,36,Rail,96.2,1.1,8.74
3376.9,31.4,19,Road,22.4,3.9,7.7
2842.1,48.8,4,Rail,58.4,4.5,6.4
1426.9,18.1,32,Sea,97.1,7.0,11.44
728.5,85.8,8,Road,4.9,4.0,5.2
1845.0,80.8,26,Road,26.9,6.7,8.13
2978.8,3.4,1,Road,60.9,1.7,6.03
2853.5,50.8,26,Road,76.3,0.3,9.23
1725.0,71.1,9,Rail,80.7,5.1,7.1
2761.7,22.5,35,Road,88.4,4.7,8.74
3662.8,47.4,18,Rail,16.8,6.7,6.99
123.2,36.8,19,Sea,37.0,3.1,6.35
2030.5,18.1,16,Road,71.4,0.3,6.17
3414.7,55.5,28,Rail,71.5,7.2,8.73
2459.9,89.4,3,Road,30.8,9.4,8.17
2933.4,33.2,18,Multimodal,30.4,3.9,9.72
2327.5,49.9,13,Rail,32.1,6.1,6.03
4463.5,29.8,27,Sea,89.2,5.4,17.54
250.5,79.0,39,Rail,91.0,5.7,7.79
2212.2,77.9,24,Road,1.5,8.7,7.64
415.9,16.5,29,Rail,32.5,7.4,3.81
723.2,81.0,22,Multimodal,39.2,7.7,9.58
1726.8,14.1,26,Rail,98.2,0.9,6.06
704.2,9.0,20,Sea,94.4,1.5,7.34
4336.8,58.9,24,Air,62.8,6.6,6.34
4260.8,35.0,12,Road,4.6,5.4,8.37
1515.8,48.0,18,Road,19.1,7.7,5.81
2880.7,58.9,12,Rail,43.4,0.9,7.46
2404.2,5.2,38,Road,95.9,5.7,7.86
3671.1,26.7,32,Sea,9.5,4.9,14.25
2825.4,41.8,23,Air,79.1,8.5,5.38
6.1,24.4,4,Road,19.1,1.9,1.79
3435.5,4.9,12,Road,50.8,3.5,6.87
3362.1,8.3,17,Sea,76.7,1.5,12.84
2296.2,72.3,21,Road,69.2,4.5,9.08
4063.6,82.1,37,Sea,77.6,8.8,19.93
4088.5,14.1,29,Road,81.4,6.7,9.86
2360.0,22.8,6,Rail,30.6,7.4,4.62
2737.9,58.9,28,Road,36.4,0.9,8.87
4484.4,85.9,8,Rail,81.6,4.5,10.23
1348.2,27.3,31,Rail,3.9,8.4,4.45
1464.2,77.0,20,Rail,51.4,8.4,7.23
826.6,45.8,16,Road,92.0,9.9,5.95
4031.9,86.1,13,Sea,88.5,5.3,17.94
3351.5,12.7,15,Air,80.4,0.0,4.32
479.9,87.6,13,Road,2.2,9.0,5.11
4418.0,40.0,2,Road,88.8,9.6,10.34
3290.7,85.8,20,Road,91.2,9.3,11.63
3828.1,41.6,28,Rail,66.4,7.7,8.75
221.4,47.9,18,Rail,29.9,2.1,3.72
2274.8,72.5,7,Rail,49.0,1.4,7.0
3145.2,65.2,21,Road,76.3,7.0,9.96
2445.5,56.0,39,Road,81.3,1.4,9.6
3001.6,37.8,9,Rail,34.3,9.5,5.98
3681.3,71.4,10,Rail,32.6,4.5,7.79
1687.6,85.4,31,Multimodal,73.6,0.3,10.81
3819.8,1.4,13,Road,68.6,1.5,8.06
737.3,53.1,5,Rail,51.3,2.9,4.64
1222.6,78.0,38,Road,42.0,7.0,8.01
199.8,59.0,36,Road,65.7,7.4,6.11
1643.1,72.2,2,Sea,3.2,2.1,9.28
1712.7,80.6,6,Rail,7.6,6.5,5.94
3624.7,67.7,13,Multimodal,57.3,0.3,12.28
2940.8,64.7,29,Road,21.0,1.0,8.9
1968.1,86.8,14,Road,77.5,5.4,9.13
2936.3,77.8,30,Sea,77.2,7.0,16.47
242.3,73.5,25,Rail,71.0,9.1,6.41
815.3,8.2,35,Road,90.4,4.4,5.41
2823.1,21.9,37,Road,14.1,1.2,7.05
2887.9,50.3,7,Road,25.9,9.3,7.15
3484.7,64.0,38,Air,25.2,4.4,6.17
1816.5,27.6,18,Road,78.2,5.0,6.6
3252.9,8.9,8,Road,52.1,8.5,6.61
3079.5,28.3,7,Road,25.3,5.9,6.57
4335.5,69.5,34,Road,13.6,3.0,10.87
972.0,79.0,36,Road,89.3,5.4,8.91
2484.8,82.2,10,Rail,69.2,6.2,8.27
2709.9,34.4,29,Road,52.9,8.9,7.98
4493.9,33.8,16,Sea,96.5,2.3,16.77
909.3,36.9,25,Road,85.0,5.6,6.04
2356.9,34.1,29,Rail,17.8,9.2,5.98
1561.1,60.1,8,Air,50.8,0.5,4.59
2368.9,32.6,20,Rail,48.6,1.9,5.81
1048.4,2.3,36,Rail,84.4,3.5,5.05
219.0,39.8,27,Road,14.9,6.8,3.87
2578.7,20.6,13,Road,45.2,8.4,6.58
1514.7,3.1,26,Rail,63.7,2.0,4.63
822.8,42.6,25,Multimodal,94.5,2.5,8.33
1461.1,18.9,28,Rail,89.9,8.2,6.0
226.5,41.0,9,Rail,53.4,1.5,3.84
4277.2,25.4,26,Sea,60.7,2.6,15.65
2617.3,54.5,12,Rail,85.2,7.3,7.61
3667.4,89.2,26,Road,74.4,1.7,12.07
1906.9,49.5,22,Rail,87.9,8.3,7.37
4065.4,58.4,1,Multimodal,89.6,4.9,13.93
2177.5,82.8,12,Road,83.3,4.5,9.16
2584.9,34.0,24,Rail,0.9,1.4,5.74
2215.6,15.4,30,Road,31.1,6.8,6.56
3301.1,25.8,14,Rail,40.4,8.8,6.1
2552.1,36.6,23,Road,67.8,6.9,7.71
1225.8,58.2,2,Rail,30.7,3.2,4.73
659.2,0.9,3,Sea,32.4,7.0,6.11
2729.5,76.9,6,Road,40.0,5.1,8.19
2203.9,7.3,19,Rail,95.5,8.5,5.85
436.4,81.1,21,Sea,43.7,4.6,9.21
1783.3,85.5,20,Air,14.1,2.4,5.42
2318.9,89.1,21,Road,0.6,1.0,8.26
3721.9,73.0,4,Road,23.7,2.8,9.23
347.1,13.2,25,Road,93.9,5.6,4.78
1571.5,63.7,7,Multimodal,95.5,1.7,9.32
3702.8,18.7,7,Air,52.9,0.4,3.59
2919.7,80.8,33,Rail,64.6,4.5,9.63
1308.4,28.8,26,Sea,79.6,3.5,9.89
3804.8,29.7,17,Rail,5.6,4.2,6.07
2222.4,82.6,8,Rail,37.4,4.5,6.98
2245.1,1.7,26,Road,64.2,7.7,6.11
4394.8,17.9,15,Sea,89.8,9.6,17.47
4262.3,38.3,20,Road,72.7,2.6,10.52
1616.6,63.2,19,Sea,35.0,9.4,12.27
636.9,58.5,7,Sea,91.0,2.3,8.41
1468.9,60.4,1,Sea,66.5,7.5,11.3
142.0,79.3,39,Road,83.0,6.8,7.57
98.4,11.3,37,Road,38.6,0.5,3.62
1782.9,47.2,18,Road,0.2,7.2,5.38
4234.9,65.4,8,Road,16.6,9.0,9.43
3921.8,57.4,15,Road,92.7,9.3,11.1
2303.9,40.6,6,Multimodal,3.3,6.9,9.01
2545.7,2.0,37,Rail,59.6,7.9,6.2
31.7,5.9,22,Road,40.9,0.7,2.56
973.7,11.1,11,Road,43.0,1.6,3.8
116.4,31.2,26,Road,40.1,2.6,3.69
3396.7,11.0,8,Rail,6.7,5.3,4.36
659.7,38.6,9,Rail,12.2,3.9,3.51
3911.4,16.5,13,Air,6.3,6.6,2.58
2896.7,70.2,3,Rail,5.4,4.5,6.18
1036.2,78.5,3,Multimodal,8.6,7.8,8.01
714.0,35.4,7,Air,69.7,7.1,3.19
2826.2,46.3,3,Road,11.4,7.5,6.36
4054.3,85.8,11,Multimodal,26.1,8.3,14.87
3234.0,48.4,28,Road,65.7,8.3,9.47
1571.7,89.6,31,Sea,11.2,7.8,12.88
2645.3,13.2,9,Road,91.0,0.7,7.14
1401.9,77.7,27,Air,47.7,6.2,6.12
4496.2,45.0,12,Air,96.3,0.2,5.79
3371.0,2.5,8,Sea,19.3,7.4,12.28
2766.6,87.5,22,Sea,3.1,0.6,12.72
1907.5,86.9,18,Road,59.0,9.8,8.92
2783.6,34.8,30,Road,32.9,6.1,7.82
1540.6,85.9,11,Road,57.2,1.8,7.57
134.7,13.1,2,Road,47.4,4.7,2.16
1780.9,61.4,29,Rail,45.7,8.3,7.04
4187.5,17.7,26,Road,85.1,1.8,10.15
2820.2,22.6,14,Multimodal,19.2,5.4,9.16
382.4,70.3,28,Rail,50.0,0.0,6.05
3983.0,34.3,35,Sea,41.6,7.9,16.84
1213.6,1.1,6,Road,67.4,1.9,3.94
1100.7,37.6,36,Air,5.0,3.9,4.33
1340.4,20.9,12,Air,52.9,5.3,3.31
2599.5,61.7,34,Rail,47.9,1.4,7.96
2453.4,17.9,6,Rail,97.4,9.3,6.13
2213.9,75.9,37,Sea,75.6,4.7,14.68
3230.3,24.4,37,Road,15.5,2.3,8.19
1427.8,35.7,8,Rail,50.9,7.4,4.8
3520.4,27.2,37,Road,78.4,8.9,10.11
793.1,58.1,33,Road,52.5,9.1,6.7
3522.9,9.6,31,Road,35.7,4.3,8.03
2988.8,43.3,34,Road,37.7,3.6,8.68
3076.0,30.4,11,Road,36.7,9.3,7.11
2169.6,79.6,36,Road,2.0,0.5,8.22
3003.2,7.1,4,Multimodal,73.1,7.5,10.36
363.7,74.8,17,Rail,61.1,1.8,6.18
3832.7,15.5,16,Multimodal,26.9,4.7,11.16
254.7,8.4,30,Road,63.0,9.5,3.76
673.6,18.6,39,Road,30.9,5.8,4.76
2597.7,9.7,5,Rail,24.3,5.2,3.83
3328.7,47.1,37,Road,74.1,0.6,10.38
347.8,88.9,26,Road,80.9,2.8,7.63
4143.8,3.6,28,Rail,62.6,0.0,6.97
4381.4,41.8,19,Road,78.4,8.8,10.81
2728.7,35.1,21,Rail,36.6,6.4,6.11
2168.2,30.9,28,Rail,7.2,1.2,5.49
3337.6,30.2,19,Road,60.5,3.6,8.8
1481.0,80.6,36,Road,25.6,8.1,8.04
2222.2,2.2,11,Sea,77.7,1.4,9.72
4123.1,69.9,19,Rail,35.8,2.3,8.95
4300.7,23.1,5,Road,67.1,5.4,9.09
4172.2,34.8,2,Multimodal,55.3,1.4,11.46
1184.7,38.1,25,Road,81.7,3.8,6.46
1049.9,27.8,26,Rail,83.2,9.8,5.62
1343.0,8.9,30,Multimodal,6.8,5.4,6.52
1988.7,10.7,17,Road,29.5,7.0,5.16
1417.2,27.2,21,Road,87.1,6.6,6.15
1687.1,74.1,20,Road,40.4,2.1,7.64
2794.8,12.5,18,Road,51.5,8.5,6.64
3432.6,67.0,16,Road,18.3,1.2,8.95
3311.3,26.4,28,Rail,55.3,9.2,7.23
3665.8,79.6,12,Road,26.5,2.2,10.03
149.7,38.8,6,Rail,82.9,9.5,4.44
219.6,15.9,24,Multimodal,20.0,8.0,5.65
3553.3,88.7,6,Sea,36.0,1.7,14.88
2401.2,16.3,17,Rail,9.5,1.6,4.2
2603.7,51.3,19,Road,58.8,0.8,8.34
241.4,51.5,28,Rail,94.2,2.5,6.24
1152.6,33.9,29,Rail,17.3,6.6,4.58
2874.4,85.7,7,Road,2.0,5.2,8.26
3867.0,76.0,19,Road,42.2,6.1,10.85
4126.8,74.8,8,Air,74.8,0.3,6.35
2254.4,87.7,8,Road,97.5,0.8,9.42
2456.9,41.4,5,Road,5.1,6.9,5.67
3749.6,9.2,34,Road,78.6,8.5,9.41
2421.6,69.0,21,Road,36.9,3.6,8.13
2328.3,34.6,4,Sea,15.4,1.7,9.47
4073.4,17.5,36,Sea,19.2,3.1,14.6
3555.7,43.8,5,Sea,92.4,4.1,14.96
4091.3,83.4,23,Road,80.9,6.3,12.38
986.0,15.8,19,Road,31.2,4.1,3.78
2362.1,76.5,15,Rail,94.0,9.0,8.6
3791.9,37.9,14,Road,10.5,4.0,8.13
504.6,12.7,8,Road,32.3,1.8,2.6
3577.0,76.4,9,Sea,65.3,2.5,15.37
827.5,87.3,11,Road,99.9,4.7,7.63
3637.5,26.6,18,Rail,46.6,7.8,6.74
2755.9,27.7,32,Road,81.1,8.7,8.51
873.6,35.5,36,Road,91.6,1.9,6.65
2132.7,73.4,21,Road,1.0,0.0,7.32
3070.2,1.4,27,Multimodal,28.9,8.7,10.66
2854.2,20.5,21,Sea,10.0,2.3,11.07
1925.5,63.7,11,Multimodal,77.6,8.2,11.3
4047.7,36.8,34,Rail,56.7,5.5,8.49
2339.1,30.1,5,Road,9.6,4.0,5.29
2278.9,78.6,28,Rail,42.1,1.5,7.96
284.8,82.6,10,Rail,51.4,6.7,5.57
4149.9,85.3,12,Sea,69.8,8.2,18.67
801.1,24.9,3,Road,77.9,4.6,3.98
2379.9,82.2,1,Rail,8.8,4.5,5.88
3617.0,66.5,37,Road,48.8,7.6,10.81
973.5,14.3,1,Road,16.1,5.0,2.46
2375.5,55.1,13,Sea,75.3,7.9,13.8
1086.9,2.9,38,Rail,65.8,0.5,5.13
3419.8,63.9,15,Road,72.3,8.6,10.03
2541.7,66.2,7,Road,7.5,2.6,6.74
3852.6,71.1,30,Rail,51.0,1.7,9.22
4026.0,15.9,24,Sea,84.1,0.3,14.68
2921.1,56.7,8,Air,71.3,8.3,5.19
3265.6,16.5,3,Multimodal,86.2,0.6,9.46
2473.7,85.2,15,Sea,20.6,9.5,14.31
1733.0,60.9,36,Road,28.7,5.6,7.43
2918.3,9.0,14,Rail,44.1,7.0,5.38
4087.8,17.2,27,Road,52.3,7.3,9.32
1878.0,59.9,30,Road,25.2,2.9,7.34
1418.3,43.2,37,Sea,38.1,8.1,11.59
1751.0,66.4,6,Road,68.7,9.5,7.24
1962.1,25.6,19,Air,64.5,3.7,4.1
335.7,59.4,37,Rail,11.0,8.4,5.54
2245.5,16.3,1,Rail,98.6,7.7,5.6
2226.9,49.2,25,Rail,56.3,5.9,7.19
2650.1,86.2,10,Air,48.4,3.7,5.96
1635.9,56.7,26,Rail,96.7,4.2,7.62
2760.9,5.0,23,Rail,14.0,3.1,4.46
3952.6,89.0,17,Road,54.4,4.3,11.29
4299.8,14.5,30,Rail,80.5,9.9,8.37
2628.3,64.8,27,Road,39.9,3.6,8.61
196.4,48.2,11,Sea,73.6,6.7,8.17
4361.7,26.8,4,Rail,89.9,3.2,7.47
3177.8,16.4,18,Rail,26.2,4.7,5.48
1515.2,16.4,19,Road,24.1,0.8,4.4
666.5,77.3,36,Road,36.1,7.6,7.02
649.7,78.6,26,Sea,41.8,6.6,10.41
759.0,42.1,1,Road,11.1,3.5,3.22
209.8,9.8,20,Road,23.1,5.2,2.35
4060.2,79.6,11,Road,87.3,8.7,11.66
2435.8,44.1,25,Multimodal,56.7,0.4,9.76
3151.3,39.8,19,Sea,26.8,9.3,14.31
3727.3,37.0,32,Road,94.4,4.7,10.62
3563.0,33.2,1,Road,77.4,8.6,8.29
3972.3,47.6,1,Road,36.2,8.6,8.28
4352.8,54.6,3,Sea,76.5,0.6,15.74
1978.6,42.2,32,Rail,59.6,7.8,6.65
4276.8,80.8,36,Road,68.4,7.3,12.69
3256.2,28.9,8,Road,32.1,0.4,7.17
322.7,52.3,30,Road,20.9,9.4,4.77
3069.6,27.3,39,Rail,25.4,6.3,7.09
3091.8,67.9,34,Sea,8.4,1.7,13.7
4076.8,9.6,8,Road,47.1,1.2,7.77
1681.3,17.4,25,Road,40.6,5.6,5.52
2634.2,72.2,26,Road,0.3,0.6,8.18
59.8,16.9,27,Multimodal,85.6,1.6,5.59
1497.7,56.5,19,Road,68.2,9.5,7.2
284.8,87.3,23,Sea,44.7,7.4,10.32
2350.8,47.3,16,Rail,96.7,6.1,7.19
3679.4,17.3,8,Road,94.1,2.1,8.73
933.0,29.2,30,Road,9.5,2.2,4.34
2375.8,74.2,8,Road,61.5,4.5,8.41
922.0,32.0,11,Rail,81.7,7.5,4.92
547.5,65.3,7,Sea,17.3,0.0,6.45
2301.9,70.1,21,Rail,12.8,0.4,6.88
360.8,45.4,34,Rail,26.0,8.7,4.66
2645.2,70.6,21,Road,28.0,8.1,8.76
145.9,28.9,5,Multimodal,96.5,6.9,6.62
484.7,46.7,17,Sea,78.0,5.0,8.78
2477.2,61.9,21,Road,6.0,1.5,7.41
2663.4,15.5,6,Multimodal,78.6,1.0,8.65
135.3,25.0,7,Rail,17.0,9.1,2.41
2582.3,58.9,11,Rail,35.7,3.8,6.31
3774.1,59.2,18,Sea,31.9,7.0,15.55
3251.8,44.7,38,Sea,27.2,4.6,14.59
594.7,71.7,12,Rail,30.9,7.3,5.07
2668.2,43.6,22,Road,75.4,1.9,8.4
3026.8,79.4,3,Road,26.7,4.8,8.21
172.4,66.4,19,Air,80.1,3.8,5.7
3849.8,28.7,23,Road,9.1,2.5,8.46
4078.7,35.9,34,Road,59.5,6.0,10.45
3827.8,60.3,3,Road,86.3,5.4,10.09
3711.7,80.6,23,Road,7.9,5.0,10.11
3353.6,16.5,5,Rail,63.5,5.9,5.88
2852.3,46.6,29,Multimodal,51.2,1.4,10.85
3055.4,11.1,34,Road,33.2,3.7,7.64
3629.7,25.5,5,Road,10.1,3.2,7.04
2982.9,61.9,29,Road,67.6,7.7,10.0
1478.1,7.5,24,Air,30.9,0.4,2.99
1694.9,59.8,39,Rail,33.9,2.8,7.23
4037.3,81.1,21,Road,71.8,9.2,11.73
82.0,87.3,32,Sea,94.5,3.0,10.11
3146.2,19.9,5,Air,33.4,1.5,2.96
4296.7,67.5,18,Sea,74.7,7.6,18.43
3179.5,83.4,38,Air,95.7,0.5,8.35
4472.6,8.7,35,Road,9.8,4.3,8.64
3095.5,37.6,38,Sea,52.9,8.6,15.82
159.5,82.8,16,Rail,1.1,9.5,4.84
3722.4,18.6,35,Sea,82.5,2.5,15.21
1284.4,84.1,24,Sea,28.7,3.0,10.53
2010.0,47.7,36,Sea,33.3,5.7,12.45
1407.9,9.4,5,Rail,68.7,2.3,3.95
1212.2,40.8,9,Road,78.9,1.5,5.54
1944.2,29.7,4,Rail,40.0,4.3,4.59
1707.5,25.8,33,Multimodal,66.6,0.7,8.25
2851.9,49.0,27,Multimodal,95.6,8.9,13.79
3660.1,43.8,22,Road,88.7,3.3,10.34
1340.4,43.6,11,Road,70.1,3.4,6.04
965.7,8.4,5,Road,94.3,7.9,4.04
3002.7,72.3,10,Sea,87.6,3.4,14.82
3018.1,43.6,3,Sea,72.9,7.6,14.17
4055.6,74.0,15,Road,91.7,1.8,11.67
76.7,74.3,37,Rail,81.7,5.3,7.27
3839.4,28.9,17,Sea,50.2,7.7,15.56
2346.9,0.9,20,Sea,50.2,4.5,10.13
2797.8,82.1,4,Rail,0.9,0.7,6.71
415.7,68.6,34,Rail,3.0,7.4,5.3
1949.6,10.1,34,Rail,74.6,4.9,5.89
1026.7,63.3,31,Road,55.5,3.2,6.94
1147.7,2.3,34,Rail,76.1,9.9,5.18
2270.9,3.0,3,Rail,95.0,8.8,5.12
3657.0,47.6,28,Air,45.3,0.4,5.57
3348.3,9.1,37,Rail,8.8,5.9,5.85
2661.5,86.8,29,Sea,62.7,3.5,15.48
2429.7,80.5,15,Road,10.0,0.4,7.89
1925.7,58.7,36,Rail,62.1,0.1,7.65
4377.3,6.2,35,Road,52.8,5.8,9.74
2523.1,29.6,10,Road,71.2,3.2,7.06
1146.6,33.8,17,Sea,35.1,7.0,9.57
1039.3,43.5,30,Multimodal,14.4,4.5,7.44
2753.0,15.6,8,Road,23.6,7.7,5.67
2355.1,52.2,23,Road,68.4,8.1,8.57
39.6,39.5,19,Sea,47.8,6.6,7.39
3736.1,85.3,37,Road,54.1,4.2,11.94
3170.0,84.3,36,Rail,32.3,9.9,9.1
2979.9,51.1,4,Sea,83.7,3.1,13.24
314.2,58.2,26,Rail,99.9,5.1,6.41
1632.4,12.8,27,Road,31.2,5.2,5.28
4209.5,20.5,13,Road,71.9,4.3,9.36
3882.3,81.1,34,Sea,17.1,1.2,16.24
1288.5,63.1,33,Rail,74.2,3.5,7.3
711.0,17.5,26,Road,43.1,2.2,4.2
2023.7,51.5,20,Sea,60.5,9.0,13.14
1604.5,84.2,8,Road,23.8,6.6,7.02
3071.6,31.4,16,Sea,85.2,2.9,13.46
4349.1,17.1,5,Road,17.3,5.7,7.73
1636.7,84.8,34,Multimodal,92.9,8.5,13.08
284.7,41.8,27,Road,6.1,9.3,3.99
4039.8,37.8,36,Road,28.8,0.8,9.86
175.6,24.4,4,Road,56.3,7.9,2.75
4287.7,80.3,7,Road,85.8,9.7,11.62
2992.3,76.2,37,Air,57.7,4.7,7.27
4237.9,36.6,36,Multimodal,21.6,10.0,14.96
902.5,3.2,24,Road,85.9,9.6,4.38
187.9,40.5,15,Road,59.6,6.6,4.23
2199.5,16.7,6,Sea,23.2,8.5,10.24
2030.6,13.3,26,Air,56.2,3.0,3.84
1495.1,35.7,26,Rail,67.5,9.2,6.15
4309.7,9.4,25,Road,68.1,5.9,9.29
3702.5,86.2,33,Road,72.4,5.1,12.18
2978.8,4.8,3,Rail,89.6,8.4,5.62
737.0,36.4,9,Road,82.5,8.9,5.21
3305.8,15.1,37,Rail,60.8,7.0,7.14
3272.9,62.1,38,Road,3.2,0.3,9.5
1915.7,7.6,30,Sea,75.0,6.0,11.2
4161.9,49.4,27,Road,97.5,8.2,11.53
755.6,69.7,13,Rail,30.6,5.5,5.28
1206.7,85.5,23,Rail,60.7,9.3,7.61
289.2,63.0,3,Rail,76.9,9.0,5.24
3580.6,9.4,23,Road,63.9,5.3,8.38
2799.8,8.4,35,Rail,92.3,4.0,7.04
1420.7,66.0,24,Rail,47.3,0.6,6.69
741.3,19.8,37,Rail,53.2,6.3,4.94
185.5,40.5,12,Rail,3.8,2.7,3.0
754.5,87.9,20,Rail,90.0,6.7,7.6
2042.5,73.9,18,Sea,26.2,8.0,13.16
1116.1,76.3,7,Road,97.8,4.1,7.41
1169.1,77.5,26,Sea,20.2,0.2,9.44
3940.7,55.9,12,Rail,25.3,8.7,7.51
2320.5,67.1,34,Road,48.5,5.5,9.16
3283.0,32.6,32,Road,66.1,3.1,9.26
165.5,89.9,30,Road,44.1,6.3,6.55
1646.4,25.5,2,Sea,35.2,6.7,9.34
2158.9,53.3,8,Sea,54.0,1.5,11.1
842.9,25.7,33,Sea,95.8,6.5,10.47
545.3,10.5,30,Rail,96.2,2.9,4.88
3917.0,51.3,28,Road,32.8,8.0,10.07
4227.7,32.1,13,Road,68.0,9.4,9.64
359.2,52.7,24,Road,72.2,1.0,5.89
1573.8,50.5,33,Road,65.3,9.2,7.89
4312.5,49.0,5,Road,11.3,9.0,8.44
378.8,11.5,6,Road,53.9,3.4,2.78
2898.2,39.9,4,Rail,76.3,0.3,6.51
4375.1,73.2,34,Sea,20.1,6.6,18.25
4402.1,28.7,29,Multimodal,34.8,3.4,13.01
2123.1,40.2,21,Multimodal,20.4,1.9,8.34
736.6,44.7,26,Rail,88.7,1.1,6.16
913.4,77.7,32,Road,85.9,2.0,8.12
4003.8,59.2,22,Rail,16.9,2.4,7.64
4103.0,9.5,14,Sea,76.1,8.0,15.79
2737.4,77.9,34,Road,36.4,7.8,9.91
3449.0,75.0,37,Road,68.6,4.9,11.4
3331.0,68.0,1,Sea,49.3,5.5,14.32
2979.9,42.2,32,Road,47.2,9.2,8.81
3723.6,68.3,32,Rail,88.1,9.1,10.28
3085.9,43.3,24,Rail,63.7,8.3,7.64
2405.3,66.4,21,Road,23.6,3.7,7.78
1070.1,79.3,12,Road,11.1,3.7,5.66
3348.8,80.2,20,Road,93.3,8.9,11.36
2133.1,41.2,37,Road,15.3,9.3,7.09
1330.1,77.4,20,Road,73.4,8.0,7.8
3609.7,9.6,2,Sea,49.6,7.6,13.32
3136.7,9.6,14,Road,14.0,5.6,6.12
4218.3,49.6,17,Rail,77.7,3.4,8.86
748.7,58.8,24,Road,90.4,2.4,6.9
2923.1,14.2,30,Multimodal,12.2,1.4,8.8
1102.9,42.8,15,Road,6.7,7.3,4.3
4066.6,8.9,34,Road,85.0,7.8,9.82
452.2,54.4,8,Air,50.1,3.6,3.96
2954.4,77.0,3,Sea,67.5,0.1,13.31
3560.9,66.5,11,Road,44.1,9.4,9.69
1600.4,34.4,27,Sea,41.2,4.4,10.12
4293.9,89.4,9,Rail,30.0,9.7,9.16
3829.0,59.8,15,Rail,56.3,6.8,8.07
1329.3,73.5,32,Road,16.0,1.2,7.1
38.9,60.4,11,Road,71.7,3.3,4.67
1338.5,89.1,3,Sea,54.9,6.6,11.32
1269.5,74.0,26,Rail,84.8,6.5,7.88
4005.4,47.0,7,Road,92.1,2.3,10.19
4352.2,33.3,28,Sea,90.1,1.8,16.68
321.6,61.6,39,Sea,60.1,2.8,8.93
2123.5,53.3,4,Road,31.9,7.9,6.36
2469.8,56.8,30,Rail,35.7,2.4,7.29
422.6,31.2,38,Road,65.3,7.0,5.58
1701.9,38.9,14,Sea,71.2,8.7,11.48
1430.3,50.4,36,Rail,16.1,3.9,6.05
2414.6,75.6,31,Multimodal,99.8,0.1,12.05
2977.1,68.8,19,Road,10.8,1.4,8.45
3167.2,11.1,12,Road,60.7,3.1,7.11
619.7,22.5,15,Road,53.1,1.9,3.86
3659.2,2.9,9,Road,59.1,2.9,7.23
3055.0,1.2,27,Road,53.4,5.4,7.02
4001.4,20.6,20,Air,5.8,0.2,3.17
2024.8,72.0,28,Road,99.6,0.6,9.47
4023.0,81.5,25,Road,98.1,8.6,12.66
3896.7,35.6,16,Sea,52.4,5.2,15.13
1975.6,50.9,18,Road,20.8,9.4,6.54
1718.2,63.7,36,Sea,18.3,0.0,11.03
4198.0,85.8,4,Road,5.7,0.0,9.9
3219.7,82.2,21,Rail,61.2,7.4,8.84
4177.5,5.6,27,Road,47.8,4.8,9.09
3587.4,22.7,1,Road,41.6,9.1,7.25
2743.8,4.9,5,Air,52.5,7.9,2.51
525.8,55.7,10,Road,87.3,5.0,5.63
1315.2,64.1,21,Rail,7.1,4.8,5.3
4359.9,28.1,10,Road,54.4,8.1,9.17
1440.8,76.9,26,Road,70.1,8.0,8.12
424.2,41.0,16,Air,97.1,2.8,4.69
3185.5,89.9,38,Road,74.0,6.7,11.97
3304.3,0.5,3,Rail,54.8,6.4,5.0
1288.1,10.3,20,Multimodal,76.7,8.6,8.52
1343.0,27.5,5,Rail,99.7,8.7,5.33
2112.7,2.8,6,Multimodal,88.9,2.7,8.15
102.9,70.5,25,Road,8.9,8.8,4.58
3553.0,5.2,25,Road,57.5,9.2,7.75
1430.3,67.5,12,Road,78.6,1.1,7.46
3842.7,5.2,1,Sea,67.2,5.7,13.51
3612.8,23.1,3,Multimodal,41.7,4.4,10.51
2978.0,75.8,21,Road,32.2,4.0,9.28
1465.3,85.6,5,Rail,62.7,7.0,7.06
2325.8,37.6,15,Road,41.2,1.3,6.74
2004.5,87.3,4,Rail,39.2,8.2,6.54
1528.3,56.6,19,Rail,83.7,0.3,6.98
3817.4,37.7,17,Multimodal,31.6,5.8,12.4
2178.4,72.4,8,Rail,64.5,2.3,7.04
3748.1,26.9,37,Road,87.3,6.7,10.14
478.0,24.3,24,Road,62.2,5.3,4.45
638.9,59.3,4,Road,49.3,10.0,4.5
4398.1,35.4,24,Road,3.5,8.6,8.88
2647.0,12.7,19,Road,68.2,3.4,6.76
2296.4,6.5,24,Air,99.8,5.3,4.26
2356.6,71.0,21,Rail,80.8,3.2,8.42
972.6,61.0,17,Rail,63.4,7.3,6.04
3235.6,37.4,8,Road,46.9,4.2,7.81
386.1,80.7,31,Air,22.4,1.2,5.52
2582.1,37.3,19,Sea,69.2,6.6,13.07
2570.6,64.1,11,Road,17.7,0.1,7.32
4114.3,81.9,23,Sea,88.7,3.0,18.14
2370.2,75.7,37,Rail,35.4,9.1,8.27
621.1,46.2,28,Road,40.0,0.9,5.37
2579.5,61.4,23,Rail,21.6,5.0,7.04
415.5,37.5,12,Rail,48.2,8.0,4.09
921.1,58.4,16,Road,68.0,9.0,6.49
144.8,23.6,16,Multimodal,30.3,5.6,5.13
2312.3,39.4,14,Sea,70.2,1.5,11.21
385.0,19.3,7,Rail,62.1,9.4,3.52
2114.9,3.9,21,Rail,37.2,7.5,4.25
4198.6,53.2,21,Road,31.3,4.0,10.12
3240.3,77.9,35,Rail,86.1,2.8,10.15
353.0,2.8,24,Rail,1.2,0.5,2.03
1012.8,18.0,1,Road,71.6,1.9,4.1
3033.1,41.7,14,Rail,41.7,7.8,6.47
4026.7,60.1,20,Sea,71.8,1.1,15.84
153.0,15.8,28,Rail,50.8,1.3,3.81
3657.0,5.6,18,Road,8.4,2.0,6.57
2530.4,47.0,3,Sea,98.2,4.0,12.76
2459.7,73.8,27,Road,8.6,1.9,8.21
4310.4,3.7,6,Road,15.8,9.0,7.19
3365.7,31.8,4,Road,42.0,2.6,7.07
3826.3,59.9,1,Road,94.5,9.2,10.03
1596.2,12.2,21,Sea,29.3,9.8,10.17
2496.9,21.6,35,Rail,56.9,7.5,7.05
2771.2,48.4,28,Road,52.1,0.1,8.68
1450.5,85.8,18,Air,33.0,2.4,5.53
2568.3,26.2,35,Air,69.6,2.7,5.33
1068.8,44.1,21,Air,50.1,5.4,4.25
649.5,36.3,16,Road,57.8,1.6,4.8
1686.0,80.8,26,Rail,21.0,0.8,7.02
3328.1,6.9,39,Multimodal,92.7,1.8,11.86
4123.3,51.2,9,Sea,11.1,3.3,14.73
2062.4,76.2,23,Road,69.0,0.5,8.83
2894.5,88.9,2,Road,88.6,2.0,9.73
468.2,63.0,3,Rail,8.4,1.7,3.62
4070.6,34.5,33,Air,2.9,7.7,4.46
2560.9,37.4,24,Rail,33.3,1.7,6.22
3512.6,32.0,23,Rail,79.0,7.9,7.83
3576.0,54.5,6,Road,71.7,5.1,9.4
1157.9,66.7,21,Rail,82.2,7.6,6.95
2383.6,73.8,5,Sea,39.7,4.5,12.43
4322.4,37.8,13,Road,99.4,9.0,10.7
407.9,64.6,13,Sea,36.6,2.8,7.41
3075.3,82.5,19,Multimodal,80.5,7.7,14.38
4330.4,82.9,9,Road,35.1,1.6,10.96
1356.1,63.5,3,Rail,21.8,8.8,5.0
3877.2,57.5,31,Road,33.7,0.3,10.2
4201.8,48.1,39,Sea,19.3,4.6,16.76
3363.2,16.9,13,Rail,12.9,4.2,5.04
1044.8,11.6,11,Rail,36.4,6.2,3.12
1506.3,44.0,11,Sea,14.7,4.4,9.33
166.0,14.8,1,Road,50.2,5.9,2.22
3742.4,52.1,35,Air,3.5,8.6,4.92
3824.0,58.3,35,Rail,43.1,1.4,8.91
2849.0,47.5,3,Road,95.8,2.4,8.41
1589.6,3.8,4,Rail,35.9,8.0,3.21
350.3,5.7,24,Sea,13.8,2.3,5.02
3390.0,10.6,30,Road,30.5,9.1,7.7
3270.7,14.3,32,Air,79.1,5.4,5.15
4107.1,89.1,20,Air,31.4,0.8,6.5
3288.7,31.3,36,Road,38.3,0.2,8.84
3730.0,26.6,13,Multimodal,78.9,7.6,13.06
3358.1,5.2,39,Road,26.1,8.6,7.77
2839.9,57.4,4,Road,47.8,2.4,7.84
1924.2,58.9,28,Road,6.3,2.4,6.91
4060.0,16.2,7,Air,17.4,9.5,2.66
2931.1,82.8,9,Rail,20.9,6.6,7.36
1795.6,72.1,22,Road,46.4,1.7,7.78
380.2,21.1,4,Road,82.1,4.5,4.03
1311.7,44.0,36,Rail,35.5,9.1,6.11
2449.1,41.5,33,Road,38.0,6.2,7.88
1244.0,31.7,6,Air,30.1,4.1,2.65
999.5,73.7,3,Sea,32.0,1.5,8.53
2375.6,10.3,35,Rail,40.4,7.3,5.56
768.3,37.7,33,Multimodal,89.9,2.8,8.02
3602.8,38.8,7,Road,2.4,5.7,7.1
2182.2,42.5,35,Multimodal,62.5,6.0,11.45
2584.5,77.6,3,Rail,88.8,5.6,8.22
667.5,20.0,18,Rail,41.7,2.5,3.74
1464.0,9.7,3,Road,65.1,7.1,4.24
1848.4,55.8,39,Air,58.6,5.7,6.04
3637.9,16.1,27,Road,33.9,4.0,8.44
3466.9,7.2,9,Road,13.7,0.5,6.18
1007.3,38.7,17,Road,22.0,3.3,4.64
2774.7,20.2,5,Rail,5.7,3.5,4.11
1099.3,32.8,4,Rail,76.5,7.9,4.7
4447.2,23.7,14,Sea,53.3,5.1,15.95
4284.8,8.8,29,Air,78.6,9.3,5.19
2536.9,50.7,11,Road,29.0,7.5,7.05
3146.6,2.9,22,Sea,80.5,5.4,13.33
3607.4,87.0,5,Road,30.9,1.7,9.71
3245.9,31.0,12,Air,12.1,2.2,3.21
3150.7,62.7,21,Sea,53.4,1.6,14.12
4313.7,73.0,15,Rail,94.5,4.4,10.1
2686.1,25.5,24,Sea,41.4,7.2,12.88
2865.2,67.5,13,Road,51.5,7.6,8.69
3822.5,75.0,32,Rail,45.1,1.0,9.61
3016.2,22.1,26,Sea,45.7,5.0,13.07
3299.5,89.3,26,Rail,21.4,4.8,8.73
1057.6,2.4,36,Road,42.2,4.4,4.59
1673.8,19.9,30,Rail,49.7,3.0,5.59
667.1,70.3,9,Sea,74.5,4.8,9.54
2278.4,17.9,24,Road,14.0,5.2,5.78
2053.5,63.0,38,Road,57.2,6.0,8.92
4487.2,77.1,18,Sea,66.2,3.8,18.34
2752.4,86.3,9,Sea,38.3,9.5,15.0
3540.1,42.9,22,Road,54.9,3.4,9.13
1506.4,87.4,38,Road,71.1,9.0,9.26
3742.8,37.3,21,Road,46.5,8.0,9.2
2769.8,20.0,7,Road,33.3,4.7,6.1
3138.0,46.5,12,Rail,82.5,5.0,7.63
1328.5,58.7,36,Sea,98.9,8.7,13.4
2471.1,41.5,11,Rail,21.7,4.9,5.21
2855.0,51.2,3,Rail,88.9,6.8,7.14
2653.0,37.8,27,Road,54.5,8.1,8.11
4118.8,47.5,7,Sea,44.8,9.1,16.54
4042.7,85.8,2,Rail,89.3,2.2,9.66
4369.6,45.2,10,Multimodal,91.0,9.8,15.38
3005.1,23.2,3,Rail,27.3,9.7,4.88
4373.8,68.4,17,Road,35.8,3.0,10.48
3747.0,30.7,1,Rail,85.2,6.1,6.83
1222.4,73.6,34,Road,49.1,0.5,7.59
1926.3,5.6,13,Rail,28.8,1.7,3.46
1076.6,30.2,14,Road,96.2,5.8,5.71
23.9,8.9,17,Road,21.7,6.5,2.06
850.3,8.1,34,Air,61.0,5.3,3.9
23.3,59.4,17,Road,42.8,7.0,4.42
3240.7,35.0,25,Sea,45.1,7.9,14.66
1917.8,78.5,30,Road,10.6,1.7,7.84
1410.0,46.7,36,Rail,25.7,6.6,5.96
3428.9,26.9,11,Rail,16.7,5.6,5.43
3747.0,65.0,21,Rail,75.0,1.2,9.25
4389.0,56.3,20,Road,69.8,2.3,11.19
2890.9,72.1,29,Road,79.4,4.2,10.33
2079.6,58.1,4,Road,69.9,8.6,7.19
1377.2,15.4,34,Road,12.9,2.2,5.18
1004.3,60.5,17,Rail,97.9,1.8,6.94
962.1,35.5,12,Multimodal,18.9,7.2,6.92
1844.3,42.0,4,Air,35.0,9.8,2.94
4463.1,83.0,14,Sea,70.7,4.5,18.26
8.8,32.7,4,Sea,14.0,3.5,4.73
891.4,55.3,34,Rail,17.1,2.5,5.54
851.8,33.0,18,Road,87.7,0.5,5.47
3228.5,9.0,13,Air,33.2,1.8,2.79
1589.4,41.1,10,Rail,66.6,0.9,5.43
2060.4,53.9,14,Rail,85.9,4.9,7.0
673.1,37.0,9,Road,97.3,9.8,5.29
1825.5,35.5,20,Road,21.0,7.9,5.58
468.9,73.9,1,Rail,12.3,6.0,3.99
2401.0,3.2,29,Air,74.1,4.9,3.82
445.2,27.0,17,Rail,18.8,6.2,3.18
3558.3,73.2,8,Road,58.0,3.8,9.65
2551.9,82.9,17,Multimodal,53.3,1.8,11.71
3259.2,37.4,21,Road,56.0,5.9,8.78
1886.2,80.0,25,Road,65.0,5.3,8.93
1719.8,18.3,20,Road,85.1,9.4,6.18
446.4,20.3,25,Sea,27.2,6.5,7.14
2359.7,76.2,21,Air,55.5,7.7,5.92
2317.7,81.3,13,Road,33.7,0.9,8.46
2109.1,20.4,13,Air,31.9,7.6,3.1
3333.6,5.8,30,Road,2.0,9.8,6.85
3747.1,8.6,13,Air,59.9,6.6,3.52
3379.8,23.9,7,Sea,97.3,7.4,14.68
651.7,68.6,12,Sea,76.1,9.8,10.98
2801.2,46.1,2,Road,24.3,3.9,6.94
366.1,41.3,14,Multimodal,71.6,8.2,7.74
3127.3,52.8,17,Sea,29.7,4.0,13.33
1721.4,80.2,13,Road,75.4,4.3,8.11
600.6,8.6,1,Sea,85.5,6.6,7.31
3879.9,62.7,1,Road,33.4,2.6,8.89
2765.0,83.4,26,Air,0.2,9.9,5.5
1599.5,19.6,13,Road,30.5,3.3,4.87
143.1,75.5,34,Sea,20.6,1.2,7.75
2420.2,63.0,9,Rail,61.9,3.2,6.77
4154.9,1.8,19,Road,29.0,8.6,8.21
2685.7,21.2,23,Road,3.6,3.1,6.3
4372.6,54.7,28,Road,53.1,6.1,11.17
618.3,45.5,30,Rail,87.5,9.4,6.3
2559.5,47.8,7,Road,45.1,2.6,6.82
3592.6,21.3,14,Rail,37.6,1.3,6.05
2367.3,60.9,2,Road,17.9,1.0,6.43
414.3,24.3,12,Road,38.7,4.4,3.32
2625.1,35.4,2,Sea,33.1,1.0,10.52
2754.8,33.5,28,Road,99.5,4.5,9.15
3280.5,60.6,28,Air,3.0,8.6,5.28
3426.6,8.6,12,Air,23.9,7.8,2.39
3469.6,18.9,30,Rail,6.9,5.8,5.8
2987.2,18.4,22,Rail,85.7,8.5,7.1
975.1,10.2,18,Air,41.7,1.0,2.63
1822.0,19.1,14,Road,79.6,6.1,6.14
3493.7,54.8,25,Road,69.2,1.2,10.15
4290.7,66.0,10,Road,92.8,4.8,11.52
359.9,59.6,36,Sea,2.4,4.6,8.29
2412.2,43.0,9,Road,20.7,2.7,6.34
1409.8,5.2,11,Rail,70.2,8.3,3.99
1018.1,86.3,27,Multimodal,58.5,2.3,9.84
2278.6,15.5,13,Air,69.5,5.5,3.6
2729.4,60.3,1,Rail,57.5,4.8,6.66
48.9,82.2,39,Road,58.1,4.3,6.83
3512.0,63.0,11,Sea,93.3,0.3,14.98
3690.4,20.0,3,Rail,92.1,7.0,6.76
4345.0,28.8,2,Road,3.8,0.1,7.41
817.0,3.2,24,Road,41.4,8.2,3.64
2677.5,55.3,20,Air,51.1,2.7,5.08
1922.7,55.4,15,Rail,35.8,1.2,6.02
1510.1,65.4,6,Sea,5.0,4.2,9.39
2547.5,1.5,20,Air,47.2,5.6,2.86
3521.8,73.7,22,Rail,97.6,3.1,10.01
108.6,66.6,2,Rail,7.2,1.2,3.51
4362.5,13.1,15,Road,81.7,0.2,9.42
3645.4,31.6,34,Road,19.6,7.0,8.74
3381.4,57.6,31,Road,57.7,8.9,10.1
3422.9,44.9,30,Sea,38.7,1.0,14.0
1753.8,10.8,28,Rail,34.9,2.3,4.56
3383.5,8.3,33,Air,87.0,0.2,5.02
1743.5,70.4,21,Road,97.3,8.9,8.67
4044.7,14.5,23,Rail,38.7,4.4,6.62
801.6,15.9,13,Rail,64.0,9.3,3.99
1319.1,74.9,26,Rail,55.6,4.7,7.07
2483.3,55.3,19,Sea,7.7,8.6,13.03
1439.9,54.6,27,Road,4.1,9.5,5.99
1911.9,43.4,7,Rail,77.3,3.4,6.21
2218.4,51.4,25,Road,39.5,6.4,7.32
3854.3,54.4,36,Road,30.8,6.7,10.5
2356.7,87.1,7,Rail,98.6,0.2,8.58
1634.3,20.5,20,Rail,8.5,4.4,3.71
1118.6,19.7,24,Multimodal,26.9,8.6,7.63
1842.0,5.6,28,Rail,85.7,9.5,5.74
2323.2,59.4,5,Sea,41.5,9.0,12.89
3358.8,49.6,36,Rail,58.4,9.7,8.8
549.1,10.5,31,Rail,4.8,6.5,3.02
1001.1,33.1,33,Road,92.0,2.3,6.7
1711.5,16.5,24,Road,13.7,5.8,4.83
1625.0,30.2,10,Road,21.3,4.2,4.6
1765.9,85.6,38,Rail,15.7,2.6,7.76
3571.9,61.7,5,Road,49.8,7.7,9.08
1462.1,1.2,31,Road,81.7,6.3,5.75
2261.0,23.1,9,Road,26.7,7.9,5.44
2809.5,1.4,32,Multimodal,14.2,2.7,8.7
1048.6,64.5,5,Road,41.0,9.0,5.51
3235.5,42.5,27,Rail,98.2,2.4,8.79
2464.3,89.5,28,Road,1.1,6.0,8.61
2013.3,66.2,12,Rail,50.4,0.6,6.56
3645.0,46.9,5,Road,66.9,5.4,9.21
1099.5,72.5,8,Road,80.7,1.0,7.11
3974.9,63.6,17,Rail,74.6,3.3,9.15
2526.9,22.3,8,Road,7.4,8.6,5.6
2743.2,48.0,34,Road,46.2,8.9,8.85
3938.4,50.3,23,Road,7.9,7.7,9.43
3680.0,40.9,18,Road,62.0,3.7,9.57
2709.0,16.5,10,Road,7.7,5.8,5.67
3390.6,20.5,39,Road,4.8,2.2,7.75
1952.8,25.7,5,Sea,30.6,6.8,10.04
2465.5,1.4,17,Rail,93.9,3.5,5.68
284.0,82.6,11,Rail,71.0,2.2,5.97
408.9,61.9,19,Road,0.4,5.8,4.51
3733.3,62.2,21,Multimodal,28.5,1.1,12.34
273.2,51.7,3,Road,1.7,6.9,2.92
766.4,62.2,1,Road,29.4,1.9,4.47
3582.3,88.4,24,Rail,68.5,5.5,9.98
10.2,35.0,36,Road,76.0,3.9,4.91
1274.4,64.3,6,Road,80.4,5.7,6.52
2630.3,32.7,10,Rail,91.0,2.5,6.63
2681.5,77.0,34,Air,36.6,3.1,6.58
3498.3,77.3,24,Rail,86.3,1.4,9.81
2279.1,81.3,23,Sea,72.8,7.8,14.87
2294.8,1.0,20,Multimodal,53.8,0.7,7.4
3265.3,27.2,38,Road,95.5,3.8,10.32
2246.3,12.5,35,Road,94.8,4.5,7.62
2740.2,41.1,34,Road,89.8,2.0,9.18
4040.5,44.8,36,Road,20.2,3.8,9.91
1809.5,23.4,16,Road,20.8,4.2,5.1
1736.1,65.2,23,Air,90.1,2.2,6.38
21.0,24.6,1,Sea,39.8,6.4,5.44
2762.4,76.9,9,Rail,79.7,0.3,8.3
138.8,16.4,12,Road,68.7,2.0,3.43
2271.1,33.4,37,Sea,76.2,6.2,13.45
3620.0,56.2,17,Multimodal,2.6,6.3,12.26
2476.9,54.7,3,Sea,43.0,2.7,11.42
1217.0,7.5,38,Road,85.7,6.8,5.98
3538.8,76.2,29,Rail,49.0,4.7,9.33
1217.4,54.0,31,Road,69.0,5.3,7.39
3300.0,78.4,35,Road,75.6,3.3,11.67
2748.1,78.2,38,Road,12.1,9.8,9.5
769.1,49.4,26,Rail,15.6,7.4,4.81
4073.6,82.0,13,Rail,72.5,2.5,9.97
906.9,76.4,19,Road,5.5,2.4,5.72
4453.2,86.3,32,Road,34.2,7.7,12.26
37.9,76.6,27,Rail,91.8,3.9,6.87
1189.4,74.0,39,Road,57.4,0.9,8.02
903.4,42.5,13,Road,91.0,0.4,5.84
67.9,19.5,34,Road,30.9,4.1,3.84
3297.0,82.0,19,Sea,63.7,4.1,15.81
3121.9,65.2,19,Road,28.7,7.1,9.09
3566.6,25.7,3,Road,11.1,5.7,6.69
1158.9,31.0,3,Road,99.1,7.7,5.65
2002.3,61.9,26,Multimodal,17.6,3.2,9.4
2967.7,43.3,6,Rail,18.8,6.2,5.61
1981.8,7.8,13,Rail,84.2,8.9,4.86
3139.5,13.2,38,Road,80.2,0.7,8.89
2854.7,67.2,27,Rail,97.8,7.1,9.38
520.3,29.9,24,Road,7.2,7.2,3.73
3515.8,45.9,10,Rail,9.4,7.9,6.21
3244.4,69.1,16,Air,44.9,2.7,5.57
2953.0,67.7,23,Rail,59.2,4.2,8.33
702.1,15.4,12,Air,3.8,2.4,1.53
1209.6,9.3,28,Sea,15.8,3.1,7.47
1772.3,53.4,13,Road,70.3,9.7,7.05
1263.3,66.9,18,Air,66.9,4.5,5.56
1029.0,13.8,2,Road,9.0,8.5,2.81
3625.1,33.8,17,Rail,93.2,7.9,8.21
2873.9,78.4,23,Road,25.5,4.4,9.12
2546.8,85.0,23,Road,88.7,9.9,10.25
1020.7,41.1,1,Road,92.3,8.4,5.35
4131.8,7.6,14,Road,49.0,4.8,7.95
864.4,23.6,12,Rail,41.2,3.1,3.84
3578.3,21.4,14,Rail,27.8,0.8,5.68
4350.2,21.9,38,Road,80.7,4.6,10.6
3273.3,44.7,16,Road,19.7,3.6,8.01
4467.9,52.7,34,Rail,62.2,7.1,9.8
2931.5,11.5,18,Road,56.7,0.2,6.85
982.5,80.1,10,Sea,24.9,8.3,10.54
921.2,56.0,19,Rail,98.3,4.2,6.48
1463.9,54.0,30,Sea,84.6,4.7,11.9
37.0,88.9,4,Rail,2.1,1.8,4.39
3069.2,56.7,7,Road,42.2,9.4,8.25
1212.7,83.6,16,Rail,35.9,4.0,6.59
3669.2,26.1,37,Road,88.3,8.4,9.99
1619.5,22.0,5,Road,26.4,2.4,4.32
2162.4,46.7,39,Sea,99.8,1.0,13.34
4345.8,46.0,33,Road,20.0,6.4,10.37
1093.6,20.8,35,Sea,24.4,9.8,9.78
3247.0,63.1,34,Sea,66.6,6.5,16.34
3399.3,3.2,33,Air,16.1,6.1,3.17
998.4,62.3,39,Air,88.9,4.4,6.45
2257.0,41.4,10,Road,11.0,2.8,5.87
1579.2,62.2,3,Road,98.3,4.3,7.26
3474.7,43.2,29,Rail,87.5,1.5,8.68
2803.1,88.0,35,Road,84.0,2.6,11.32
2144.5,30.5,31,Rail,40.7,4.9,5.99
3508.2,88.4,39,Sea,51.4,1.4,16.83
1062.0,6.3,15,Rail,45.6,7.9,3.49
3392.5,61.7,1,Road,98.7,0.1,9.66
3894.9,41.2,19,Road,3.5,3.2,8.49
3954.4,74.1,37,Road,38.2,5.2,11.54
3527.6,71.2,27,Road,96.8,9.3,11.42
1839.0,72.1,21,Air,36.9,5.7,5.37
4418.2,9.0,7,Road,39.8,2.9,8.04
1711.3,74.1,33,Road,63.1,3.5,8.61
2875.6,19.7,2,Road,90.7,3.4,7.0
729.0,2.8,14,Rail,29.5,1.8,2.52
4412.1,20.0,3,Rail,94.8,1.4,7.7
3169.4,43.4,14,Road,28.3,4.8,7.7
3391.4,66.9,5,Road,81.5,2.7,9.9
300.7,20.1,17,Road,27.6,0.9,2.98
3436.6,10.6,39,Road,7.3,2.2,7.67
3487.4,58.3,1,Rail,81.2,5.2,7.62
3024.6,88.6,28,Rail,45.0,2.6,9.33
1317.1,54.3,38,Road,39.1,2.4,7.38
2206.2,62.3,14,Road,43.0,6.2,7.42
501.4,50.7,17,Multimodal,61.2,6.9,8.05
2124.8,70.5,15,Rail,26.3,2.4,6.37
1101.0,87.8,7,Rail,23.7,4.7,5.87
1574.2,49.2,7,Road,48.3,7.6,5.71
735.9,37.8,24,Rail,3.6,6.9,4.01
1039.1,77.5,26,Road,64.3,0.7,7.54
349.2,87.3,14,Rail,82.3,3.6,6.81
4140.0,12.1,19,Multimodal,72.7,7.2,13.49
2389.2,52.2,26,Road,46.9,1.8,8.25
1788.4,71.4,16,Road,56.5,2.0,7.68
2410.0,48.2,34,Road,2.6,6.3,7.53
2829.2,37.1,2,Road,91.2,2.8,8.03
4148.8,59.1,1,Road,55.8,3.2,9.92
808.2,24.7,36,Road,31.6,5.2,4.94
1333.5,31.7,35,Sea,29.4,7.5,10.53
4391.2,89.3,24,Rail,66.0,5.0,10.63
1673.5,57.5,5,Road,58.4,8.9,6.83
106.4,78.6,29,Air,18.8,1.1,5.2
668.7,72.8,1,Road,41.0,7.5,5.09
123.4,58.9,9,Multimodal,67.6,5.4,6.95
4454.7,75.7,36,Road,29.8,8.2,12.06
1258.5,26.2,16,Air,50.9,3.2,3.76
4156.3,57.5,15,Rail,25.5,4.8,7.85
4481.5,53.4,10,Sea,7.2,8.2,16.83
2701.3,56.2,37,Multimodal,38.8,8.3,12.88
154.2,15.6,16,Road,73.2,3.8,3.3
371.8,25.3,38,Multimodal,21.4,8.2,7.11
2169.7,26.2,36,Road,75.5,6.8,7.97
1830.7,54.4,15,Road,66.9,4.1,7.28
2729.8,87.5,3,Road,50.7,9.7,8.72
1977.6,85.9,19,Rail,97.1,0.3,9.04
4203.7,20.8,37,Road,88.3,3.8,10.63
2408.7,27.8,3,Rail,56.3,3.1,5.05
3123.3,3.7,8,Rail,55.8,9.4,4.92
4034.7,36.2,24,Sea,27.8,1.0,14.23
665.2,75.2,14,Sea,92.0,6.3,10.77
1037.7,82.5,35,Road,89.6,7.2,8.86
487.4,21.7,16,Road,74.2,1.8,4.19
632.7,24.3,7,Road,12.8,1.5,2.87
2309.1,20.3,35,Road,70.4,0.5,7.76
1448.7,31.8,8,Road,25.3,1.6,4.51
1907.2,72.5,12,Road,18.9,8.1,6.66
4421.3,58.4,16,Road,75.9,9.4,11.52
709.4,70.8,4,Multimodal,96.0,9.0,9.57
2436.0,52.7,35,Rail,10.9,3.7,6.46
449.4,23.6,32,Road,16.4,7.3,3.77
1436.6,20.9,12,Rail,21.9,8.3,3.8
2376.2,1.3,21,Road,96.3,8.1,6.96
4260.1,70.4,15,Road,69.6,0.6,11.19
1763.6,76.3,35,Rail,67.8,2.1,8.1
296.8,69.3,3,Rail,50.5,9.4,4.84
1749.8,7.2,2,Road,53.8,7.4,4.4
660.1,68.7,6,Multimodal,29.0,8.3,8.13
1038.8,4.6,16,Air,15.5,5.1,1.89
2783.3,10.0,23,Rail,78.0,3.9,6.29
308.1,39.9,31,Rail,47.1,6.5,4.82
2093.9,43.1,30,Rail,25.6,4.7,6.1
2744.5,73.5,3,Road,63.3,3.7,8.59
1901.3,61.3,16,Road,20.9,3.5,6.54
91.0,14.2,4,Road,48.9,1.6,2.43
4434.9,20.7,36,Rail,19.0,5.3,7.69
1655.2,26.1,28,Rail,76.0,5.2,5.89
3504.7,11.6,28,Road,32.1,5.9,7.73
1468.8,26.2,3,Multimodal,44.2,1.2,6.42
2140.2,65.7,26,Air,75.5,9.1,6.51
1751.1,22.1,39,Sea,66.0,7.4,12.02
1544.7,75.3,13,Rail,40.0,1.3,6.59
103.2,42.5,7,Air,7.1,0.8,2.59
1623.3,29.4,13,Road,92.2,6.4,6.44
4003.3,37.4,4,Sea,0.8,3.4,13.17
3108.3,64.0,16,Road,73.5,3.2,9.76
658.7,46.8,28,Sea,94.5,8.4,11.04
2662.2,1.2,13,Road,30.7,3.5,5.25
4015.6,83.0,10,Air,7.5,6.3,5.33
3151.7,6.4,5,Multimodal,25.0,5.4,8.95
673.3,84.5,36,Road,31.3,2.6,6.87
3905.9,3.0,19,Rail,45.1,3.3,6.11
1360.4,69.5,30,Multimodal,52.5,9.4,11.46
2046.1,48.4,28,Rail,72.5,3.3,7.32
2370.0,45.8,31,Air,90.1,7.8,6.2
3828.0,7.0,36,Rail,46.5,8.6,6.85
4192.6,21.9,1,Road,74.6,0.7,8.83
4183.8,70.1,9,Road,12.7,6.6,9.61
40.8,80.3,12,Road,32.9,7.5,4.77
4148.9,47.9,23,Sea,11.8,4.3,15.67
249.5,32.1,12,Road,69.2,5.7,3.87
1199.7,5.9,9,Rail,90.8,1.6,4.23
2319.9,61.6,26,Rail,88.9,3.2,8.13
2162.3,25.4,30,Rail,32.6,7.1,5.64
2723.2,5.4,20,Air,23.4,6.0,2.32
2160.1,60.1,16,Multimodal,27.4,1.4,9.12
4205.0,44.0,13,Road,28.7,9.9,9.29
1086.3,1.6,35,Sea,8.2,9.4,9.05
1236.7,10.4,4,Sea,13.3,2.2,6.23
4143.7,63.1,25,Rail,21.4,8.8,8.34
349.9,6.2,13,Multimodal,0.8,2.7,3.36
2745.0,78.0,28,Road,4.7,5.6,8.91
3069.4,28.4,12,Road,69.9,7.8,8.06
2277.4,8.4,24,Air,61.9,3.4,3.39
3125.6,68.5,28,Road,94.5,5.6,10.79
781.5,47.4,1,Sea,40.2,4.5,7.54
3837.6,27.9,34,Air,44.4,7.6,5.28
634.4,36.8,3,Road,6.8,4.8,3.08
1806.7,2.4,22,Air,15.2,5.7,2.34
343.3,59.8,21,Road,69.2,8.5,5.58
2455.7,33.2,27,Rail,23.5,7.0,5.93
3015.5,64.4,21,Rail,77.3,5.3,8.3
4235.8,56.7,22,Air,70.6,4.6,6.13
3328.3,58.8,13,Road,74.7,1.3,9.62
2437.3,71.5,16,Rail,69.1,0.6,7.9
4197.1,57.0,24,Rail,70.8,9.5,9.37
2155.6,38.0,17,Sea,54.7,1.9,10.68
2527.6,35.4,5,Rail,67.8,2.8,6.0
2684.5,11.2,38,Road,52.6,6.1,7.56
1847.9,70.3,27,Road,20.6,8.3,7.74
3774.0,68.6,32,Road,21.8,8.3,10.34
837.4,22.5,26,Sea,40.5,8.3,8.73
2499.0,77.7,7,Road,1.4,9.8,7.38
3251.4,53.2,36,Road,88.9,0.6,10.79
4068.4,43.3,7,Multimodal,26.8,4.0,11.86
3978.2,2.1,27,Road,5.2,9.1,7.37
2291.8,34.8,38,Multimodal,42.4,4.7,10.55
2896.0,57.8,24,Rail,81.6,8.7,8.36
1777.1,8.5,24,Sea,39.7,0.2,8.2
2109.5,41.6,29,Road,26.3,5.0,6.92
4078.7,89.4,27,Road,54.5,9.2,12.27
4188.5,64.6,34,Sea,57.4,2.6,17.36
4029.9,49.4,21,Sea,75.9,9.3,17.92
627.0,48.2,1,Sea,80.0,0.1,7.11
3826.1,4.4,10,Road,70.6,0.8,7.7
4267.9,86.2,30,Sea,0.5,4.8,17.52
1628.8,83.6,28,Sea,0.2,1.1,10.53
2336.3,61.6,30,Rail,97.7,2.3,8.83
3507.0,9.4,28,Sea,26.4,3.0,13.0
2531.5,19.1,29,Sea,28.2,4.8,11.74
4470.7,17.0,31,Rail,73.2,3.9,8.25
2053.4,47.0,4,Road,58.2,9.2,6.36
3214.2,19.1,19,Rail,46.4,8.9,5.9
3567.7,62.8,10,Road,11.6,7.5,8.59
2226.0,49.3,31,Road,8.1,6.6,7.01
3857.1,2.1,34,Road,70.4,2.0,8.86
2460.0,67.1,39,Road,12.5,6.0,8.95
1855.4,17.4,31,Road,43.6,1.5,6.18
489.7,74.3,11,Road,73.6,4.5,6.18
1773.4,32.3,36,Sea,92.3,4.6,12.22
3304.0,30.8,32,Multimodal,87.4,6.9,13.67
4146.2,1.6,23,Road,86.4,8.4,9.19
1136.3,88.9,39,Multimodal,35.8,3.2,10.23
1601.8,55.3,3,Rail,92.7,0.4,6.48
697.1,38.3,28,Road,68.4,0.5,5.99
3109.8,9.1,25,Road,88.6,8.7,8.22
4321.0,63.1,28,Rail,8.9,4.9,8.69
2886.1,25.8,19,Sea,4.0,2.5,10.76
2778.8,89.0,19,Sea,43.0,0.3,13.96
2492.9,85.6,29,Road,82.8,5.3,10.55
402.6,66.3,19,Road,40.9,1.4,5.48
3284.1,87.4,18,Road,88.5,4.2,11.05
2711.2,10.0,24,Road,23.5,5.2,6.01
2978.3,25.6,38,Road,3.9,2.3,7.38
4045.2,23.2,16,Road,76.1,2.0,9.37
3528.9,6.9,18,Sea,62.6,0.2,12.33
3515.2,87.5,13,Air,44.0,5.9,6.21
4172.7,5.9,4,Road,84.5,2.0,8.41
4454.8,77.2,13,Air,82.4,8.8,6.64
2617.9,69.3,35,Road,32.5,6.0,9.26
494.4,34.1,4,Rail,83.8,5.6,4.33
2068.8,2.2,19,Road,34.5,5.0,5.14
3545.3,1.0,24,Rail,62.2,2.2,6.23
129.6,18.8,33,Multimodal,19.2,9.7,6.42
260.7,44.7,33,Rail,26.4,9.7,4.78
306.9,41.5,9,Road,44.8,3.2,3.93
3291.0,52.9,3,Rail,31.5,7.8,6.59
2257.7,69.6,3,Road,12.9,1.2,6.67
1663.2,34.3,30,Air,48.2,7.8,4.6
479.7,14.9,18,Rail,51.1,2.9,3.56
3296.4,72.1,2,Road,15.9,2.9,8.2
1448.0,30.3,32,Rail,17.4,5.1,4.71
1197.6,26.2,9,Rail,2.9,3.9,3.17
2937.2,68.9,2,Road,3.0,1.2,7.2
2517.8,84.1,20,Rail,35.9,5.9,8.05
1634.0,82.4,27,Road,14.7,2.1,7.43
2888.5,12.8,36,Sea,91.9,4.4,13.71
1224.1,45.5,19,Sea,19.9,2.3,8.36
3577.8,8.8,16,Sea,6.6,8.6,13.39
1035.8,86.5,26,Rail,40.4,3.4,7.04
719.0,19.8,14,Rail,19.2,8.9,3.15
3522.1,18.2,18,Road,6.2,3.3,6.59
3187.0,80.1,28,Sea,75.3,1.8,16.02
826.0,87.1,19,Road,55.7,5.8,6.97
527.5,62.9,30,Rail,5.7,5.6,5.23
3773.6,11.3,21,Road,46.8,6.2,8.19
3495.8,44.0,21,Road,3.9,3.0,8.2
1476.0,73.6,30,Rail,35.4,3.2,6.93
2963.6,51.7,37,Road,36.3,2.4,9.12
563.1,12.4,32,Sea,82.3,9.3,9.52
2284.2,15.9,30,Road,73.5,6.8,7.25
89.2,77.8,22,Road,89.7,7.6,6.48
1765.3,47.7,24,Rail,14.1,1.9,5.59
341.4,63.7,10,Road,53.4,6.6,5.34
2140.8,33.9,24,Road,2.0,7.6,5.83
1900.5,48.2,1,Sea,82.6,3.4,10.9
2002.5,88.0,35,Road,36.7,1.6,9.21
208.8,30.0,16,Sea,6.9,7.0,6.3
1630.5,60.9,5,Road,32.5,6.1,6.1
3405.4,15.9,31,Road,28.7,5.8,8.01
1663.3,11.4,37,Sea,76.6,1.8,10.02
3219.7,70.6,25,Road,12.7,2.6,9.38
1665.8,76.0,25,Road,55.6,6.2,8.15
1907.5,60.3,3,Road,79.4,6.1,7.44
2539.7,14.7,38,Road,74.0,5.5,8.02
4278.3,22.0,32,Sea,93.6,7.7,17.88
494.3,82.1,20,Road,0.1,8.1,5.27
152.9,26.3,30,Sea,35.4,2.8,6.46
2737.8,73.8,2,Air,37.0,1.6,4.62
4271.2,26.1,5,Road,3.3,2.0,7.7
4453.8,84.6,19,Air,81.7,2.8,7.76
2181.3,82.3,20,Road,68.9,9.5,9.24
2109.0,4.4,22,Multimodal,52.8,1.4,7.31
2904.1,69.5,11,Road,40.5,8.8,8.38
2502.6,15.7,18,Rail,89.5,2.0,6.25
2855.2,19.8,27,Rail,26.4,3.5,5.67
3933.6,41.7,31,Road,33.5,1.3,9.89
3359.6,52.1,35,Rail,95.3,1.0,9.38
2238.5,29.7,21,Sea,6.5,1.0,9.62
2081.1,52.0,20,Road,78.1,3.4,8.3
2880.0,15.8,9,Road,71.8,5.2,7.0
2053.4,2.5,31,Sea,90.2,2.0,10.5
2062.7,51.6,9,Rail,9.1,9.3,5.13
78.3,46.8,7,Multimodal,97.0,5.9,7.01
787.4,62.2,33,Sea,2.9,8.9,10.18
2200.9,58.7,1,Multimodal,33.8,1.5,8.68
3702.8,80.8,19,Sea,8.5,1.4,14.7
1257.9,41.6,3,Road,5.1,8.5,4.14
2354.3,1.2,39,Road,96.5,5.7,7.63
1555.6,56.9,12,Sea,72.0,9.4,12.44
476.1,60.9,30,Rail,50.6,1.5,5.66
4312.6,47.2,16,Road,10.8,0.3,9.6
3846.8,62.2,13,Road,52.6,9.2,9.94
357.8,29.5,24,Multimodal,32.0,7.0,6.29
3240.4,13.8,17,Rail,27.2,8.1,5.55
1567.4,60.0,27,Road,61.8,3.0,7.68
4476.8,22.4,29,Rail,79.1,0.0,8.68
1364.3,41.3,14,Road,44.3,4.8,5.68
1078.1,44.5,5,Road,49.3,9.9,4.93
2557.7,43.2,38,Road,65.1,9.1,8.9
3758.9,54.1,6,Road,12.5,0.7,8.13
870.4,3.1,24,Sea,82.9,1.9,7.52
3193.8,89.1,33,Road,83.7,3.1,11.75
281.0,64.6,9,Sea,54.1,8.3,8.92
4135.6,38.6,3,Air,18.8,8.2,3.46
369.4,17.6,23,Road,50.1,1.9,4.03
4114.5,7.7,21,Rail,10.6,5.3,5.68
2211.2,60.7,22,Rail,76.3,5.0,7.67
2019.2,28.9,8,Air,31.1,4.1,2.88
4380.0,21.0,20,Road,31.1,5.4,8.75
4456.8,34.5,14,Rail,94.5,2.9,9.11
2927.6,53.6,30,Rail,42.2,5.3,7.57
576.4,60.6,8,Road,79.0,6.9,5.72
2280.2,58.2,19,Road,63.7,0.6,8.43
2383.6,77.8,38,Rail,31.6,9.7,8.17
2317.4,20.1,36,Sea,12.4,1.7,10.52
2564.9,57.5,6,Road,79.8,3.6,8.01
89.2,9.5,34,Rail,76.3,4.7,4.22
3202.0,49.5,10,Road,16.9,0.4,7.72
3207.2,52.8,31,Sea,24.9,5.5,14.59
524.0,19.9,11,Road,76.6,8.7,4.28
2568.2,35.6,35,Air,98.4,9.0,6.23
2559.8,74.5,11,Road,84.4,3.3,9.35
3072.6,13.8,32,Road,68.4,5.6,8.15
388.9,39.4,26,Road,91.5,7.8,5.58
2821.1,84.0,22,Road,28.5,2.5,9.16
1267.0,45.6,1,Rail,1.0,5.3,3.4
2284.0,65.4,29,Road,32.1,3.7,8.17
3481.1,74.5,39,Sea,97.2,3.8,17.85
3176.9,18.7,22,Road,88.2,0.9,8.6
539.5,20.0,32,Road,5.0,4.1,3.38
2662.4,68.4,25,Road,50.2,1.6,9.06
4361.2,67.9,29,Road,7.9,3.0,10.74
709.7,5.9,37,Road,78.9,3.3,5.55
3838.8,29.4,32,Road,37.3,4.3,9.27
3163.0,36.2,30,Rail,91.2,9.2,8.37
3484.1,74.7,18,Road,5.4,6.3,9.04
1272.4,38.3,3,Rail,73.4,9.7,5.05
1299.1,83.4,12,Rail,39.9,5.9,6.69
4077.6,89.7,20,Road,26.8,8.1,11.16
1622.4,70.4,8,Rail,51.7,8.3,6.41
288.3,60.1,31,Multimodal,48.5,7.4,8.48
2704.7,35.6,24,Rail,34.9,6.7,6.34
566.1,6.5,13,Rail,64.9,4.2,3.54
3585.7,51.8,8,Road,66.1,5.7,9.13
2889.7,32.9,14,Sea,7.7,1.9,10.9
3936.9,31.9,15,Sea,59.5,6.2,15.54
3532.8,62.0,21,Rail,71.1,5.1,8.72
509.0,42.0,15,Multimodal,7.6,8.0,6.09
1717.9,67.8,26,Road,65.9,9.0,8.06
3486.6,36.1,38,Road,80.4,1.3,9.98
1880.9,14.0,38,Sea,83.2,6.9,12.11
4375.8,41.8,33,Sea,4.2,9.5,17.52
3312.2,85.6,10,Road,69.7,9.2,10.4
74.7,72.2,19,Road,79.7,8.3,6.02
3960.5,18.9,11,Road,39.7,0.5,8.0
458.1,35.5,3,Road,54.3,2.5,3.74
636.7,83.5,23,Sea,26.5,1.5,9.27
3306.5,11.6,6,Rail,31.0,9.3,4.87
3893.0,23.2,29,Road,50.2,7.5,9.23
2415.9,24.0,4,Road,15.1,5.3,5.04
1304.3,51.6,3,Road,37.1,9.8,4.87
1584.2,37.3,20,Road,30.1,1.9,5.71
1546.3,7.6,8,Rail,23.8,6.4,3.29
1473.4,56.8,6,Multimodal,48.4,6.1,9.16
1096.9,9.4,5,Sea,83.9,3.4,7.71
2741.9,54.8,8,Road,24.2,4.9,7.22
4052.3,45.9,8,Air,66.0,2.4,5.14
1385.3,44.7,35,Sea,25.4,6.8,11.09
844.2,6.5,19,Sea,14.2,4.2,6.24
3774.4,57.7,10,Rail,94.3,0.2,8.88
3339.3,39.1,35,Road,63.3,9.5,9.96
4189.1,37.3,9,Road,10.5,5.0,8.3
749.0,53.9,8,Road,63.3,7.1,5.12
653.4,54.8,8,Road,17.6,2.0,4.31
2438.7,1.8,8,Road,88.8,1.3,5.94
2766.9,11.7,20,Rail,24.7,9.0,5.18
2163.4,21.7,7,Sea,80.7,5.9,11.53
2697.4,61.2,22,Rail,19.9,4.9,6.84
815.8,52.1,17,Road,55.8,5.2,5.85
2160.9,68.3,5,Multimodal,91.2,2.4,10.56
2963.1,66.8,34,Multimodal,29.6,9.1,13.85
1950.0,76.9,25,Sea,8.1,2.1,11.23
3059.1,34.2,15,Multimodal,55.3,1.6,10.33
2033.1,31.4,31,Rail,17.2,9.3,5.55
1504.5,74.9,19,Multimodal,72.8,2.6,9.78
1369.7,21.8,31,Road,59.1,8.6,5.89
1852.0,41.8,12,Road,34.6,7.7,6.01
108.8,17.9,23,Road,70.6,3.8,3.7
3010.0,82.3,23,Road,23.9,2.5,9.3
3803.7,37.0,36,Road,91.7,7.6,10.73
1599.0,19.5,11,Rail,34.7,6.0,3.92
211.9,62.4,22,Sea,76.3,2.5,8.42
4440.6,22.4,30,Rail,25.9,8.9,7.39
1190.3,84.9,5,Road,71.5,7.2,7.38
574.2,33.4,37,Sea,3.2,9.1,8.58
1667.0,60.0,20,Rail,29.6,4.4,6.13
3324.8,31.4,10,Road,9.3,1.3,6.86
1326.2,72.7,22,Rail,45.1,9.2,6.68
2588.3,80.8,30,Road,43.5,6.0,9.71
1872.9,71.0,30,Road,35.9,6.1,7.66
534.3,76.4,22,Air,98.1,5.8,6.26
1489.6,9.6,38,Road,24.4,4.7,5.2
3263.3,83.2,38,Rail,79.1,2.6,10.37
2756.0,56.4,38,Air,44.7,6.1,5.85
543.4,78.3,7,Sea,33.5,7.2,9.51
739.1,61.8,36,Road,20.3,9.2,5.88
2885.1,18.6,14,Road,63.3,0.7,7.1
3661.3,55.1,11,Road,33.4,2.5,9.08
1575.9,8.6,7,Rail,81.3,7.8,4.3
2680.9,62.8,32,Road,96.8,7.8,10.16
772.0,37.1,18,Road,22.7,2.1,4.32
1404.6,14.1,34,Multimodal,12.9,1.8,6.42
96.1,88.1,2,Rail,31.6,3.7,4.97
3458.4,81.1,7,Road,46.7,0.6,9.84
1807.5,80.5,31,Rail,30.1,7.3,7.61
3673.5,71.1,18,Rail,97.0,6.7,9.86
3189.1,62.4,20,Road,77.9,8.6,9.92
3730.2,59.1,7,Road,96.6,4.3,10.29
1289.0,10.0,22,Sea,37.3,6.4,8.74
837.1,81.1,37,Rail,30.5,9.5,6.59
4373.7,79.4,34,Rail,40.7,9.6,10.24
3229.4,67.4,39,Road,52.3,0.7,10.57
3754.0,83.5,16,Road,74.2,0.0,11.38
64.0,50.0,14,Road,88.1,9.6,4.89
1598.3,40.6,32,Road,46.3,5.4,6.98
3344.0,87.1,38,Road,28.9,7.0,10.97
355.5,42.0,39,Road,31.9,9.1,5.26
2555.2,57.9,26,Sea,69.7,4.3,13.78
1933.7,33.9,30,Multimodal,56.8,4.4,9.76
84.2,57.5,39,Sea,48.6,1.7,7.69
1065.7,64.9,9,Air,20.3,9.1,3.58
1285.1,56.4,32,Road,87.5,6.5,7.85
507.8,46.6,7,Multimodal,78.1,1.8,6.29
2843.8,27.4,12,Road,14.1,5.6,6.27
1094.6,58.1,23,Multimodal,36.7,3.3,8.03
1252.9,81.8,17,Multimodal,54.2,1.5,8.88
4042.6,1.1,21,Sea,45.4,1.8,13.54
2104.7,12.5,12,Multimodal,39.8,5.6,8.43
1767.6,11.2,22,Rail,71.9,5.6,5.61
3258.8,83.1,23,Road,5.5,7.9,9.62
4093.7,59.8,5,Road,47.1,2.5,9.37
117.5,85.7,18,Rail,26.2,9.2,5.67
2019.8,52.7,37,Road,8.5,5.2,7.43
2750.5,41.8,37,Rail,46.5,2.0,7.51
1436.9,71.4,7,Multimodal,17.1,4.1,8.34
3477.0,14.9,3,Road,25.8,9.2,6.54
4371.8,34.6,1,Sea,50.7,4.8,15.36
4245.7,42.2,6,Air,97.4,8.7,5.54
1200.6,27.2,7,Multimodal,68.4,1.6,6.42
1022.4,33.7,27,Multimodal,28.0,9.1,8.16
4308.9,7.5,31,Rail,38.2,4.3,6.79
2066.5,18.2,8,Multimodal,40.6,9.4,9.22
941.3,30.5,14,Sea,15.4,8.7,8.34
3183.0,71.7,15,Road,16.1,6.6,8.5
1283.5,16.8,7,Rail,14.8,6.7,2.77
1206.3,31.5,7,Sea,52.2,2.1,7.87
3957.2,6.3,33,Road,67.4,6.0,9.45
735.3,50.4,7,Rail,59.1,5.5,4.8
294.4,55.2,20,Rail,97.8,3.3,5.91
1215.0,78.0,7,Road,12.6,5.1,5.97
2733.2,73.8,14,Rail,98.6,9.3,8.83
558.3,26.0,15,Sea,46.7,0.1,6.01
2124.8,12.8,18,Rail,21.9,4.2,4.38
2824.9,14.5,10,Road,94.3,3.3,7.41
3820.1,87.2,35,Road,46.9,9.6,11.81
1038.3,60.8,27,Road,34.7,9.7,6.22
3679.0,4.3,1,Air,21.4,5.9,1.71
1060.9,12.7,28,Road,26.8,5.5,4.21
3047.1,44.0,34,Rail,97.9,9.0,9.0
1940.9,19.1,3,Road,30.4,0.1,4.74
520.5,72.4,3,Road,97.8,5.6,6.2
3215.6,51.8,11,Sea,33.0,0.2,12.46
983.8,55.3,4,Sea,23.1,9.7,9.35
798.9,41.9,30,Road,18.3,3.2,5.06
1615.7,23.4,39,Road,41.2,5.2,6.15
2941.5,53.3,32,Road,23.7,4.2,8.79
1056.8,64.7,16,Rail,69.7,8.9,6.43
830.6,33.7,17,Rail,24.0,10.0,3.93
49.7,45.7,11,Road,83.5,0.7,4.65
2125.0,75.7,36,Road,83.4,7.3,9.88
1931.8,13.8,32,Road,28.6,3.7,5.81
1056.2,49.3,35,Air,75.4,1.4,5.83
246.2,31.7,27,Multimodal,85.8,4.1,7.14
1934.5,63.4,34,Road,59.0,10.0,8.62
3548.0,2.2,5,Sea,36.6,3.6,12.0
3220.2,60.5,25,Road,44.1,2.8,9.51
3874.3,9.7,28,Road,78.6,8.5,9.23
48.1,6.3,18,Sea,29.3,8.7,6.15
4349.1,65.4,3,Air,33.4,3.4,4.96
1539.6,57.8,28,Multimodal,16.1,3.0,8.53
4456.8,80.6,2,Rail,39.9,6.5,8.5
1140.5,47.0,34,Road,8.7,2.1,5.59
2124.6,47.9,22,Sea,32.1,4.8,11.53
1595.9,63.8,22,Road,37.3,1.4,7.09
1604.1,29.4,30,Rail,25.5,3.0,5.17
3791.1,3.8,34,Road,10.1,3.0,7.56
3360.2,21.1,1,Rail,52.2,6.9,5.54
4464.7,21.8,29,Road,86.5,2.8,10.73
2762.7,30.5,19,Road,33.6,9.0,6.94
2087.3,84.9,19,Air,23.7,9.8,5.81
409.9,72.5,29,Road,28.5,0.8,5.82
4484.5,84.3,33,Rail,86.2,4.0,11.33
2484.1,89.9,17,Road,52.8,3.0,9.13
3153.6,39.3,38,Road,13.1,3.5,8.49
1833.3,20.8,1,Road,70.9,2.7,5.39
2467.0,50.6,33,Road,15.4,3.8,7.67
4241.9,79.4,36,Air,6.0,1.4,6.5
753.1,42.2,22,Road,25.6,2.8,4.54
1319.2,45.7,18,Multimodal,16.8,7.5,8.31
688.5,12.5,17,Rail,60.5,3.4,3.96
3566.0,38.1,32,Road,48.5,2.1,9.45
283.9,35.1,20,Rail,72.4,1.1,4.66
371.9,32.0,23,Rail,51.2,3.5,4.59
1346.7,79.9,28,Sea,41.9,6.4,12.12
2316.3,5.8,26,Road,52.6,2.5,6.16
1831.2,87.5,7,Road,43.4,4.2,7.54
206.4,1.2,20,Air,3.7,9.5,1.12
4308.9,85.1,11,Multimodal,68.1,5.5,15.65
4288.1,49.6,7,Air,96.2,5.3,5.95
1260.7,63.4,38,Road,42.2,4.1,7.43
3293.2,17.2,27,Sea,42.4,5.6,13.58
2605.7,59.1,9,Rail,4.6,9.8,5.85
1072.5,79.4,4,Rail,89.0,2.5,6.59
1183.5,13.0,38,Road,92.9,9.4,6.43
2212.7,11.9,29,Rail,81.3,1.5,6.21
1889.5,27.7,26,Road,10.6,1.1,5.65
1314.1,15.0,25,Road,90.0,6.5,6.04
3634.8,10.4,14,Air,2.4,2.5,2.3
2169.2,61.2,37,Road,44.5,4.4,8.89
2948.5,19.6,28,Road,50.1,7.3,7.55
855.8,60.2,8,Road,83.4,5.3,6.07
2403.1,77.6,11,Multimodal,75.1,0.1,10.8
1434.3,58.9,35,Rail,79.7,3.1,7.55
2371.2,11.2,31,Road,86.8,0.6,7.54
3514.8,51.8,34,Sea,47.6,9.3,16.79
3461.3,35.7,36,Sea,78.0,7.9,16.49
1597.2,31.2,17,Road,6.8,9.8,4.59
3125.8,29.0,21,Rail,44.5,8.9,6.62
4236.1,83.7,26,Sea,3.0,4.8,17.34
2817.4,67.0,28,Rail,91.5,8.8,9.24
672.1,12.5,22,Road,95.8,6.7,4.88
3060.3,43.1,3,Air,8.4,5.2,3.13
476.5,29.0,28,Rail,53.3,3.7,4.96
3925.1,88.0,36,Road,32.5,6.8,11.88
2327.4,88.0,2,Road,34.3,5.9,7.76
1736.2,29.1,20,Road,45.1,6.1,5.76
261.2,32.0,36,Road,12.5,4.0,3.89
1716.6,54.1,8,Sea,18.1,7.4,10.79
4064.9,43.4,39,Road,57.7,0.8,11.01
99.3,19.6,25,Road,1.9,7.3,2.28
2138.5,59.6,15,Rail,60.0,7.3,7.07
4190.6,30.4,30,Road,31.9,5.2,9.67
1779.8,59.0,34,Multimodal,83.2,2.6,10.78
1929.6,34.8,4,Road,60.0,5.2,6.14
2605.6,63.2,22,Road,70.8,1.2,9.1
2085.9,60.3,25,Road,11.4,2.9,7.34
762.9,46.0,9,Road,26.6,4.2,3.91
88.4,63.6,23,Road,99.7,6.7,6.2
2746.1,41.8,39,Sea,43.4,1.9,13.2
4144.0,10.9,12,Multimodal,35.9,1.6,10.93
483.1,16.8,14,Road,87.4,6.1,4.09
953.2,22.5,7,Rail,3.3,6.8,2.62
1669.2,6.2,31,Sea,53.5,0.8,8.88
3640.3,64.2,6,Sea,21.0,0.3,13.28
1215.3,33.4,23,Road,36.8,1.5,5.26
3969.8,8.9,19,Road,20.0,9.0,7.84
252.0,73.9,21,Road,3.8,6.7,4.59
4234.6,61.7,19,Sea,41.7,9.2,17.92
2525.6,41.0,19,Sea,78.9,6.6,13.58
2966.2,22.6,34,Road,95.2,9.7,9.22
1657.8,14.1,13,Road,62.4,4.4,5.08
3520.1,41.5,36,Air,38.9,6.0,5.45
753.7,79.7,25,Sea,77.0,6.0,11.25
224.9,17.4,33,Multimodal,50.5,0.0,4.91
1782.8,51.4,21,Sea,36.8,0.3,9.73
3842.4,86.6,34,Road,17.9,1.5,11.43
3398.4,57.5,25,Rail,79.6,5.1,8.9
2329.6,39.9,18,Rail,50.0,4.3,6.35
2576.8,64.6,11,Road,96.4,5.4,9.08
588.9,74.3,19,Rail,80.2,8.0,6.53
3783.9,53.4,34,Sea,42.0,8.2,17.0
3542.4,78.5,2,Road,74.1,9.8,10.24
2955.8,46.6,30,Sea,45.3,5.6,14.19
2100.5,74.8,38,Rail,8.0,3.5,7.21
4340.2,85.7,15,Multimodal,51.7,3.1,14.92
3956.2,45.4,11,Road,86.6,3.4,10.06
2901.7,54.6,24,Road,85.5,3.2,9.59
1676.2,55.0,4,Rail,57.5,3.9,5.42
2783.0,70.4,19,Road,38.0,0.7,8.57
2591.6,74.2,29,Sea,1.0,6.3,13.64
1777.1,2.9,14,Sea,31.1,5.7,8.69
1383.5,66.1,17,Road,99.0,4.6,7.82
1834.5,70.7,8,Rail,72.6,0.8,7.1
2584.7,63.2,13,Rail,71.8,0.9,7.42
1929.5,64.4,23,Road,76.1,5.5,8.26
1189.8,4.2,29,Multimodal,62.0,0.4,6.14
3425.5,40.1,11,Sea,58.6,7.2,14.65
2393.9,73.7,16,Rail,45.4,9.9,7.37
309.2,84.1,23,Sea,44.4,6.0,9.82
1660.6,21.0,12,Rail,87.1,7.2,5.31
3982.7,52.3,38,Air,39.3,4.4,6.19
3399.8,72.5,24,Rail,84.0,6.7,9.16
1458.0,67.8,31,Sea,83.8,6.5,12.96
4222.1,55.9,38,Air,77.1,8.2,7.42
349.3,2.2,36,Road,3.8,7.1,2.77
4325.7,65.3,1,Sea,14.8,7.5,16.4
1109.4,69.7,26,Road,31.5,5.6,6.68
45.9,65.2,17,Road,84.8,4.8,5.92
1955.0,69.0,36,Road,87.3,4.6,9.72
1618.6,39.1,17,Multimodal,4.2,3.9,7.24
2428.2,89.4,37,Air,32.5,2.7,7.15
3586.5,69.5,27,Sea,85.0,0.3,16.18
3791.7,52.3,25,Sea,25.0,6.7,15.65
1808.5,84.1,30,Rail,97.6,9.0,9.14
1937.2,81.8,25,Multimodal,48.9,9.3,12.49
671.1,73.4,38,Rail,93.7,5.8,7.58
218.7,51.0,32,Road,42.9,0.9,5.09
2887.3,47.7,12,Road,32.4,8.8,7.45
294.6,29.9,21,Sea,36.2,7.5,7.46
3303.6,23.0,34,Sea,88.4,2.5,14.62
2428.2,46.4,1,Road,33.1,8.0,6.32
897.6,52.2,13,Road,66.9,4.7,5.83
2430.2,22.4,21,Sea,47.0,8.9,12.56
827.6,83.1,1,Road,94.2,2.5,7.27
1977.1,50.4,13,Sea,15.9,8.0,11.52
3599.0,47.6,31,Multimodal,42.9,7.1,13.65
2081.3,39.5,23,Road,12.5,0.1,6.18
673.4,5.7,3,Road,57.8,5.6,2.79
3258.6,79.5,11,Sea,40.3,7.2,15.43
844.5,28.9,29,Sea,6.1,1.6,6.81
3324.8,58.0,18,Rail,85.0,5.3,8.73
2159.7,54.9,25,Multimodal,37.6,3.0,9.78
2044.6,52.8,34,Road,49.4,7.0,8.16
3832.2,47.6,18,Rail,40.8,5.4,7.57
3190.2,16.7,1,Sea,48.9,6.2,12.25
152.9,25.6,28,Air,1.6,0.7,2.56
1336.3,47.4,4,Road,81.5,1.4,6.33
3919.8,71.1,21,Sea,33.2,5.5,17.09
87.4,39.2,6,Rail,72.4,1.8,3.98
2455.9,18.8,21,Road,6.5,5.0,5.61
3276.6,8.4,37,Road,52.4,6.9,8.37
2800.2,59.8,30,Air,90.9,8.1,6.86
3423.6,38.4,20,Road,39.8,1.4,8.41
3267.0,11.7,32,Road,19.7,7.4,7.45
3115.7,60.9,31,Road,9.9,3.6,8.98
3697.8,19.1,36,Air,85.9,6.8,5.63
2907.4,46.1,25,Rail,23.9,1.5,6.7
1813.9,27.9,5,Sea,97.5,5.2,11.05
2126.2,83.9,8,Road,24.8,8.4,7.45
3226.7,20.9,17,Rail,48.1,1.1,6.07
3944.0,38.1,15,Rail,45.8,8.3,7.26
1228.6,86.4,20,Sea,6.2,4.5,10.68
1542.6,29.0,29,Air,53.2,8.2,4.05
4188.7,58.2,36,Road,67.3,9.6,11.89
2605.4,28.8,28,Rail,74.2,1.6,7.03
809.4,10.4,8,Road,52.3,6.7,3.67
2988.3,56.7,14,Rail,81.3,2.4,8.0
4458.5,82.5,33,Road,75.2,1.4,12.82
3706.4,41.0,34,Road,19.4,6.3,9.5
3357.1,56.5,29,Road,40.2,1.1,9.56
940.2,55.0,22,Rail,14.3,4.7,4.65
3943.2,37.7,3,Road,13.3,6.4,7.71
2368.4,55.5,23,Sea,71.2,5.0,13.4
4002.4,23.7,3,Road,53.0,7.0,8.01
1487.6,34.3,6,Road,60.1,8.0,5.15
283.9,40.1,23,Sea,73.2,8.7,9.21
2144.5,77.8,12,Road,27.7,5.6,7.44
1217.9,31.7,5,Road,40.1,2.8,4.25
3220.0,57.3,5,Rail,60.7,5.1,7.48
4307.2,19.6,3,Road,9.7,3.9,7.43
3110.9,23.1,4,Road,83.3,2.3,7.43
3991.8,58.5,24,Road,34.3,5.3,10.05
2041.3,68.7,5,Multimodal,65.9,0.2,9.24
3473.5,41.9,31,Rail,99.6,6.1,9.1
3794.5,30.5,35,Rail,47.5,8.2,8.03
3200.4,82.0,19,Rail,21.5,10.0,8.2
2287.5,12.7,8,Road,21.6,9.2,4.93
2818.3,65.0,28,Road,6.0,0.9,8.47
3153.8,62.3,38,Sea,76.7,1.6,15.35
1142.6,62.3,23,Road,29.3,1.4,6.02
3644.1,84.2,7,Road,17.3,5.6,9.7
4276.7,65.7,38,Road,71.4,0.5,12.52
2096.3,27.5,13,Road,30.9,9.4,5.62
3156.3,32.1,21,Multimodal,60.0,0.6,10.39
3317.9,35.5,37,Road,41.8,3.9,9.48
2981.8,3.3,6,Rail,33.4,8.9,4.21
2464.3,82.3,10,Road,48.9,9.5,8.65
3968.0,7.1,27,Multimodal,31.4,4.7,11.53
2022.9,63.1,26,Road,87.1,4.9,8.81
279.7,65.8,28,Road,7.3,6.4,4.77
3801.3,76.0,16,Sea,3.0,4.1,14.96
3034.5,50.0,28,Sea,40.6,3.2,13.84
3822.4,65.4,3,Road,17.3,7.4,8.9
627.8,27.6,1,Road,74.4,6.0,3.87
143.2,67.2,3,Road,35.3,4.8,4.51
4205.0,31.2,30,Road,26.1,1.0,9.55
669.0,81.3,19,Road,35.9,0.7,6.25
3644.4,15.1,33,Rail,21.9,5.1,6.58
3705.3,28.8,8,Road,30.0,6.2,7.61
3190.6,45.1,19,Road,56.8,6.6,8.63
595.0,69.9,36,Rail,86.4,8.9,7.42
3005.0,67.5,37,Multimodal,37.1,8.2,13.73
4001.4,19.4,5,Rail,32.1,1.4,5.92
1917.8,13.4,34,Road,78.2,7.9,6.88
1863.8,27.7,38,Road,2.2,6.8,6.06
1995.6,43.8,27,Multimodal,30.2,8.3,10.24
374.8,48.7,39,Road,45.2,8.4,5.62
4014.7,38.9,24,Road,60.1,3.5,9.89
3912.0,59.8,31,Rail,15.6,2.6,7.74
4490.6,38.8,22,Rail,43.3,5.5,8.08
2635.4,85.2,23,Rail,56.6,3.0,8.52
3381.6,23.9,24,Road,51.0,3.5,8.38
916.0,56.6,32,Road,57.5,0.7,6.82
3005.5,55.2,33,Multimodal,66.2,9.9,13.99
2925.5,25.7,28,Road,37.9,3.1,7.62
4055.9,37.3,17,Rail,6.4,7.8,6.44
3739.4,33.2,26,Sea,5.6,9.9,15.51
4223.4,15.9,18,Rail,85.9,9.7,7.62
3910.4,43.2,15,Road,67.7,6.3,9.66
3909.8,35.1,38,Road,76.4,5.4,10.73
291.4,16.5,22,Rail,92.9,3.1,4.61
3807.6,40.8,18,Air,75.1,8.6,5.43
2735.6,38.3,21,Multimodal,69.2,3.4,10.93
1715.1,12.3,19,Road,65.6,1.1,5.69
259.0,12.2,2,Road,25.9,2.9,1.8
3051.1,58.5,30,Multimodal,95.7,3.2,13.07
1480.3,63.7,25,Sea,54.2,7.2,11.8
2107.7,84.7,26,Air,22.2,1.7,5.8
3069.4,8.3,39,Road,21.0,3.2,7.37
4103.4,11.0,17,Rail,81.5,0.8,7.07
3715.3,5.1,16,Sea,25.0,8.5,14.01
2030.4,48.1,27,Rail,4.1,7.2,5.54
1748.1,56.2,3,Road,42.8,4.4,6.07
1082.8,36.6,38,Road,81.7,4.3,7.2
1679.1,71.9,29,Rail,41.4,1.7,7.22
504.2,62.0,2,Road,80.4,3.8,5.19
4370.1,88.7,14,Rail,82.7,9.1,10.13
2584.8,12.8,12,Multimodal,85.8,1.4,9.06
579.5,5.7,24,Road,58.9,7.7,3.88
1590.9,25.1,28,Sea,69.9,0.5,9.65
2463.9,2.2,39,Road,26.2,3.1,6.38
2400.3,84.0,18,Rail,10.0,8.5,7.06
164.6,27.7,25,Multimodal,53.3,4.4,5.82
4279.0,49.9,37,Road,1.1,7.0,10.17
1242.8,29.0,6,Road,46.6,1.0,4.67
77.8,22.5,30,Road,10.2,6.8,2.59
348.6,14.1,31,Road,10.8,8.2,3.28
2613.0,29.2,34,Sea,87.1,8.1,14.5
624.3,55.6,19,Air,64.1,4.4,4.84
192.6,87.5,28,Road,64.5,9.0,6.99
1711.4,50.4,8,Road,40.4,5.7,5.98
2804.3,48.2,11,Road,41.3,8.2,7.65
507.7,3.7,16,Sea,30.3,2.1,5.02
1413.4,75.7,26,Road,43.4,2.1,7.52
1882.8,4.5,1,Rail,58.7,7.5,3.79
721.8,81.6,31,Rail,18.7,6.5,6.32
2279.8,48.7,27,Rail,26.2,6.8,6.38
388.0,15.6,9,Road,49.5,2.4,3.03
214.1,40.9,26,Sea,38.5,4.0,7.32
2341.7,89.6,6,Road,81.9,2.6,9.49
1119.3,27.8,7,Road,82.2,0.7,5.2
433.7,24.6,13,Air,33.6,2.0,2.81
1910.5,11.1,10,Sea,45.1,10.0,10.61
4118.6,53.9,31,Road,97.7,2.3,11.57
3260.2,8.5,37,Road,82.7,1.6,8.81
3671.2,69.1,18,Road,21.6,7.0,9.45
3924.3,82.8,11,Road,28.0,6.0,10.26
4377.0,83.9,10,Road,8.3,7.5,10.42
3435.8,10.2,28,Road,67.8,6.5,8.45
2739.8,50.5,21,Rail,31.7,2.2,6.63
1647.6,9.2,25,Sea,53.7,5.0,9.71
821.5,51.7,6,Rail,76.8,1.8,5.35
3091.5,73.4,11,Rail,83.6,2.5,8.61
4477.3,48.6,33,Road,32.5,9.9,10.66
2105.8,78.5,5,Multimodal,23.7,7.3,10.66
3257.9,72.2,34,Sea,84.9,7.8,17.67
2230.4,25.3,32,Sea,38.1,0.3,10.4
1946.5,56.9,24,Sea,82.2,3.8,12.25
1849.3,1.2,13,Multimodal,15.0,5.6,6.79
2273.3,35.9,6,Rail,91.2,1.5,6.21
1654.2,21.8,34,Road,48.3,8.5,6.17
3370.7,84.4,25,Rail,17.0,1.4,8.52
3934.9,36.8,23,Sea,53.5,6.4,16.26
3973.6,59.0,13,Sea,87.0,5.5,17.07
1028.5,66.0,28,Rail,38.9,8.5,6.31
4032.1,69.7,13,Road,17.8,3.1,9.7
1540.3,66.4,7,Road,57.7,2.8,6.73
1395.3,26.4,17,Air,83.4,8.5,4.26
3271.8,61.9,9,Rail,12.1,2.2,6.73
1374.6,49.6,14,Rail,4.1,7.5,4.43
243.1,54.0,30,Road,5.6,1.9,4.3
1684.4,0.6,38,Road,23.0,8.8,5.02
3248.0,23.6,30,Air,0.7,8.4,3.52
1474.7,83.8,33,Rail,42.9,7.9,7.77
2834.9,26.5,25,Sea,69.8,4.9,13.31
2972.2,39.7,31,Rail,71.0,0.3,7.73
3303.1,17.2,23,Rail,63.7,1.3,6.7
4037.6,12.9,27,Road,29.6,4.6,8.57
1949.4,19.2,33,Sea,73.6,0.4,10.62
753.1,50.1,20,Road,57.6,0.6,5.77
1438.6,82.8,28,Road,86.1,1.3,8.91
1947.6,29.7,8,Rail,47.8,2.6,4.87
3213.9,29.4,22,Multimodal,18.0,7.5,11.52
64.0,51.0,35,Road,63.5,0.5,5.56
1424.5,32.4,31,Sea,15.1,9.8,10.9
3510.4,82.0,24,Road,96.3,2.7,11.81
3020.5,34.3,15,Road,70.3,3.2,7.84
3294.2,44.4,31,Road,75.6,2.5,10.0
3654.1,48.2,5,Road,67.9,6.0,9.23
3525.6,70.5,22,Rail,9.8,0.2,7.76
3071.4,51.0,17,Road,46.5,0.9,8.34
1981.3,21.9,28,Rail,65.1,1.0,6.22
4426.3,11.6,3,Air,22.9,6.6,2.52
2563.0,84.4,19,Road,68.0,3.3,9.66
916.4,72.2,38,Sea,82.0,4.4,11.77
1321.2,2.6,27,Road,27.5,9.5,4.62
3122.6,74.0,17,Rail,20.0,2.0,7.63
4161.7,53.4,32,Road,88.3,0.7,11.83
808.3,46.9,37,Road,0.5,4.4,5.18
375.1,1.6,21,Road,25.6,1.6,2.75
3967.5,70.4,37,Road,40.7,1.4,11.49
4119.2,18.2,11,Road,67.2,4.1,8.95
1247.3,65.7,1,Rail,99.7,6.7,6.54
1700.9,1.9,30,Air,37.1,2.4,3.08
2972.5,71.8,26,Sea,94.9,8.8,16.95
1488.0,2.6,36,Rail,36.7,3.6,4.57
3947.8,21.6,26,Road,69.6,9.3,9.42
488.6,24.5,27,Road,16.5,4.9,3.6
175.7,14.6,26,Road,46.0,7.3,3.52
942.1,43.6,18,Road,87.1,8.5,6.07
1291.0,25.9,33,Rail,32.0,5.3,5.07
512.6,89.4,36,Rail,10.5,8.5,6.51
300.3,52.4,37,Road,52.3,3.8,5.65
3401.5,51.2,34,Road,44.0,3.6,9.81
743.4,20.3,26,Sea,23.0,7.9,8.35
4113.1,37.1,22,Sea,90.6,2.4,16.03
1659.2,11.6,24,Road,60.2,7.2,5.7
3019.4,68.7,12,Air,34.7,0.8,4.95
1018.2,30.1,11,Multimodal,99.6,6.4,8.57
1085.3,67.8,21,Road,13.8,9.4,5.97
2588.3,33.8,16,Road,84.8,4.6,7.74
2525.1,89.0,36,Rail,23.1,4.2,8.77
3460.4,15.8,7,Multimodal,24.0,5.4,10.0
3411.4,0.6,28,Air,49.8,7.2,3.5
3019.7,53.7,24,Road,66.2,3.6,9.44
2023.8,85.8,13,Road,69.0,0.0,8.91
4008.4,58.4,14,Rail,2.2,5.0,7.26
2803.5,8.2,31,Rail,28.7,4.2,5.48
4455.9,48.9,8,Road,66.1,5.3,10.37
3688.1,81.9,1,Air,89.0,7.2,6.4
204.2,1.1,17,Rail,67.0,2.8,3.02
1446.1,15.4,13,Sea,26.6,5.1,8.36
2575.6,73.4,27,Air,50.8,2.5,6.06
3248.0,80.5,13,Sea,64.8,4.6,15.66
2478.8,63.8,27,Road,13.5,3.4,7.76
3538.7,89.2,32,Rail,54.5,3.7,9.86
1275.5,8.6,12,Road,47.2,5.8,4.16
831.7,49.3,13,Rail,33.7,6.9,4.49
247.4,61.8,16,Road,62.4,0.1,5.14
2582.0,63.4,34,Rail,63.6,8.8,8.41
3100.3,71.5,6,Road,97.1,3.6,9.85
1471.0,82.6,18,Road,42.8,6.4,7.54
2763.1,32.9,17,Road,53.1,1.2,7.53
239.4,4.3,39,Road,15.8,5.7,2.96
451.3,32.9,14,Sea,54.8,6.8,7.66
3159.4,60.6,7,Sea,3.6,1.6,12.17
1659.5,19.6,6,Rail,15.0,9.1,3.57
3022.6,73.0,12,Road,17.1,7.6,8.42
3743.6,20.2,34,Road,63.3,5.3,9.39
3837.5,1.4,1,Road,56.7,1.7,7.29
778.9,46.0,29,Road,79.8,8.7,6.55
2190.9,65.5,28,Air,46.4,0.7,5.54
3304.0,31.8,5,Road,47.5,1.2,7.45
3484.0,67.5,21,Road,16.2,7.0,9.32
3532.1,39.7,39,Road,74.3,2.5,10.26
1030.6,15.9,38,Road,0.4,4.6,4.24
870.4,8.6,34,Rail,42.5,5.4,4.27
2657.1,64.1,21,Rail,18.8,4.6,6.89
3336.2,35.0,24,Road,77.1,0.8,9.09
1439.5,82.2,13,Road,67.3,7.4,7.95
475.6,48.9,23,Road,70.7,2.4,5.66
3226.8,31.7,32,Road,14.9,7.4,7.88
1352.1,31.7,8,Road,66.9,8.7,5.47
752.8,12.3,11,Multimodal,69.1,5.4,6.24
669.0,53.6,13,Rail,0.3,7.1,4.05
1420.5,52.6,20,Rail,31.8,0.4,5.57
2669.1,72.1,1,Road,8.7,0.4,6.94
1616.0,18.5,2,Road,68.1,2.0,4.74
97.9,26.5,11,Rail,21.2,3.6,2.84
440.6,9.2,30,Rail,26.5,1.8,3.5
1310.8,26.9,5,Sea,7.8,6.3,7.77
2970.4,38.8,7,Road,48.4,2.8,7.63
447.8,86.8,24,Rail,3.3,8.5,5.8
2525.2,58.9,31,Road,84.6,5.6,9.51
543.9,70.6,30,Air,2.6,3.8,4.63
956.2,29.6,15,Rail,6.2,8.9,3.1
779.0,13.4,36,Rail,64.0,8.3,4.84
307.2,23.5,10,Road,91.7,8.2,4.15
3022.6,23.5,1,Rail,89.2,7.3,6.22
2088.0,52.7,7,Road,8.4,6.1,5.85
3740.6,31.1,26,Road,28.8,3.7,8.73
449.5,77.2,30,Road,52.1,4.2,6.52
655.6,89.0,1,Rail,2.7,6.5,4.81
1382.5,31.2,15,Road,52.9,1.7,5.65
3447.6,63.6,20,Road,44.8,8.3,9.72
1379.4,59.3,22,Air,58.8,9.4,5.29
1840.8,17.9,25,Road,92.0,1.0,6.76
1360.7,82.7,36,Rail,27.5,0.2,7.38
365.6,18.4,37,Road,63.9,1.4,4.61
4227.8,66.5,27,Road,43.0,7.6,10.96
2470.7,31.6,19,Sea,43.5,1.1,10.87
3546.3,33.4,19,Road,64.7,3.7,9.06
2964.3,41.3,16,Rail,95.1,0.6,7.58
2316.6,77.9,21,Rail,86.3,4.3,8.83
408.1,13.1,33,Rail,64.0,6.0,4.36
2894.1,5.4,31,Rail,46.2,6.3,5.87
703.4,36.5,34,Road,42.4,5.2,5.52
1867.7,5.5,15,Road,78.7,9.4,5.57
2832.9,62.0,36,Sea,21.8,5.3,14.42
3521.1,68.5,26,Rail,58.8,8.6,9.09
3084.3,77.0,30,Sea,50.5,9.9,16.86
3023.5,67.1,31,Sea,64.9,2.3,14.79
674.9,82.5,25,Sea,18.7,2.7,9.29
1560.8,67.5,4,Rail,69.6,5.2,6.53
197.9,84.3,12,Road,62.7,1.8,6.02
3239.0,17.8,19,Sea,18.0,5.6,12.46
4286.9,45.2,9,Rail,45.0,6.8,7.74
1192.2,89.5,25,Road,67.9,0.6,8.25
399.2,61.5,7,Air,90.2,6.8,4.82
2142.7,79.1,27,Air,12.2,1.6,5.43
3855.9,3.2,6,Rail,0.9,3.0,4.38
2486.1,78.5,35,Road,16.5,7.4,9.2
215.3,62.9,32,Road,98.9,1.6,6.78
4384.4,15.8,14,Sea,76.8,5.3,15.85
3729.8,2.8,6,Air,61.4,5.9,2.91
596.5,23.8,18,Road,13.3,1.6,3.26
4148.5,82.5,31,Road,41.6,2.7,11.97
2030.8,60.3,16,Air,71.5,6.1,5.58
1676.7,82.8,3,Road,89.6,4.6,7.74
2077.4,40.4,31,Rail,38.2,6.6,6.32
3756.4,84.3,38,Multimodal,100.0,8.5,17.39
2969.4,41.9,17,Road,14.0,1.4,7.16
271.3,18.8,5,Rail,38.7,0.7,2.48
4309.4,14.0,16,Road,87.5,6.7,9.71
669.3,89.4,17,Road,65.0,7.7,7.2
3356.3,30.4,31,Sea,81.1,4.5,15.03
2864.4,14.8,16,Road,90.8,3.9,7.76
847.9,1.3,21,Multimodal,50.7,6.0,6.3
772.4,26.1,39,Rail,23.5,5.5,4.54
3917.1,80.1,37,Road,69.4,4.9,12.2
1891.5,48.3,10,Road,56.3,8.2,6.56
2947.3,57.1,32,Road,77.3,1.7,9.91
2270.8,83.1,25,Road,51.2,6.8,9.09
3274.5,46.4,33,Road,81.1,7.4,10.16
2159.2,75.5,39,Road,90.2,9.0,10.26
1296.8,29.5,37,Rail,75.0,9.5,5.96
1638.4,88.0,38,Sea,74.4,5.1,13.94
3866.6,7.6,38,Rail,58.7,4.3,7.44
2108.8,65.4,28,Sea,47.2,5.0,12.99
964.5,59.6,15,Road,97.3,7.3,6.83
4206.1,17.7,8,Road,64.5,0.2,8.62
3585.7,35.3,1,Rail,84.0,1.7,6.98
255.2,28.5,10,Rail,50.5,9.1,3.64
4495.2,9.0,35,Road,55.5,2.0,9.86
3128.7,52.8,33,Sea,66.3,2.3,14.84
725.4,89.4,16,Sea,72.9,9.4,12.07
1071.1,50.6,14,Rail,44.8,2.9,5.12
3117.5,49.3,5,Road,35.6,2.9,7.59
3510.0,4.1,16,Sea,23.9,9.2,13.45
1079.5,13.0,21,Rail,42.4,3.8,3.95
1160.1,46.4,11,Sea,21.1,4.9,8.58
1385.5,88.7,7,Sea,41.7,5.6,11.37
2693.1,79.0,8,Sea,87.5,8.7,15.48
777.3,30.9,17,Rail,97.7,0.8,5.57
473.6,49.1,30,Road,57.7,2.6,5.56
3056.5,50.0,14,Rail,14.6,5.9,6.02
3507.0,61.8,33,Rail,42.8,4.3,8.45
2256.7,62.1,24,Sea,60.2,2.8,12.59
1640.4,71.2,7,Road,37.1,4.1,6.49
1947.0,2.7,38,Road,20.5,9.7,5.36
1750.9,85.0,15,Air,22.7,0.2,5.42
4320.1,6.8,25,Sea,47.4,1.5,14.33
3457.6,43.1,17,Air,21.6,0.2,3.89
940.4,82.8,33,Sea,25.0,5.9,11.15
1731.9,44.1,2,Rail,87.3,0.1,6.05
2450.3,6.2,39,Rail,77.9,4.5,6.68
2760.4,21.0,10,Air,5.5,8.6,2.29
2109.5,52.3,14,Rail,32.0,1.0,5.92
3646.5,8.4,12,Rail,53.2,3.7,5.77
3455.4,38.4,17,Road,6.1,3.8,7.51
2275.7,30.0,14,Rail,68.3,3.6,5.92
3845.7,73.5,10,Sea,38.4,7.3,16.55
3381.1,10.4,39,Road,39.7,0.0,8.24
3504.7,61.6,29,Road,26.5,7.8,9.96
4304.0,36.9,6,Road,33.4,8.4,8.84
1202.8,53.1,31,Road,86.2,4.3,7.7
1208.1,18.9,37,Road,78.9,8.9,6.67
4000.8,55.1,9,Road,93.6,3.8,10.54
3476.2,60.8,33,Air,69.9,6.9,6.79
4169.8,6.8,7,Rail,57.8,3.9,6.27
288.8,74.3,38,Road,25.9,0.4,6.16
2826.8,77.6,8,Road,66.7,0.8,9.19
655.1,6.2,34,Rail,90.6,4.4,5.38
2270.0,54.5,17,Road,6.9,9.9,6.84
705.1,53.7,17,Sea,44.3,1.8,7.65
580.7,1.6,30,Rail,14.9,9.0,3.12
59.7,31.1,18,Sea,81.1,9.2,8.6
2837.9,87.2,39,Road,61.4,4.1,11.24
1618.8,50.2,15,Rail,88.0,4.6,6.76
477.8,84.0,20,Road,6.3,5.0,5.7
1456.2,61.0,25,Multimodal,90.6,7.7,11.36
764.4,3.0,14,Rail,6.7,1.2,2.24
4237.9,7.5,27,Road,28.8,3.3,8.53
1443.4,65.1,35,Road,15.6,1.7,6.86
1506.1,50.1,28,Road,14.5,8.8,5.93
3780.2,11.9,6,Rail,17.2,0.7,5.17
2916.7,55.5,31,Road,48.0,7.5,9.32
3197.2,73.0,14,Rail,78.4,4.4,8.72
2863.8,67.9,16,Road,89.8,7.1,9.67
4258.2,22.5,36,Rail,56.7,8.9,8.11
935.5,23.6,5,Sea,15.8,3.4,6.39
4450.7,87.1,32,Sea,7.9,2.3,17.72
3740.1,79.9,11,Sea,49.4,6.5,17.02
2652.4,29.0,22,Road,76.5,10.0,7.95
2982.4,74.3,28,Road,62.0,7.3,10.25
2921.5,15.0,6,Rail,58.3,8.0,5.48
267.5,18.1,39,Road,4.8,6.3,3.45
985.0,16.7,6,Road,41.2,3.7,3.61
4326.8,8.4,20,Road,55.0,6.5,9.03
2407.0,77.0,38,Road,59.8,1.3,10.13
1705.7,52.3,4,Road,0.5,4.9,5.0
3430.4,23.7,25,Air,20.0,5.7,3.69
2362.7,76.5,13,Road,95.0,9.1,9.44
64.2,72.3,12,Rail,50.9,9.2,4.92
3314.4,9.5,9,Road,70.4,0.6,7.36
3296.3,58.2,3,Rail,30.8,6.3,6.75
747.3,65.1,32,Road,58.5,8.0,7.09
4305.2,64.6,11,Air,35.6,5.4,5.45
1011.5,65.2,5,Air,29.7,1.0,3.53
2062.6,15.7,35,Road,41.1,2.3,6.68
520.7,28.7,24,Air,46.0,3.1,3.84
2716.8,76.1,6,Multimodal,33.1,6.6,11.48
1692.7,80.9,18,Sea,25.8,0.7,10.53
1592.5,25.5,38,Sea,62.4,5.5,11.39
3722.3,2.6,6,Road,38.1,1.1,6.76
48.0,77.4,22,Rail,20.2,4.0,5.1
3591.8,34.2,14,Road,75.8,4.3,8.95
2573.7,30.0,12,Road,72.4,4.5,7.69
4437.5,31.6,25,Multimodal,88.7,7.1,15.35
2654.5,37.7,20,Road,55.5,0.8,7.7
253.9,34.4,18,Sea,27.9,2.7,6.33
232.7,51.2,24,Sea,86.4,6.4,9.25
3974.8,7.6,15,Air,28.0,9.4,3.14
3786.3,87.5,31,Multimodal,65.6,6.2,15.94
1559.8,84.3,1,Road,19.0,8.8,6.27
2783.1,84.1,15,Road,62.9,9.7,9.77
2205.7,79.2,34,Road,84.1,8.8,10.19
4352.4,59.6,2,Road,54.0,9.7,10.19
4275.1,20.3,36,Road,47.1,7.8,10.18
4427.4,4.9,23,Road,99.3,8.9,10.36
3899.7,9.4,24,Sea,2.2,4.9,13.49
4093.4,29.5,32,Rail,33.2,3.5,7.41
981.7,45.6,13,Road,91.9,10.0,6.3
3740.4,89.4,33,Rail,64.3,1.0,10.47
3191.3,39.5,14,Road,54.2,9.6,7.99
4332.7,47.5,17,Road,63.8,4.3,10.62
2572.8,62.7,16,Sea,32.2,0.2,11.8
387.8,16.7,32,Rail,7.1,8.0,3.15
2690.3,84.0,15,Sea,27.5,4.4,13.57
3091.2,47.8,31,Road,33.6,8.0,9.04
995.3,25.2,12,Sea,48.0,0.4,7.04
1776.5,84.2,33,Rail,39.4,9.7,7.86
2695.3,56.5,3,Rail,52.1,6.7,6.58
1686.6,43.8,11,Rail,19.6,0.5,4.69
1690.4,52.4,5,Air,18.4,0.0,3.44
603.2,67.5,27,Rail,35.2,5.9,5.91
4233.7,14.3,16,Rail,47.4,9.8,6.34
3378.5,77.9,35,Multimodal,34.2,5.2,14.03
10.6,86.4,16,Sea,57.7,3.5,8.41
3446.4,51.2,16,Road,31.0,9.4,8.55
3330.4,61.6,22,Sea,17.7,9.8,15.55
48.7,77.5,4,Road,86.3,7.8,5.53
1666.4,34.0,32,Road,20.1,7.2,5.98
2732.3,89.4,27,Rail,96.7,0.0,10.11
2040.1,61.4,15,Air,98.7,3.1,6.07
3502.0,38.4,19,Air,69.7,9.3,5.18
1917.4,61.1,26,Road,50.2,3.7,7.88
696.6,47.2,15,Rail,79.5,3.3,5.44
4394.0,10.5,10,Road,87.3,5.4,9.14
1093.0,71.7,34,Multimodal,71.0,4.5,10.55
3231.0,51.0,38,Multimodal,10.2,8.6,13.12
648.5,71.7,26,Rail,0.3,0.8,5.23
1483.9,14.4,8,Sea,19.2,6.6,8.52
1991.9,48.7,16,Sea,18.9,7.0,11.57
869.1,69.1,29,Rail,18.3,8.8,6.12
2027.6,89.0,32,Road,51.0,4.2,9.36
711.4,79.7,21,Rail,52.0,3.0,6.57
2517.7,77.9,32,Rail,72.3,6.3,9.16
2988.4,22.6,12,Rail,20.1,7.2,5.47
285.6,75.5,39,Road,9.3,1.7,5.94
3920.7,15.7,10,Multimodal,66.6,1.6,11.11
837.2,18.2,6,Road,48.4,2.6,3.41
1018.0,10.4,37,Rail,66.6,2.5,4.96
2977.8,77.3,18,Rail,38.1,7.5,8.21
2112.0,10.2,31,Rail,75.1,5.3,6.06
2249.8,12.9,35,Rail,68.3,5.5,6.36
581.1,22.5,3,Road,65.0,0.1,3.76
3626.8,51.8,5,Road,2.8,9.9,7.89
2778.7,79.3,34,Rail,85.8,8.3,9.87
613.5,37.9,33,Rail,37.7,4.4,5.14
1686.1,49.4,36,Road,13.6,0.7,6.76
3647.8,15.4,10,Sea,75.6,6.9,14.57
2559.8,24.3,3,Rail,48.6,5.4,5.13
493.4,12.5,11,Rail,3.2,6.8,1.92
1680.6,37.2,3,Sea,78.2,6.8,10.59
1095.9,53.3,28,Road,43.5,1.5,6.34
2331.0,25.9,28,Road,75.5,3.3,7.68
3795.9,76.2,9,Sea,75.6,0.2,15.67
1966.0,88.3,26,Rail,10.0,9.8,7.29
1952.9,11.3,29,Rail,61.3,8.1,5.39
4074.6,2.1,10,Sea,36.0,9.3,14.75
2595.0,71.2,27,Sea,54.6,0.4,13.42
2550.0,17.6,32,Multimodal,8.9,5.0,9.39
1182.3,32.1,18,Rail,58.8,7.5,4.82
2736.7,35.8,18,Rail,77.8,1.0,7.05
2593.7,82.5,22,Road,98.7,7.8,10.21
1788.8,59.5,17,Road,32.0,6.5,6.73
4458.2,4.1,25,Rail,15.5,9.8,5.97
3969.1,1.8,26,Road,36.6,1.4,7.97
3374.4,18.4,5,Air,1.9,6.3,2.22
2420.4,29.0,9,Rail,40.9,9.5,5.14
2082.0,43.9,24,Rail,91.5,7.4,7.51
836.1,75.5,7,Road,19.4,3.4,5.3
1379.3,28.7,20,Road,47.8,1.2,5.26
3484.0,34.2,8,Road,57.3,9.6,8.34
2044.6,30.0,19,Road,18.0,0.7,5.81
3970.8,1.3,35,Road,33.0,9.8,8.58
669.9,86.0,25,Rail,91.1,3.0,7.9
2290.0,12.9,17,Air,29.6,8.6,2.88
2913.1,26.2,39,Air,63.5,5.5,5.22
2328.2,12.1,25,Rail,13.7,9.1,4.75
4002.1,44.4,35,Road,67.0,4.3,10.88
4453.1,83.9,39,Air,27.9,8.5,7.48
525.7,9.5,39,Air,23.1,2.4,3.43
589.1,40.0,2,Road,12.4,4.7,3.28
590.8,2.5,16,Sea,4.7,8.5,6.46
3066.9,69.5,14,Road,96.8,1.2,10.21
1680.2,57.9,29,Sea,41.4,7.3,12.13
3301.2,63.1,39,Multimodal,77.8,4.4,13.87
1827.6,42.8,2,Road,92.0,5.1,6.7
2826.1,81.7,10,Air,20.4,5.8,5.09
3465.5,37.2,2,Rail,87.0,2.8,7.17
2469.2,46.5,27,Multimodal,70.8,1.0,10.38
2430.1,62.7,13,Rail,57.8,0.2,7.15
401.6,47.1,2,Sea,80.9,4.3,7.91
1851.5,17.4,14,Road,11.1,2.7,4.56
2458.3,28.9,17,Road,26.4,6.3,6.16
2081.6,8.8,38,Road,13.1,7.2,5.63
4054.0,39.2,36,Multimodal,89.6,5.0,15.0
4079.9,55.0,34,Sea,9.9,6.2,16.76
3699.5,11.1,29,Air,98.0,5.6,5.13
1692.0,56.9,23,Multimodal,11.0,0.0,7.72
3229.3,80.4,23,Road,66.2,8.4,10.78
1781.8,30.7,16,Road,66.0,0.6,6.53
1050.5,20.4,7,Road,93.1,4.1,5.01
1546.3,80.4,1,Road,32.3,1.1,6.41
324.0,62.4,19,Road,33.2,6.6,4.88
1496.3,9.9,33,Rail,84.6,3.3,5.78
2076.0,37.0,34,Road,97.9,0.7,8.75
4299.9,60.8,1,Road,3.0,0.5,8.89
1413.8,51.9,12,Road,63.5,2.4,6.43
4061.5,55.9,25,Road,24.4,6.7,9.79
1033.7,51.3,23,Multimodal,72.8,7.2,9.7
863.4,71.9,25,Sea,77.3,1.3,10.25
2337.9,29.2,31,Multimodal,76.3,1.4,9.91
3027.9,63.9,24,Road,43.6,5.9,9.24
204.3,89.2,10,Road,15.8,9.6,5.18
998.7,35.4,2,Sea,58.5,5.5,8.82
2053.3,71.3,33,Road,78.9,7.1,9.16
1492.9,22.5,37,Road,91.2,5.8,7.07
3208.2,25.7,23,Road,45.3,1.0,7.91
2302.7,84.2,2,Road,24.6,9.5,7.69
725.8,2.8,4,Road,11.9,0.7,1.94
4025.6,20.0,23,Road,79.8,7.6,9.56
1321.6,43.7,38,Rail,53.5,9.8,6.3
3291.4,36.5,23,Road,67.4,3.2,9.15
3510.7,56.8,12,Road,15.9,1.7,8.41
4334.4,17.7,24,Sea,0.7,5.7,14.7
2245.8,6.8,29,Road,96.8,8.0,7.19
2773.2,33.6,28,Road,81.1,9.5,8.64
1510.3,47.4,15,Air,40.0,6.9,4.04
3053.4,50.8,10,Road,45.7,3.4,7.96
2087.9,54.3,34,Road,92.9,4.9,8.99
1972.2,49.6,29,Rail,20.8,7.6,6.52
3850.3,22.5,31,Road,80.3,7.9,9.96
230.5,68.9,23,Rail,1.8,0.7,4.59
3969.4,8.4,18,Sea,87.6,6.1,15.48
3835.1,18.3,7,Road,58.9,9.7,8.07
2281.1,66.7,27,Rail,47.8,7.9,7.48
2208.5,25.5,9,Rail,70.6,0.1,5.23
1631.3,44.7,20,Road,6.8,2.2,5.44
4473.8,29.8,21,Rail,19.6,4.5,7.17
504.7,45.9,28,Road,40.7,7.1,5.12
2658.0,31.5,3,Rail,61.8,5.6,5.39
3069.2,89.5,10,Road,14.5,0.8,9.37
4204.8,32.5,17,Rail,37.9,7.4,7.63
3512.0,56.6,35,Road,26.1,8.4,9.87
2899.1,80.0,21,Sea,64.6,2.1,14.57
530.1,57.6,9,Road,91.9,0.7,5.73
1684.9,51.1,17,Road,16.6,7.9,6.01
629.1,51.4,32,Rail,18.9,6.4,5.12
3966.1,44.9,38,Sea,60.1,8.0,17.94
3374.5,72.8,28,Rail,45.4,5.7,8.98
3410.1,5.0,18,Rail,71.8,4.3,6.12
2936.9,79.7,6,Sea,28.8,9.6,14.89
2284.2,53.0,6,Air,54.5,7.8,4.55
679.1,76.5,17,Road,38.7,4.1,6.11
1487.0,1.4,10,Rail,28.1,9.1,2.85
620.4,78.3,2,Sea,72.9,9.9,10.62
3263.5,11.3,33,Multimodal,79.6,3.1,11.47
725.2,65.0,25,Air,32.9,8.9,4.89
3161.0,37.8,38,Road,62.3,0.5,9.5
3116.7,61.5,1,Road,17.9,2.1,7.7
2069.6,56.7,16,Rail,79.1,1.6,7.19
612.9,15.1,26,Sea,28.1,3.6,6.78
1420.0,46.6,12,Rail,17.1,5.6,4.5
1443.8,25.3,9,Rail,94.0,7.2,5.35
3153.2,50.7,13,Sea,42.2,9.0,14.8
516.3,66.6,7,Road,64.3,1.6,5.38
3731.7,7.8,1,Air,80.9,5.8,3.19
3425.7,46.7,31,Road,68.6,5.5,10.21
842.4,55.8,35,Road,56.5,4.6,6.97
3237.6,26.9,24,Rail,37.2,6.9,6.55
3010.0,85.8,3,Sea,91.9,5.1,15.72
3367.8,47.1,19,Road,13.4,5.5,8.18
854.2,16.8,4,Road,88.4,9.0,4.11
713.4,10.1,28,Multimodal,71.0,8.6,7.85
1068.0,49.0,30,Road,57.1,5.8,6.46
1649.6,34.1,36,Rail,32.5,1.6,5.93
3572.5,17.7,4,Rail,14.6,9.6,5.18
3322.0,3.2,23,Rail,44.3,6.2,5.67
4164.9,51.2,11,Rail,78.4,8.1,8.63
268.5,54.1,4,Road,74.5,0.6,4.81
56.9,13.2,11,Rail,64.5,9.0,3.25
3147.6,54.4,24,Road,99.2,6.9,10.41
1260.4,85.7,20,Rail,97.3,6.9,8.03
1506.7,88.1,17,Road,40.0,1.1,7.49
2462.9,80.0,13,Rail,19.3,7.1,7.11
465.3,72.7,17,Road,46.4,0.8,5.67
2893.9,19.2,15,Road,84.5,0.6,7.58
1466.5,14.5,4,Road,45.9,3.3,4.32
2849.1,40.3,18,Road,33.6,0.2,7.49
3753.9,56.0,9,Sea,74.1,1.6,15.22
774.1,76.6,3,Road,65.0,7.3,5.96
4189.3,21.3,27,Air,96.9,8.3,5.58
2390.4,43.4,18,Multimodal,54.9,1.8,9.59
4153.6,58.4,17,Rail,96.7,8.2,9.67
938.7,40.4,10,Road,29.1,4.8,4.41
2722.5,41.2,37,Road,86.5,9.6,9.79
1820.5,20.6,29,Sea,35.1,1.4,9.43
3485.1,88.8,5,Road,81.0,0.5,10.74
2728.6,43.0,6,Road,92.6,8.5,8.4
2227.8,48.2,35,Rail,62.3,3.6,7.64
4108.9,20.1,5,Sea,72.9,4.6,14.78
1700.1,46.5,15,Sea,95.9,5.1,11.78
993.8,23.4,27,Road,37.5,8.3,4.83
2738.4,18.6,39,Rail,51.2,0.8,6.75
2810.0,25.2,33,Road,89.8,5.5,8.89
1978.7,0.7,24,Road,67.3,4.3,5.59
2192.3,51.5,21,Air,87.4,3.4,5.74
4318.2,35.2,2,Road,61.8,3.5,9.28
3298.4,80.9,19,Road,74.0,9.3,10.65
502.2,4.1,18,Road,1.3,2.7,1.96
958.5,4.4,10,Air,34.0,4.5,1.8
4390.2,79.8,37,Sea,77.0,4.9,19.56
3270.5,11.8,23,Rail,40.4,7.2,5.76
4118.1,0.7,1,Sea,36.3,5.2,13.04
1370.9,16.5,6,Road,95.2,6.2,5.33
3339.7,74.2,1,Rail,55.3,4.0,7.75
3214.4,72.3,18,Road,19.2,7.2,9.06
1329.6,30.9,27,Road,47.2,4.7,5.74
2480.9,60.3,38,Rail,51.9,2.2,7.96
2825.2,45.9,17,Air,98.9,8.2,5.68
2167.7,81.5,26,Road,71.8,7.7,9.43
3723.2,5.5,13,Road,51.9,6.3,7.59
3748.7,73.3,10,Road,43.2,5.2,9.67
3828.4,15.8,38,Road,91.5,2.1,9.86
3616.4,35.6,26,Air,64.6,8.7,5.55
2198.9,17.7,31,Rail,35.6,1.0,5.61
1719.6,63.4,23,Rail,46.5,3.8,6.62
3742.0,61.2,20,Sea,27.8,8.5,16.39
2208.5,49.5,23,Road,96.0,6.0,8.57
1112.4,63.0,27,Rail,70.2,4.4,6.96
2285.5,57.7,15,Road,39.2,7.9,7.35
642.6,70.0,38,Rail,18.3,9.9,6.01
3113.9,21.9,11,Multimodal,17.7,1.9,8.97
1515.0,38.9,8,Sea,47.8,0.5,8.74
1176.7,14.1,14,Road,46.8,4.6,4.32
4304.5,38.9,13,Sea,41.8,2.9,15.33
3497.1,63.3,22,Road,85.2,6.7,10.67
3542.9,62.4,34,Road,97.9,4.9,11.49
2808.6,64.0,1,Road,35.5,5.0,7.56
3777.1,28.1,37,Road,29.5,3.5,9.27
3417.4,59.8,32,Rail,77.0,2.1,9.44
2696.5,33.4,11,Rail,45.0,2.1,5.99
4325.3,85.0,10,Air,21.8,3.9,5.8
866.2,31.2,30,Rail,18.1,6.8,4.45
4245.5,54.5,12,Rail,28.1,3.4,7.72
1809.5,67.6,34,Road,0.1,3.3,7.33
2380.2,81.6,25,Road,94.1,4.3,10.23
556.7,39.7,36,Rail,43.0,9.9,5.35
2432.8,32.8,4,Road,8.3,0.9,5.27
2752.4,39.0,21,Sea,16.5,2.9,11.63
4489.7,29.5,30,Road,32.3,2.9,9.87
4388.5,59.0,38,Road,55.2,9.7,11.95
4349.0,84.0,12,Road,70.4,4.1,11.85
1571.0,11.8,39,Road,30.8,5.7,5.99
4460.7,50.7,25,Road,95.8,2.0,11.99
2052.4,80.8,19,Sea,76.0,0.1,12.64
3834.0,9.5,2,Road,82.6,3.4,8.19
977.4,44.7,22,Rail,32.4,6.4,5.04
2278.7,77.9,30,Road,38.1,6.9,8.94
4347.2,81.1,36,Road,53.8,7.5,12.48
4261.9,46.5,3,Road,45.2,8.6,9.18
3078.4,2.7,23,Sea,26.0,1.2,11.02
3591.2,10.0,4,Road,99.7,0.8,8.16
798.0,53.0,28,Sea,84.8,7.9,11.02
3248.9,11.6,14,Road,23.8,4.4,6.5
2783.1,13.9,6,Sea,89.2,9.5,13.36
416.5,69.6,6,Road,58.7,9.4,5.26
513.6,67.7,37,Rail,1.3,1.4,5.51
492.5,75.9,7,Rail,34.6,6.9,5.08
3261.0,10.0,13,Air,2.6,0.7,1.82
642.0,18.2,1,Road,8.8,4.0,2.17
2107.5,75.1,24,Road,17.9,8.4,7.69
1609.6,65.0,34,Road,48.4,4.6,7.98
2479.5,72.6,10,Sea,38.1,0.3,11.8
3180.6,89.1,6,Rail,14.9,2.4,7.67
3082.8,77.9,4,Sea,39.5,0.9,13.29
2322.3,47.1,8,Road,30.4,4.1,6.76
2092.2,28.3,15,Road,41.0,7.0,5.72
1793.2,51.5,12,Road,17.2,6.6,5.83
3879.3,57.7,39,Multimodal,61.0,7.2,15.07
1492.2,30.5,6,Rail,4.5,3.8,3.53
1170.8,69.5,21,Multimodal,38.8,2.7,8.43
3346.2,8.8,32,Road,89.5,0.6,8.83
1622.1,70.3,32,Rail,42.0,9.4,7.33
3812.3,3.4,27,Rail,44.1,1.2,6.23
1478.9,45.1,11,Road,6.8,1.8,5.15
3160.2,77.6,22,Sea,60.5,0.3,14.51
207.8,8.2,36,Multimodal,93.6,3.2,6.37
1738.1,46.8,23,Air,29.2,8.2,4.27
1547.8,14.8,37,Sea,39.3,3.3,9.68
3676.0,80.6,23,Road,58.8,6.7,10.93
4351.9,75.0,27,Road,9.3,9.7,11.07
2076.7,84.1,34,Multimodal,95.0,8.9,14.05
3712.6,78.8,20,Road,46.8,1.8,10.6
3150.1,66.4,15,Sea,11.5,3.6,13.62
4353.4,17.0,4,Sea,33.5,7.5,15.03
3650.9,27.6,29,Rail,37.4,9.8,7.25
353.3,45.0,11,Multimodal,34.5,7.2,6.63
3211.2,53.2,7,Road,69.3,2.5,8.75
2412.1,70.5,11,Road,34.6,1.3,7.84
78.9,20.8,33,Road,32.4,5.0,3.53
1134.7,12.0,30,Road,32.2,1.9,4.57
4148.3,43.7,32,Road,77.8,2.3,11.24
4167.6,14.6,37,Road,30.8,6.3,9.1
3595.8,62.6,13,Sea,1.4,5.1,14.45
4418.1,52.0,7,Multimodal,36.6,1.2,12.54
3630.4,66.8,24,Road,27.8,1.5,9.64
50.9,6.2,11,Road,90.9,0.2,3.06
1298.8,86.8,31,Air,47.8,2.2,6.46
142.7,0.5,14,Road,23.5,8.9,1.67
428.0,29.6,26,Road,98.2,7.9,5.4
988.7,61.3,1,Road,24.7,4.1,4.87
2268.5,4.5,6,Rail,76.3,7.4,4.86
3814.7,8.0,31,Road,65.0,4.1,8.82
3879.5,7.4,12,Multimodal,46.2,7.9,11.7
2774.8,52.5,1,Road,40.6,1.8,7.23
4177.2,80.7,6,Rail,87.2,1.5,9.91
2252.8,50.2,29,Road,47.5,0.8,8.28
4001.2,54.5,30,Rail,37.5,2.4,8.51
2046.0,31.5,13,Rail,35.4,1.5,4.69
1251.1,2.2,30,Sea,27.6,8.0,8.72
4124.3,2.4,12,Sea,40.9,2.4,13.0
1748.8,80.0,10,Rail,12.0,5.2,6.1
2267.8,9.7,39,Air,6.5,7.6,3.28
1483.2,90.0,10,Sea,54.1,6.8,12.28
2984.5,15.2,18,Sea,45.4,2.0,11.75
4477.7,60.9,6,Road,17.3,0.8,9.93
119.7,85.4,8,Road,10.7,9.1,4.65
4049.8,32.9,20,Road,14.3,6.2,8.71
22.6,66.2,16,Rail,31.5,7.1,4.44
1642.2,31.9,2,Road,45.1,3.9,4.89
762.9,27.8,11,Road,19.3,2.4,3.66
3409.3,18.6,24,Air,75.6,5.3,4.65
232.5,74.0,19,Air,19.3,0.8,4.67
2492.9,23.5,4,Air,12.4,8.0,2.28
1330.7,25.8,3,Road,99.5,6.5,5.65
605.8,89.9,15,Rail,44.8,7.6,6.25
3474.3,29.8,4,Road,17.0,5.7,7.04
982.3,38.3,17,Road,89.5,5.8,5.93
1010.4,89.1,9,Road,23.1,6.0,6.27
1241.5,33.6,25,Road,92.6,7.8,6.66
2642.5,33.3,1,Road,11.9,2.3,5.82
2970.2,74.6,2,Sea,84.2,6.8,15.3
84.1,28.4,33,Road,18.4,5.5,3.35
1092.2,21.4,22,Sea,93.8,5.0,9.54
1942.2,38.4,12,Rail,57.4,5.4,5.55
1497.2,63.2,27,Road,19.0,2.7,6.8
3979.3,4.4,11,Rail,84.5,0.4,6.59
3545.8,34.0,14,Road,39.1,7.6,8.02
2818.4,31.5,14,Rail,73.3,9.2,6.4
1524.5,22.4,22,Road,64.3,4.8,5.96
3154.5,59.1,9,Road,71.4,8.4,8.79
3797.2,26.5,15,Road,34.4,5.6,8.34
2678.8,54.8,33,Rail,93.9,9.3,8.63
3531.2,45.6,19,Air,56.0,5.1,5.1
3372.2,19.9,31,Road,7.8,2.0,7.36
2575.0,24.4,18,Sea,6.7,8.7,11.72
1408.3,15.8,12,Rail,73.8,8.0,4.59
3357.3,5.6,37,Multimodal,85.0,4.0,11.96
934.5,55.9,1,Sea,69.5,8.4,9.75
3508.8,60.7,34,Rail,27.7,0.1,8.34
3621.4,15.4,7,Rail,22.6,8.0,5.24
3700.5,55.6,2,Air,56.5,6.9,4.85
2130.8,88.4,22,Road,19.7,3.8,8.05
870.2,7.2,4,Road,37.9,7.9,2.77
453.3,44.4,20,Road,62.9,1.3,4.79
3346.4,66.1,3,Sea,28.5,2.0,13.22
3988.7,4.6,9,Sea,37.5,5.3,13.51
2930.5,70.2,18,Road,36.1,8.8,9.0
653.0,88.2,16,Rail,46.1,1.3,6.57
4207.4,8.4,9,Rail,67.4,5.6,6.4
4451.0,74.1,19,Road,78.2,7.5,12.21
1953.0,34.4,6,Multimodal,66.5,7.4,9.61
2678.7,13.4,15,Road,2.6,6.3,5.28
3498.6,44.6,6,Road,89.7,9.4,9.37
3315.1,6.9,5,Rail,58.1,4.8,5.31
4355.2,47.2,29,Sea,92.0,8.8,19.1
521.4,2.2,27,Road,96.4,6.2,4.61
2615.4,65.7,26,Rail,46.8,7.4,7.57
3115.2,44.2,28,Rail,91.6,4.6,8.51
4006.0,41.6,32,Road,36.5,1.7,9.85
3934.1,18.1,25,Road,26.0,1.1,8.36
4401.1,32.8,7,Rail,7.4,6.8,6.23
2306.8,16.8,30,Road,45.2,3.8,6.74
3739.3,66.3,31,Multimodal,68.9,5.7,15.05
1925.6,18.3,12,Sea,97.7,7.5,11.6
1903.3,55.7,9,Multimodal,52.1,7.9,10.37
1143.8,25.5,34,Road,73.4,5.1,6.08
3683.0,59.3,3,Multimodal,89.6,3.1,13.12
4436.2,48.9,37,Road,54.3,7.8,11.36
1157.3,38.4,28,Road,16.7,4.2,5.03
257.3,60.7,22,Road,84.8,9.4,6.01
3670.9,37.7,26,Road,57.4,8.2,9.44
2792.9,74.0,19,Rail,75.9,7.5,8.36
4318.8,65.8,21,Rail,65.8,2.4,9.35
1138.8,48.9,37,Road,6.1,3.6,5.29
324.3,79.0,10,Rail,16.9,8.5,4.62
2218.5,74.7,16,Road,28.6,0.2,7.72
389.2,48.1,24,Rail,28.5,7.8,4.82
1181.7,6.6,25,Road,83.9,4.0,5.42
571.3,51.2,26,Sea,59.8,8.0,9.97
1012.5,32.3,1,Sea,8.3,5.5,7.46
482.1,48.8,4,Rail,38.7,5.3,3.67
4292.8,58.4,37,Road,55.6,7.0,11.71
1257.1,58.2,14,Road,25.2,8.1,5.95
2000.3,60.8,24,Sea,4.0,6.9,11.78
4044.3,61.3,27,Road,38.0,4.5,10.48
3049.6,10.3,27,Road,46.1,3.2,7.47
2783.1,17.7,24,Road,90.5,8.5,8.01
3176.5,56.9,1,Rail,90.8,5.2,7.87
3730.6,37.0,39,Rail,50.0,7.8,8.51
3950.1,68.8,13,Sea,47.1,10.0,17.59
2893.7,11.7,20,Road,64.1,6.4,7.37
4005.6,17.6,38,Road,25.8,2.8,9.05
2411.6,50.5,36,Sea,28.6,8.7,13.94
1251.4,45.3,12,Sea,0.3,2.7,7.94
3960.9,24.3,5,Road,7.8,2.6,7.18
2438.9,37.0,5,Rail,17.9,0.7,5.05
4078.1,3.6,17,Road,64.1,0.8,8.42
185.6,3.8,38,Multimodal,21.3,8.6,6.05
1791.8,9.0,10,Road,12.4,2.3,3.74
4265.4,52.1,16,Multimodal,61.6,1.1,13.09
1127.2,77.8,24,Rail,65.2,3.5,7.28
4237.2,23.8,29,Rail,6.0,7.1,6.98
4292.8,3.5,14,Road,77.3,3.4,9.06
3970.2,63.9,10,Rail,60.6,3.1,8.3
2538.7,77.1,29,Road,39.7,4.9,9.14
2913.0,12.9,28,Road,98.3,0.2,8.27
3913.9,35.0,17,Rail,1.0,4.9,6.37
3492.7,14.7,5,Multimodal,54.5,9.9,12.01
2837.3,10.0,2,Rail,16.0,8.0,3.88
4420.3,58.5,36,Sea,32.9,0.7,16.77
3087.1,87.1,39,Road,13.3,6.5,10.37
4389.8,61.2,9,Road,66.8,4.6,10.74
263.0,88.6,36,Road,40.2,8.3,6.71
629.6,39.4,5,Rail,98.6,1.0,5.22
2034.3,80.9,15,Multimodal,65.4,2.3,10.69
1735.0,18.9,9,Rail,91.7,7.9,5.2
3523.4,11.1,25,Road,24.1,8.5,7.91
727.0,63.4,28,Road,31.9,5.3,5.95
4392.5,33.7,27,Rail,36.3,0.2,7.69
1421.2,28.9,33,Road,83.9,8.9,7.04
1933.0,60.6,33,Sea,21.2,3.8,11.47
1240.0,30.3,38,Sea,94.7,0.4,10.09
2609.2,51.7,8,Rail,4.4,8.2,5.48
268.5,27.3,4,Road,89.0,4.2,4.13
677.8,70.6,36,Road,45.1,1.9,6.72
3357.4,28.5,31,Road,52.6,8.0,8.8
843.3,48.4,10,Road,99.7,4.6,6.1
1063.6,2.6,8,Road,87.0,6.1,4.34
3569.5,71.4,30,Rail,90.4,8.2,10.12
424.4,56.0,14,Rail,58.6,5.2,5.19
1971.4,17.7,35,Road,95.6,1.1,7.81
108.7,19.8,3,Road,68.8,9.6,2.87
1563.9,24.0,29,Road,81.9,2.9,6.92
3146.9,52.1,16,Road,72.1,9.9,9.16
410.0,49.6,10,Sea,78.1,0.1,7.25
3998.1,25.0,4,Road,63.8,4.8,8.43
4093.2,62.6,4,Road,72.6,7.0,10.42
476.9,80.1,2,Road,43.6,9.1,5.4
4458.3,4.4,11,Air,70.7,7.8,3.56
1342.4,37.8,15,Rail,27.7,2.6,4.72
383.0,53.6,11,Road,63.5,2.4,4.95
27.8,53.0,23,Rail,52.4,3.6,5.25
1841.3,2.2,38,Sea,89.9,1.1,10.25
2836.0,19.3,30,Multimodal,67.3,6.7,11.58
1498.1,6.0,1,Road,59.7,9.4,3.98
3766.0,51.4,33,Air,31.3,6.4,5.72
3226.1,58.3,37,Multimodal,86.3,5.3,13.89
1579.0,14.8,23,Air,5.4,5.0,2.22
3305.7,30.3,18,Rail,90.0,5.9,7.67
4232.5,30.0,10,Rail,65.3,7.1,7.45
423.5,73.9,17,Road,18.9,7.9,4.81
1380.9,17.9,7,Sea,90.3,7.0,9.74
2087.7,49.6,15,Rail,32.6,7.1,5.77
2243.5,70.6,27,Rail,16.8,9.5,6.99
2442.2,74.7,9,Road,31.9,9.0,8.0
1356.3,60.2,21,Sea,96.1,8.2,12.8
3004.3,27.3,37,Sea,75.3,0.4,12.98
2904.7,74.2,29,Road,91.7,6.7,10.78
2602.3,66.9,33,Sea,29.9,4.5,13.86
516.4,63.5,6,Rail,8.2,6.2,3.77
2149.0,6.5,25,Sea,56.3,6.9,11.38
1606.2,4.4,35,Road,48.3,7.1,5.59
2212.2,62.7,17,Road,72.1,8.7,8.47
4148.8,85.1,27,Air,54.3,9.1,7.22
2165.0,69.7,25,Road,39.6,6.1,8.13
67.8,74.9,12,Sea,0.5,8.9,7.91
1977.6,49.3,37,Rail,46.8,7.6,7.11
3693.8,27.8,38,Rail,12.1,2.0,7.04
3511.4,61.2,25,Road,92.2,0.4,11.08
2312.7,64.2,2,Rail,92.2,0.1,7.68
1127.7,60.9,1,Road,80.4,5.9,6.22
2095.6,85.2,3,Road,15.8,5.2,6.85
2538.8,33.4,29,Road,14.7,7.0,6.99
4499.4,4.0,14,Road,56.3,8.4,8.52
2900.6,81.8,34,Multimodal,72.7,1.6,13.14
3125.7,14.9,22,Multimodal,90.5,8.6,12.45
2214.1,62.9,36,Road,89.4,1.0,9.64
1598.4,78.7,15,Sea,15.5,8.8,11.81
3659.2,28.3,37,Road,99.5,8.5,10.67
2229.7,74.8,10,Rail,15.7,7.0,6.05
4476.1,30.2,9,Sea,84.0,3.0,16.16
2059.8,71.6,35,Multimodal,58.7,0.9,10.71
310.7,6.7,17,Road,67.8,7.8,3.39
3073.2,59.1,18,Sea,60.4,2.2,13.7
214.7,61.1,25,Road,87.0,4.4,6.24
1131.0,44.5,35,Multimodal,63.7,5.3,9.5
1595.1,62.0,16,Road,84.9,6.9,7.59
3329.0,83.1,25,Rail,15.4,4.9,8.32
2226.6,66.2,16,Rail,86.7,6.9,7.92
133.8,86.5,24,Rail,99.3,8.1,7.5
2777.7,40.7,12,Road,66.2,7.1,7.66
1854.4,47.8,35,Multimodal,97.6,3.0,11.06
4148.6,24.1,9,Road,22.0,8.9,8.13
2250.5,88.7,37,Rail,82.9,5.5,9.94
3191.8,5.4,32,Road,16.9,4.7,7.04
988.8,32.6,19,Road,51.6,5.8,5.36
3425.6,27.1,22,Rail,66.4,4.8,6.95
3245.7,35.1,34,Road,66.0,7.6,9.63
4068.8,82.6,19,Road,67.1,4.2,11.67
157.0,33.4,12,Road,32.1,7.8,3.08
2016.5,82.6,18,Road,97.4,7.6,9.36
3057.8,38.4,5,Sea,0.7,2.8,11.3
432.8,77.0,26,Air,62.1,1.0,6.1
1850.7,47.2,27,Road,86.6,8.5,7.96
4239.9,28.4,20,Road,89.1,1.7,10.37
1964.5,40.7,8,Road,72.0,0.3,7.08
4434.4,38.5,16,Road,57.5,4.0,10.01
260.5,23.8,2,Rail,45.7,2.5,2.73
3231.6,26.4,1,Rail,45.0,2.2,5.72
2616.7,17.2,5,Road,42.5,1.7,5.6
2254.9,30.6,31,Road,70.0,7.5,7.81
4369.0,56.4,23,Road,73.1,7.8,11.07
587.8,35.1,21,Sea,51.5,0.5,6.79
4032.5,64.3,12,Multimodal,74.1,5.5,14.25
3112.1,88.8,4,Road,52.8,1.4,9.44
1169.2,34.3,37,Road,9.7,5.0,5.18
4058.0,41.9,11,Air,85.2,3.5,5.45
1934.7,15.2,9,Air,87.0,2.0,3.86
3665.0,35.6,26,Road,26.6,9.5,9.05
1752.8,65.6,39,Road,78.6,9.6,8.9
3829.9,20.0,27,Road,51.1,5.6,9.04
2866.6,16.8,29,Rail,12.4,1.9,5.66
639.0,34.2,25,Road,39.8,5.8,4.71
2925.2,73.8,18,Road,7.7,9.3,8.52
865.1,56.3,30,Rail,78.6,3.8,6.83
1856.6,86.2,8,Road,19.6,1.4,7.25
770.5,81.5,2,Sea,16.4,6.9,9.04
104.0,14.0,22,Road,20.9,6.6,2.27
957.4,4.3,21,Road,22.6,0.0,3.31
2416.0,36.2,39,Rail,67.4,8.5,7.44
2169.6,47.2,26,Road,63.9,6.6,7.89
2259.2,46.6,29,Multimodal,12.9,2.0,9.3
1118.4,12.5,5,Rail,72.4,0.0,4.07
3084.8,11.7,14,Road,34.9,9.7,6.58
3170.7,4.7,35,Sea,45.7,7.5,13.63
1614.1,76.7,6,Road,12.5,3.7,6.14
3965.9,85.3,23,Air,70.9,4.3,7.3
2899.9,10.9,17,Road,37.6,5.4,6.49
3210.1,19.6,24,Rail,63.2,7.2,6.69
1251.6,8.5,29,Road,42.7,1.7,4.92
7.7,79.0,30,Road,4.9,2.0,4.95
3894.9,86.3,24,Sea,70.3,0.5,17.22
3701.8,23.9,35,Sea,55.3,9.9,16.31
558.7,27.7,37,Road,43.4,8.8,5.04
1686.6,33.0,2,Road,20.2,5.5,4.28
2977.7,45.5,21,Sea,62.4,4.3,14.03
2936.2,61.6,5,Multimodal,27.5,2.4,10.2
3872.3,45.6,35,Road,42.9,5.9,10.27
635.5,85.6,35,Rail,5.6,6.9,6.24
1937.6,9.4,19,Road,77.7,6.9,6.21
442.0,72.0,16,Air,9.0,0.1,4.21
1756.2,30.4,25,Road,89.1,7.0,7.1
72.9,34.3,16,Road,86.8,8.7,4.48
4042.7,63.9,31,Sea,97.1,1.1,17.29
2374.1,83.7,33,Road,90.8,7.6,10.47
3824.9,64.6,17,Rail,97.1,8.2,9.42
274.3,69.9,21,Road,88.7,2.8,6.44
1027.4,67.7,35,Road,11.3,7.1,6.44
1170.9,29.2,23,Road,43.8,1.0,5.21
1743.2,68.2,16,Rail,7.6,6.5,5.64
3613.9,70.7,38,Road,54.5,5.1,11.4
1742.6,48.2,14,Rail,53.0,8.5,6.03
924.9,48.5,33,Sea,92.2,4.5,10.92
297.1,68.5,21,Sea,97.0,4.3,9.75
362.3,73.6,17,Road,26.0,9.3,4.8
3421.4,30.7,4,Road,58.2,9.3,7.65
2004.4,72.2,16,Road,46.4,0.4,7.59
3269.2,73.4,30,Road,54.7,4.9,10.25
3071.9,21.5,34,Road,53.2,1.6,8.5
613.5,64.7,22,Rail,91.4,2.7,7.0
647.3,17.2,29,Road,89.6,6.7,5.32
3400.3,8.8,5,Road,12.3,1.3,6.0
3247.1,51.9,1,Road,34.5,0.1,7.68
1704.2,81.8,25,Rail,75.3,7.3,8.39
353.0,3.7,6,Road,68.4,6.4,2.79
59.4,74.5,23,Rail,63.1,9.0,5.99
1300.3,45.8,33,Road,99.4,5.4,7.87
46.5,77.6,14,Air,33.7,9.5,4.63
1039.2,76.0,36,Air,51.5,6.1,6.41
1890.7,78.8,18,Road,97.9,3.9,9.26
550.8,69.3,10,Road,69.6,6.1,6.44
473.7,75.9,39,Road,64.9,7.5,7.65
4034.5,16.3,12,Road,15.5,3.5,7.56
2636.7,27.7,38,Rail,24.7,3.7,6.28
4205.4,22.2,23,Sea,37.7,6.3,15.36
1559.5,66.9,7,Rail,46.5,4.6,6.15
3048.8,14.3,25,Sea,49.7,5.3,13.11
925.1,16.8,13,Road,90.2,9.8,4.81
2784.4,79.2,38,Road,10.7,0.4,9.49
587.5,63.7,19,Sea,24.8,6.5,8.99
14.4,78.8,22,Road,14.4,9.2,4.98
4192.2,13.0,11,Rail,73.5,2.4,7.21
2499.3,36.2,3,Road,97.1,2.1,7.34
4171.6,25.8,19,Road,89.4,3.6,10.19
1505.6,1.4,27,Multimodal,72.3,0.7,6.92
1478.4,26.0,7,Road,2.2,5.6,3.73
1805.9,34.5,37,Multimodal,34.7,6.5,9.98
3178.7,8.8,27,Multimodal,86.4,8.2,12.35
2548.3,51.2,34,Sea,65.3,0.7,12.94
4164.5,34.8,11,Rail,21.0,4.4,6.7
119.4,4.7,38,Rail,46.6,7.8,3.65
3188.3,63.5,5,Air,8.8,7.7,4.14
1489.8,65.8,7,Road,52.1,0.7,6.45
815.2,75.2,36,Rail,90.1,0.1,8.28
2299.2,44.0,5,Rail,3.9,7.8,4.7
2275.3,87.2,5,Road,61.4,1.4,8.47
620.9,82.3,27,Road,23.3,5.8,6.37
912.5,49.8,29,Road,99.0,0.9,7.35
1839.7,40.3,27,Rail,6.5,3.0,5.03
1842.6,0.8,32,Air,61.7,1.6,3.83
1432.4,64.1,25,Road,25.6,7.4,6.74
672.7,51.1,34,Multimodal,88.2,6.7,9.57
24.7,84.4,15,Rail,12.2,1.4,4.81
4366.2,53.7,34,Sea,42.9,0.6,16.6
4246.0,89.4,35,Rail,18.5,4.7,9.92
2179.0,76.9,20,Sea,79.9,2.0,12.82
4477.8,85.8,24,Road,35.1,0.1,11.87
3033.1,29.8,34,Sea,18.7,2.6,12.6
314.5,13.9,34,Road,72.6,2.2,4.68
534.1,71.8,27,Air,81.7,6.8,6.25
4122.9,70.9,21,Multimodal,46.2,8.6,15.3
2837.1,19.4,33,Road,37.9,2.4,7.43
3795.1,68.9,39,Road,63.2,2.2,11.71
4042.7,52.6,36,Sea,65.1,3.9,17.3
2018.5,10.3,25,Road,66.1,1.7,6.36
223.1,45.4,7,Air,27.6,9.5,2.74
851.3,83.8,10,Road,94.1,2.4,7.42
304.2,45.8,10,Road,21.3,0.9,3.64
853.4,71.1,38,Multimodal,37.4,5.6,9.36
1850.3,3.1,24,Rail,28.4,5.4,4.38
536.3,65.7,10,Sea,93.1,6.3,9.86
754.5,85.2,26,Road,82.8,9.7,8.04
2009.0,45.2,30,Rail,81.1,3.2,7.5
1534.1,30.7,27,Rail,0.5,3.6,4.37
2107.1,58.4,19,Rail,68.6,3.4,7.19
1934.1,82.5,1,Rail,23.0,6.3,6.3
2901.9,16.3,33,Rail,96.8,6.0,7.46
4217.7,36.6,11,Road,53.1,5.3,9.41
489.9,14.5,34,Road,56.5,3.6,4.28
451.2,45.0,38,Sea,35.6,4.3,8.6
3838.4,48.9,16,Road,53.7,7.9,9.55
2281.3,85.0,1,Rail,75.0,6.1,7.73
3450.0,37.4,28,Road,56.2,7.2,9.14
973.3,51.2,15,Rail,64.1,2.8,5.63
3730.7,79.7,16,Sea,47.2,9.1,17.46
4157.7,29.3,32,Road,71.6,0.4,10.07
2861.5,60.8,39,Road,90.0,6.0,10.68
480.9,68.3,1,Road,5.1,8.1,4.06
4029.4,30.1,9,Rail,10.7,8.7,5.85
3567.2,15.2,29,Sea,68.6,3.2,14.12
3380.2,45.5,25,Road,37.8,4.6,9.13
170.1,32.4,11,Sea,28.2,0.3,5.01
3596.3,24.3,11,Road,17.9,7.9,7.2
625.1,87.6,6,Rail,57.3,1.2,6.17
1004.6,45.4,34,Air,34.8,4.3,4.59
2599.2,77.2,14,Road,50.8,9.9,9.21
1196.1,18.0,8,Rail,95.9,9.2,4.94
2977.8,84.6,25,Road,75.8,3.3,11.03
2738.3,71.6,4,Road,79.6,2.2,8.96
491.1,72.9,31,Road,12.4,2.5,5.53
2953.8,35.4,21,Road,32.5,6.8,7.69
4158.2,44.0,32,Rail,10.6,7.3,8.02
729.2,53.6,14,Road,96.9,2.2,6.49
2688.8,71.2,28,Rail,68.2,2.4,8.41
1541.7,76.5,25,Road,1.9,3.2,6.84
2071.0,7.5,28,Road,47.6,4.3,5.71
1295.1,81.4,15,Rail,26.4,9.2,6.16
1596.8,84.4,22,Multimodal,54.0,0.3,9.69
135.0,53.6,6,Road,17.9,6.4,3.52
4417.1,17.2,2,Air,5.7,8.6,2.37
2813.5,73.7,6,Rail,32.3,7.2,6.82
2255.7,49.6,23,Rail,29.6,2.2,6.4
1729.8,73.6,26,Rail,71.7,4.8,7.75
2429.5,73.4,11,Road,47.5,9.1,8.19
1713.6,8.3,1,Road,29.1,1.2,3.73
1622.8,54.8,28,Rail,57.0,9.9,6.71
2090.4,43.7,22,Road,7.1,1.4,6.33
1245.5,85.2,13,Air,66.2,1.4,6.1
814.3,27.0,36,Road,14.7,8.1,4.8
2506.9,18.9,22,Road,28.0,8.3,6.5
3793.2,80.8,4,Sea,28.2,0.4,14.47
692.0,13.8,18,Road,46.6,1.7,3.56
152.1,61.9,38,Rail,95.3,9.5,6.94
1114.4,27.4,17,Rail,32.5,2.8,4.42
4408.8,51.3,25,Air,28.1,0.1,5.59
3730.3,55.7,17,Sea,16.9,2.5,14.49
2683.4,37.9,29,Rail,39.2,7.4,6.65
4182.0,87.8,8,Rail,18.2,9.2,8.83
2006.5,12.3,29,Multimodal,13.8,1.6,7.22
4424.8,35.5,15,Road,85.7,2.2,10.6
1336.9,39.0,33,Road,5.3,4.4,5.62
1085.2,57.0,10,Road,71.1,7.5,6.35
2873.0,36.9,37,Road,20.3,6.6,8.18
1704.8,9.2,11,Rail,1.2,3.3,3.18
2820.5,85.3,35,Rail,79.5,0.7,9.95
1376.0,37.7,34,Rail,70.2,2.5,6.46
2782.5,31.2,32,Road,33.4,2.2,7.73
1244.5,40.5,22,Sea,7.9,0.2,7.51
234.1,19.9,4,Road,36.1,9.8,2.0
4105.1,9.5,2,Rail,18.1,2.6,5.23
3975.0,13.8,33,Rail,93.3,8.4,8.3
4368.7,15.4,9,Road,53.0,4.8,8.76
3225.8,18.2,35,Road,96.4,9.7,9.5
3073.8,38.1,38,Road,35.1,1.5,8.82
2517.7,56.3,31,Sea,55.6,1.1,12.99
571.1,56.8,14,Air,19.0,0.0,3.82
855.6,0.5,31,Rail,80.8,7.2,4.48
1306.2,82.9,33,Road,4.1,3.1,7.42
4006.3,74.1,16,Road,69.6,8.7,11.33
782.5,86.8,20,Sea,39.2,6.3,10.51
4153.3,32.7,14,Sea,57.8,5.8,15.76
2354.9,60.0,35,Road,59.2,4.9,8.86
3221.5,15.5,33,Road,71.1,2.6,8.74
500.5,73.6,29,Sea,20.4,0.6,8.08
1214.3,14.9,8,Road,53.1,4.4,3.79
4313.5,29.7,34,Road,42.7,1.0,10.08
1201.3,44.4,14,Road,28.2,9.1,5.02
1337.9,53.7,14,Rail,49.6,8.3,5.66
893.2,50.6,15,Air,95.2,6.2,5.01
585.2,9.6,20,Multimodal,94.9,4.5,6.67
1053.5,38.2,28,Rail,27.9,4.5,5.22
2892.3,83.1,4,Rail,88.4,4.6,8.6
2051.9,78.6,7,Road,87.7,7.5,8.68
2494.1,53.4,2,Rail,25.0,1.3,5.76
555.0,51.7,9,Road,59.9,5.3,4.9
3610.5,10.5,23,Rail,87.0,8.1,7.21
3529.5,18.4,36,Road,51.5,5.1,8.96
102.0,23.1,12,Road,37.0,0.1,2.65
1728.9,44.2,23,Road,65.1,2.4,6.97
314.1,66.0,31,Road,17.2,6.7,5.0
3565.5,41.7,11,Road,16.2,9.3,8.21
3319.0,11.8,1,Road,83.3,8.9,7.42
4059.4,39.8,13,Multimodal,4.2,8.2,12.56
1067.6,15.1,39,Road,80.4,9.5,6.27
2056.0,67.7,29,Rail,29.0,2.8,7.03
834.3,15.4,6,Air,48.3,0.1,2.34
1673.7,43.7,31,Multimodal,54.4,3.5,9.4
2352.5,62.6,9,Rail,76.7,5.8,7.19
244.7,20.9,18,Sea,88.4,3.2,6.89
3218.3,7.3,3,Road,80.4,0.4,7.2
2447.1,50.9,32,Road,57.2,5.1,8.63
3731.2,5.4,3,Road,34.8,2.0,6.91
1226.7,53.1,30,Rail,52.7,7.3,6.23
4065.4,67.9,6,Rail,3.0,0.9,7.17
4494.1,30.0,27,Road,24.5,9.6,9.67
4137.2,44.2,2,Road,36.6,8.8,8.93
3501.6,83.6,20,Rail,32.0,8.7,8.58
3656.6,42.7,17,Road,9.5,7.9,8.27
2584.0,89.7,33,Rail,5.1,6.3,8.23
859.7,14.6,17,Rail,42.1,0.5,3.85
3048.3,63.9,37,Sea,7.5,6.6,15.01
3208.8,58.9,29,Sea,28.6,7.5,15.09
4434.3,78.6,9,Air,47.5,1.3,5.92
2438.1,8.8,4,Rail,21.0,6.2,3.56
1224.8,25.6,13,Sea,8.0,4.8,7.67
3078.1,12.3,6,Rail,43.2,4.7,5.21
4407.3,84.0,9,Road,44.8,2.0,11.23
801.6,38.7,26,Road,91.6,7.4,6.29
1470.4,82.0,39,Road,12.8,9.3,7.83
2440.8,26.8,14,Road,61.5,7.9,6.92
770.1,11.8,34,Rail,32.0,3.7,3.96
104.9,27.0,4,Sea,12.4,9.8,6.22
1519.7,53.9,21,Road,39.3,3.6,6.47
3894.8,76.1,31,Road,42.8,2.3,11.28
200.4,35.0,21,Multimodal,36.4,9.7,6.95
1933.0,82.4,29,Road,76.6,7.9,9.24
3431.1,22.4,24,Rail,83.9,7.6,7.67
4289.6,62.6,16,Rail,14.9,0.8,7.97
4434.7,66.3,9,Rail,16.8,1.9,8.13
1901.8,25.0,21,Road,42.1,0.2,6.01
4277.0,2.9,2,Road,32.0,7.8,7.29
164.2,33.2,2,Road,82.0,2.8,3.93
3357.9,4.5,37,Rail,99.7,1.3,8.14
2894.1,81.1,37,Rail,18.1,1.8,8.79
1126.6,85.8,5,Road,76.3,6.4,7.37
2285.4,66.3,6,Rail,60.7,4.3,6.89
587.3,65.5,8,Sea,64.4,9.4,10.27
3922.8,22.1,32,Road,26.4,3.7,8.74
1613.8,7.1,37,Rail,9.7,8.3,4.39
2819.1,72.3,13,Rail,54.3,5.5,7.97
718.7,50.5,3,Road,61.4,7.1,4.97
931.7,61.5,9,Road,96.3,1.7,6.62
4463.8,70.3,4,Rail,67.5,7.5,9.08
3390.1,37.1,28,Air,44.4,0.9,4.93
4329.1,13.4,16,Sea,99.4,6.9,16.66
1334.9,71.7,11,Rail,37.3,4.7,6.16
744.7,41.1,19,Sea,16.3,2.3,7.1
2266.3,74.5,22,Road,61.8,4.8,8.85
2228.5,39.7,39,Rail,26.6,8.6,6.57
791.4,19.9,12,Rail,92.2,1.5,4.53
3300.8,15.8,30,Road,42.8,1.7,7.89
1631.2,67.1,5,Sea,15.0,5.3,9.93
842.7,52.0,37,Rail,14.2,6.3,5.27
1497.3,36.7,32,Road,65.0,4.2,6.86
2538.6,44.5,34,Air,36.6,2.7,5.22
3270.5,49.7,12,Road,36.4,0.7,8.02
2171.1,21.9,2,Road,61.2,0.5,5.69
2367.5,34.3,7,Road,22.2,0.4,6.02
629.6,26.7,32,Sea,14.5,9.0,8.55
4116.5,35.3,35,Sea,65.7,1.3,15.84
4179.6,45.3,6,Road,0.5,3.0,8.27
3077.0,16.0,22,Rail,90.7,9.9,7.08
84.3,35.7,25,Road,18.3,9.3,3.42
2419.1,35.0,13,Sea,44.8,0.4,10.61
2833.3,26.1,23,Rail,21.1,5.5,5.78
4476.0,89.9,9,Road,21.8,6.3,11.35
4482.3,7.1,37,Multimodal,83.5,0.5,12.92
3860.0,58.0,37,Road,58.5,7.3,10.95
291.9,16.1,30,Road,31.1,9.9,3.48
4290.0,75.6,20,Rail,25.1,4.3,8.74
2758.9,82.3,38,Multimodal,21.3,4.5,12.99
3605.0,36.4,16,Road,55.4,6.6,8.86
1835.3,74.2,22,Road,73.1,7.4,8.5
1441.9,22.9,38,Road,25.4,7.9,5.92
2087.3,13.0,10,Rail,33.2,0.8,4.17
665.2,28.8,20,Road,72.0,8.0,4.94
1610.0,31.1,2,Rail,73.7,8.6,4.8
3860.0,36.1,3,Multimodal,20.7,0.5,10.19
175.6,33.9,8,Rail,38.2,0.4,3.33
683.2,37.3,9,Road,87.0,5.5,5.21
567.4,64.0,28,Road,74.0,5.0,6.81
1816.8,22.5,21,Road,16.2,9.8,5.37
4486.5,2.2,33,Air,38.6,2.9,3.91
784.2,44.3,34,Road,97.3,5.9,7.35
658.9,40.6,4,Road,52.5,5.1,4.47
4118.2,5.9,25,Rail,71.9,5.4,7.53
3969.8,12.5,32,Road,9.2,6.6,8.13
149.9,46.1,12,Rail,83.3,5.4,4.8
3383.9,21.5,2,Road,60.5,0.1,7.34
2951.3,79.0,12,Sea,17.6,8.4,14.79
3456.0,16.0,26,Multimodal,38.0,2.0,10.63
2227.8,2.3,21,Rail,8.3,2.3,3.81
4461.2,40.6,37,Multimodal,77.7,6.5,15.97
202.1,88.8,36,Road,74.5,4.8,7.52
1058.5,57.2,18,Rail,49.0,5.7,5.73
1787.5,32.2,24,Rail,45.2,5.0,5.7
2026.8,2.0,30,Rail,46.3,4.2,4.94
4146.5,43.9,17,Road,3.7,4.8,8.69
2522.2,19.0,16,Road,36.8,1.4,6.07
207.8,58.5,17,Road,12.9,9.7,4.22
1838.3,52.7,12,Road,18.5,5.7,6.06
1877.1,24.2,27,Road,96.2,2.9,7.57
4344.9,6.7,4,Sea,26.2,7.1,14.56
2698.4,68.1,35,Road,48.4,8.8,9.57
2862.3,52.9,1,Road,88.8,3.0,8.58
3211.1,75.9,12,Rail,41.3,3.2,7.99
3466.3,23.8,29,Rail,52.9,4.4,7.17
2859.6,58.9,8,Air,16.9,2.2,4.48
1071.2,11.1,8,Rail,28.5,8.1,3.29
3933.8,26.6,12,Road,50.6,5.8,8.68
3295.9,59.3,36,Sea,36.5,0.6,14.24
3339.7,74.4,34,Rail,3.8,10.0,8.19
4484.5,29.2,36,Road,40.1,5.7,10.35
3612.4,72.0,4,Rail,81.5,8.9,8.75
3732.0,61.2,11,Air,11.6,5.0,4.53
4281.6,31.7,3,Road,1.9,5.8,7.71
684.3,78.9,10,Road,11.9,4.5,5.49
2242.3,46.1,12,Road,68.7,4.2,7.33
2614.6,58.5,9,Road,79.5,2.2,8.78
1485.1,44.9,21,Road,4.9,9.6,5.51
3778.1,41.0,34,Rail,88.8,1.8,9.29
3432.1,76.4,22,Road,62.7,5.3,10.52
3245.4,26.9,18,Multimodal,51.8,0.9,10.41
4487.2,3.8,6,Sea,25.4,9.9,15.66
1170.9,79.2,25,Rail,37.2,5.6,6.83
3310.9,74.3,15,Sea,94.7,8.1,17.31
2483.6,33.3,1,Road,91.2,5.6,7.18
1411.9,17.1,18,Rail,62.5,8.0,4.96
726.8,61.0,31,Rail,57.9,5.3,6.27
4032.0,7.5,20,Sea,21.1,4.4,13.9
2681.6,38.4,25,Sea,95.3,4.6,13.55
3713.1,8.2,33,Road,75.5,0.0,8.96
2456.3,54.0,10,Multimodal,38.2,3.7,9.69
993.8,2.9,29,Road,81.6,9.5,5.06
1522.3,56.8,19,Air,21.2,6.8,4.11
1720.0,60.8,28,Multimodal,21.3,9.2,10.56
4378.3,44.1,27,Road,79.1,2.0,11.26
30.3,16.2,19,Sea,55.9,4.9,6.1
4435.6,9.6,31,Road,55.6,0.3,9.49
4412.2,28.5,35,Road,57.4,6.8,10.43
4482.7,42.1,14,Rail,12.6,7.8,7.07
2147.3,58.0,6,Rail,35.0,7.5,5.97
4337.3,0.6,9,Multimodal,57.3,0.9,11.15
1783.2,64.1,27,Rail,24.8,2.5,6.78
123.2,64.3,17,Rail,50.4,6.6,5.09
1013.4,40.3,36,Sea,55.7,7.6,10.83
4254.1,31.2,4,Multimodal,94.3,2.7,12.87
66.9,75.9,24,Road,24.6,4.1,5.15
2459.2,70.7,16,Multimodal,43.9,3.5,10.92
344.8,88.5,17,Road,98.2,0.0,7.37
1292.4,33.8,3,Sea,18.7,5.8,7.93
401.0,81.7,39,Road,78.0,6.7,7.7
3868.6,8.3,37,Road,17.7,2.8,8.28
2661.9,37.3,3,Road,85.0,6.9,7.9
4060.0,42.2,35,Rail,48.8,2.4,8.76
3099.1,40.0,3,Road,97.2,7.2,8.69
4369.8,56.4,16,Road,17.0,4.6,9.83
2296.9,15.7,20,Rail,68.8,8.7,5.93
2876.0,78.0,6,Air,69.5,5.4,5.96
2595.5,49.9,33,Road,71.9,1.8,9.28
2181.8,81.4,27,Road,10.1,8.2,8.21
3807.6,0.7,30,Road,28.9,7.8,7.88
2902.1,56.9,35,Road,33.8,0.8,9.06
3606.9,37.4,18,Sea,32.4,0.5,13.44
3539.7,45.7,30,Sea,67.5,1.4,14.87
863.7,67.1,26,Rail,5.5,8.5,5.24
2927.5,20.8,15,Road,73.0,3.2,7.61
902.4,18.8,32,Sea,52.7,5.0,9.04
2627.0,63.4,35,Rail,17.3,6.0,7.43
3050.1,47.2,12,Sea,22.6,7.4,13.53
4487.6,21.4,21,Rail,9.8,8.3,6.7
142.3,43.8,12,Sea,45.9,5.2,6.77
415.1,41.6,1,Rail,59.5,4.2,3.69
351.2,62.4,11,Road,58.1,2.0,5.28
1795.6,0.7,25,Multimodal,96.2,6.1,9.16
3698.0,53.0,9,Rail,29.6,5.5,6.89
3799.0,54.7,39,Rail,76.2,2.9,9.69
3317.7,67.2,27,Road,72.3,4.5,10.49
4036.5,80.1,29,Rail,6.1,7.4,8.92
1456.3,39.9,27,Rail,93.0,6.3,6.83
401.3,31.2,28,Road,93.1,4.8,5.23
266.4,9.7,39,Road,39.6,2.7,4.08
3835.3,30.6,18,Rail,41.8,6.7,7.01
3288.3,6.6,15,Sea,82.0,6.3,13.53
3145.3,72.4,16,Rail,49.5,4.6,8.25
1531.8,72.7,23,Road,79.9,2.4,8.11
1712.7,37.8,30,Rail,3.6,1.7,5.09
4311.7,23.7,36,Road,25.0,3.4,9.45
291.8,11.1,35,Road,9.1,9.1,3.21
3482.9,76.7,28,Road,45.4,7.5,10.82
1396.8,79.0,3,Road,85.4,8.9,7.5
180.6,24.3,16,Road,57.0,8.4,3.55
3342.9,56.1,15,Road,52.0,4.6,8.93
1492.4,23.6,19,Road,36.6,5.3,5.02
3251.1,20.6,10,Road,6.4,1.7,6.35
3185.9,2.4,4,Rail,76.6,7.2,5.26
2408.9,52.2,22,Rail,57.1,4.2,7.04
3499.3,13.9,18,Road,93.1,1.6,8.54
2616.8,1.6,22,Sea,43.2,1.0,10.0
1293.4,9.9,16,Road,40.1,7.0,3.97
3304.8,28.6,3,Rail,97.4,4.8,6.95
2653.2,60.4,35,Road,14.1,0.1,8.5
62.2,18.6,39,Road,25.2,8.2,3.65
4057.9,79.9,16,Rail,48.8,6.2,9.17
2457.7,26.3,21,Rail,52.4,0.4,5.88
3909.5,30.1,21,Air,54.9,3.0,4.69
3972.9,20.0,1,Rail,21.2,7.2,5.33
2005.1,23.2,30,Multimodal,92.7,0.6,9.25
2286.9,7.1,34,Road,70.4,7.4,7.31
1873.8,26.9,39,Road,25.8,5.0,6.49
2025.2,77.4,23,Road,29.4,7.8,7.94
4028.7,62.1,34,Road,88.0,8.6,12.02
3547.7,78.8,30,Rail,38.0,7.7,9.11
573.7,9.9,33,Rail,55.6,0.8,4.21
2748.3,41.3,16,Road,12.0,4.6,6.78
4481.6,21.0,30,Multimodal,25.2,3.2,12.86
2682.0,65.0,3,Sea,41.7,5.1,12.94
3537.5,87.3,2,Road,65.6,9.7,10.42
3461.9,73.5,26,Road,28.0,1.2,10.17
1579.7,3.7,18,Road,95.1,8.7,5.59
1676.5,28.8,2,Road,22.0,9.9,4.15
3259.7,3.1,3,Road,77.9,9.9,7.14
2252.4,4.1,17,Rail,36.5,8.0,4.0
2569.7,7.6,24,Road,83.3,4.7,7.18
3209.5,25.2,2,Road,92.3,1.8,7.72
3500.2,27.7,6,Multimodal,18.7,6.1,10.7
1225.5,36.3,26,Rail,49.1,6.1,5.29
664.8,36.7,6,Multimodal,15.4,3.2,5.27
1316.6,69.5,12,Road,70.6,6.2,7.11
2286.4,13.2,21,Road,83.2,1.2,7.13
1542.9,14.6,16,Rail,38.9,6.3,4.15
2559.8,56.6,6,Road,39.7,9.0,7.49
245.3,51.7,34,Road,20.4,4.7,4.7
2296.3,14.3,3,Rail,30.7,7.6,4.11
1659.1,76.8,19,Rail,32.4,6.4,6.71
2408.3,30.0,29,Road,15.6,0.0,6.7
1904.3,33.3,32,Rail,31.0,1.2,5.97
1282.6,38.1,10,Road,90.7,7.7,6.17
4069.0,29.4,27,Road,32.5,0.4,9.12
835.5,50.4,29,Road,27.4,9.6,5.47
3067.7,35.3,13,Road,38.5,8.9,7.34
4161.3,23.7,20,Road,96.0,3.6,10.29
2426.3,81.5,28,Multimodal,76.5,3.1,12.43
3944.5,28.1,27,Rail,20.2,6.1,6.9
566.2,63.0,13,Sea,75.3,6.1,9.63
2224.6,31.6,25,Road,76.6,0.9,7.58
2059.3,39.5,29,Road,95.0,2.2,8.48
41.5,21.6,15,Road,89.1,6.4,4.05
1997.4,67.8,30,Road,9.5,8.0,7.63
1663.8,66.5,38,Road,45.5,1.9,8.13
3015.7,2.5,32,Sea,70.3,7.0,13.74
4222.8,5.9,7,Rail,97.3,8.7,7.1
390.6,83.1,35,Rail,8.5,1.2,5.93
1477.0,80.1,33,Rail,36.8,4.4,7.45
2001.1,45.8,12,Air,49.2,8.5,4.19
2051.1,44.7,23,Road,41.3,3.7,7.24
3487.8,73.2,5,Road,45.6,2.7,9.3
1998.1,12.9,31,Road,36.9,7.5,6.05
127.1,59.0,16,Sea,97.1,4.0,8.77
3196.9,43.1,33,Multimodal,80.3,7.1,13.52
3982.3,67.0,1,Road,73.7,1.3,10.27
2315.0,3.2,22,Air,41.1,5.5,3.23
2617.1,53.5,28,Sea,88.2,3.8,13.95
737.4,50.3,5,Road,9.3,10.0,3.71
996.8,75.8,4,Road,14.3,5.9,5.28
1062.1,61.1,1,Road,95.4,6.8,6.43
1941.2,79.3,15,Multimodal,56.7,1.3,10.01
4177.0,79.9,37,Road,15.9,9.9,11.63
2350.4,37.0,39,Sea,94.9,0.5,13.01
868.5,12.8,38,Road,97.5,0.7,6.08
1201.1,56.9,24,Sea,88.1,0.8,10.24
1731.1,78.7,23,Road,23.9,8.7,7.64
2806.5,7.2,7,Rail,27.8,7.3,4.58
1982.9,50.4,31,Sea,40.7,9.7,13.35
1769.0,10.8,7,Sea,57.9,0.7,8.27
2543.5,2.9,13,Air,99.2,6.9,3.58
1092.0,61.3,4,Road,95.6,5.3,6.56
359.7,61.5,18,Rail,92.1,6.4,6.03
114.7,54.3,19,Road,8.9,5.1,3.78
1134.4,77.4,16,Road,75.7,6.8,7.66
416.7,7.7,18,Rail,87.7,9.1,3.82
1516.9,9.9,16,Road,33.3,5.9,4.61
3479.3,77.9,31,Rail,22.0,9.0,8.78
3224.7,45.5,25,Multimodal,74.8,7.8,13.61
2751.1,24.9,2,Road,9.1,8.6,5.6
3837.0,66.6,28,Rail,94.1,6.6,10.39
1272.9,80.5,16,Road,15.6,5.2,6.53
3983.3,62.2,36,Road,45.8,0.7,11.04
1799.6,71.4,35,Road,98.3,8.3,9.74
1807.0,25.8,24,Multimodal,98.8,2.4,8.86
1827.1,26.3,35,Air,77.6,0.4,5.02
445.9,77.8,30,Air,83.9,5.2,6.61
4389.8,55.5,37,Multimodal,96.7,6.3,16.37
627.6,21.5,11,Road,92.7,6.6,4.88
1537.3,47.4,34,Road,62.2,6.7,7.62
1440.3,61.9,38,Rail,73.5,6.5,7.86
340.7,20.1,39,Rail,59.4,8.1,5.01
689.4,59.1,24,Road,50.6,7.7,6.0
206.6,4.3,29,Road,88.1,8.1,4.28
1319.4,27.7,4,Rail,73.8,4.6,4.81
3900.6,60.8,30,Rail,86.0,0.6,9.62
1530.8,13.9,14,Road,9.6,6.4,4.05
561.0,20.4,24,Rail,57.6,2.1,4.46
2907.4,79.2,38,Rail,33.0,8.6,8.82
4484.7,60.9,34,Rail,51.3,7.2,9.77
1049.3,45.2,36,Road,61.3,7.7,6.61
1261.7,19.4,15,Sea,84.6,2.9,8.92
4373.5,31.1,35,Road,3.2,6.3,9.54
808.6,51.9,29,Road,16.4,5.3,5.35
2302.9,14.4,36,Sea,92.1,2.7,12.03
1082.2,43.6,4,Rail,96.7,8.1,5.75
4195.9,37.1,15,Road,5.5,5.5,8.44
4416.9,43.2,11,Rail,33.2,1.9,7.56
3667.1,9.9,15,Rail,1.0,3.1,5.09
1420.0,10.0,21,Sea,75.7,2.3,8.55
1818.7,86.8,35,Sea,68.2,3.1,13.55
1094.2,88.2,23,Rail,56.5,1.9,7.59
4009.0,38.6,10,Rail,69.2,3.7,7.67
4115.9,71.1,4,Road,53.8,6.9,10.42
1887.8,59.2,25,Road,23.9,9.6,6.98
2956.1,11.0,2,Road,75.4,2.1,6.79
749.2,27.1,38,Rail,78.3,3.0,5.71
1960.0,28.6,19,Rail,85.4,0.0,6.23
2843.6,53.8,24,Road,95.4,2.3,9.92
1737.4,52.4,8,Road,74.8,4.2,7.05
1612.4,83.2,6,Rail,5.5,4.6,5.5
9.5,71.2,20,Road,2.1,2.7,4.18
3620.3,77.2,14,Sea,74.0,1.5,15.67
4002.6,80.3,6,Road,5.6,5.6,9.71
4362.7,72.2,12,Rail,31.6,4.1,8.6
3238.1,30.3,7,Multimodal,13.6,4.3,9.78
2471.8,19.7,30,Road,96.9,8.9,8.25
1215.4,51.7,16,Rail,31.6,5.6,4.97
4496.9,62.2,8,Road,5.5,3.9,9.65
2655.9,35.1,14,Rail,95.0,2.5,6.93
3066.8,76.4,20,Rail,60.9,4.3,8.58
3072.4,86.5,28,Road,3.6,8.6,9.47
3804.4,51.5,6,Rail,83.3,9.7,8.19
48.5,41.4,30,Air,15.3,3.8,3.49
995.0,75.9,4,Road,80.2,2.1,6.62
2996.6,2.7,36,Road,60.3,9.1,7.78
4028.7,12.0,3,Air,17.7,1.4,2.54
3085.6,76.2,10,Rail,75.3,3.0,8.55
1863.6,66.0,38,Air,45.5,2.0,6.37
1630.2,37.7,27,Rail,63.8,5.7,5.91
3322.1,80.1,18,Sea,87.0,4.1,16.56
3336.9,32.0,11,Road,26.0,2.9,7.24
2733.7,57.2,36,Sea,36.6,7.7,14.74
1315.1,57.3,35,Air,99.7,6.6,7.02
4163.6,17.0,13,Rail,50.8,10.0,6.72
2485.7,26.0,23,Road,55.9,3.1,7.09
3558.3,82.5,9,Road,28.5,8.5,9.57
968.3,16.9,4,Road,41.6,3.0,3.24
1551.5,16.0,31,Road,50.2,0.1,5.77
3936.2,43.4,3,Road,25.8,1.5,8.22
230.2,8.8,36,Rail,23.8,5.1,3.48
2307.9,80.6,17,Rail,60.0,8.1,8.23
2170.3,9.5,16,Road,18.4,0.6,4.73
3381.8,55.7,39,Rail,55.3,8.3,9.03
1272.1,30.9,2,Road,70.6,7.2,4.74
989.7,72.5,5,Road,19.8,0.3,5.34
4168.0,53.3,33,Road,74.6,1.1,11.38
2574.8,35.3,13,Rail,36.0,0.8,5.47
475.6,88.6,12,Road,99.3,6.8,7.67
872.7,6.4,19,Road,97.9,5.6,5.21
4494.7,52.2,22,Road,79.9,3.6,11.43
884.3,89.1,8,Sea,34.3,0.9,9.17
2749.1,62.3,4,Road,93.7,3.9,8.9
1893.5,66.7,7,Rail,99.9,6.8,7.21
3985.8,3.4,22,Rail,46.2,0.9,6.44
3399.5,2.4,18,Sea,61.5,8.6,14.11
2688.3,3.7,6,Multimodal,0.6,0.6,6.57
53.3,89.3,4,Road,4.4,6.1,3.99
3959.7,88.2,12,Road,50.1,1.9,10.9
2003.8,30.4,37,Air,60.9,0.9,5.25
4192.4,26.5,2,Rail,31.2,3.5,5.95
2232.4,13.6,3,Rail,9.9,6.7,3.57
3125.5,30.0,21,Rail,78.2,1.2,7.23
316.5,33.6,39,Rail,41.9,4.8,4.75
3354.5,67.5,13,Multimodal,64.9,4.1,12.63
1524.3,78.0,14,Multimodal,65.0,4.3,10.13
1584.4,67.3,30,Sea,54.7,9.4,13.32
538.4,58.4,18,Road,17.8,3.5,4.92
665.1,69.0,13,Air,61.6,9.9,5.07
840.0,66.6,14,Road,32.2,5.4,5.52
1480.3,43.1,25,Road,81.9,8.4,7.42
4014.4,30.6,37,Air,19.3,3.5,4.68
1660.3,25.8,27,Road,29.1,0.8,5.6
3261.0,61.3,23,Road,44.0,0.8,9.51
377.0,86.4,7,Road,74.0,5.7,6.13
2662.0,52.5,10,Air,72.1,9.3,5.15
2171.1,82.2,25,Rail,33.7,0.7,7.73
4400.9,1.8,35,Rail,51.1,6.9,7.58
3808.7,71.6,24,Road,23.4,5.6,10.15
2049.5,76.9,11,Sea,77.0,6.5,13.36
3489.3,57.0,20,Sea,19.7,2.2,14.21
872.7,84.1,10,Road,81.9,0.7,7.32
2532.7,53.3,21,Road,93.7,0.7,9.25
340.4,22.0,28,Road,99.2,2.5,5.36
1569.7,19.8,28,Multimodal,85.7,2.1,8.34
1020.3,50.2,27,Rail,22.2,1.3,5.12
3236.5,81.6,33,Multimodal,41.7,2.6,13.18
2208.0,7.0,4,Road,8.9,5.3,3.98
3381.1,54.6,35,Sea,16.5,9.5,16.29
2321.3,69.4,20,Sea,5.0,9.2,13.29
393.7,10.8,6,Rail,64.1,2.7,3.14
3310.5,11.0,6,Multimodal,53.3,0.7,9.16
3750.4,33.3,17,Road,91.7,10.0,9.99
4066.4,25.0,19,Road,46.3,4.8,9.08
2576.1,18.2,17,Rail,64.2,9.8,5.84
3392.4,18.3,3,Sea,40.2,5.4,12.38
3385.4,12.2,34,Rail,82.9,8.9,7.85
705.1,55.2,4,Road,92.6,4.5,5.89
743.2,62.1,23,Rail,43.2,6.2,5.82
323.6,63.4,18,Road,8.3,5.4,4.4
1443.0,48.1,34,Road,16.4,2.2,6.04
2133.4,85.8,29,Rail,72.1,7.6,8.95
4490.6,79.3,15,Sea,32.5,0.5,16.57
1942.3,86.2,11,Road,78.5,3.6,8.5
3269.5,35.3,39,Road,75.0,8.7,9.82
3121.8,79.1,9,Road,69.4,5.0,9.85
924.1,68.8,35,Road,81.4,0.8,7.94
268.0,30.9,10,Sea,75.7,2.1,6.33
2459.3,10.0,38,Air,63.3,1.1,4.33
3152.9,61.6,29,Road,0.4,2.8,8.59
4492.1,12.7,6,Sea,51.6,1.7,14.32
1617.0,26.8,19,Air,59.5,7.1,3.8
4034.2,45.3,26,Sea,96.1,6.6,17.68
1721.8,61.3,9,Road,65.0,1.4,7.07
3103.9,83.4,13,Multimodal,57.5,4.4,12.83
2694.1,53.6,26,Road,54.1,3.0,8.41
243.1,60.6,20,Road,10.3,3.4,4.34
357.4,28.2,2,Road,42.8,5.8,2.71
98.3,62.0,4,Rail,13.4,9.0,3.61
1671.9,39.7,7,Road,5.3,9.0,4.66
3357.4,77.2,19,Road,32.9,4.1,9.73
781.5,35.6,35,Road,64.5,3.9,5.82
2728.3,42.4,11,Sea,86.7,5.2,13.4
1303.3,39.2,19,Air,81.0,4.7,4.66
3587.5,73.1,32,Road,29.5,0.6,10.92
3593.8,85.9,14,Air,4.6,5.8,5.29
3490.5,29.8,5,Air,40.3,5.8,3.63
2364.1,43.0,25,Sea,31.5,4.5,11.91
1284.1,63.7,14,Road,37.1,4.1,6.2
3643.5,80.6,39,Rail,55.9,9.4,10.19
841.5,44.7,12,Multimodal,3.0,6.0,6.45
1307.5,10.2,20,Rail,37.1,8.2,3.87
831.8,33.5,18,Road,55.9,9.5,4.97
3035.6,49.8,1,Rail,43.1,8.1,6.43
3089.6,37.9,4,Rail,66.7,9.4,6.29
2938.0,17.2,12,Rail,18.6,7.6,4.58
1873.1,3.8,26,Road,15.4,1.7,4.59
455.3,62.0,32,Road,30.8,2.3,5.71
4100.7,89.3,37,Sea,10.2,1.9,17.11
2287.3,82.8,15,Air,23.6,3.2,5.6
1834.3,61.7,35,Road,8.7,3.5,7.49
2651.8,75.8,26,Multimodal,40.2,8.1,12.95
871.6,23.4,15,Road,71.1,3.6,5.0
600.8,56.2,8,Rail,28.7,7.3,4.38
1827.8,5.9,28,Sea,0.4,9.0,9.82
1026.4,63.8,30,Sea,55.7,1.1,9.8
1103.1,87.3,3,Multimodal,69.2,0.0,8.12
4016.8,77.5,6,Road,39.1,8.9,10.08
2390.8,48.3,31,Air,29.7,2.4,4.86
2178.2,71.1,26,Road,49.1,1.5,8.64
3104.2,85.0,8,Sea,10.1,3.0,13.53
4282.2,19.8,39,Sea,64.4,1.9,16.0
509.3,71.5,29,Rail,73.3,7.9,6.85
3751.7,24.7,17,Road,70.5,6.3,8.91
2630.2,79.0,16,Air,32.9,1.7,5.71
662.0,9.3,4,Road,84.3,5.8,3.53
1340.7,16.5,10,Road,94.7,2.1,5.45
2173.2,65.0,16,Sea,29.7,2.0,11.1
3111.8,16.1,19,Rail,26.3,6.0,5.4
1095.5,14.6,39,Sea,70.4,6.6,9.96
2409.3,50.2,13,Road,70.8,3.5,8.13
3082.6,75.2,4,Road,51.0,7.6,8.97
2022.1,24.5,32,Sea,92.3,8.4,13.09
3884.3,75.8,18,Rail,14.6,9.2,7.99
3913.2,72.8,16,Road,47.7,6.3,10.34
2120.8,52.3,25,Sea,3.5,2.2,10.76
4378.3,58.4,16,Rail,5.3,7.5,7.74
344.8,4.1,22,Rail,5.4,1.1,1.98
20.1,33.4,24,Rail,49.2,1.8,3.92
1716.1,24.1,28,Sea,58.9,8.3,11.79
2706.9,13.9,23,Sea,0.3,9.1,12.15
2833.3,35.4,21,Sea,63.3,0.7,12.3
2146.6,32.3,9,Road,49.0,3.1,6.14
566.4,65.7,2,Sea,22.4,6.3,8.02
771.4,54.0,38,Rail,1.5,9.4,5.1
3835.4,82.2,28,Rail,15.6,5.7,9.11
3906.3,13.5,26,Road,60.0,8.2,8.9
3034.2,5.8,27,Air,65.9,9.2,4.15
2990.7,48.3,25,Sea,64.7,5.2,14.42
2691.6,0.6,21,Road,15.3,7.4,5.53
917.2,71.0,38,Road,91.1,6.6,8.26
1930.0,45.8,25,Air,41.1,6.7,4.67
3133.0,44.2,38,Road,76.8,5.2,10.16
2419.9,32.9,11,Multimodal,16.6,6.2,9.07
88.5,34.1,28,Rail,47.1,5.5,4.68
4291.2,39.1,36,Rail,52.2,6.4,8.79
3802.4,1.9,4,Road,77.0,5.1,7.62
1176.1,8.0,19,Road,62.2,2.2,4.79
2776.0,45.7,24,Multimodal,39.9,6.9,11.85
4155.0,13.9,22,Road,28.3,3.8,8.47
436.6,70.2,25,Sea,97.3,1.3,9.52
2266.1,25.1,8,Road,28.5,8.5,5.51
2055.8,9.3,20,Road,12.9,1.8,5.04
1848.9,21.6,1,Road,30.0,5.4,4.6
3761.0,32.5,4,Rail,32.7,7.2,6.27
1716.0,3.7,12,Multimodal,12.8,6.5,6.98
291.2,13.2,25,Road,70.8,1.6,4.11
300.9,29.5,21,Road,61.9,1.9,4.25
197.1,28.3,19,Road,31.7,1.5,3.41
1844.1,72.1,34,Rail,99.3,0.7,8.94
3234.2,76.0,6,Road,65.5,2.8,9.58
920.7,17.8,35,Air,70.3,5.2,4.33
2910.9,11.6,3,Rail,55.7,1.7,5.04
3093.5,57.3,33,Rail,55.2,9.7,8.53
1152.1,72.5,9,Road,2.0,7.0,5.2
2704.5,86.8,7,Multimodal,77.1,5.8,12.89
3083.5,1.1,27,Road,91.1,6.8,8.26
2102.4,37.5,1,Road,12.2,4.4,4.95
1518.5,66.2,18,Rail,79.6,4.7,7.37
2788.1,74.7,35,Rail,53.4,8.9,8.79
4400.4,6.1,17,Road,28.5,7.2,8.24
1923.7,61.4,39,Road,92.1,5.9,9.16
1765.8,26.4,11,Sea,1.7,9.5,10.0
2091.9,7.2,37,Road,27.4,6.6,5.94
347.6,44.3,11,Sea,88.6,4.0,7.77
2491.5,14.7,3,Rail,48.1,0.5,4.47
1482.5,66.5,13,Road,59.9,3.9,7.27
550.8,66.8,28,Rail,75.0,9.2,6.8
2100.8,75.9,38,Road,14.8,0.4,8.52
20.2,34.3,34,Sea,21.5,1.8,6.13
1811.0,1.7,28,Rail,99.9,8.1,5.95
480.3,23.7,2,Road,23.7,3.6,2.77
114.2,42.4,2,Rail,53.9,1.9,3.54
3711.0,62.6,37,Multimodal,29.9,8.2,14.82
4123.5,34.7,16,Road,85.1,5.6,10.21
938.5,48.5,8,Air,96.2,5.5,4.85
2429.1,47.4,11,Road,14.1,2.9,6.43
1254.4,15.3,15,Road,60.1,6.8,4.98
2223.6,56.3,4,Road,81.2,8.6,7.69
1967.7,39.8,23,Road,82.3,7.5,7.43
1214.4,72.8,8,Road,44.0,6.1,5.85
3153.3,62.3,16,Road,22.5,3.5,8.65
573.6,10.5,16,Air,38.7,8.5,2.28
243.6,44.2,24,Sea,75.1,5.7,8.55
3455.7,63.4,10,Sea,99.4,8.9,17.11
2998.4,8.3,34,Road,55.4,2.5,8.12
2245.9,71.4,18,Road,19.5,6.5,7.83
2107.7,20.4,16,Road,4.2,9.4,4.92
2240.9,45.5,36,Sea,94.4,3.7,13.67
1969.4,84.7,8,Air,48.3,9.5,5.45
1771.1,51.6,20,Road,71.7,3.9,7.54
2251.1,38.5,23,Road,66.0,4.4,7.47
2380.7,1.1,14,Rail,89.1,8.1,5.37
3115.1,12.4,16,Road,26.6,2.6,6.58
3201.9,52.3,38,Road,44.2,7.1,9.59
1702.4,44.7,18,Rail,91.4,3.0,6.64
1863.9,33.1,30,Sea,58.6,5.9,11.37
1684.8,83.1,36,Road,7.1,7.8,7.88
2416.7,30.3,36,Road,19.4,0.3,7.29
2042.8,48.6,39,Multimodal,23.7,0.9,9.61
4003.7,51.4,1,Road,99.4,9.3,10.42
3135.1,47.7,17,Road,22.4,8.2,7.88
4044.5,43.2,28,Road,87.0,8.8,11.0
3192.6,30.7,7,Road,7.8,4.4,6.51
4369.6,81.8,20,Road,18.2,7.2,11.06
2862.6,40.8,24,Sea,87.2,10.0,15.69
4336.2,47.8,1,Road,89.9,4.3,10.23
716.0,59.3,18,Road,17.6,8.5,5.18
240.9,6.6,26,Rail,23.0,0.8,2.81
2608.2,70.4,14,Rail,53.1,5.4,7.36
4425.8,46.4,19,Air,5.3,3.3,4.33
1882.1,59.3,18,Air,94.5,5.2,6.09
958.1,69.6,7,Road,36.2,1.1,5.72
2349.3,78.7,2,Sea,48.9,3.7,12.53
2921.3,35.6,7,Rail,10.5,0.8,5.09
1421.7,73.1,28,Multimodal,3.3,4.5,9.01
3217.9,23.7,28,Rail,46.8,4.4,7.03
4388.1,59.6,17,Multimodal,12.2,3.3,13.23
4036.8,9.7,30,Sea,63.0,9.5,16.36
1315.7,2.3,21,Road,79.4,0.8,4.94
1473.6,9.1,37,Rail,3.2,8.2,3.81
1675.1,29.1,9,Multimodal,61.2,3.5,7.62
1778.5,3.3,36,Air,81.6,2.0,4.28
455.9,56.9,22,Road,43.9,2.7,5.16
3430.0,28.8,15,Sea,96.0,9.0,15.71
1647.2,66.4,14,Road,11.1,8.2,6.32
3959.8,4.6,27,Road,32.3,0.2,8.22
4171.6,19.9,18,Road,23.0,1.5,8.17
114.8,37.0,10,Road,99.6,6.8,4.92
4448.3,34.7,22,Sea,29.4,3.2,15.73
3196.6,12.2,23,Road,38.8,9.2,7.27
2344.2,89.5,5,Sea,84.8,7.9,14.7
1755.9,26.0,25,Road,93.0,8.8,7.05
2335.7,65.0,1,Road,93.8,1.9,8.59
1464.2,20.2,24,Road,55.8,1.5,5.42
2804.0,79.1,33,Road,66.3,9.3,10.54
422.9,35.2,37,Road,34.9,4.0,4.84
2796.9,81.1,7,Road,60.7,4.2,8.88
1242.7,31.1,24,Rail,30.3,6.8,4.5
84.3,1.3,15,Road,74.6,4.0,2.95
2489.4,46.8,11,Road,30.7,8.8,6.62
2605.1,47.5,17,Road,87.9,9.6,8.45
1922.4,11.2,23,Air,14.3,3.3,2.71
329.9,21.5,4,Air,57.2,2.1,2.62
4020.6,70.6,31,Rail,52.1,0.8,9.65
2753.4,3.8,34,Road,26.4,2.1,6.41
525.1,44.3,10,Road,2.8,1.4,3.19
2301.6,48.0,37,Multimodal,14.9,0.3,9.11
2240.2,62.1,10,Road,96.8,0.5,8.53
276.5,3.9,11,Road,94.1,5.1,3.56
2732.8,52.9,31,Road,11.9,7.1,7.99
3638.4,0.8,10,Road,37.5,9.8,6.88
3371.8,24.2,38,Road,46.5,1.6,9.15
917.3,45.2,8,Sea,47.8,7.0,9.08
3881.0,82.1,11,Road,29.9,5.5,10.04
1544.7,11.8,20,Rail,91.3,4.8,5.38
4259.6,15.7,24,Road,90.8,7.2,10.29
327.5,60.4,7,Road,1.9,2.4,3.47
2190.5,34.1,21,Air,65.0,3.1,4.5
2689.1,56.3,6,Road,7.4,3.8,6.95
1118.2,89.8,31,Sea,59.7,1.8,11.16
3472.4,88.8,12,Rail,86.7,4.8,9.72
2822.9,32.2,37,Road,65.0,1.3,8.72
86.4,45.6,13,Multimodal,46.9,3.2,5.39
2739.6,81.5,31,Road,95.8,1.1,11.31
2214.2,8.7,9,Air,74.7,0.4,3.13
886.2,41.0,27,Road,24.9,3.6,5.1
4480.9,34.3,17,Air,38.7,6.2,4.67
4037.7,26.9,8,Road,76.0,1.5,8.91
1319.8,89.5,27,Rail,1.9,9.9,6.78
2437.1,66.2,15,Sea,6.4,2.7,11.52
1427.7,35.3,39,Multimodal,85.9,0.2,8.69
3490.9,74.7,6,Air,4.3,0.3,4.46
4186.8,44.3,32,Sea,67.9,6.7,17.75
1617.9,78.6,8,Air,31.9,6.7,4.87
3626.1,24.3,35,Road,82.6,9.0,9.8
2245.3,20.5,31,Road,84.7,0.9,7.65
1787.6,22.6,26,Road,95.3,3.8,6.9
4223.2,48.7,24,Road,9.6,8.9,9.46
2299.3,26.6,2,Road,42.3,8.0,5.41
2106.0,13.7,1,Rail,57.4,2.3,4.24
3027.6,89.5,10,Road,91.6,8.9,10.51
1179.2,81.1,23,Rail,26.7,6.8,6.85
1464.9,57.3,33,Road,7.2,2.6,6.51
4194.5,80.3,37,Road,20.2,0.4,11.43
3055.0,84.2,11,Rail,49.6,5.0,8.15
3720.7,61.0,20,Sea,68.1,7.1,17.01
1223.6,46.9,26,Sea,69.1,2.7,10.1
2449.3,79.4,2,Rail,7.5,1.7,5.91
4371.4,51.3,25,Road,76.1,0.8,11.28
1437.6,11.8,4,Rail,66.0,8.4,4.02
726.3,33.3,19,Road,40.8,0.5,4.55
2301.4,40.4,13,Road,57.1,6.1,7.13
1748.3,84.2,19,Road,76.8,7.6,8.71
722.3,59.5,13,Road,26.2,7.8,4.79
3999.0,78.8,12,Road,94.0,6.5,11.53
4458.3,68.3,2,Multimodal,13.8,6.5,13.93
2560.8,28.2,37,Multimodal,90.2,4.7,12.05
3487.2,64.8,23,Road,74.1,4.2,10.6
3866.4,18.0,19,Road,66.1,1.4,8.98
3155.9,37.0,3,Road,8.3,5.4,6.41
203.5,72.6,24,Road,91.9,0.7,6.71
713.6,55.3,23,Multimodal,29.5,4.7,7.46
324.1,74.4,4,Road,74.6,7.3,5.63
49.4,23.3,18,Sea,88.5,4.4,7.01
1380.5,67.6,12,Road,24.4,5.1,6.49
1768.6,18.6,35,Multimodal,91.5,8.4,10.92
1088.4,49.3,27,Road,61.2,6.5,6.69
295.4,39.3,14,Sea,65.9,1.3,6.73
2386.7,50.3,31,Road,91.5,5.4,8.9
1233.6,12.6,3,Rail,52.7,3.6,3.49
3583.2,32.8,5,Road,44.1,2.1,8.01
41.2,60.2,29,Road,63.3,6.5,5.82
3792.2,50.5,39,Multimodal,55.4,3.9,13.97
4296.6,49.6,17,Air,6.1,7.7,4.14
3224.0,46.2,19,Air,18.0,5.9,4.22
3302.7,85.0,35,Rail,1.4,1.0,8.43
4201.4,84.1,33,Sea,10.8,3.5,17.57
944.8,32.7,8,Road,73.0,2.7,5.01
4475.6,32.0,37,Road,0.5,1.5,9.63
3481.8,50.2,35,Road,30.4,8.0,9.71
3270.9,9.1,20,Rail,44.9,3.8,6.01
1628.1,27.6,17,Road,93.8,6.1,6.71
2458.3,21.2,13,Road,32.7,8.8,6.26
2944.4,20.5,4,Rail,78.3,5.4,5.76
2793.4,57.6,30,Sea,40.9,2.6,13.64
3173.9,34.9,6,Road,9.8,7.9,6.44
375.3,15.8,2,Road,9.9,4.4,2.06
1603.6,79.9,15,Road,43.2,5.6,7.55
1955.8,78.7,34,Road,5.8,9.0,7.96
1176.5,77.7,20,Road,57.2,4.9,7.14
781.0,35.5,16,Rail,49.4,3.3,4.43
629.5,5.6,29,Rail,70.3,7.3,4.25
1651.9,10.1,27,Rail,18.6,1.3,4.18
2223.0,25.2,1,Road,59.3,9.1,5.77
288.1,20.2,13,Sea,17.5,9.2,6.67
4259.3,78.7,32,Road,72.2,5.8,12.77
3444.8,88.8,3,Rail,30.7,1.5,7.72
3290.2,73.6,14,Sea,61.4,4.5,15.45
782.0,65.8,28,Road,88.3,4.2,7.4
2719.1,53.2,26,Road,48.8,3.0,8.61
2386.1,69.4,21,Air,19.2,1.8,5.16
4421.2,85.3,11,Road,88.6,2.6,12.3
3365.8,54.3,27,Rail,35.9,5.6,7.73
2593.0,14.3,1,Road,73.0,6.9,6.12
3829.4,15.2,33,Rail,32.0,9.8,6.83
702.1,52.8,18,Road,29.8,2.2,4.91
73.4,30.3,2,Road,64.2,2.0,3.24
3107.6,82.0,4,Rail,15.6,1.2,7.14
446.9,55.2,4,Road,86.7,9.4,5.25
523.9,61.0,17,Road,38.8,3.8,5.21
3352.3,1.0,16,Road,1.9,9.2,5.83
1221.1,45.1,9,Road,30.5,8.9,5.07
2830.7,39.1,26,Road,78.5,0.4,8.94
4128.7,63.7,10,Road,85.9,2.8,11.02
1427.6,34.7,7,Air,56.8,3.0,3.35
981.1,87.9,9,Road,29.4,2.8,6.48
484.0,60.5,27,Rail,52.8,4.3,5.97
591.4,59.6,32,Road,83.6,5.0,7.04
284.7,82.8,23,Road,31.6,7.6,6.11
399.0,89.6,27,Air,38.5,2.7,6.1
1946.9,18.2,25,Road,54.0,3.0,6.18
1447.3,73.0,29,Multimodal,88.7,6.0,11.35
3181.0,15.0,24,Road,58.2,1.8,7.75
3916.7,41.4,16,Sea,20.8,4.7,14.75
3532.6,9.5,16,Rail,8.9,2.5,5.2
2390.2,56.3,28,Air,9.5,2.0,4.82
465.5,42.4,20,Rail,95.0,8.0,5.5
3195.4,56.8,19,Rail,82.2,7.1,8.54
1635.9,61.2,10,Road,76.6,2.5,7.18
390.0,55.9,26,Road,49.6,4.2,5.39
3791.9,26.8,2,Air,67.3,1.5,3.94
1525.3,75.4,3,Road,12.7,0.5,6.0
986.0,49.9,39,Road,62.1,5.9,6.81
3922.2,44.3,2,Sea,81.1,3.6,15.23
4060.1,88.8,25,Road,6.2,2.1,10.68
1528.7,25.9,4,Multimodal,29.6,1.1,6.04
1599.8,47.8,15,Sea,11.0,6.8,9.96
2610.4,61.6,18,Rail,26.0,2.7,6.81
3301.8,11.7,7,Air,77.3,9.1,3.55
288.9,32.2,27,Road,33.2,1.9,3.99
2672.1,72.3,18,Road,69.0,2.4,9.05
4287.9,21.7,7,Rail,77.3,8.5,7.07
1183.1,44.6,29,Road,81.7,5.7,6.98
4090.2,56.9,33,Sea,87.3,1.1,16.98
4276.0,60.6,2,Air,59.8,5.5,5.17
1214.8,65.7,18,Road,28.1,3.1,6.03
3395.1,78.0,23,Road,15.1,7.4,9.61
1078.3,35.7,6,Multimodal,50.4,0.8,5.79
3320.6,63.7,25,Road,10.4,9.2,8.9
3589.4,66.0,19,Rail,91.1,4.8,9.29
1116.2,27.4,8,Road,44.2,7.3,4.34
3222.8,87.2,37,Air,87.3,7.0,8.05
3655.4,77.9,26,Rail,70.9,1.8,9.78
1616.8,26.4,29,Sea,85.7,8.8,11.98
758.8,60.9,28,Sea,88.4,2.3,9.83
418.4,64.7,7,Road,5.3,1.9,4.13
2591.3,39.1,36,Road,72.5,5.2,9.0
4401.6,77.8,15,Sea,22.7,9.8,18.59
3704.2,62.3,33,Road,98.9,3.1,11.77
1964.1,59.4,5,Sea,77.8,9.6,12.98
2417.1,20.3,29,Multimodal,0.4,4.4,8.93
1261.5,37.0,17,Rail,92.7,8.3,6.03
738.0,39.3,27,Sea,29.2,5.3,8.38
2172.0,66.2,17,Sea,41.7,2.1,11.56
2088.4,55.8,4,Sea,61.2,8.8,12.62
2351.1,8.2,12,Road,91.6,0.7,6.48
4287.9,28.0,23,Road,92.7,6.8,10.77
2719.5,42.8,11,Road,56.3,8.3,7.62
2727.9,66.4,36,Rail,31.7,8.3,7.93
580.5,67.0,12,Rail,27.9,6.6,5.2
4484.2,44.4,9,Sea,36.4,2.5,15.37
3478.9,11.0,24,Road,18.1,5.3,7.02
3948.0,26.7,18,Rail,67.0,6.3,7.48
1867.3,23.3,27,Road,52.8,8.9,6.43
2262.1,70.4,9,Sea,77.3,1.6,12.21
2351.8,16.6,33,Rail,9.4,4.6,5.24
877.5,42.1,6,Road,40.0,3.3,4.32
3104.3,60.5,33,Road,24.0,4.3,9.61
4063.9,86.8,6,Sea,53.5,1.8,16.4
740.9,89.9,4,Rail,46.8,2.2,5.83
393.0,85.8,3,Road,45.0,7.7,5.32
3323.3,64.8,13,Multimodal,31.6,4.8,12.19
1233.0,67.3,26,Sea,72.7,5.1,11.47
2809.3,68.4,34,Multimodal,48.2,9.0,13.79
3132.4,77.7,13,Road,20.2,2.4,9.18
1452.0,85.7,8,Rail,54.7,3.3,6.93
3669.1,40.4,12,Air,59.7,3.1,4.82
2477.2,37.8,8,Rail,2.1,6.6,4.99
3911.2,41.7,19,Sea,20.4,5.6,14.96
3436.0,59.6,10,Road,24.2,4.7,8.52
3909.2,69.9,32,Road,24.8,6.7,10.67
95.6,78.4,21,Road,23.9,4.8,5.05
1099.6,41.3,23,Road,27.2,8.2,5.2
409.6,33.0,27,Road,26.3,4.1,4.05
1992.2,88.5,25,Road,88.4,8.9,9.73
4005.4,21.3,7,Multimodal,32.0,1.2,10.37
2106.6,20.4,35,Road,35.0,0.9,6.49
3824.5,64.5,2,Rail,26.6,6.6,7.26
1475.7,16.6,28,Sea,96.8,3.9,10.27
1531.4,36.2,7,Rail,53.5,4.6,5.01
4030.5,26.7,12,Road,61.1,7.0,9.06
1919.0,15.6,17,Sea,73.5,2.1,9.92
3555.0,52.4,22,Rail,33.4,0.4,7.56
1068.7,33.9,9,Sea,96.9,4.4,9.39
4269.9,41.9,3,Sea,15.2,8.9,15.77
2587.7,18.0,22,Multimodal,45.8,4.5,9.62
3418.2,69.2,36,Rail,14.5,5.7,8.26
407.4,28.7,39,Road,79.0,2.1,5.72
2219.5,31.2,18,Rail,10.7,4.6,4.93
4055.2,23.1,17,Road,55.4,4.8,9.19
3947.3,39.4,27,Air,10.5,2.4,4.29
215.4,42.0,35,Road,45.3,1.6,4.85
1370.1,47.9,32,Road,28.0,3.5,6.5
1997.7,87.1,3,Sea,90.3,0.4,11.89
779.3,81.5,13,Rail,5.3,1.7,5.45
3286.3,55.0,17,Road,65.0,7.3,9.56
834.4,4.0,18,Rail,69.5,6.5,3.93
1563.1,55.3,17,Air,88.9,3.1,5.36
2986.4,8.5,16,Road,87.8,5.5,7.53
2172.0,64.1,22,Air,97.7,8.3,6.56
3324.9,35.4,25,Road,25.4,8.4,8.22
4325.6,75.5,1,Sea,27.5,6.5,16.91
528.9,84.9,27,Sea,39.7,1.2,8.98
3194.5,37.8,14,Road,53.8,1.6,8.33
1040.4,41.7,28,Road,36.7,2.9,5.71
1868.1,53.3,36,Road,74.0,6.7,8.55
152.7,18.1,32,Sea,0.9,2.6,5.29
615.9,83.5,29,Rail,1.8,4.6,5.94
1442.4,39.3,17,Rail,71.6,8.3,5.47
1542.2,15.4,28,Road,88.3,8.9,6.48
4048.6,68.8,21,Road,77.7,8.4,11.73
3339.4,20.1,24,Road,11.7,1.2,7.35
4375.0,13.3,35,Road,93.5,9.1,10.87
2697.8,50.9,20,Rail,52.2,6.8,7.23
1091.5,60.6,22,Air,74.2,6.2,5.77
1477.8,51.5,4,Rail,20.1,2.5,4.5
1442.7,59.3,16,Road,54.9,9.3,6.85
1472.6,10.8,21,Multimodal,33.0,0.2,5.97
3030.0,43.1,21,Sea,97.5,0.8,13.8
2391.0,32.5,11,Multimodal,47.4,1.5,8.78
1737.5,87.6,37,Rail,75.6,6.9,8.98
675.2,4.9,22,Road,60.3,6.2,3.77
104.5,27.2,20,Road,9.4,9.4,2.39
988.7,84.8,2,Sea,54.3,3.5,9.59
488.1,88.5,11,Road,54.0,3.5,6.2
3535.6,74.3,21,Road,71.6,6.7,10.84
510.7,7.3,33,Rail,32.2,1.7,3.68
3260.4,50.7,17,Rail,86.1,4.6,8.34
1738.5,36.3,36,Rail,62.3,0.2,6.49
334.8,72.7,14,Road,3.9,5.9,4.48
3658.2,5.4,37,Road,70.7,7.8,8.9
2610.4,18.1,31,Rail,90.7,2.0,6.92
1064.7,44.3,4,Multimodal,68.3,3.1,7.21
4026.6,14.6,6,Sea,38.0,1.3,12.92
208.4,62.5,21,Air,59.1,6.2,5.09
912.2,74.0,13,Sea,17.1,5.6,9.49
3385.5,63.6,38,Rail,60.1,8.3,9.24
3193.7,39.9,15,Road,50.1,9.7,8.38
1305.3,79.1,5,Rail,2.6,9.8,5.01
283.8,12.8,38,Rail,32.2,1.1,3.72
3862.1,23.8,24,Rail,19.1,5.5,6.61
1415.1,44.3,18,Rail,39.1,7.9,5.34
884.7,6.0,29,Rail,24.2,6.6,3.4
2324.7,9.1,32,Road,83.4,9.0,7.23
4096.5,36.1,7,Rail,69.8,4.4,7.57
200.7,85.0,30,Road,74.0,4.3,7.15
3447.3,81.8,38,Sea,36.1,0.3,15.46
2578.3,42.2,26,Road,0.3,0.2,6.81
1917.4,13.2,8,Road,21.9,6.9,4.26
3349.6,16.4,25,Road,75.5,4.7,8.24
4346.4,34.3,30,Rail,60.3,6.6,8.81
1035.3,19.3,24,Road,53.9,2.4,4.94
650.7,7.9,30,Road,28.1,8.6,3.82
4108.4,60.8,5,Rail,7.6,9.0,7.0
3011.9,52.5,4,Road,78.5,6.6,8.4
1973.7,26.6,9,Multimodal,3.9,2.8,6.71
2581.8,70.2,33,Air,5.9,2.2,5.33
3356.5,69.9,29,Rail,29.5,6.3,8.34
3479.8,44.4,31,Road,57.3,9.4,9.53
4139.9,9.1,19,Sea,99.2,5.8,15.99
1923.7,82.7,2,Road,9.1,8.4,6.51
1323.9,60.3,20,Rail,47.3,5.7,6.28
2880.3,22.6,12,Road,60.2,6.7,7.24
1873.7,55.1,21,Air,82.3,5.7,5.67
2677.7,36.7,31,Road,69.0,5.8,8.66
1892.8,57.4,36,Rail,80.8,7.4,7.91
692.7,42.9,20,Sea,52.2,4.0,8.19
2115.1,43.9,20,Rail,43.4,9.0,6.1
3110.7,66.4,36,Road,61.9,8.6,10.49
3597.8,55.4,18,Multimodal,90.1,7.3,14.37
2222.5,7.7,6,Rail,55.1,7.4,4.52
747.7,6.4,33,Rail,60.6,4.1,4.51
1869.0,27.8,10,Road,33.8,8.3,5.43
3539.4,39.0,18,Rail,59.6,9.3,7.37
1860.8,25.1,34,Road,62.8,8.0,7.04
3135.9,58.8,15,Road,75.3,1.3,9.29
2284.9,18.0,3,Road,57.2,7.9,5.52
1089.3,63.5,8,Sea,19.8,4.6,8.98
3583.7,69.7,11,Road,58.2,6.1,9.8
383.5,11.6,32,Road,29.8,9.9,3.44
2364.4,58.7,17,Rail,8.7,3.6,6.08
944.0,86.5,30,Sea,82.5,3.5,11.61
306.5,17.8,8,Road,6.6,2.6,2.13
2265.7,81.9,7,Rail,63.2,1.3,7.52
2250.5,54.7,20,Road,98.8,1.7,8.79
3182.5,53.4,12,Road,8.8,5.1,7.72
3352.7,5.1,21,Road,22.0,9.1,6.71
3276.4,67.5,28,Sea,76.1,8.1,17.05
1846.0,43.3,28,Road,9.7,1.8,6.09
2844.4,65.0,16,Road,83.3,5.6,9.11
2598.4,72.9,10,Road,0.0,8.5,7.14
1899.9,47.4,22,Sea,89.0,5.4,12.41
2689.5,24.1,7,Road,6.7,9.1,5.6
4262.9,13.2,4,Road,92.2,9.1,9.35
872.1,14.9,24,Road,86.5,3.5,5.13
4076.4,78.1,34,Road,54.0,8.7,11.92
245.3,11.6,14,Rail,77.8,5.9,3.65
1391.2,34.9,17,Rail,7.5,4.8,4.2
1300.2,30.4,8,Road,13.5,7.7,4.07
2820.5,78.0,13,Road,36.9,7.9,8.79
594.9,43.3,7,Road,53.7,6.8,4.1
3971.2,89.7,3,Road,86.8,8.1,11.54
3729.3,66.5,24,Road,54.3,9.5,10.57
2936.0,76.7,24,Sea,66.5,8.7,16.13
2065.6,9.3,7,Multimodal,68.0,0.7,7.21
4198.6,23.2,30,Multimodal,87.8,8.5,15.15
3739.2,12.6,5,Air,77.7,7.8,3.77
2249.4,42.0,21,Rail,97.7,9.3,7.34
3159.9,64.8,8,Sea,2.0,7.4,13.87
2553.4,15.6,7,Road,20.8,8.8,5.17
2647.8,12.2,39,Rail,93.0,0.1,7.16
1492.7,55.5,2,Rail,79.2,9.8,5.89
2082.1,21.1,12,Rail,26.7,1.9,4.18
356.2,43.4,28,Sea,97.4,8.6,10.2
1611.3,5.1,19,Road,87.0,9.3,5.61
3132.7,61.4,28,Road,6.5,0.0,8.56
4289.7,48.9,35,Air,81.1,9.1,7.17
4334.0,58.4,12,Road,78.4,8.3,10.94
2503.0,25.1,28,Rail,22.1,9.2,5.68
2731.8,25.4,26,Air,66.9,1.8,4.68
839.8,72.2,38,Rail,97.0,7.8,8.32
3130.4,64.8,6,Rail,67.6,4.9,7.65
322.6,52.4,19,Road,81.4,2.6,5.4
1284.7,56.7,27,Road,9.9,7.6,6.0
3009.3,8.9,9,Air,72.7,4.7,3.18
1399.8,77.1,10,Rail,20.5,9.0,5.67
229.1,69.4,10,Rail,7.2,7.1,4.06
3744.3,53.3,33,Road,55.2,1.4,10.47
1399.9,82.7,18,Road,75.1,2.5,8.07
288.7,15.6,10,Multimodal,54.7,2.6,4.44
341.2,62.0,7,Road,93.2,3.4,5.67
1136.7,86.7,32,Rail,69.6,6.7,8.02
805.2,28.2,6,Road,11.8,8.9,3.18
3485.5,1.9,19,Rail,93.5,5.9,6.59
1451.0,66.3,34,Multimodal,15.3,7.5,9.99
3622.1,1.1,5,Rail,75.8,3.2,5.55
786.4,78.6,19,Road,14.9,5.2,5.76
2220.5,5.5,14,Rail,99.9,5.0,5.76
3097.7,58.9,10,Sea,33.2,7.0,14.15
2935.7,34.3,11,Road,49.6,5.2,7.35
2707.1,18.7,31,Air,46.7,3.3,4.23
4162.1,80.9,2,Rail,10.2,2.4,7.62
1032.2,67.3,10,Air,49.4,2.5,4.43
2224.3,31.0,21,Rail,15.0,9.8,4.97
3978.5,25.9,1,Road,80.2,3.6,8.56
355.1,66.4,31,Road,95.8,8.1,7.47
256.2,75.4,11,Road,80.8,0.7,6.29
1053.7,64.6,10,Air,43.1,0.9,4.73
2850.4,57.8,20,Sea,0.2,6.9,13.12
1173.2,20.9,21,Rail,3.7,4.6,3.79
860.1,76.8,37,Road,49.5,8.8,7.41
2067.3,67.6,37,Road,67.9,8.6,9.49
2763.1,46.8,14,Sea,82.0,7.6,14.41
1122.3,46.3,5,Rail,60.0,8.2,4.78
1356.6,51.4,6,Road,97.8,8.7,6.96
2762.9,74.6,24,Rail,49.4,7.8,8.5
4256.1,66.9,16,Road,60.0,5.3,10.9
3038.0,77.1,23,Road,23.0,2.6,9.34
3524.2,45.9,38,Rail,34.0,7.9,7.86
1653.8,56.4,16,Road,68.3,3.2,7.12
1228.8,77.0,13,Multimodal,60.2,2.4,8.82
2046.9,21.3,8,Road,37.0,1.7,5.17
3633.1,40.2,38,Road,11.2,6.3,9.38
2056.1,56.0,32,Road,34.3,2.4,7.57
3811.0,82.4,22,Sea,4.4,3.7,15.78
4449.5,1.9,17,Road,58.1,7.1,8.85
328.8,19.5,5,Rail,32.3,7.9,2.34
209.1,21.5,8,Road,38.0,3.1,2.56
677.4,29.7,30,Road,57.5,8.4,5.37
1732.7,25.7,19,Road,58.1,0.6,6.19
594.0,53.3,12,Sea,58.8,9.9,9.73
3918.6,79.8,25,Air,49.2,4.2,6.93
109.0,57.5,13,Road,48.8,3.2,4.71
1424.5,22.1,4,Rail,82.1,9.2,4.61
835.2,77.8,10,Air,46.8,1.3,5.11
4192.3,57.1,28,Road,53.6,3.6,10.97
3014.3,20.1,5,Sea,98.8,3.6,12.55
4104.6,32.9,28,Road,18.1,4.2,9.16
4375.6,71.2,31,Multimodal,72.6,8.5,16.96
2239.5,66.6,16,Sea,47.3,8.5,13.42
1058.3,52.1,23,Multimodal,83.1,5.9,9.39
875.8,13.5,29,Rail,40.4,9.9,4.13
1007.0,72.4,21,Road,30.3,8.4,6.36
3190.1,28.0,2,Multimodal,20.8,6.8,10.28
186.8,69.6,23,Road,87.2,2.0,6.57
235.9,58.5,16,Road,71.8,5.5,5.34
2738.6,24.1,11,Sea,7.7,2.1,10.16
2891.0,19.5,9,Sea,71.3,3.0,12.12
2995.4,12.2,2,Air,3.5,6.9,1.65
1676.6,22.2,18,Road,18.2,1.8,4.74
3627.7,14.6,13,Sea,59.3,0.9,12.77
2403.6,55.7,8,Sea,46.4,5.3,11.99
479.1,54.1,10,Road,84.0,0.0,5.41
3588.0,53.0,27,Road,60.8,6.1,10.05
4289.0,57.9,17,Road,96.5,9.0,11.48
274.9,73.4,24,Road,85.5,1.9,6.76
1764.1,82.3,21,Multimodal,34.0,3.8,10.38
2196.4,21.1,1,Rail,83.4,9.2,5.46
663.4,53.1,16,Sea,87.0,7.0,9.98
3905.4,7.5,33,Multimodal,97.0,1.4,12.41
1282.3,11.3,6,Road,1.3,3.8,2.77
3524.6,59.1,12,Sea,87.5,7.6,16.61
3021.1,44.0,32,Road,7.0,6.6,7.77
2693.2,68.4,11,Air,52.8,1.6,5.3
868.7,38.6,18,Road,41.5,0.6,4.92
997.1,11.9,2,Multimodal,92.0,6.8,7.01
217.8,78.5,32,Road,40.5,6.1,6.17
1087.0,7.9,20,Road,59.6,0.6,4.6
1557.8,17.4,21,Sea,69.2,9.7,11.12
3750.0,25.3,36,Road,1.9,2.5,8.58
1651.9,89.6,38,Rail,59.1,3.9,9.02
3397.0,37.8,27,Road,51.8,1.8,9.14
1980.3,45.4,11,Sea,59.4,8.3,12.06
3533.0,69.4,18,Road,7.6,9.6,9.33
4393.3,57.5,17,Road,5.6,2.1,9.34
1083.1,75.8,34,Road,17.8,2.8,6.71
3881.2,44.0,26,Rail,87.0,7.1,9.08
2800.1,87.5,6,Road,35.6,5.3,9.18
3678.7,71.8,30,Road,43.4,1.1,10.88
2933.9,36.4,39,Road,39.0,9.3,8.7
1910.7,34.6,32,Road,71.4,6.1,7.46
1030.2,83.7,17,Rail,25.9,3.0,6.28
319.8,61.8,13,Air,6.8,4.9,3.64
2412.2,56.1,13,Road,37.8,5.0,7.52
4456.5,68.3,6,Rail,72.8,5.3,9.15
3322.5,50.7,22,Rail,91.5,5.0,8.79
1476.4,14.7,33,Road,5.1,5.6,4.76
3723.3,29.1,33,Sea,81.0,3.9,15.85
3461.6,50.4,4,Road,6.6,1.5,7.65
1271.0,2.1,14,Rail,33.1,6.6,3.02
69.3,39.6,35,Road,2.2,7.9,3.78
536.1,68.1,27,Rail,91.2,8.4,7.08
3948.5,15.2,6,Rail,70.7,0.2,6.34
3765.4,6.3,1,Road,36.9,4.0,6.52
1332.0,75.3,28,Road,37.7,9.8,7.31
1287.0,55.7,29,Multimodal,64.0,0.6,8.72
3568.9,16.3,32,Road,9.0,7.9,7.72
4220.1,72.7,28,Rail,14.5,1.3,8.94
3507.2,59.4,27,Air,84.7,8.2,6.79
2727.1,30.4,10,Sea,20.2,6.7,11.94
1095.8,34.2,18,Rail,72.7,7.3,5.43
2368.2,14.5,4,Sea,22.6,9.8,10.94
1054.6,75.3,38,Air,8.8,9.4,5.5
3637.0,46.1,32,Rail,90.0,3.0,9.36
1744.4,50.4,5,Rail,90.2,3.8,6.24
3752.5,79.6,22,Road,60.5,4.1,11.37
1720.3,1.9,22,Multimodal,46.2,1.8,6.66
3709.6,6.5,2,Rail,55.3,3.8,5.37
1503.3,15.0,34,Road,40.8,9.8,5.71
1983.4,3.2,2,Air,75.7,4.9,2.94
2771.6,59.4,36,Rail,75.5,9.5,8.54
320.9,57.2,8,Road,81.9,0.7,5.37
4267.2,19.4,33,Rail,52.3,0.4,7.99
2583.4,13.9,33,Road,80.1,5.8,7.82
2287.7,13.5,4,Air,15.6,7.4,1.92
3778.1,85.8,18,Road,3.0,2.2,9.81
3896.6,62.6,19,Sea,64.8,5.0,16.59
2352.6,52.9,10,Rail,10.5,8.7,5.53
4173.0,29.4,30,Road,55.1,7.6,9.88
296.0,39.3,22,Multimodal,72.1,2.3,6.39
513.9,8.5,39,Rail,40.7,3.3,4.05
2687.6,89.8,38,Road,4.4,3.1,9.58
1596.5,68.1,1,Rail,88.7,7.2,6.82
2091.7,56.1,30,Air,4.3,9.7,4.39
1479.7,53.1,5,Road,90.5,2.8,6.73
1824.2,45.6,26,Road,5.3,5.9,6.17
3702.8,23.5,31,Road,73.5,9.9,9.63
2672.7,20.8,39,Road,92.5,1.6,8.77
4488.1,49.7,12,Sea,90.7,6.6,18.16
3542.0,6.8,17,Rail,89.3,3.3,6.62
1235.1,7.2,18,Road,88.3,9.9,5.09
1193.2,50.7,2,Road,51.0,1.1,5.46
1514.9,82.8,24,Road,55.8,4.5,8.26
3795.5,82.3,28,Multimodal,62.0,2.5,14.53
127.7,1.5,39,Road,89.6,0.3,4.53
1039.7,10.1,10,Multimodal,83.8,9.6,7.91
4072.6,52.7,33,Rail,78.3,5.7,9.69
2881.3,76.4,24,Road,67.6,7.0,10.01
1024.7,85.9,11,Air,61.8,6.2,5.67
990.1,77.5,8,Rail,92.2,1.5,6.9
3882.5,61.1,27,Sea,19.3,1.7,15.1
4022.4,18.4,26,Multimodal,19.3,6.3,12.29
1156.3,7.0,12,Road,98.2,7.8,5.02
1895.2,4.8,35,Road,55.3,6.1,6.07
3756.5,55.3,15,Sea,48.3,5.7,15.29
3470.7,3.7,21,Road,85.1,7.5,8.1
3663.6,66.7,37,Road,85.0,2.4,11.65
2335.2,64.3,30,Road,17.7,7.3,8.08
4102.4,7.6,5,Road,17.4,4.1,6.87
1470.2,81.6,17,Sea,79.5,6.7,12.71
709.2,47.2,26,Road,78.6,2.7,6.34
3190.8,81.4,34,Rail,22.5,1.4,8.71
2429.4,81.2,33,Rail,84.2,0.3,9.47
3846.4,18.1,18,Road,48.0,8.0,8.27
369.8,34.6,25,Road,47.0,2.0,4.41
3797.4,12.5,30,Sea,98.6,3.6,15.26
1323.4,69.9,37,Road,51.9,7.7,7.86
2948.6,45.6,20,Sea,13.7,4.5,12.81
185.4,83.6,2,Air,28.0,2.2,4.07
2745.1,19.1,13,Road,33.4,1.9,6.19
3229.1,62.1,20,Rail,95.8,4.1,9.33
1662.5,89.0,6,Rail,26.4,5.7,6.48
973.3,60.1,11,Road,43.0,3.9,5.61
2421.6,6.7,25,Air,75.0,9.0,3.9
3750.2,53.2,10,Air,27.4,0.0,4.61
1459.3,16.6,31,Road,70.2,4.0,6.28
1139.8,3.2,4,Rail,20.8,7.4,2.22
1258.8,30.5,25,Air,24.3,8.9,3.64
4271.3,24.3,28,Multimodal,98.6,3.6,14.33
1619.9,71.1,24,Rail,36.9,6.7,6.5
21.2,33.9,35,Rail,73.0,5.8,5.36
3518.7,66.1,5,Road,84.0,2.0,9.85
3148.2,2.0,33,Multimodal,34.7,6.8,11.06
582.9,1.8,11,Road,35.7,2.5,2.4
4432.1,3.1,8,Rail,77.3,7.8,6.81
2738.2,20.1,21,Road,60.7,8.7,7.06
2256.0,34.0,32,Road,36.2,4.8,7.38
1723.1,54.9,5,Road,75.0,0.5,6.82
4044.5,88.7,34,Multimodal,86.4,7.4,17.47
1101.6,32.2,9,Road,23.5,4.7,3.99
1289.5,5.5,38,Rail,2.4,0.9,3.87
555.2,17.9,32,Road,27.4,3.3,4.23
3417.2,80.9,10,Road,67.4,2.9,10.3
2682.0,63.1,12,Road,91.5,7.3,9.26
2742.8,71.2,35,Rail,86.3,4.2,9.57
987.0,11.6,39,Road,22.2,5.9,4.35
2932.0,12.6,18,Road,88.1,5.0,7.67
3445.7,10.5,23,Road,81.1,7.2,8.65
1613.7,77.2,12,Road,73.4,7.2,7.56
3607.1,19.3,31,Multimodal,68.8,4.5,12.62
1572.8,58.1,11,Multimodal,80.7,1.4,8.73
3412.8,46.7,34,Road,86.2,4.1,10.85
156.6,49.2,27,Rail,81.9,1.6,5.83
2482.5,18.0,21,Air,12.2,9.6,2.76
4363.0,57.4,10,Road,72.2,9.5,10.94
4415.7,4.4,13,Sea,84.1,4.6,15.75
1271.5,89.4,25,Multimodal,18.6,0.3,8.68
1989.1,2.9,13,Road,21.4,3.7,4.25
288.1,5.0,6,Road,78.6,9.0,3.15
3930.7,29.6,35,Multimodal,34.4,2.9,12.34
2560.7,74.9,28,Rail,40.0,6.2,8.24
1736.0,23.5,20,Road,37.7,1.8,5.14
511.9,42.7,20,Road,21.3,8.3,4.21
4260.7,2.1,4,Road,93.9,8.9,8.53
2388.3,7.6,20,Rail,80.6,6.2,5.52
1276.8,54.9,5,Sea,25.1,6.2,9.56
1579.2,17.9,22,Multimodal,10.6,3.8,6.52
1221.8,62.6,24,Road,37.3,7.1,6.74
2710.1,70.8,17,Rail,41.5,4.8,7.3
4185.2,76.6,5,Rail,0.7,7.5,7.75
3855.8,12.5,26,Road,88.7,9.7,9.33
2074.4,41.3,36,Road,85.1,8.2,8.23
3720.1,85.3,8,Multimodal,85.0,5.2,14.6
1906.9,69.6,9,Air,80.6,9.8,5.76
1139.1,11.0,17,Rail,73.3,6.1,4.29
4425.5,45.5,8,Rail,63.5,0.6,8.14
1371.0,83.1,5,Road,96.0,7.3,8.01
1460.1,39.9,10,Rail,71.2,8.2,5.7
4453.7,75.4,14,Rail,63.0,1.3,9.62
607.0,44.9,27,Rail,78.9,6.8,6.1
3423.6,10.1,27,Multimodal,24.6,9.2,11.89
4211.5,13.7,5,Rail,96.7,2.5,7.2
2305.5,4.7,15,Road,1.9,5.9,4.68
16.3,18.0,28,Sea,64.8,2.7,6.4
1690.9,80.5,5,Road,7.7,7.7,6.28
506.5,58.7,22,Road,85.3,5.8,6.44
1875.8,66.6,12,Road,96.8,4.3,8.36
3556.2,56.1,8,Road,40.9,0.3,8.91
1977.0,35.1,1,Sea,85.7,9.4,12.33
1946.5,19.9,35,Rail,33.6,5.0,5.42
2507.8,83.3,16,Sea,15.9,8.0,14.05
2619.7,46.6,30,Rail,27.7,3.9,6.83
3854.1,43.6,10,Road,30.2,8.5,8.72
1391.1,89.7,34,Sea,63.1,1.6,12.07
3698.4,34.9,11,Road,79.6,2.3,9.09
2548.9,76.9,20,Road,20.5,3.3,8.39
1355.9,77.7,7,Rail,8.8,0.9,5.44
1331.6,21.3,21,Road,22.2,4.4,4.49
1628.3,9.0,11,Road,29.7,4.9,3.74
2804.0,87.8,37,Rail,28.0,1.1,8.86
1042.5,38.6,23,Rail,22.0,4.3,4.83
4141.9,0.7,31,Road,46.6,2.0,8.93
2589.2,45.2,18,Multimodal,85.6,8.8,12.36
4140.5,55.9,24,Rail,10.0,5.1,8.15
213.6,70.0,22,Air,86.2,9.5,5.91
1545.0,84.9,37,Road,49.7,3.4,8.57
107.5,82.4,1,Rail,66.0,3.4,5.35
1228.8,84.6,6,Air,81.5,3.4,6.06
3879.7,3.4,38,Rail,30.4,2.7,6.61
169.6,64.2,29,Sea,95.4,7.8,10.54
1965.5,20.7,11,Road,8.4,2.8,4.65
533.5,17.3,16,Road,52.8,2.9,3.66
1878.7,72.1,6,Rail,25.5,0.5,6.05
3775.6,37.8,1,Road,40.8,9.7,8.23
2805.7,82.5,35,Air,44.9,8.9,7.01
3316.7,4.3,24,Road,91.5,2.9,8.42
1574.2,72.3,38,Multimodal,44.2,5.2,10.68
4250.1,12.7,3,Multimodal,69.8,4.8,12.26
3193.1,16.3,2,Road,95.2,0.9,7.54
1901.0,43.2,15,Road,49.5,5.3,6.4
1922.0,35.9,22,Air,40.8,1.1,4.24
4134.5,44.0,4,Multimodal,97.3,4.3,13.57
2595.9,84.6,24,Road,82.8,0.9,10.24
3180.2,59.3,19,Road,94.0,5.9,10.1
1879.6,26.5,30,Rail,39.7,0.5,5.44
1010.5,16.0,22,Rail,69.6,6.3,4.57
3257.4,38.1,39,Road,25.0,7.1,9.04
2737.2,40.9,27,Sea,86.6,5.7,14.52
2258.5,54.3,15,Road,93.3,4.7,8.45
2810.0,24.3,37,Road,26.8,0.6,7.54
941.2,69.2,1,Road,10.5,0.1,4.73
3573.8,9.3,12,Road,20.1,3.4,6.43
4267.0,50.7,9,Road,63.3,7.7,10.32
4010.5,56.3,19,Rail,27.2,6.5,7.9
1449.9,19.0,18,Road,63.9,1.3,5.24
1830.0,74.4,39,Road,35.0,6.9,8.78
3638.8,55.6,11,Road,91.7,5.7,10.19
2680.1,58.3,11,Multimodal,45.3,1.7,10.05
2467.9,45.0,30,Road,49.8,7.6,8.46
4170.3,81.9,20,Road,34.8,8.3,11.1
2414.4,62.6,15,Rail,7.3,2.3,6.2
2319.6,34.7,25,Multimodal,49.4,6.4,10.59
193.9,21.9,3,Road,77.4,3.8,3.17
317.0,6.9,26,Rail,95.3,0.6,4.44
38.4,15.3,28,Sea,7.7,8.6,6.38
4110.0,89.3,6,Rail,79.7,8.2,9.56
1840.7,36.9,32,Road,26.7,3.2,6.25
2111.2,80.9,11,Rail,82.3,5.3,7.67
3805.0,15.8,13,Road,34.2,5.1,7.59
2743.6,38.6,17,Rail,11.4,1.8,5.46
2744.7,86.5,36,Sea,61.2,1.5,14.87
1337.9,8.7,30,Road,89.4,8.4,5.92
3753.4,53.7,4,Sea,18.2,8.7,15.17
750.4,82.8,14,Road,2.2,7.3,5.36
243.9,85.5,28,Sea,88.4,0.7,9.38
866.3,76.2,7,Rail,69.8,9.1,6.5
1208.5,77.1,16,Road,80.9,9.8,7.63
1274.0,58.9,14,Road,6.0,7.8,5.42
3019.0,20.2,37,Multimodal,89.0,3.5,11.75
984.1,65.9,39,Road,41.9,4.1,7.39
3046.6,88.1,27,Road,89.8,8.7,11.33
414.6,47.6,30,Road,6.5,2.8,4.85
666.7,23.8,15,Rail,88.5,1.4,4.55
2292.2,51.8,39,Rail,67.3,8.2,7.91
4148.9,62.3,18,Road,55.4,1.9,10.69
3868.8,19.1,11,Road,6.2,9.1,7.11
4359.5,64.9,22,Road,68.8,6.0,11.44
2928.9,53.1,4,Road,59.8,5.6,8.26
3042.8,55.3,3,Road,72.6,7.8,8.73
2814.5,27.9,24,Sea,71.7,0.2,12.07
2804.6,14.4,14,Road,44.4,7.1,6.63
666.3,56.3,3,Road,20.5,6.0,4.3
2449.1,53.0,31,Road,91.9,5.2,9.42
1740.4,30.8,35,Multimodal,92.6,2.2,9.59
1994.2,27.0,31,Multimodal,21.2,8.3,9.95
2358.6,31.6,12,Sea,63.1,2.5,11.24
582.1,44.3,10,Road,20.3,4.9,3.65
1620.9,87.7,20,Road,86.1,1.6,9.19
290.2,68.8,18,Road,9.8,9.7,4.42
4408.6,76.7,36,Road,99.0,1.9,13.58
537.8,45.8,19,Rail,61.1,8.0,4.99
1167.1,47.6,17,Sea,2.3,2.6,8.05
4011.4,18.8,11,Air,88.2,2.6,4.56
2174.8,65.0,5,Sea,68.4,4.2,12.53
614.7,38.2,37,Road,69.7,8.5,5.83
1732.1,66.9,36,Rail,27.5,6.9,7.03
525.8,37.1,14,Road,33.7,8.7,3.89
905.0,10.2,28,Road,91.4,0.5,5.44
238.9,16.0,9,Sea,63.5,9.6,7.35
1974.8,73.1,38,Road,1.7,0.8,7.6
3630.8,23.6,29,Road,32.7,7.2,8.61
2638.9,24.2,25,Road,59.9,2.1,7.73
2730.5,83.7,8,Rail,14.8,8.4,7.1
906.6,59.4,19,Sea,9.8,8.6,9.62
1550.8,10.7,2,Road,5.9,5.5,3.16
3804.4,13.4,6,Sea,63.1,4.0,13.42
399.9,24.9,30,Road,32.1,7.9,4.22
3861.4,53.7,2,Road,37.4,8.7,8.85
2179.2,67.9,19,Sea,6.0,7.4,12.36
3768.0,25.1,13,Rail,73.8,9.1,7.18
1434.4,78.4,8,Multimodal,76.7,6.3,10.53
1528.1,10.3,9,Road,82.9,6.7,5.3
3383.5,19.1,23,Rail,65.2,5.7,6.88
3533.6,87.4,37,Rail,77.3,4.9,11.05
1037.3,12.6,8,Air,57.7,6.5,2.79
4378.1,80.0,9,Road,49.2,5.6,11.24
384.8,63.5,16,Sea,26.0,7.3,8.53
312.9,7.0,16,Rail,5.3,9.3,1.93
2681.8,43.8,12,Road,29.2,3.7,7.08
3253.7,46.9,25,Rail,68.4,4.1,8.04
4324.2,83.9,11,Road,92.7,0.2,12.56
1825.2,38.2,18,Rail,25.6,5.3,4.99
118.7,40.5,13,Air,67.0,1.3,3.95
2715.0,10.6,35,Rail,47.8,7.2,5.87
1307.2,57.7,18,Rail,62.8,7.8,6.32
1951.1,19.4,30,Rail,0.2,7.2,4.67
2200.7,7.4,37,Road,12.3,5.5,6.01
295.0,89.7,30,Road,21.7,5.3,6.19
2189.5,24.6,3,Rail,89.3,6.5,5.46
1921.3,13.1,29,Road,4.1,5.5,5.21
3207.9,63.1,25,Road,57.0,7.5,10.0
2907.3,74.0,2,Rail,92.9,8.9,8.19
837.5,6.2,5,Road,65.2,5.4,3.11
931.6,9.9,31,Road,48.4,1.1,4.46
1133.3,8.6,5,Rail,38.6,1.3,2.95
809.4,4.7,21,Road,62.4,3.8,3.83
2959.2,59.5,26,Air,48.0,5.0,5.83
4475.0,53.2,7,Air,70.5,2.3,5.35
2936.2,59.8,30,Sea,61.8,4.5,14.83
2732.0,45.8,34,Road,56.7,1.4,9.07
1847.6,73.7,28,Sea,95.7,2.4,13.17
1410.0,49.4,14,Sea,83.6,7.3,11.74
4100.3,82.7,18,Sea,60.9,9.9,19.24
4360.7,44.0,17,Road,53.9,1.9,10.04
2238.0,71.3,25,Rail,72.4,3.4,8.3
1309.5,37.0,6,Sea,80.4,3.5,9.33
3466.7,39.5,5,Rail,29.5,2.2,6.28
600.4,76.5,21,Rail,66.7,2.0,6.7
3446.3,10.1,39,Rail,13.5,1.3,6.18
3686.2,51.1,20,Rail,43.0,9.1,7.88
566.4,65.5,11,Road,93.8,6.5,6.27
4396.0,67.7,5,Rail,32.6,2.9,8.03
4434.9,53.4,38,Road,15.4,2.6,10.87
4215.6,40.6,39,Road,14.6,5.9,10.13
2234.7,23.8,35,Road,39.4,7.0,7.19
1111.1,81.9,35,Rail,22.5,2.5,6.95
2621.1,33.6,25,Road,42.7,3.5,7.22
1892.6,72.0,30,Rail,71.9,2.9,8.14
930.7,3.3,2,Sea,88.8,0.9,6.49
1909.4,21.3,20,Road,11.0,3.9,5.09
2989.2,31.4,36,Road,76.8,5.3,9.19
323.8,60.6,37,Road,10.3,6.6,5.4
1503.7,29.1,2,Air,37.9,4.2,2.7
85.0,4.2,27,Rail,99.7,9.8,4.38
3374.0,16.1,32,Rail,6.9,6.3,5.65
2884.9,23.7,4,Road,2.3,8.9,5.51
286.7,16.3,27,Rail,33.4,9.2,3.47
4341.5,18.7,30,Air,95.1,8.2,6.0
106.7,69.3,3,Sea,2.0,2.7,5.86
2656.9,37.4,27,Rail,22.3,4.3,6.13
3494.8,36.8,38,Road,60.3,0.0,9.78
3546.6,87.0,36,Road,23.4,4.5,11.21
159.1,40.5,1,Road,5.4,2.9,2.22
4079.3,83.5,35,Road,5.2,1.1,11.09
4133.4,27.3,12,Road,55.9,8.4,9.15
2528.4,36.4,35,Road,56.2,6.7,8.34
2172.0,36.0,18,Road,70.6,10.0,7.2
206.7,49.4,37,Multimodal,13.2,5.0,6.53
2531.0,52.8,23,Rail,50.0,3.3,7.22
1845.2,22.7,33,Sea,60.1,2.6,10.72
3478.8,71.5,14,Sea,22.2,4.4,14.65
1820.5,44.9,1,Road,54.7,3.1,5.96
3077.7,1.1,27,Sea,70.8,9.9,14.19
460.8,53.4,24,Road,99.1,1.8,6.33
602.6,71.9,2,Rail,59.6,0.2,5.26
633.0,22.9,12,Road,86.1,1.3,4.59
209.6,3.9,13,Multimodal,83.4,8.9,6.05
2438.3,72.7,27,Road,94.0,6.9,10.13
3573.9,87.9,20,Road,72.3,7.8,11.3
2748.8,7.4,37,Multimodal,21.3,3.2,9.26
2589.4,84.5,34,Road,29.8,6.2,9.74
3064.4,32.7,6,Rail,78.5,7.1,6.52
1531.7,84.8,8,Sea,52.1,3.3,11.09
1632.0,58.6,21,Sea,25.1,7.2,11.33
1417.6,80.2,39,Multimodal,65.7,6.3,11.61
3205.9,70.8,21,Multimodal,90.7,3.0,13.31
731.6,3.0,6,Road,35.8,0.5,2.53
63.5,6.4,30,Sea,59.6,2.4,5.8
2684.9,47.6,10,Rail,58.2,6.2,6.68
4241.0,12.1,11,Rail,12.7,6.0,5.72
2744.3,41.8,1,Road,9.0,5.1,6.24
3524.2,85.9,10,Rail,88.9,2.5,9.34
3029.2,26.9,25,Multimodal,93.4,4.4,12.08
2241.0,44.3,16,Air,90.4,1.4,5.28
3234.2,34.9,19,Road,39.7,6.6,8.14
3709.3,56.9,10,Road,28.8,8.7,8.95
1015.2,17.8,14,Road,94.2,4.6,5.12
1515.9,23.8,3,Sea,88.3,2.1,9.14
1010.6,77.4,4,Sea,82.0,8.3,11.51
2037.5,73.1,33,Rail,33.4,3.1,7.71
3983.4,71.1,20,Road,63.9,5.9,11.46
1556.7,69.5,15,Road,75.0,0.8,7.51
1688.2,41.6,7,Rail,57.6,7.2,5.31
3872.4,65.7,3,Air,60.2,4.6,5.45
2321.6,35.2,27,Rail,75.7,4.2,6.85
2411.8,9.5,37,Road,76.7,9.3,7.49
3874.3,35.7,29,Rail,24.0,4.9,7.54
2209.9,14.7,26,Road,39.1,0.2,6.07
3068.6,35.5,27,Multimodal,78.1,9.6,13.54
390.0,27.1,25,Road,26.1,0.1,3.66
807.9,54.1,30,Rail,91.6,5.4,7.21
1822.7,32.9,20,Road,83.9,6.3,6.66
2229.3,63.7,7,Rail,89.5,8.9,7.52
4346.0,46.3,29,Rail,29.7,6.8,8.41
4368.1,82.8,34,Sea,10.5,8.1,18.65
3831.1,8.6,26,Road,10.1,7.7,7.5
1423.6,62.0,27,Road,55.6,2.1,7.06
4338.3,60.7,9,Road,30.6,7.0,9.98
3103.6,85.6,22,Rail,26.4,6.4,8.31
1771.3,33.8,12,Road,22.2,2.4,4.93
3159.0,27.8,6,Rail,56.2,1.3,6.02
79.3,15.9,6,Air,54.8,7.5,2.29
662.0,24.2,27,Air,42.2,9.7,3.86
3734.4,45.4,19,Road,13.8,7.4,8.72
2906.9,75.5,6,Rail,92.9,7.5,8.12
1642.1,25.9,17,Road,42.8,1.7,5.35
2255.5,14.6,29,Rail,12.4,2.5,5.0
4073.6,24.9,23,Sea,3.7,5.9,14.41
2843.9,9.5,17,Road,15.3,0.3,5.73
1794.7,83.4,21,Road,29.7,6.7,7.85
545.9,78.6,10,Sea,63.0,1.4,8.51
1325.4,28.1,8,Air,97.1,4.1,4.4
4402.6,22.6,14,Road,27.2,3.2,8.69
1970.9,81.5,31,Rail,79.0,1.1,8.83
2125.9,0.7,18,Road,91.1,5.8,6.07
2246.2,54.3,30,Road,39.2,3.6,7.81
3979.0,82.5,18,Air,25.3,0.4,6.07
2719.7,46.0,25,Sea,49.1,4.4,13.25
3123.1,0.8,37,Sea,89.7,5.9,14.02
1755.4,20.1,25,Road,1.1,1.3,4.87
135.7,83.1,30,Sea,48.7,5.8,9.66
4189.7,2.0,30,Road,75.8,3.0,9.37
4271.3,35.8,36,Road,60.1,2.6,11.01
4271.4,71.2,11,Rail,49.7,8.0,8.83
4246.9,75.5,39,Road,55.4,4.7,12.4
3669.5,43.2,27,Sea,61.9,3.8,15.63
3082.3,21.3,16,Rail,68.2,8.1,6.4
3801.1,54.2,38,Road,35.6,9.1,10.41
2704.5,24.1,32,Road,51.7,3.2,7.61
609.0,23.3,29,Road,27.4,0.5,4.15
1763.5,72.8,10,Road,98.4,5.4,8.48
4371.0,14.3,30,Rail,18.7,7.2,6.86
1583.4,1.0,11,Sea,15.1,5.9,7.67
3905.9,30.6,15,Road,26.9,6.9,8.49
424.0,44.4,23,Road,92.0,6.5,6.0
1507.2,63.6,23,Rail,65.9,9.6,7.09
1582.5,70.4,7,Sea,45.6,8.7,11.83
237.0,59.9,14,Road,92.5,1.3,5.83
540.3,56.6,9,Road,90.0,4.5,5.52
873.3,60.1,28,Rail,40.2,4.5,5.89
3771.0,24.8,6,Road,56.4,4.6,8.21
290.0,34.7,22,Road,90.5,9.3,5.24
1347.7,55.7,18,Sea,31.9,3.3,9.75
50.7,6.4,38,Rail,40.8,6.1,3.83
3131.8,26.9,22,Rail,79.3,9.0,7.06
2793.3,36.9,9,Sea,69.9,0.5,11.81
2904.2,48.2,18,Rail,4.9,8.8,6.01
1687.9,44.0,21,Road,11.7,7.6,5.67
941.2,64.8,15,Road,84.6,2.1,7.19
3242.8,42.9,9,Road,3.0,3.3,6.83
3651.0,81.4,2,Road,92.0,3.1,10.76
628.0,34.5,14,Rail,27.2,2.2,3.71
2193.3,47.5,21,Air,59.8,6.4,5.03
1123.0,0.8,34,Multimodal,56.5,9.8,8.16
760.6,28.3,7,Rail,39.6,1.7,3.39
3305.8,78.1,15,Road,3.1,2.3,8.88
2423.7,30.4,39,Road,19.2,2.9,7.07
976.8,23.2,12,Sea,61.5,9.4,9.52
1398.5,49.1,7,Rail,44.6,6.3,5.14
4350.1,7.5,5,Rail,41.4,2.1,5.64
3819.8,48.1,39,Sea,9.8,8.0,16.47
3960.4,27.7,23,Sea,34.7,9.2,16.1
2072.8,34.8,28,Sea,52.6,4.0,11.31
2809.0,71.3,34,Road,7.8,1.7,8.72
1698.6,59.7,25,Sea,6.7,3.1,10.15
354.3,40.4,2,Air,49.2,2.2,3.41
1807.8,52.2,9,Road,56.1,2.0,6.77
2674.9,69.1,34,Rail,25.8,1.7,7.85
1295.7,67.2,32,Road,32.6,8.8,6.92
3816.5,17.1,12,Multimodal,79.7,0.9,11.0
684.2,27.4,19,Road,86.9,4.1,5.45
1655.2,31.7,38,Rail,32.5,0.1,6.18
566.4,17.3,10,Road,35.6,2.9,2.95
1824.7,1.6,10,Sea,83.0,7.1,10.22
183.3,16.1,35,Road,97.4,2.0,5.05
1230.1,72.8,37,Road,32.1,10.0,7.68
1806.3,49.4,32,Rail,78.9,0.5,7.27
2154.4,31.1,7,Air,48.0,1.4,3.54
2448.9,54.9,10,Road,26.4,7.9,6.81
1241.1,66.7,38,Road,68.2,9.8,8.25
2356.1,32.2,27,Sea,46.3,9.5,13.1
2293.0,42.2,32,Rail,26.8,8.0,6.4
1426.2,6.2,7,Air,10.7,9.7,1.27
3736.8,53.9,26,Road,86.7,8.4,11.19
2457.7,32.4,22,Rail,87.9,0.6,7.19
1498.6,39.3,12,Road,7.5,8.5,4.67
4263.3,38.3,24,Road,66.3,4.8,10.34
3803.8,57.1,29,Rail,16.3,4.6,8.21
4421.7,51.7,32,Rail,64.6,0.0,9.06
3116.6,38.3,16,Sea,90.8,6.2,14.81
1705.1,2.0,26,Road,26.0,6.7,4.5
1267.5,56.1,6,Road,34.8,7.9,5.72
2986.6,79.2,1,Road,79.5,3.3,9.86
4413.8,69.4,13,Multimodal,73.5,1.3,14.31
2822.1,88.4,38,Road,40.9,4.4,10.53
3967.9,12.9,6,Road,84.9,3.6,8.55
1484.3,20.4,38,Road,92.1,7.5,7.03
1834.3,48.8,12,Rail,45.3,2.3,5.58
4078.7,21.6,9,Road,3.9,1.4,7.45
3407.1,3.6,20,Air,50.9,4.4,3.48
4416.4,36.5,39,Road,74.0,6.3,11.54
3487.6,26.2,27,Air,22.0,2.8,4.07
2021.1,24.1,3,Road,9.9,1.1,4.37
2392.2,85.8,24,Rail,28.5,4.4,7.77
4052.8,21.8,15,Air,1.2,9.6,2.82
2484.7,12.1,34,Road,71.5,9.7,7.65
1153.0,11.7,32,Multimodal,14.6,7.1,7.25
1963.1,72.7,21,Rail,72.4,7.8,7.85
2325.8,64.5,1,Multimodal,23.5,2.0,8.89
439.8,12.1,33,Rail,99.2,3.7,5.2
3348.2,20.2,11,Road,53.2,6.0,7.53
496.5,67.4,3,Road,4.1,7.5,4.13
1825.1,25.1,22,Road,77.3,1.7,6.77
3621.8,88.3,10,Road,41.0,4.6,10.28
2106.7,48.9,38,Road,60.7,1.6,8.37
3789.9,17.7,24,Road,95.1,6.3,9.76
1541.8,77.4,7,Road,51.7,7.7,7.09
4309.6,29.1,36,Sea,80.4,8.3,18.25
946.6,26.3,1,Road,30.3,7.3,3.2
177.0,29.8,1,Road,71.5,1.6,3.62
3926.6,69.3,26,Rail,9.9,8.3,8.15
3386.2,16.0,17,Road,89.3,3.3,8.54
1047.8,34.7,11,Road,20.0,8.4,4.42
4431.4,3.3,3,Road,30.2,2.5,7.4
2262.7,74.5,10,Air,95.8,4.8,6.36
4280.0,31.0,2,Sea,15.5,5.8,14.67
2275.1,22.7,32,Road,25.4,0.3,6.37
2126.1,52.4,16,Rail,58.0,9.0,6.34
2023.9,63.6,26,Rail,98.1,5.1,8.27
1510.3,73.3,39,Rail,69.1,1.9,8.27
2404.0,31.6,10,Rail,11.4,1.6,4.69
2039.2,73.2,36,Rail,74.8,6.9,8.92
170.2,42.1,30,Road,42.6,0.8,4.52
1175.7,9.6,9,Road,99.2,4.4,4.94
963.0,76.2,5,Rail,62.9,5.4,6.28
3904.1,49.5,7,Air,53.2,2.3,4.73
2696.9,54.4,36,Rail,55.7,1.3,8.43
3437.8,84.4,1,Sea,64.2,4.9,15.59
4305.9,50.5,27,Multimodal,73.2,3.4,14.48
2900.0,1.0,12,Road,7.8,1.4,5.17
4421.8,78.4,16,Rail,13.1,2.1,8.74
1406.4,26.0,8,Rail,30.0,4.7,3.8
842.3,45.4,25,Multimodal,47.8,1.3,7.03
1817.9,18.8,13,Multimodal,31.1,9.4,8.68
2121.2,27.1,10,Rail,21.4,7.8,4.65
4029.7,62.0,33,Road,92.5,3.3,12.18
2521.9,38.9,35,Sea,3.3,2.6,11.58
1318.4,56.6,37,Road,93.9,8.7,8.28
3343.1,74.2,39,Sea,90.7,4.3,17.46
2278.7,31.0,28,Air,68.4,8.6,4.93
733.8,51.4,16,Road,3.3,7.4,4.19
2597.8,70.1,8,Rail,22.5,0.9,6.43
4101.7,64.5,33,Road,97.9,8.1,12.53
3792.6,48.8,35,Road,90.6,5.4,11.23
2642.7,34.8,38,Road,96.5,6.8,9.37
1700.0,37.0,12,Sea,99.6,2.2,10.64
396.0,39.3,15,Multimodal,6.4,0.0,4.34
2116.1,31.7,17,Multimodal,57.1,3.3,9.11
3385.6,63.1,27,Road,83.4,1.9,10.88
1624.4,11.7,21,Air,32.0,4.4,2.92
1063.3,87.1,21,Sea,43.6,0.9,10.06
4191.6,70.2,17,Road,28.4,9.0,10.51
3697.9,27.2,27,Road,3.8,1.2,8.27
2874.0,4.3,12,Road,7.3,7.6,5.23
619.8,64.2,36,Air,2.1,9.4,4.54
656.4,66.2,28,Rail,52.7,1.5,5.92
469.0,86.7,25,Sea,61.8,3.5,10.27
2775.3,23.2,9,Road,30.8,7.3,6.54
524.5,7.9,37,Sea,82.6,7.1,8.78
3792.6,82.4,23,Road,88.8,0.4,12.2
4468.4,23.6,11,Road,14.0,0.7,8.51
1651.7,65.1,1,Rail,5.2,1.2,4.85
2044.2,5.9,16,Road,31.9,5.7,4.98
3203.9,68.6,13,Sea,71.3,0.6,14.04
4217.5,11.9,20,Road,50.7,5.9,8.81
4024.0,62.8,16,Rail,48.8,3.4,8.56
263.9,48.1,16,Road,15.2,6.7,3.74
765.0,86.0,35,Rail,35.1,7.8,7.14
3396.9,3.8,32,Road,95.9,7.9,9.11
3101.6,26.6,23,Road,34.1,0.4,7.76
603.8,6.7,25,Air,59.1,9.5,3.23
2261.8,79.2,28,Road,5.8,5.9,8.3
3514.8,53.7,2,Sea,6.4,9.0,14.39
988.4,48.4,3,Multimodal,42.4,6.2,7.51
3921.4,12.3,31,Road,60.4,4.8,8.98
243.1,44.3,33,Road,37.2,7.3,4.89
3521.0,36.2,33,Rail,17.9,2.2,7.27
2773.1,28.8,35,Multimodal,73.6,1.0,10.85
1421.8,69.6,36,Air,14.0,0.9,5.48
3245.6,6.0,26,Rail,66.8,8.5,6.57
3521.7,58.4,12,Sea,95.7,9.1,17.29
4202.9,74.2,11,Road,47.1,8.1,10.58
1658.1,81.7,6,Multimodal,20.0,9.0,10.3
3088.6,67.3,25,Multimodal,84.2,9.8,14.71
2713.8,25.8,34,Road,50.5,5.3,8.1
2365.8,54.2,35,Road,92.3,1.5,9.67
4007.4,13.2,21,Road,72.1,6.1,8.93
19.2,11.0,18,Road,43.1,3.5,2.61
1273.1,57.7,8,Sea,61.7,3.5,9.51
2424.6,76.7,34,Road,17.0,7.3,8.98
806.4,6.5,14,Road,38.7,0.9,3.16
4085.9,10.0,19,Road,59.4,0.4,8.51
2915.9,51.1,20,Multimodal,59.0,7.0,12.28
2153.1,20.0,4,Rail,58.7,2.6,4.82
3667.1,55.3,38,Road,74.4,3.9,11.22
2031.7,19.7,32,Road,10.6,3.1,5.69
2516.1,10.9,26,Multimodal,7.4,6.1,8.95
17.4,49.3,28,Sea,14.8,1.5,6.08
1648.8,77.7,12,Road,79.2,7.2,7.92
628.9,61.8,10,Road,6.5,9.2,4.02
3105.2,73.8,35,Road,22.5,8.4,9.84
2158.2,24.3,33,Road,25.5,9.1,6.59
1361.4,79.8,14,Rail,64.7,9.4,7.04
2107.9,34.2,23,Air,40.2,3.7,4.44
947.3,76.8,18,Rail,19.9,8.0,5.67
4163.3,42.7,12,Sea,45.0,4.9,15.69
247.6,24.5,36,Road,68.5,2.7,5.01
3895.0,23.8,25,Sea,78.6,7.5,16.43
2303.6,51.3,37,Sea,12.4,2.4,11.81
2787.2,7.6,22,Road,71.5,1.1,7.17
1365.2,83.7,6,Road,0.5,7.0,5.86
4350.3,24.8,16,Rail,72.4,2.9,7.9
1271.9,30.5,23,Road,66.1,3.1,5.8
2652.0,21.4,9,Road,46.9,8.8,5.98
4470.4,0.8,35,Rail,13.7,1.4,6.55
3965.5,62.5,29,Multimodal,76.5,7.6,15.93
2415.8,53.4,14,Rail,7.2,3.9,5.79
4456.7,73.0,5,Sea,89.6,8.9,18.94
3157.7,4.2,21,Road,77.3,4.4,7.74
943.1,83.6,6,Sea,74.1,4.1,10.4
1828.2,30.1,1,Rail,75.4,4.3,5.0
1508.5,82.2,31,Air,6.8,8.4,5.38
1551.3,10.1,28,Road,99.0,0.1,6.33
3423.3,67.1,3,Rail,85.9,7.0,8.22
2631.3,52.4,38,Rail,50.8,2.1,8.25
176.2,32.6,23,Road,71.9,8.8,4.68
3949.1,7.6,4,Road,73.9,3.8,7.85
1339.1,54.6,6,Road,83.0,3.4,6.4
4486.9,2.9,12,Road,25.5,7.1,7.85
4294.1,45.4,12,Air,37.2,7.2,4.56
4232.7,54.6,7,Road,80.0,6.3,10.52
3651.0,66.1,28,Road,76.9,3.3,11.12
996.7,89.2,26,Sea,52.3,6.1,11.75
2399.2,23.8,7,Road,39.6,0.5,5.53
1013.2,29.4,3,Rail,96.8,9.6,4.99
1172.2,31.0,13,Road,41.5,4.5,4.66
2751.2,66.0,11,Multimodal,76.4,3.0,11.72
188.5,83.9,39,Air,41.3,8.6,6.7
4362.7,87.7,23,Air,31.0,3.2,6.53
4134.4,85.2,1,Road,64.1,10.0,10.97
1716.6,79.2,34,Sea,80.8,6.9,14.08
2321.8,89.2,31,Road,98.1,6.5,10.89
2100.2,34.1,33,Road,14.9,1.5,6.27
3970.5,85.4,36,Road,87.6,6.1,12.95
3100.3,68.6,36,Rail,52.4,1.6,8.87
1255.1,15.6,14,Rail,10.8,7.8,3.43
2013.6,4.6,37,Rail,79.4,1.4,6.37
1933.2,19.7,32,Road,33.2,3.6,6.08
4317.2,70.2,28,Road,86.8,4.8,12.29
793.0,57.0,1,Sea,15.8,8.1,8.31
407.6,20.6,7,Road,71.1,6.3,3.61
3963.4,66.9,16,Sea,30.1,7.5,16.52
4035.6,13.1,32,Road,25.7,2.4,8.72
3923.5,74.1,24,Sea,5.0,2.4,15.47
2301.8,71.6,14,Rail,48.2,3.8,7.25
2970.6,87.5,15,Road,39.2,0.2,9.63
2537.3,14.0,1,Road,6.2,8.3,4.8
317.2,81.6,28,Rail,22.7,3.7,6.04
2683.3,31.0,19,Sea,48.7,0.7,11.38
66.2,37.7,7,Road,80.8,8.7,4.07
1465.8,42.4,18,Road,92.9,9.7,6.7
4195.7,56.6,13,Air,51.5,6.5,5.43
1371.7,89.5,18,Rail,40.3,3.6,7.19
4229.5,54.2,4,Road,95.5,4.1,10.67
1129.4,83.4,4,Rail,96.3,2.6,7.42
1419.0,23.3,27,Road,19.0,7.1,4.77
2829.7,36.2,16,Rail,53.1,3.6,6.35
3428.5,45.7,14,Road,82.1,0.3,9.34
2258.7,29.4,14,Multimodal,82.2,0.5,8.87
3970.1,87.9,7,Rail,68.5,6.1,9.35
185.9,65.4,14,Rail,47.1,2.9,4.84
4150.3,43.4,6,Rail,40.4,1.7,7.1
887.4,67.7,38,Air,80.6,5.5,6.9
3979.7,42.3,27,Sea,22.6,2.8,15.1
1806.9,2.0,11,Rail,42.8,0.7,3.6
3748.2,49.1,31,Sea,56.7,1.9,15.44
3024.1,56.5,3,Rail,83.2,7.8,7.34
795.9,88.3,1,Rail,37.4,8.5,5.43
4131.6,4.2,16,Road,54.9,8.7,8.32
1108.6,46.3,27,Rail,27.9,5.3,5.12
1102.4,9.3,3,Road,83.7,9.5,4.31
3664.7,13.8,8,Air,78.6,1.5,4.15
480.9,55.1,16,Road,82.0,6.8,5.84
1003.1,21.2,2,Multimodal,5.7,7.0,5.74
2269.0,67.6,29,Rail,48.7,0.5,7.85
3738.0,46.5,16,Rail,13.6,2.8,6.75
667.9,20.0,29,Rail,67.4,9.5,4.89
2466.8,44.7,31,Road,31.1,7.6,7.82
3202.0,0.6,11,Road,77.5,0.5,6.97
3873.4,77.7,32,Road,6.5,5.4,10.2
4210.4,1.6,24,Rail,51.3,6.5,6.53
3532.0,1.1,19,Road,12.4,9.7,6.37
2939.5,55.2,32,Sea,55.8,7.2,15.37
1954.1,87.6,10,Road,60.7,6.4,8.16
508.9,77.1,32,Road,46.2,9.1,6.99
3195.3,23.1,23,Road,28.0,6.6,7.71
4467.4,18.1,33,Air,3.2,9.3,4.04
3316.7,56.5,30,Sea,66.2,4.9,15.67
80.1,74.1,30,Road,87.0,7.2,6.48
2235.7,32.9,7,Rail,73.4,6.3,5.92
2767.8,39.2,16,Road,89.3,5.5,8.4
3105.1,10.8,1,Multimodal,93.0,3.2,10.05
3240.2,14.2,30,Rail,45.0,9.0,6.56
2513.7,51.4,34,Road,69.8,2.7,9.04
1009.0,9.7,34,Rail,39.7,1.6,4.19
4240.2,18.6,38,Road,92.0,7.1,10.93
3136.5,21.5,31,Multimodal,56.3,5.5,11.43
1069.6,40.2,8,Road,75.2,2.6,5.5
1453.8,4.6,20,Rail,1.5,8.7,3.09
4149.1,45.2,29,Road,57.6,2.9,10.54
3994.2,83.6,31,Sea,74.2,0.6,17.25
1826.1,2.7,21,Sea,25.7,0.2,8.02
177.2,57.0,26,Rail,1.4,9.2,4.19
223.0,75.3,31,Rail,74.4,4.0,6.87
1281.2,28.5,20,Air,33.8,2.1,3.53
2832.9,12.3,22,Road,42.9,5.7,6.71
2631.0,4.4,26,Road,56.2,4.9,6.58
2854.1,58.1,17,Road,11.0,10.0,8.01
3229.2,49.9,25,Multimodal,10.4,8.9,12.4
90.5,21.0,37,Road,96.1,2.7,5.41
477.4,74.9,27,Sea,33.9,7.0,9.91
1620.9,66.3,3,Rail,25.6,3.9,5.34
701.1,25.2,24,Road,4.8,3.6,3.52
343.6,67.9,25,Road,17.4,3.7,5.1
2886.1,22.4,10,Road,43.1,6.4,6.95
3669.9,60.9,36,Road,34.2,5.4,10.56
3388.1,11.1,18,Road,42.5,7.6,7.12
3677.6,62.5,17,Road,70.4,1.5,10.2
2998.0,21.9,14,Air,64.2,4.3,4.04
3310.4,51.7,19,Multimodal,49.3,8.6,13.31
1226.6,15.9,18,Road,81.5,0.0,5.46
4468.6,65.5,23,Road,85.7,6.2,12.2
828.3,5.9,8,Road,59.1,7.9,3.27
969.1,15.3,16,Rail,11.8,3.8,2.92
1303.7,17.0,25,Sea,40.6,8.8,9.55
4389.1,4.2,32,Road,63.4,7.4,9.85
4447.4,67.2,19,Road,6.3,6.1,9.91
3578.0,88.3,18,Sea,2.0,2.0,14.81
2832.6,70.2,32,Rail,94.8,6.7,9.28
2342.7,77.5,15,Road,73.0,8.3,8.95
4367.9,1.0,21,Rail,15.3,7.3,5.95
3131.8,11.0,11,Road,44.5,5.7,6.31
4251.6,50.5,29,Road,19.4,7.1,10.2
1427.9,88.0,32,Sea,1.0,9.8,12.86
1505.3,59.6,6,Sea,39.2,0.1,8.82
3847.0,34.0,19,Road,64.8,6.6,9.83
678.6,13.6,16,Multimodal,95.4,7.9,7.31
4256.9,14.2,12,Road,77.0,6.4,8.86
2286.1,33.0,15,Sea,23.0,2.7,10.24
4169.2,64.4,11,Rail,33.6,8.2,8.07
1518.9,3.3,39,Air,52.1,9.1,3.8
3223.2,76.8,10,Air,19.1,6.8,5.2
2175.5,84.8,37,Road,83.3,5.1,10.23
2822.5,80.0,24,Multimodal,16.8,3.7,11.56
2272.2,82.2,36,Sea,29.0,3.3,13.45
4352.2,1.9,1,Sea,57.8,7.2,14.93
3116.0,88.0,17,Road,12.3,6.1,9.43
1134.7,33.3,14,Sea,62.5,1.6,8.28
4094.0,78.3,38,Air,94.4,1.4,8.36
1326.7,17.2,25,Road,69.2,0.7,5.59
1675.4,40.5,37,Multimodal,81.3,6.8,11.04
464.0,4.5,35,Road,43.8,3.1,3.86
4050.3,4.1,22,Road,36.5,0.2,7.83
1291.1,84.9,7,Rail,32.9,3.4,5.91
1168.8,73.0,11,Rail,66.0,8.3,6.44
4141.6,47.9,10,Rail,51.9,2.5,7.89
3625.8,47.5,14,Road,47.2,6.3,8.86
639.1,67.5,35,Multimodal,10.1,4.4,7.98
3463.1,31.1,36,Road,67.3,5.5,9.4
4109.1,68.7,6,Road,72.5,6.0,10.71
357.9,43.9,5,Road,19.6,4.5,3.12
3714.3,57.6,7,Rail,76.0,0.6,7.85
2465.7,86.9,15,Multimodal,87.9,5.7,12.93
3013.0,42.7,21,Rail,17.5,4.0,6.16
2220.4,37.9,18,Sea,45.2,2.0,10.76
3141.6,81.6,1,Road,87.6,9.0,10.0
158.3,81.3,4,Rail,48.7,7.4,5.23
3433.4,89.3,11,Rail,81.5,2.8,9.21
154.9,49.8,10,Rail,21.6,5.4,3.69
2051.6,31.3,19,Road,6.4,9.6,5.58
683.6,22.0,30,Rail,5.9,2.5,3.56
3707.0,3.6,20,Rail,97.2,9.5,6.93
1414.9,65.5,27,Sea,16.5,6.8,11.09
2046.2,21.4,12,Rail,86.5,5.4,5.94
1932.2,54.8,14,Road,31.6,9.8,6.68
3477.4,82.5,34,Rail,4.0,3.3,8.87
2167.7,85.5,38,Road,24.1,2.8,9.04
3551.4,0.9,2,Air,50.5,3.4,2.33
335.4,28.9,32,Rail,10.7,7.5,3.6
866.2,75.4,18,Road,92.2,3.4,7.36
2484.1,48.5,21,Multimodal,90.0,1.0,10.9
4262.2,72.8,11,Rail,14.9,6.4,8.06
341.0,76.9,30,Road,73.7,2.2,6.87
198.7,40.1,19,Rail,46.1,0.0,4.28
708.7,32.6,30,Road,98.2,2.0,6.17
2887.0,41.3,35,Sea,5.5,8.2,13.94
1798.5,58.9,4,Sea,47.1,9.4,11.82
3715.9,33.4,21,Multimodal,28.5,6.6,12.38
328.3,69.9,5,Rail,72.6,3.1,5.38
887.9,81.4,36,Rail,11.1,4.4,6.43
1353.6,25.8,27,Sea,62.8,1.9,9.38
2822.2,86.9,7,Road,94.8,8.8,10.43
3084.9,56.2,31,Rail,45.4,6.7,8.15
563.3,79.1,20,Rail,45.4,0.8,5.94
4247.4,9.8,25,Road,49.6,3.7,8.94
1538.0,23.0,38,Road,41.6,5.4,6.22
3210.7,29.2,25,Air,44.7,8.0,4.21
2361.3,27.6,17,Air,46.3,9.2,3.7
1006.3,15.9,37,Road,99.8,1.3,6.18
3808.8,78.2,15,Road,11.6,8.3,9.61
3683.0,38.0,10,Road,28.5,0.7,8.15
1785.3,86.7,34,Air,21.1,2.4,6.26
2650.8,52.7,7,Road,54.4,0.2,7.5
1163.9,12.9,39,Sea,0.3,0.6,7.18
3105.9,49.4,25,Road,92.1,0.3,9.84
1394.1,89.4,39,Rail,53.1,1.5,8.58
3799.1,51.1,28,Road,89.6,8.8,10.72
982.1,0.7,27,Sea,34.5,2.8,6.89
71.5,84.0,37,Road,15.0,4.8,6.17
1211.9,21.5,39,Rail,19.2,4.9,4.65
863.8,62.1,38,Road,47.1,10.0,6.77
2289.7,46.6,28,Sea,4.0,3.6,11.22
920.6,29.6,34,Air,78.2,2.7,5.17
3435.5,25.8,29,Road,79.1,9.6,9.39
1090.0,83.6,8,Air,70.2,5.9,5.56
3182.8,82.1,13,Rail,89.6,2.9,9.26
2605.2,46.4,37,Road,54.9,2.9,8.81
4438.2,23.6,3,Road,47.9,0.9,8.73
4499.6,9.7,14,Road,52.9,5.6,8.84
3913.5,14.5,32,Sea,18.2,7.2,15.03
3421.1,47.2,23,Sea,51.2,4.7,14.83
1742.1,28.1,23,Road,54.2,8.8,6.4
3391.0,4.3,13,Rail,76.5,4.8,6.05
4305.3,41.2,39,Sea,34.8,3.5,16.61
110.1,67.3,21,Multimodal,9.2,2.5,5.93
2422.9,80.3,31,Rail,59.7,2.4,8.85
984.9,52.9,7,Multimodal,78.8,3.2,7.63
2512.7,65.2,36,Rail,97.0,9.9,8.71
2101.7,33.1,19,Road,9.0,3.6,5.8
2593.1,44.9,22,Sea,74.6,5.2,13.49
2481.6,65.8,24,Rail,59.6,2.7,7.88
4320.7,65.6,24,Rail,1.5,1.4,8.42
2487.1,38.5,21,Rail,71.8,6.5,6.77
3808.8,49.2,13,Sea,2.6,5.5,14.25
1442.6,83.2,6,Sea,78.5,0.7,10.49
1974.3,57.1,28,Road,72.1,8.8,8.66
2119.5,58.0,32,Road,68.8,5.1,8.88
1257.9,70.7,13,Rail,12.0,3.4,5.48
1712.2,10.8,34,Rail,91.9,7.8,5.91
2695.3,47.3,32,Road,89.9,1.1,9.33
2612.9,86.4,14,Sea,90.0,4.7,15.17
2865.8,32.9,32,Rail,36.0,5.5,6.85
1586.4,26.9,5,Road,49.2,7.8,4.89
1424.7,54.3,35,Road,11.5,3.7,6.27
2754.2,20.3,4,Road,5.1,8.5,5.44
602.2,50.3,14,Multimodal,5.9,7.0,6.94
1142.4,14.4,18,Road,56.9,7.7,4.69
194.4,52.4,11,Road,32.1,9.7,3.81
331.4,54.4,19,Rail,58.0,8.4,5.43
1099.0,37.9,2,Road,59.3,3.5,4.79
92.8,34.8,34,Road,90.7,6.5,5.76
1108.1,22.5,3,Road,88.2,8.7,4.79
2949.1,30.1,29,Rail,71.9,5.3,7.7
279.7,45.1,23,Rail,81.9,6.8,5.44
1968.1,22.7,1,Road,0.3,1.7,3.92
4109.4,70.6,6,Road,1.6,8.2,9.33
3561.8,64.0,17,Multimodal,45.9,7.6,13.71
1377.9,24.6,19,Road,65.4,8.9,5.66
4162.0,9.2,2,Road,79.4,7.1,8.19
1486.8,0.5,15,Road,44.7,8.8,3.99
331.0,53.9,23,Rail,94.0,1.6,6.12
4473.3,19.4,19,Sea,81.5,8.1,17.45
3915.8,1.6,33,Road,10.3,9.5,7.61
2099.4,32.6,6,Sea,44.0,8.2,11.39
3000.4,86.6,19,Road,99.5,6.2,11.09
3022.2,62.2,30,Road,41.0,9.3,9.68
879.2,77.3,22,Sea,38.6,0.9,9.05
904.2,13.5,3,Road,29.4,0.2,2.95
2115.8,7.1,5,Rail,48.6,9.7,4.08
4102.5,1.5,30,Road,73.0,6.8,9.25
49.9,86.0,3,Sea,4.7,1.1,6.08
3522.4,27.4,39,Road,83.6,3.4,10.24
263.6,41.6,39,Air,91.8,7.5,5.63
2154.6,35.8,28,Road,78.1,7.5,7.91
2872.2,65.9,1,Air,91.6,1.7,5.51
3092.0,28.2,22,Road,9.5,4.7,6.98
267.9,48.4,39,Sea,45.0,8.1,9.53
1886.6,89.6,17,Road,7.1,9.7,7.67
2629.3,40.2,28,Air,83.7,6.2,5.53
301.9,49.8,30,Road,95.3,6.4,6.56
612.3,45.5,8,Road,29.8,4.7,4.18
2988.1,72.4,27,Rail,53.5,5.4,8.62
2349.8,24.4,25,Road,29.8,1.0,6.31
732.4,15.8,13,Road,37.9,3.5,3.67
2410.9,68.0,34,Multimodal,47.7,5.1,12.15
4107.6,37.7,39,Multimodal,79.1,2.7,14.35
75.1,82.3,7,Road,14.7,3.6,4.27
2893.6,58.2,22,Air,15.7,9.7,4.77
336.1,51.0,33,Rail,20.2,0.1,4.84
34.0,6.8,38,Road,5.3,3.0,2.82
682.2,65.9,31,Sea,64.3,5.8,10.75
1906.0,61.9,33,Rail,19.0,2.8,6.74
3611.5,57.8,22,Multimodal,43.8,6.8,13.48
1271.6,24.5,27,Road,68.6,3.0,6.04
2817.4,85.2,27,Rail,44.9,6.4,8.88
1853.1,29.3,21,Road,90.6,8.5,6.93
1058.3,14.1,35,Road,76.9,6.6,5.75
2316.5,88.9,10,Road,27.3,0.5,8.53
3589.6,67.3,28,Multimodal,13.0,8.0,13.83
3747.1,37.6,37,Sea,89.4,2.1,16.13
3810.1,84.3,33,Sea,39.7,6.3,17.94
1526.8,8.7,8,Rail,38.3,6.5,3.38
3571.6,8.3,37,Road,81.0,8.0,9.38
958.7,61.6,33,Road,0.9,5.1,5.83
3324.2,16.4,19,Road,45.1,3.8,7.72
4268.0,82.6,30,Road,71.4,5.2,12.4
66.8,75.7,14,Sea,84.9,5.5,9.16
1984.4,27.9,14,Rail,88.5,8.2,6.08
2916.7,80.1,36,Road,46.6,2.1,10.2
3159.5,4.3,7,Road,84.8,8.5,7.07
796.5,49.6,34,Road,3.6,3.7,5.24
4375.0,84.2,32,Road,30.5,7.4,12.07
2770.6,77.1,33,Multimodal,1.0,3.4,11.58
743.7,32.4,14,Rail,16.6,7.1,3.53
97.2,16.9,25,Sea,72.5,8.0,7.66
3525.8,19.3,28,Rail,0.4,5.6,6.16
363.3,46.5,39,Road,52.3,6.2,5.82
639.0,53.9,30,Road,41.4,7.1,5.81
2588.9,3.4,31,Air,12.3,6.9,2.64
2717.8,37.5,24,Sea,68.6,7.3,13.96
3092.6,74.8,4,Road,69.3,8.5,9.27
1773.8,40.3,14,Rail,72.6,2.2,6.0
3483.7,15.6,9,Rail,76.5,2.1,6.35
4384.7,86.0,36,Rail,31.5,9.7,10.29
1223.6,24.3,6,Multimodal,99.4,8.5,8.76
3165.1,72.0,24,Rail,7.3,5.9,7.43
4178.5,17.8,26,Rail,64.8,0.1,7.79
3089.9,38.4,34,Road,97.1,8.5,10.12
3066.6,44.4,1,Road,22.4,7.5,6.99
1010.9,45.3,23,Road,27.8,9.6,5.42
2410.4,46.7,17,Road,57.6,0.1,7.78
2533.5,20.6,36,Sea,78.1,0.3,11.8
3152.1,46.7,37,Sea,32.9,5.2,14.89
4485.7,43.6,20,Road,83.7,8.6,11.3
156.2,19.2,26,Sea,24.1,9.9,7.13
298.2,88.9,11,Road,87.4,3.2,6.63
355.4,78.0,20,Road,25.3,0.4,5.29
3344.7,79.9,1,Road,61.7,2.0,9.65
617.9,61.9,13,Road,35.8,8.8,5.0
2802.9,14.8,36,Road,32.2,4.7,7.33
1464.4,51.3,38,Rail,35.4,8.5,6.81
2060.7,74.0,13,Road,49.9,4.4,8.11
974.4,4.0,14,Multimodal,84.5,0.5,5.46
3898.1,44.9,12,Road,75.9,6.2,9.89
2639.7,36.0,34,Road,44.9,4.4,8.4
4250.8,19.5,27,Road,28.2,4.9,8.86
2587.8,34.4,12,Rail,85.4,9.5,6.83
562.0,88.5,38,Road,87.0,4.6,8.42
773.1,65.2,36,Sea,45.4,8.0,10.96
4450.9,27.3,1,Rail,69.6,0.6,7.41
3266.4,54.7,26,Rail,36.9,4.8,7.68
226.5,22.6,21,Rail,14.9,5.9,2.96
3168.5,55.2,32,Road,32.1,1.1,9.2
1857.7,80.7,25,Road,68.2,3.0,9.04
1385.9,50.3,12,Road,76.9,7.4,6.69
697.5,66.1,25,Rail,85.2,1.8,6.79
3780.4,41.1,26,Road,1.8,1.3,8.59
292.0,47.4,36,Road,48.6,3.0,5.53
1307.8,62.7,16,Multimodal,27.4,8.6,9.56
1382.2,73.2,14,Road,68.4,7.6,7.28
728.3,59.5,34,Sea,24.5,7.8,10.37
2289.3,88.0,24,Sea,56.6,3.2,13.93
57.6,73.9,8,Road,71.2,1.0,5.16
1357.9,70.1,27,Road,77.0,0.3,8.12
4201.7,76.1,39,Road,26.9,5.9,11.84
1400.8,25.7,13,Rail,8.8,7.0,3.52
1625.3,39.2,29,Rail,21.9,3.8,5.52
2131.9,51.0,31,Sea,59.9,5.3,12.92
2529.8,41.9,19,Multimodal,4.0,2.8,8.74
3640.1,76.3,10,Rail,15.9,3.6,7.2
860.5,2.9,34,Road,99.5,7.3,5.82
3923.5,19.2,1,Road,38.2,7.2,7.43
3410.2,79.4,19,Sea,49.7,0.3,14.81
3253.3,5.8,1,Road,1.1,9.4,5.01
395.2,20.8,24,Road,59.2,2.7,4.1
102.3,31.9,25,Sea,32.5,9.1,8.06
2675.1,67.7,4,Road,53.0,5.1,8.48
3884.8,50.6,24,Air,52.6,5.0,5.37
2632.1,85.9,39,Rail,96.7,4.5,10.39
963.5,20.9,20,Road,26.8,9.2,4.36
411.9,78.6,33,Multimodal,57.0,2.1,8.34
3149.7,25.8,28,Road,38.2,6.1,8.08
3249.4,22.5,35,Road,42.2,3.2,8.4
780.5,45.1,24,Road,5.6,9.2,4.6
131.7,6.9,2,Road,68.8,1.7,2.59
1840.2,34.9,23,Rail,19.5,6.8,5.21
2624.3,32.3,33,Road,46.8,4.2,7.77
3178.5,14.8,14,Road,43.4,6.6,6.9
3645.7,77.5,15,Road,46.8,1.6,10.4
2749.4,35.0,32,Sea,37.6,3.9,12.85
503.4,88.4,23,Sea,24.2,1.1,8.51
3073.2,81.0,4,Road,44.9,9.7,8.87
4428.9,17.9,20,Road,4.6,2.1,8.17
4075.6,45.7,31,Road,24.2,9.9,9.81
3923.2,54.4,7,Road,78.5,4.2,10.11
1363.3,73.8,1,Sea,84.3,0.7,9.96
3379.8,79.8,5,Sea,71.5,0.2,14.52
3830.7,56.3,14,Road,63.3,6.0,10.03
3054.1,3.6,30,Road,81.1,6.1,8.12
1131.3,43.6,38,Road,12.8,5.2,5.68
4292.5,79.7,23,Rail,52.5,0.7,10.1
2031.4,64.4,7,Road,11.6,3.3,6.06
588.5,78.4,39,Multimodal,77.8,3.6,9.7
498.5,60.8,16,Sea,52.1,7.0,9.17
2915.6,4.4,9,Road,81.0,4.2,6.67
1972.5,87.1,39,Rail,79.9,5.7,9.14
429.7,82.7,34,Air,46.6,2.9,6.44
3332.9,11.8,31,Rail,49.7,7.3,6.74
3598.0,10.6,7,Road,2.8,0.5,6.25
3265.7,48.7,2,Road,52.4,9.9,7.96
914.2,68.3,6,Sea,67.7,6.4,10.06
3105.5,34.7,34,Rail,23.4,1.5,6.85
53.2,12.7,17,Rail,98.7,7.2,4.04
1376.5,46.2,26,Air,97.5,7.9,5.92
1797.7,30.7,12,Air,28.3,7.9,3.02
3759.4,32.0,20,Air,71.3,2.7,4.95
1759.8,58.2,35,Road,3.0,9.6,6.93
55.7,79.8,35,Rail,66.6,0.2,6.96
1588.8,50.5,29,Sea,62.4,3.8,11.36
2247.7,62.0,38,Sea,82.2,1.0,13.6
4270.8,59.6,31,Rail,30.4,3.8,8.88
4234.9,49.8,13,Road,87.8,0.6,10.94
818.0,28.3,26,Sea,85.8,6.4,9.75
837.2,34.3,22,Sea,67.0,0.6,8.1
739.4,28.8,8,Road,47.2,6.2,4.11
3551.2,82.6,7,Rail,61.8,2.3,8.6
32.1,74.5,5,Road,73.0,1.8,5.48
576.7,52.4,1,Road,97.5,3.5,5.42
2423.1,82.1,11,Road,12.2,6.4,7.62
1117.8,79.8,32,Road,31.3,5.8,7.18
420.1,83.5,7,Rail,78.1,6.8,6.51
1622.7,20.3,29,Rail,40.9,9.2,5.32
1237.6,64.7,30,Rail,67.2,2.0,7.35
2302.4,55.0,21,Sea,13.3,4.1,11.56
4406.7,66.2,39,Road,70.9,2.7,12.57
563.7,24.1,39,Road,67.4,5.9,5.25
1680.4,62.7,20,Air,58.6,2.8,5.36
4194.3,37.2,22,Road,76.5,5.6,10.47
3946.5,75.2,29,Multimodal,88.0,8.2,16.78
1777.2,71.7,4,Sea,82.9,5.5,12.14
3146.8,19.4,3,Rail,12.8,8.4,4.49
399.9,17.0,9,Multimodal,74.4,6.1,6.06
3207.9,64.7,5,Road,45.0,8.7,8.75
4378.0,49.8,3,Road,33.4,9.3,9.54
2421.0,50.4,25,Rail,88.0,5.1,7.77
2245.7,67.9,32,Road,56.0,7.9,8.96
847.0,77.0,33,Air,50.1,4.7,6.21
2853.9,21.9,18,Road,78.5,7.1,7.76
2659.0,50.2,36,Rail,55.3,0.4,7.83
2935.4,74.7,29,Rail,85.8,9.7,9.43
122.2,78.6,39,Rail,10.3,8.9,5.75
2471.5,26.2,2,Road,77.6,8.9,6.53
2679.2,9.8,11,Road,16.4,2.8,5.17
937.8,21.3,31,Sea,22.5,2.8,7.67
941.5,85.1,4,Road,17.9,4.0,5.56
1246.6,41.9,29,Sea,23.8,8.8,10.51
3204.2,38.0,3,Rail,73.2,8.6,6.66
2730.2,1.7,2,Sea,65.5,2.9,9.97
3806.7,5.1,36,Sea,23.0,5.4,14.19
1334.0,60.3,14,Road,27.0,4.8,5.91
4104.7,53.3,4,Rail,9.9,6.5,6.89
3348.0,52.0,30,Air,41.4,2.1,5.69
1780.6,10.4,19,Road,37.9,0.9,5.18
433.2,32.0,19,Multimodal,14.6,0.3,4.18
1160.1,73.2,31,Rail,83.5,3.8,8.02
4305.7,16.2,15,Road,85.3,9.5,9.64
1400.1,79.5,29,Road,10.9,6.8,7.05
1487.9,11.4,3,Multimodal,26.6,7.5,6.76
857.2,15.6,19,Road,73.6,9.5,5.16
3631.8,43.3,22,Air,87.0,4.2,5.96
1244.0,85.1,20,Air,7.2,4.7,5.05
1489.5,30.0,7,Road,90.2,3.6,6.05
1867.5,59.4,4,Road,6.2,1.8,5.59
1954.6,53.2,1,Sea,63.4,7.7,11.67
1854.0,13.9,7,Road,2.2,9.1,4.06
2269.3,22.7,22,Sea,92.8,8.1,12.86
3666.2,83.7,37,Road,35.4,0.5,11.42
3687.7,17.0,30,Rail,64.9,3.0,7.42
3593.4,62.7,9,Sea,18.5,5.9,14.63
459.6,86.8,27,Road,32.1,3.3,6.28
3599.6,11.2,38,Road,74.7,1.5,9.31
545.5,36.2,23,Road,97.3,5.4,5.86
565.6,20.5,12,Road,99.2,5.2,4.85
4265.6,20.3,13,Rail,81.0,7.1,7.47
3688.2,11.1,33,Sea,84.7,10.0,16.46
2488.1,58.6,15,Road,96.9,6.5,9.24
3938.0,67.3,16,Rail,4.0,3.2,7.55
4452.2,61.1,34,Rail,17.0,9.6,8.97
2749.8,83.3,9,Road,5.3,5.7,8.23
2760.0,13.5,27,Road,50.1,6.5,6.91
3396.1,29.1,15,Multimodal,95.8,3.6,11.85
1048.5,31.3,35,Sea,58.2,4.5,9.93
756.2,21.3,34,Rail,55.5,4.2,4.86
3419.3,13.2,30,Rail,82.7,9.4,7.35
1555.3,44.1,23,Road,92.9,8.1,7.37
612.1,75.2,9,Rail,69.9,0.9,6.0
1420.4,85.9,32,Rail,89.5,3.1,8.72
1617.1,12.1,35,Rail,17.5,0.6,4.6
4343.7,74.2,32,Road,50.3,5.2,12.24
3142.3,74.3,16,Road,36.5,2.8,9.15
2391.2,35.3,32,Road,33.3,0.7,7.3
4360.1,10.3,25,Multimodal,21.4,7.7,12.92
4064.6,89.1,30,Road,89.4,0.9,13.26
2306.4,59.2,37,Rail,45.0,2.7,7.74
4076.0,88.4,37,Road,53.0,7.7,12.42
1822.3,43.8,35,Road,27.6,5.1,6.66
1040.7,35.9,8,Sea,96.3,8.2,10.17
1050.9,22.6,36,Rail,61.1,4.1,5.37
2982.1,88.5,25,Rail,0.1,8.1,7.8
2257.3,23.2,18,Road,26.8,5.4,5.89
2967.0,2.6,39,Sea,99.9,0.9,12.96
3088.9,46.4,10,Road,97.5,4.7,9.34
105.3,34.2,1,Road,54.5,5.5,3.1
247.9,23.9,4,Rail,56.4,6.1,3.27
2399.4,57.3,26,Road,90.2,9.3,9.21
863.7,33.1,11,Road,70.9,1.8,4.81
2848.2,36.5,15,Rail,93.2,6.1,7.42
2487.1,2.6,32,Rail,47.9,7.5,5.33
2638.0,53.2,15,Sea,97.6,8.9,15.23
1364.5,11.4,28,Road,54.0,5.3,5.14
2881.1,19.6,23,Road,64.5,2.1,7.8
3733.6,64.7,3,Road,8.3,8.2,8.5
4491.3,28.5,32,Multimodal,61.2,9.1,15.29
3773.8,15.1,20,Rail,76.8,1.1,7.37
2511.0,52.2,14,Sea,43.9,2.3,12.14
874.5,19.7,35,Road,50.2,8.7,5.06
3068.1,24.8,9,Rail,39.3,4.8,5.47
4219.8,56.1,24,Road,96.9,1.7,11.79
957.3,66.7,4,Rail,47.7,6.5,5.41
1155.7,66.7,12,Air,12.6,4.6,4.18
674.8,43.7,24,Multimodal,2.9,9.7,7.59
3316.6,41.2,1,Rail,77.2,2.2,6.9
1832.5,71.0,14,Rail,54.8,3.6,6.84
286.8,17.8,31,Multimodal,0.3,1.7,4.14
3937.9,14.1,10,Rail,38.3,0.5,5.87
2511.7,60.0,33,Road,91.4,2.7,9.67
1493.3,37.2,36,Rail,94.8,8.2,7.34
1551.2,64.0,35,Road,5.4,2.7,6.92
1309.7,23.5,18,Rail,12.3,7.0,4.02
2052.4,29.6,25,Rail,0.5,5.3,4.91
1520.0,80.8,12,Rail,86.9,5.2,7.55
2468.0,38.2,28,Road,7.1,7.8,6.67
3482.0,53.4,9,Road,10.8,6.2,8.28
3036.7,10.0,24,Rail,22.8,1.6,5.08
1328.6,16.5,20,Sea,91.7,2.2,9.1
2381.7,3.7,26,Rail,68.8,5.4,5.56
3781.4,38.5,5,Road,61.7,8.5,8.64
311.6,89.0,27,Multimodal,78.5,1.5,8.45
356.9,78.7,28,Air,69.3,1.1,6.1
2505.0,57.1,37,Road,74.6,5.2,9.47
2877.8,77.6,7,Road,7.4,1.9,7.94
955.3,53.7,19,Sea,59.0,9.9,11.03
3354.8,33.5,22,Sea,75.3,0.0,13.41
2910.0,16.0,18,Multimodal,56.6,4.5,10.07
4155.2,58.9,15,Air,1.2,1.6,4.32
764.4,17.8,33,Rail,21.1,6.8,4.04
3382.4,37.9,39,Rail,96.3,6.3,9.13
381.0,74.4,5,Road,70.5,8.1,5.67
2546.0,12.1,37,Road,68.9,5.6,7.63
2485.8,12.0,5,Rail,66.0,1.9,4.79
1750.8,20.6,37,Rail,12.8,0.5,5.03
3801.3,49.9,7,Rail,0.4,7.2,6.35
24.6,23.0,2,Sea,44.1,4.4,5.01
2343.2,45.5,30,Road,44.4,2.2,7.79
981.1,27.5,11,Rail,81.2,2.5,4.64
3347.0,45.8,37,Road,18.2,1.5,8.89
198.6,25.3,39,Road,27.5,2.8,4.07
3742.8,88.2,33,Sea,7.8,7.9,17.44
3772.2,44.6,9,Rail,40.0,6.2,7.13
3748.7,67.1,11,Multimodal,25.6,9.9,14.02
690.8,63.2,12,Road,26.3,5.2,5.16
2838.7,44.4,10,Rail,25.4,5.2,6.08
69.6,21.9,11,Road,23.2,1.9,2.33
3816.6,46.2,33,Road,32.0,5.9,9.54
3254.8,61.4,20,Air,53.7,6.1,5.77
2392.5,41.7,5,Rail,43.8,2.1,5.7
3289.0,7.8,24,Air,6.3,0.9,2.83
429.0,2.1,32,Road,42.6,3.7,3.57
2381.3,29.8,31,Air,84.6,1.7,5.38
1314.3,13.9,14,Road,10.1,5.0,3.44
4376.9,81.6,19,Air,94.4,5.3,7.8
3857.7,16.2,24,Road,30.9,6.1,8.2
3301.1,35.8,32,Road,1.5,6.0,8.03
4202.2,64.2,12,Rail,25.3,6.7,7.92
1564.1,73.5,21,Multimodal,7.0,2.3,8.83
4054.5,43.3,36,Road,56.6,7.3,10.79
1466.9,16.7,25,Road,31.6,5.2,4.91
3298.9,24.7,14,Air,80.7,4.4,4.38
3315.2,38.0,8,Road,73.3,6.5,8.26
87.5,33.1,29,Road,46.9,5.0,4.32
1628.0,31.7,25,Road,56.1,5.3,6.24
92.3,12.3,23,Road,60.9,0.2,3.34
4486.9,82.2,36,Air,27.1,8.0,7.05
554.3,3.2,12,Sea,13.9,4.2,5.15
2444.9,39.9,12,Rail,37.7,5.2,5.68
3558.6,88.2,18,Multimodal,9.5,3.9,13.03
909.7,59.5,36,Rail,31.5,5.5,6.04
2185.3,32.3,19,Road,55.3,0.5,6.87
2735.4,13.6,35,Road,54.0,3.8,7.43
725.1,86.8,27,Road,12.1,6.7,6.34
3504.6,1.8,3,Road,0.8,9.4,5.5
1350.5,61.5,13,Multimodal,8.9,8.5,8.86
953.5,79.3,38,Sea,3.6,9.6,11.41
2514.5,2.8,19,Road,40.0,7.8,5.34
1849.4,65.4,35,Rail,39.0,6.3,7.47
4141.7,89.9,15,Sea,24.2,4.2,17.15
3960.9,57.7,16,Multimodal,21.5,1.2,12.09
2177.7,37.6,35,Air,39.6,2.5,4.85
1619.9,78.8,5,Rail,8.7,2.7,5.51
1468.2,50.1,7,Sea,21.4,4.3,9.11
1207.7,67.6,21,Rail,40.6,6.1,6.32
2452.7,53.1,1,Rail,9.5,6.2,5.07
3623.4,3.9,25,Road,84.1,4.6,8.69
1401.9,19.6,30,Road,67.6,2.7,6.23
859.5,7.5,19,Rail,38.3,0.6,3.22
2142.3,10.0,24,Road,15.0,9.9,5.2
315.3,1.9,15,Road,19.4,9.4,1.87
3157.2,38.2,35,Sea,12.0,1.8,12.89
2335.0,16.5,24,Road,16.0,6.1,5.77
2236.2,77.1,36,Rail,42.3,3.0,8.19
1355.5,67.6,14,Rail,24.6,1.9,5.42
4071.5,51.8,22,Multimodal,88.5,6.8,14.96
411.7,44.3,39,Rail,96.1,7.9,6.77
3914.9,23.4,8,Road,69.1,4.1,8.54
1698.3,43.0,16,Rail,80.9,0.6,6.3
3963.4,57.9,17,Sea,25.5,4.0,15.46
3280.8,70.5,5,Multimodal,66.5,5.3,12.91
473.2,7.8,35,Road,5.8,8.9,3.11
3742.8,63.9,37,Road,96.0,6.6,12.1
3071.4,67.0,18,Air,67.0,7.1,5.91
150.2,50.5,21,Road,31.7,2.0,4.25
606.0,19.7,1,Rail,77.3,7.2,3.44
2862.1,48.8,17,Road,1.6,5.0,7.12
2983.4,45.5,8,Road,37.6,8.2,7.54
3361.2,43.1,29,Road,89.6,2.2,10.11
3242.5,41.7,20,Road,26.3,5.1,8.02
2969.5,10.4,37,Rail,66.8,2.1,6.95
3449.2,16.9,39,Multimodal,36.0,2.9,11.28
2590.0,9.2,5,Road,39.2,8.3,5.35
1177.3,22.2,10,Sea,74.6,6.9,9.18
4106.1,24.1,6,Road,91.0,7.3,9.39
86.9,22.4,7,Rail,16.7,0.7,2.19
1652.7,19.4,35,Road,27.7,7.3,5.68
3281.3,66.3,27,Multimodal,48.8,4.9,13.05
1925.1,73.8,21,Sea,61.4,4.6,13.08
116.6,29.8,24,Rail,46.8,4.1,3.57
301.6,27.8,29,Sea,80.6,8.5,9.01
2920.6,76.0,27,Rail,76.8,1.8,9.14
4342.1,56.3,38,Multimodal,40.5,8.1,16.03
2485.6,26.8,2,Sea,4.1,9.3,11.0
2282.9,64.4,25,Air,19.4,1.7,5.06
1435.9,31.3,2,Rail,48.7,10.0,4.15
1158.8,53.0,38,Road,92.8,9.9,8.26
99.3,89.3,18,Rail,56.8,6.2,6.37
1231.9,27.5,7,Road,53.0,2.7,4.54
2023.8,83.8,4,Rail,72.4,4.3,7.57
894.8,29.2,10,Rail,15.2,1.7,3.27
397.6,48.9,28,Rail,14.7,1.2,4.81
3231.2,41.7,30,Road,34.5,7.0,8.95
4026.3,70.6,24,Road,99.5,5.8,12.19
4215.8,6.0,36,Rail,87.6,5.6,8.22
2782.9,56.6,16,Multimodal,68.0,2.5,11.09
242.2,68.6,33,Road,39.1,2.3,6.03
3335.2,42.8,10,Road,55.5,9.9,8.62
499.9,9.9,21,Sea,30.4,6.3,6.74
3015.5,22.4,27,Rail,67.4,8.2,7.01
3508.2,61.3,21,Road,41.9,3.8,9.71
3267.8,80.6,27,Road,12.0,8.4,9.85
4283.7,38.2,32,Road,21.5,7.2,9.78
3323.0,50.7,5,Multimodal,60.9,3.5,11.54
3121.0,20.9,35,Road,69.5,7.2,9.12
1181.5,37.4,22,Road,9.6,9.3,4.78
4161.8,30.6,36,Road,80.8,2.1,11.0
812.0,59.2,10,Road,82.4,5.5,6.17
4072.5,88.6,34,Sea,72.3,9.7,20.3
1410.4,73.3,6,Road,68.4,8.2,6.84
590.1,17.7,14,Road,23.2,6.2,3.35
3720.9,52.2,37,Rail,92.0,0.7,9.83
16.2,6.4,19,Road,26.9,4.1,2.2
3745.2,22.6,32,Road,18.3,6.5,8.46
1184.1,15.9,20,Sea,63.9,4.1,8.81
3981.8,30.5,21,Sea,36.4,10.0,16.25
3113.2,61.3,15,Air,93.3,7.5,6.09
2999.5,45.2,17,Air,46.0,1.9,4.65
1647.1,84.0,24,Rail,16.4,4.9,6.97
272.0,19.5,21,Road,95.8,3.8,4.57
3736.2,33.1,15,Sea,51.5,5.9,14.81
773.2,30.0,11,Sea,51.9,4.5,7.76
1678.3,21.6,37,Sea,38.6,2.4,9.71
2703.6,89.4,30,Rail,83.6,7.2,9.99
2172.7,35.2,18,Road,28.8,1.1,6.23
898.0,84.7,28,Sea,1.4,5.3,10.2
637.1,35.4,13,Sea,49.7,3.1,7.16
559.0,18.8,10,Multimodal,92.6,9.7,7.91
3884.2,11.2,39,Road,27.3,3.0,8.81
146.9,77.1,12,Road,26.6,3.4,4.87
4396.7,3.4,38,Road,73.8,7.1,9.92
897.4,86.8,26,Sea,77.6,1.3,10.66
500.9,37.9,19,Road,43.6,3.2,4.46
2598.5,22.6,23,Road,83.4,7.0,7.67
364.5,55.8,36,Multimodal,17.2,0.3,6.05
2713.0,12.4,27,Road,36.7,3.1,6.86
3828.6,7.0,16,Sea,40.4,0.1,12.32
220.3,74.6,7,Road,31.3,1.5,4.69
3600.4,38.5,13,Sea,21.8,6.0,13.98
1778.2,46.9,12,Rail,33.8,4.6,5.41
721.9,16.3,27,Air,1.8,1.6,2.19
796.6,6.0,33,Air,70.3,0.8,3.87
4134.8,33.4,31,Road,68.4,0.6,10.8
502.2,45.8,11,Road,45.0,0.9,4.3
3901.2,69.0,17,Road,32.3,1.0,9.98
2451.4,45.3,38,Rail,43.4,0.9,7.55
180.6,70.5,2,Air,93.7,0.6,5.15
2092.8,10.8,3,Rail,60.4,7.0,4.12
3679.4,6.2,34,Rail,73.1,9.4,7.42
3269.3,14.7,32,Road,23.0,8.6,7.6
2202.1,69.6,24,Sea,9.5,2.7,11.61
3870.9,68.5,24,Multimodal,8.3,2.0,12.5
546.0,13.2,13,Road,47.2,0.5,3.41
4095.2,3.3,22,Rail,71.7,1.6,6.85
3809.8,61.8,19,Road,77.4,5.7,10.55
3188.7,77.0,30,Rail,72.0,10.0,9.42
3681.4,68.0,39,Rail,91.3,8.6,10.62
2449.5,18.7,21,Road,5.2,5.1,5.6
3039.9,52.7,23,Road,85.5,4.2,9.61
2524.9,68.3,16,Road,66.1,1.5,8.81
1602.7,23.4,7,Rail,17.6,4.2,3.69
2562.0,47.7,20,Rail,68.2,5.9,7.45
1162.3,28.6,14,Road,51.2,6.0,4.95
1984.1,20.7,26,Sea,35.9,5.6,10.97
1267.1,87.3,22,Sea,24.8,8.2,12.09
557.4,82.2,36,Road,46.4,5.1,7.14
1451.8,40.4,26,Road,23.9,4.7,5.91
3834.7,12.7,12,Sea,8.3,3.1,12.59
1718.0,65.6,31,Multimodal,84.6,1.8,10.75
3367.3,23.4,4,Road,59.3,0.0,7.56
792.5,15.6,27,Road,36.4,3.2,4.2
1912.8,34.6,9,Road,44.7,6.3,5.72
521.3,47.9,12,Rail,86.5,5.6,5.41
628.1,9.2,29,Road,32.0,5.3,3.48
2780.4,51.7,28,Road,38.0,7.7,8.47
2735.6,1.9,16,Rail,76.6,2.3,5.35
964.1,80.3,8,Rail,20.1,6.8,5.49
2137.5,82.9,13,Road,65.9,6.1,8.83
3885.6,66.1,14,Road,43.4,3.4,10.09
788.0,42.3,15,Rail,50.0,2.2,4.73
91.4,23.3,9,Road,78.7,5.6,3.5
2935.7,67.1,32,Road,99.3,9.5,11.06
245.5,83.9,22,Air,83.2,0.8,6.61
4409.8,14.7,25,Road,16.1,9.5,8.51
2745.2,42.2,26,Sea,22.5,4.6,12.72
2119.4,28.7,29,Air,41.0,7.1,4.29
1937.8,32.4,18,Road,71.9,8.0,6.76
2581.0,36.8,36,Road,50.9,1.5,8.1
412.4,85.7,20,Rail,90.2,0.4,6.97
4185.4,23.6,33,Air,4.9,1.3,4.08
2817.3,44.6,20,Multimodal,25.9,3.4,10.02
832.0,85.7,3,Sea,21.9,9.6,10.2
2533.8,43.1,34,Road,74.4,0.4,9.01
604.0,77.8,6,Rail,46.5,9.2,5.54
83.9,5.8,31,Road,1.5,5.6,2.14
2839.2,85.8,35,Rail,77.3,1.0,10.07
2919.9,17.3,32,Road,36.2,1.5,7.55
2628.7,88.2,9,Road,26.0,6.9,8.46
829.8,16.2,27,Sea,18.3,6.1,7.98
2717.4,40.3,24,Rail,94.6,1.7,7.91
259.0,28.1,22,Road,94.2,9.0,4.84
2743.5,39.3,30,Road,7.7,1.3,7.07
2495.3,22.9,36,Air,23.3,5.1,4.11
2950.4,86.9,26,Sea,64.6,5.3,15.93
4030.2,27.9,2,Road,67.0,8.7,8.63
3827.4,59.0,7,Road,41.8,0.2,9.25
4413.0,12.8,27,Road,56.9,1.4,9.26
4393.2,74.3,16,Air,70.3,1.7,6.69
3476.6,49.1,29,Rail,95.1,0.6,8.97
4304.1,88.2,21,Rail,72.5,6.3,10.47
3903.4,38.4,26,Rail,11.0,2.3,7.0
3275.5,18.0,18,Road,71.8,5.8,8.09
343.9,31.5,1,Sea,6.8,7.8,6.22
225.5,66.5,2,Rail,50.3,4.1,4.64
3770.0,59.5,14,Road,52.7,7.7,9.46
2206.0,70.2,38,Road,77.8,7.8,10.02
3666.7,7.1,15,Rail,1.2,2.6,4.61
1411.6,52.4,36,Multimodal,87.5,0.2,9.4
1792.4,83.9,24,Road,66.4,1.0,8.7
3152.3,10.2,25,Air,3.1,8.2,2.81
4119.4,8.9,9,Sea,16.0,4.1,12.96
399.5,64.6,15,Road,4.0,8.4,4.51
3877.3,28.7,37,Road,76.6,5.5,10.36
3569.6,59.4,6,Road,17.1,2.0,8.43
1423.3,49.3,12,Sea,4.6,7.1,9.46
1601.7,88.8,27,Road,13.8,5.6,8.0
213.8,80.1,7,Road,56.0,3.5,5.18
75.8,61.2,28,Rail,49.5,0.9,5.11
2149.1,23.9,12,Sea,24.6,1.0,9.29
434.5,23.9,35,Road,94.3,1.9,5.51
877.0,79.5,2,Road,85.5,6.7,6.68
3811.2,52.9,26,Rail,31.4,7.3,8.27
2571.8,71.1,20,Rail,47.5,6.3,7.64
2853.2,40.8,25,Sea,51.7,3.4,13.18
847.7,9.7,21,Road,75.6,4.4,4.71
3729.8,30.3,1,Sea,42.8,7.1,14.19
3906.6,14.9,28,Rail,54.6,6.6,7.41
2357.4,70.5,38,Rail,41.3,7.7,8.35
4106.9,63.2,13,Rail,76.3,2.4,8.92
3802.5,8.4,30,Road,55.6,0.0,8.79
3292.3,56.1,10,Road,82.8,2.7,9.47
3304.7,78.7,22,Rail,5.4,3.5,7.84
478.7,62.9,29,Rail,90.4,9.6,6.94
1222.4,46.2,5,Rail,81.9,2.2,5.64
305.5,28.4,8,Road,81.9,8.3,3.92
44.0,79.9,11,Air,14.0,6.2,4.36
716.6,38.3,26,Rail,26.3,1.7,4.74
3962.8,77.1,19,Road,98.0,4.0,11.94
1083.2,70.6,19,Road,95.0,5.1,7.94
4365.8,73.6,30,Sea,22.7,3.4,17.38
2689.8,89.1,36,Sea,43.3,2.3,14.88
1071.5,67.5,9,Rail,15.6,2.5,4.89
2239.6,3.5,7,Air,26.3,5.9,1.96
989.8,18.9,18,Road,18.5,6.9,3.68
4428.0,3.6,9,Road,8.1,4.7,7.3
3813.5,17.5,6,Air,57.9,9.4,3.13
122.9,6.0,6,Air,24.1,7.3,1.14
4265.3,45.4,22,Rail,99.2,8.9,9.35
3246.2,3.0,17,Air,51.5,4.8,2.9
375.3,42.8,15,Road,35.9,0.1,4.19
3019.5,80.9,9,Air,91.3,5.9,6.64
2912.9,67.5,6,Road,62.1,8.2,8.47
988.5,85.0,23,Road,12.7,5.4,6.6
3414.2,20.8,17,Road,49.8,5.7,8.02
396.4,48.0,32,Road,44.1,9.7,5.33
2205.1,29.0,32,Road,76.5,3.7,7.6
49.6,44.7,37,Road,69.4,8.0,5.25
4359.5,50.4,3,Road,37.1,5.1,9.2
3383.3,3.7,16,Road,46.9,4.6,6.89
719.0,21.4,2,Rail,51.9,1.5,3.5
1540.8,63.6,3,Road,42.2,7.5,6.05
726.7,69.7,14,Road,10.8,8.2,4.85
3450.9,51.5,14,Sea,90.5,4.3,15.33
269.7,24.7,30,Air,67.3,7.6,4.31
3782.6,36.8,27,Sea,47.0,5.8,15.71
4240.2,9.1,17,Road,57.0,2.6,8.71
3046.4,85.8,39,Sea,21.3,9.2,16.84
962.3,78.2,9,Road,53.1,7.0,6.39
1623.6,6.4,36,Road,74.6,8.8,6.29
2150.2,15.4,10,Road,53.4,2.8,5.57
2722.8,52.5,29,Sea,48.1,9.2,14.9
3010.6,21.3,4,Road,46.2,3.6,6.54
2496.2,84.1,21,Road,76.2,0.1,9.76
1584.2,68.1,37,Road,75.3,0.8,8.71
4009.7,25.0,2,Air,75.0,0.9,4.1
370.9,1.0,15,Rail,24.6,2.1,2.06
2100.8,72.1,28,Road,61.8,1.9,8.95
3491.2,38.5,25,Rail,77.9,0.6,8.27
278.6,58.0,26,Rail,56.2,9.0,5.66
3175.5,26.2,9,Rail,77.9,8.3,6.48
3689.6,13.3,30,Road,85.4,7.6,9.39
2975.4,60.9,9,Air,17.4,4.8,4.29
63.2,40.8,1,Road,30.6,4.3,2.77
814.7,21.5,12,Rail,60.1,4.3,4.24
1542.8,12.8,13,Road,29.0,2.6,4.09
1055.4,52.5,14,Road,94.1,6.1,6.68
4332.1,65.4,10,Road,19.4,0.6,9.85
2933.9,25.9,17,Rail,35.7,6.6,5.63
1339.9,66.3,17,Road,99.4,5.1,7.68
4184.0,16.9,31,Sea,18.9,8.2,16.02
3334.0,30.8,26,Road,44.9,9.7,8.28
1284.3,67.2,35,Rail,31.4,8.8,6.83
1708.1,59.6,36,Sea,81.0,7.2,13.54
901.4,24.7,11,Rail,30.4,4.3,3.39
4370.0,11.4,16,Sea,16.1,2.1,13.89
2330.2,4.3,29,Rail,93.3,6.6,6.09
4032.8,75.5,18,Road,31.7,2.0,10.48
1562.5,7.2,11,Sea,74.2,0.2,7.8
3874.5,10.8,11,Road,29.1,5.7,7.46
247.2,21.8,9,Rail,17.9,3.9,2.61
4419.5,40.4,25,Sea,80.2,8.8,18.58
4104.6,71.2,32,Road,5.6,6.5,11.0
1637.6,22.6,34,Road,33.2,6.5,6.0
3487.4,49.1,3,Rail,78.0,7.9,7.57
3386.4,8.6,14,Sea,51.2,3.4,12.61
4056.1,42.1,25,Air,69.0,9.6,5.67
1386.1,16.4,16,Rail,6.7,2.2,3.41
2097.5,19.4,36,Rail,75.0,8.7,6.47
3893.2,33.3,9,Air,17.2,9.1,3.23
3504.7,68.6,4,Road,80.9,0.4,10.1
1773.6,67.1,2,Road,56.4,6.3,6.68
3806.5,37.6,25,Sea,73.9,7.5,16.66
216.1,11.1,22,Sea,21.3,9.5,7.12
3520.3,25.6,5,Air,39.5,2.5,3.03
934.4,45.7,21,Road,80.2,5.6,6.35
1291.1,78.3,10,Road,91.1,7.7,7.74
2222.0,87.2,23,Road,22.7,1.5,8.54
2026.6,57.6,27,Road,79.3,8.5,8.54
2345.0,31.9,30,Road,10.9,4.0,6.6
2453.8,62.6,4,Sea,42.6,6.4,12.72
1495.2,30.6,6,Road,93.9,0.4,5.82
792.6,56.5,26,Sea,94.5,2.2,10.01
3459.3,22.3,10,Road,29.7,4.8,7.02
1802.9,24.4,5,Rail,19.3,2.9,4.09
2278.8,7.2,39,Road,14.9,9.6,6.04
2902.9,38.1,37,Road,48.1,7.9,8.82
4093.8,55.8,1,Road,9.2,8.6,8.78
3185.4,71.1,34,Multimodal,35.7,4.7,13.11
209.3,73.0,8,Sea,1.7,4.7,7.0
3774.3,89.3,21,Rail,25.9,8.1,8.88
4452.2,8.4,31,Road,90.0,3.9,10.25
2128.8,44.6,23,Multimodal,44.7,4.8,9.74
4363.3,47.2,11,Road,7.4,5.3,9.13
2465.2,72.5,16,Road,64.7,6.1,8.96
2071.0,24.3,27,Rail,95.6,6.5,6.72
1494.7,6.7,7,Multimodal,46.3,6.8,6.95
2960.7,28.6,24,Road,62.4,4.4,8.31
1038.0,88.6,32,Road,91.9,3.0,8.92
476.7,81.0,35,Multimodal,41.9,9.2,9.94
127.4,35.9,31,Road,66.5,8.3,5.09
1319.2,78.9,29,Road,44.1,0.0,7.7
1784.0,3.4,4,Rail,96.2,5.1,4.66
2486.6,28.6,35,Air,50.4,2.7,4.86
1320.9,65.5,11,Rail,88.6,6.4,7.12
4428.3,20.3,34,Multimodal,50.7,5.0,13.83
1316.4,18.3,39,Rail,66.8,0.2,5.53
1987.2,77.6,15,Road,38.6,7.3,7.75
469.2,55.6,14,Multimodal,91.8,2.8,7.52
1176.5,89.0,21,Road,64.7,2.6,8.05
222.3,12.6,7,Road,2.0,0.3,1.63
2520.0,32.4,17,Rail,1.6,8.3,4.86
3381.0,28.4,18,Road,67.6,5.8,8.79
884.7,79.3,14,Road,11.4,4.8,5.81
1658.8,23.3,38,Road,71.6,6.8,7.05
79.7,32.1,29,Road,32.2,3.5,3.75
3778.7,13.3,10,Sea,53.9,5.7,14.24
3510.9,69.9,17,Rail,17.4,2.5,7.8
289.3,21.8,32,Multimodal,24.6,0.6,4.62
1645.1,6.6,20,Road,43.7,5.6,5.04
4299.0,39.4,17,Road,66.5,2.2,10.24
1767.2,35.5,7,Road,15.6,7.5,5.11
2370.3,16.4,39,Road,28.1,4.5,6.72
1601.8,12.5,30,Road,20.7,2.5,4.97
2684.6,80.7,38,Sea,86.3,6.1,16.66
4401.8,6.6,10,Air,64.8,1.2,3.51
4488.8,9.4,32,Multimodal,46.8,7.6,13.95
3487.3,22.4,26,Road,94.7,4.5,9.05
1822.4,85.8,17,Air,73.6,8.1,6.61
2227.5,8.1,1,Road,93.2,1.4,6.02
1608.5,73.5,39,Road,59.8,3.8,8.62
4435.2,80.3,26,Air,13.8,1.8,6.31
3186.4,34.3,30,Rail,67.5,0.6,7.65
2022.9,26.8,9,Road,20.1,9.6,4.87
59.5,61.1,33,Road,34.6,7.3,5.19
2344.6,63.4,26,Road,51.0,3.3,8.45
4427.8,70.3,10,Sea,15.7,2.5,16.03
2356.2,74.8,32,Rail,2.1,2.0,7.21
825.0,24.5,39,Multimodal,32.7,0.4,6.44
104.3,62.0,33,Road,82.4,1.0,6.31
1599.4,12.6,27,Road,1.5,1.0,4.41
4132.4,46.2,29,Rail,10.9,6.7,7.79
4484.5,55.4,19,Rail,80.7,5.9,9.47
4254.4,15.0,18,Road,30.6,5.7,8.35
3283.7,7.3,35,Sea,93.8,7.3,15.18
2513.9,17.9,28,Air,38.0,2.5,3.89
2660.1,38.1,38,Multimodal,79.7,3.4,11.96
2427.8,80.0,10,Sea,25.9,1.3,11.61
3183.2,48.1,3,Air,6.2,5.9,3.34
1887.8,67.5,29,Rail,88.2,9.3,8.19
3013.1,16.1,16,Sea,92.7,8.6,14.44
551.6,10.0,36,Road,70.8,5.5,4.97
1199.3,21.9,1,Road,77.0,6.4,4.74
3762.8,28.6,18,Road,0.7,9.9,7.54
4067.4,49.6,4,Rail,75.4,5.2,7.79
2427.8,79.4,5,Road,47.2,8.7,8.35
147.2,38.6,21,Multimodal,45.3,5.0,6.28
4171.7,46.9,4,Road,54.0,0.5,9.11
3160.8,0.9,20,Road,27.1,9.3,6.56
1866.1,3.5,19,Rail,69.6,1.1,4.85
2694.7,8.0,35,Road,29.6,7.0,6.81
1936.8,63.1,24,Road,55.9,2.4,7.84
2096.7,44.0,20,Road,13.7,9.0,6.45
3991.2,17.8,28,Rail,67.5,2.0,7.62
729.1,53.5,38,Road,19.0,1.4,5.71
471.0,49.2,24,Sea,17.0,4.4,7.36
17.3,8.4,20,Sea,2.4,5.0,4.56
1416.4,57.8,24,Road,12.2,8.2,5.91
667.6,69.2,6,Road,23.3,7.6,4.5
993.8,26.1,38,Road,22.2,3.3,5.36
55.5,62.0,25,Sea,32.8,3.8,7.52
1026.2,18.4,32,Road,5.4,5.8,3.98
1500.5,68.2,17,Road,93.5,5.5,7.89
146.9,82.1,17,Sea,11.9,8.6,8.79
2737.5,40.0,5,Rail,70.2,4.7,6.27
2561.8,22.4,17,Road,53.5,8.9,6.93
441.2,36.2,9,Road,55.3,2.1,3.99
2679.6,22.9,20,Multimodal,10.6,8.7,10.15
4493.9,0.6,2,Air,24.3,3.0,2.07
4250.4,58.7,19,Sea,78.0,7.9,18.51
17.0,4.3,9,Rail,46.4,5.7,2.36
3580.2,19.3,19,Rail,45.7,8.8,6.43
1594.5,65.2,4,Multimodal,54.6,2.3,8.31
291.1,60.1,6,Multimodal,43.4,7.0,6.92
1335.4,7.1,36,Road,80.6,8.5,5.56
1451.2,59.6,11,Sea,74.9,7.8,11.76
2357.0,83.8,21,Road,31.7,5.7,8.49
2976.6,7.2,25,Road,81.2,6.8,7.76
3372.0,37.7,30,Rail,51.9,2.0,7.75
1110.3,65.8,18,Road,62.8,2.2,6.68
1451.4,60.3,25,Multimodal,86.6,2.7,9.78
1391.2,20.8,21,Road,47.6,8.3,5.21
1635.5,15.1,23,Rail,75.6,1.7,5.31
4498.5,70.7,30,Air,62.8,3.0,7.3
3501.9,86.1,18,Air,42.7,9.2,6.55
4387.6,69.2,33,Road,78.9,7.6,12.68
3120.5,86.7,35,Road,10.5,7.3,10.02
1831.2,54.6,22,Rail,58.1,4.6,6.8
1756.9,83.7,24,Road,4.6,7.0,7.3
2201.2,62.3,23,Multimodal,15.6,5.7,10.35
1878.8,81.8,1,Air,59.9,0.7,4.91
3728.3,15.0,15,Road,30.8,5.8,7.72
2095.2,73.5,28,Road,26.2,4.5,8.41
1333.8,18.1,20,Road,95.6,1.1,6.03
3488.0,3.0,36,Air,36.6,3.4,3.63
3845.6,46.8,16,Road,56.5,8.9,9.57
1894.8,29.0,5,Road,53.4,8.0,5.55
3006.8,4.4,15,Road,6.2,9.1,5.57
269.3,88.2,2,Rail,67.4,7.2,6.24
2384.9,60.1,24,Road,51.3,6.3,8.34
207.2,81.2,13,Road,38.1,1.4,5.24
136.2,89.9,23,Multimodal,6.6,1.1,6.43
2760.1,35.6,12,Air,29.3,2.5,3.57
1368.5,23.3,33,Sea,88.4,3.1,10.21
3342.7,17.0,25,Road,17.4,6.1,7.03
4032.9,46.6,35,Road,21.9,8.8,10.15
631.6,54.7,35,Rail,20.5,8.9,5.33
3261.7,42.8,1,Road,89.1,6.8,8.44
2317.8,35.2,4,Air,70.0,5.7,3.82
509.0,15.6,31,Rail,88.2,2.4,4.85
2933.9,40.0,28,Road,91.4,9.4,9.52
2744.6,8.1,11,Air,92.8,6.7,3.92
2322.8,77.9,32,Multimodal,48.6,5.3,12.33
4169.5,4.7,2,Road,47.6,1.0,7.58
2347.3,34.6,13,Rail,82.9,8.3,6.53
4457.4,9.5,17,Road,33.2,3.5,8.59
2294.0,69.9,4,Road,2.2,9.0,6.83
525.8,28.5,31,Road,33.2,1.7,4.6
2119.8,10.6,38,Rail,71.6,0.5,6.34
824.6,48.1,3,Multimodal,12.4,4.3,5.78
2689.1,82.5,12,Rail,78.5,0.8,8.31
3120.6,81.8,18,Road,81.5,0.6,10.37
2110.6,22.8,30,Rail,10.1,7.1,5.18
444.2,64.9,11,Road,9.8,2.6,4.2
2111.5,3.2,24,Air,19.9,6.4,2.51
371.1,12.3,21,Road,35.6,5.7,3.0
3071.2,45.2,35,Road,53.3,1.4,9.66
3557.7,21.0,4,Road,48.6,3.9,7.12
4330.9,71.9,26,Sea,85.3,0.7,17.77
673.9,83.8,8,Road,14.2,4.2,5.26
2398.2,0.9,24,Sea,69.8,1.8,10.5
2556.1,21.3,12,Road,54.9,1.0,6.49
4151.5,39.8,5,Road,73.7,3.2,9.44
2824.6,50.9,16,Rail,34.2,0.0,6.46
659.1,82.5,32,Multimodal,47.1,7.6,10.32
1966.4,80.3,29,Multimodal,2.9,1.6,9.62
2948.2,57.5,33,Road,11.6,6.3,8.69
3152.8,23.5,14,Road,37.5,8.3,6.94
3884.5,70.6,25,Road,48.1,9.2,10.55
816.4,18.6,8,Rail,8.6,5.6,2.47
4282.2,86.9,27,Rail,82.5,7.9,11.13
270.8,1.0,35,Air,94.6,4.5,4.06
4427.0,51.5,22,Multimodal,59.6,4.9,14.58
3860.7,8.4,7,Road,5.3,5.5,6.57
2972.9,37.0,36,Rail,73.9,6.7,8.0
3308.8,57.3,12,Air,21.7,6.7,4.67
331.8,62.2,9,Sea,73.4,7.9,9.46
191.5,70.8,35,Road,43.4,6.2,6.02
462.4,53.6,39,Road,5.3,8.8,5.04
397.7,23.0,19,Road,27.9,7.1,3.33
2465.5,80.1,28,Road,42.7,9.3,9.36
973.4,73.1,29,Road,73.6,7.5,7.62
3871.6,14.8,8,Road,13.3,7.4,7.16
2008.6,74.5,27,Rail,28.7,8.6,7.31
3131.3,87.6,5,Road,8.4,6.6,8.78
2939.7,57.5,29,Road,61.6,1.8,9.35
1442.7,25.7,35,Road,47.4,0.8,6.05
1098.0,54.8,33,Sea,92.9,3.2,11.17
1544.3,31.2,32,Air,74.1,8.1,5.05
3586.0,61.0,21,Rail,77.8,0.2,8.9
2640.3,49.3,10,Road,16.4,1.5,6.75
1144.7,83.7,16,Multimodal,26.7,1.1,8.07
3681.2,55.8,11,Road,51.3,0.4,9.58
251.1,19.7,19,Road,1.3,8.1,2.12
3147.8,65.4,13,Road,87.0,2.8,9.86
1978.8,27.4,15,Road,77.8,7.3,6.61
3292.2,24.9,36,Road,5.8,1.4,7.67
4173.9,35.6,32,Air,84.9,4.1,6.22
3376.4,1.6,19,Rail,0.4,1.2,4.32
1991.6,87.2,15,Road,11.4,0.0,7.49
683.6,48.1,38,Multimodal,5.5,6.1,7.67
3629.5,69.7,22,Road,47.9,4.8,10.32
2075.9,23.6,13,Road,78.4,4.2,6.81
343.5,67.3,20,Rail,17.9,0.8,4.77
3237.2,51.3,15,Rail,77.1,5.9,7.71
1316.9,38.5,7,Road,18.5,7.8,4.59
224.8,87.4,22,Road,99.1,0.7,6.72
4062.9,44.7,20,Rail,85.3,4.1,8.73
2176.5,59.3,19,Rail,73.7,3.1,7.36
1267.9,1.9,27,Rail,59.2,8.9,4.23
3225.2,27.5,8,Road,24.3,2.6,6.83
3987.1,80.0,18,Road,11.9,9.4,10.15
6.4,68.4,10,Road,46.0,8.3,4.3
3096.9,48.5,35,Road,40.3,1.0,9.31
3452.7,81.1,15,Multimodal,67.4,4.8,13.99
948.6,44.0,23,Rail,17.0,6.5,4.49
2205.9,51.2,12,Road,56.2,5.9,7.19
406.3,34.7,27,Sea,69.3,6.8,9.13
3361.6,56.0,6,Rail,29.9,4.3,6.79
3814.3,29.1,24,Road,78.0,9.0,9.72
491.3,35.0,22,Sea,43.2,2.7,7.45
3675.0,87.0,9,Air,16.3,0.9,5.25
3473.2,10.5,10,Rail,19.5,9.8,4.67
1564.4,9.9,3,Road,27.9,6.5,3.68
3107.9,4.4,6,Rail,15.8,6.6,4.25
5.2,29.1,26,Sea,56.3,8.2,7.5
4193.4,36.1,14,Road,94.9,4.2,10.21
2479.0,9.0,36,Road,89.6,3.9,8.02
2793.4,49.6,19,Air,32.4,9.5,4.41
2992.6,52.7,39,Road,86.5,3.9,10.41
2528.4,67.7,23,Sea,95.4,0.8,13.75
3856.2,87.8,5,Rail,29.4,3.1,8.52
2745.6,55.9,15,Road,90.5,8.7,9.08
4085.4,10.5,30,Road,99.7,0.9,10.21
2622.6,8.4,33,Sea,79.8,7.2,13.12
774.2,70.1,38,Road,39.0,2.7,7.03
4111.5,58.7,19,Rail,60.9,7.5,8.7
3068.9,15.0,5,Rail,36.4,5.1,4.71
3148.1,23.2,9,Sea,99.6,6.4,14.4
4434.7,67.6,7,Multimodal,6.8,2.4,13.07
343.0,51.2,24,Rail,89.3,1.7,6.04
1931.5,52.9,16,Road,7.5,0.6,6.31
1079.7,19.3,37,Multimodal,4.2,8.3,7.67
2838.8,56.8,10,Rail,94.0,7.1,7.87
3631.6,69.5,21,Road,86.7,2.9,11.09
4348.6,79.7,21,Road,36.2,8.4,11.29
2048.4,66.4,15,Sea,95.8,8.3,13.75
3539.1,52.1,13,Road,86.2,1.4,9.84
4127.1,60.8,7,Rail,90.2,7.1,9.17
3076.5,43.9,8,Rail,59.5,2.9,6.78
1096.1,20.8,38,Road,95.8,4.7,6.8
2737.3,79.5,2,Rail,81.0,4.3,8.08
4364.9,48.2,37,Road,94.0,6.0,12.13
4444.1,53.7,22,Road,28.2,3.5,10.43
2892.4,89.1,4,Rail,53.2,0.7,7.99
3992.0,88.7,7,Road,86.8,6.7,11.53
905.6,53.0,1,Sea,58.0,9.6,9.98
1111.1,3.5,19,Sea,80.1,6.7,8.77
4288.2,36.0,30,Sea,97.3,5.4,17.76
612.9,84.4,2,Road,80.5,1.6,6.74
864.0,26.3,13,Road,31.5,6.3,4.01
1895.4,89.9,28,Rail,11.9,6.1,7.5
2655.2,8.0,14,Multimodal,27.3,6.2,8.62
2719.2,51.3,3,Sea,66.3,8.9,13.86
1317.4,46.6,16,Sea,1.1,7.2,9.2
4143.2,23.4,25,Road,19.0,7.8,8.69
4118.4,85.4,3,Road,32.7,3.1,10.32
1767.3,55.9,34,Rail,87.5,2.7,7.82
1957.1,21.1,3,Road,5.1,2.1,4.32
3162.7,34.9,29,Road,5.0,7.8,7.83
2985.2,65.1,19,Multimodal,55.2,7.0,12.72
1723.4,27.1,20,Road,17.8,3.4,5.43
1867.0,79.2,21,Road,24.2,1.4,7.49
1569.4,15.3,20,Road,18.4,8.5,4.77
1063.1,24.2,28,Air,58.2,3.8,4.03
2064.3,13.5,27,Rail,5.6,1.9,4.31
3090.5,9.8,25,Rail,94.0,1.4,7.22
3340.1,27.4,2,Air,12.3,9.2,2.54
3506.0,89.9,24,Road,95.2,1.3,12.26
1689.4,8.9,33,Rail,77.8,3.6,5.54
3442.0,19.6,19,Road,82.8,6.3,8.68
34.3,24.8,26,Road,17.3,4.1,3.09
2149.3,55.9,3,Sea,67.0,4.8,11.96
3573.6,67.2,27,Sea,81.7,8.0,17.81
2837.1,67.8,14,Road,55.8,10.0,8.92
2135.9,1.3,20,Road,55.1,4.7,5.62
2902.7,58.8,35,Rail,15.9,3.8,7.46
4081.7,57.0,23,Road,41.4,4.1,10.44
2550.9,46.8,25,Road,15.1,3.7,7.4
3600.0,34.4,4,Road,97.3,4.7,8.94
4413.4,71.9,2,Road,68.5,3.3,10.98
3176.5,31.3,2,Sea,4.8,4.6,11.72
2582.1,21.1,25,Road,47.7,9.5,7.42
173.5,28.3,23,Road,63.8,2.9,4.4
1688.3,39.8,21,Rail,9.6,6.5,4.91
2546.7,19.7,25,Air,66.5,4.9,4.41
3588.4,54.9,27,Road,17.7,7.3,9.24
1974.3,79.6,11,Road,40.8,4.7,7.71
4320.5,53.8,14,Road,62.6,1.6,10.69
1226.7,40.5,17,Sea,36.5,8.7,10.26
3351.8,71.8,15,Rail,38.1,6.8,7.96
1888.5,67.4,31,Sea,84.4,5.3,13.41
2189.5,33.4,34,Multimodal,30.9,8.3,10.7
3612.2,54.6,36,Sea,65.5,9.8,17.69
1336.5,65.8,13,Rail,84.9,4.1,6.67
440.2,22.5,18,Rail,15.3,3.5,3.12
2343.5,33.3,17,Road,4.6,7.5,5.92
2381.9,10.0,39,Multimodal,82.6,4.5,10.45
3588.3,88.9,28,Road,55.1,0.9,11.44
4357.6,8.2,26,Road,82.8,3.5,9.9
253.6,15.6,14,Rail,21.3,8.1,2.56
2664.6,43.4,37,Road,83.3,7.1,9.52
3067.3,77.9,11,Rail,9.5,8.6,7.02
4436.2,32.4,32,Rail,88.3,1.5,9.38
4241.9,69.3,24,Road,82.3,2.4,12.01
3207.5,61.0,31,Sea,56.7,2.1,14.95
2350.4,57.7,8,Road,60.8,9.7,7.8
731.1,76.1,39,Road,34.6,1.7,7.53
1731.9,1.8,8,Rail,20.2,6.0,3.17
2635.1,83.7,31,Rail,45.5,6.3,8.79
3264.8,74.7,19,Sea,65.7,6.2,16.11
2861.1,84.4,36,Road,99.8,6.9,11.54
3215.0,71.5,39,Rail,81.7,4.8,9.87
1934.0,79.1,32,Road,43.4,0.8,8.77
3275.7,18.7,21,Multimodal,74.3,7.0,12.13
651.1,29.1,23,Road,10.8,2.8,4.16
735.8,28.7,36,Sea,41.5,0.8,7.56
736.9,10.3,15,Road,42.5,1.7,3.3
4009.4,65.8,2,Road,99.9,2.9,10.88
346.8,12.7,12,Rail,39.1,4.3,2.7
3607.8,5.2,38,Air,8.3,8.6,3.53
1054.9,69.9,6,Rail,6.7,5.4,4.62
2110.6,81.5,38,Air,69.8,4.7,7.39
4122.2,68.9,1,Rail,28.9,1.9,7.72
2638.8,74.4,38,Rail,86.9,9.6,9.58
949.5,53.8,26,Road,48.3,9.1,6.09
1282.0,80.0,23,Sea,33.0,8.2,12.01
4142.4,45.0,1,Road,75.9,3.2,9.62
1925.0,89.0,21,Air,41.8,5.6,6.11
2643.5,9.8,19,Air,73.7,3.9,3.78
2072.4,72.9,29,Multimodal,71.4,4.0,11.83
1706.1,57.9,26,Rail,72.3,0.7,7.29
1008.6,52.5,34,Rail,85.7,1.4,7.04
3089.4,65.5,17,Sea,84.8,9.6,16.66
3233.5,75.7,18,Road,66.5,6.1,10.28
1240.6,77.7,32,Rail,95.7,0.1,8.63
3551.6,16.2,4,Road,2.1,8.1,6.3
3846.1,18.1,30,Rail,93.0,0.9,8.41
4143.4,1.9,31,Road,14.8,7.1,8.0
729.6,12.3,18,Road,21.2,6.2,3.05
1371.1,24.1,5,Road,81.7,0.6,5.35
3872.3,65.0,32,Road,40.0,5.3,10.92
897.4,43.1,29,Rail,42.5,0.5,5.4
20.6,68.3,12,Road,26.1,0.6,4.08
3919.4,44.0,15,Rail,22.4,0.5,7.08
1472.4,50.2,15,Road,10.6,2.6,5.41
1868.2,10.4,35,Rail,19.7,8.0,4.58
2011.3,70.0,35,Rail,56.7,3.6,8.16
3818.0,68.4,14,Rail,70.7,6.4,9.1
1523.8,28.0,39,Sea,73.9,1.2,10.16
4015.8,29.9,18,Road,37.0,9.3,8.91
2778.1,20.2,38,Sea,92.2,5.0,14.3
2375.2,73.3,22,Road,32.9,0.2,8.59
1468.6,67.4,38,Rail,11.1,5.4,6.38
1100.5,55.0,11,Rail,94.5,1.8,6.48
2810.1,21.9,3,Road,54.1,2.0,6.4
2013.8,15.9,14,Rail,97.1,6.0,5.72
4097.8,5.0,25,Rail,39.4,2.3,6.88
2214.9,4.6,14,Road,75.7,2.1,5.98
2305.5,17.2,31,Road,11.0,5.4,5.95
1878.2,9.5,25,Road,85.4,2.4,6.56
3552.7,50.3,19,Air,17.1,1.1,4.76
1914.7,32.5,12,Rail,6.9,4.1,4.3
1215.7,40.3,7,Road,9.8,0.5,4.1
3879.8,53.7,14,Road,55.7,9.1,9.82
2687.7,59.5,29,Rail,29.2,4.5,7.55
2663.8,58.5,14,Sea,96.1,0.1,13.0
2750.6,23.8,23,Road,85.3,2.2,8.29
3236.2,73.0,14,Road,80.3,9.6,10.2
1412.2,82.6,23,Air,81.0,5.0,6.48
157.1,28.8,8,Road,89.1,3.6,4.26
3648.6,2.0,13,Road,86.5,3.2,8.09
584.4,81.0,36,Multimodal,92.8,4.2,10.33
3249.6,83.2,1,Rail,93.4,2.1,8.9
375.0,5.1,37,Road,29.8,7.5,3.54
1692.0,0.9,26,Road,22.0,5.1,4.6
288.3,73.6,4,Road,64.3,7.5,5.24
2352.4,27.5,16,Road,12.3,2.5,6.04
2940.8,82.4,25,Air,21.1,0.0,5.99
775.6,19.9,19,Road,77.3,9.7,5.11
1675.5,77.6,20,Sea,64.9,5.1,12.59
4186.4,6.6,26,Air,65.1,0.8,4.0
1993.5,23.8,32,Road,95.1,1.0,7.59
3612.4,87.6,3,Road,66.8,4.3,10.61
4172.7,21.2,7,Rail,43.1,7.0,6.26
4384.7,12.4,32,Air,28.0,4.0,3.92
4043.0,77.2,5,Sea,33.9,8.2,17.22
1431.7,11.0,21,Road,27.8,3.3,4.17
4331.8,9.2,30,Rail,3.5,0.5,6.46
3656.7,29.4,20,Rail,26.2,0.1,6.49
3768.1,57.4,29,Air,83.5,8.6,6.92
73.2,64.1,24,Road,72.8,9.8,5.81
4294.3,79.4,1,Rail,62.2,1.3,8.65
3502.5,48.9,25,Air,90.2,0.6,6.29
3457.0,35.7,27,Road,26.4,9.1,8.46
371.5,32.6,25,Rail,57.8,1.0,4.72
1050.4,76.3,21,Road,3.1,2.3,5.99
4330.4,65.3,17,Road,89.2,8.0,11.75
2255.5,81.5,28,Road,44.8,10.0,8.93
1793.4,86.8,32,Multimodal,17.8,4.9,10.98
3780.5,27.4,34,Road,23.9,2.1,9.04
397.6,47.9,22,Rail,84.8,8.5,5.79
1879.2,57.0,19,Rail,10.9,3.9,5.63
1693.8,15.2,8,Road,92.5,2.7,5.66
1577.6,5.3,2,Rail,37.3,4.9,2.91
1388.1,78.2,5,Sea,25.1,8.6,11.16
949.3,48.4,28,Air,33.2,2.3,4.48
782.2,51.6,4,Rail,40.9,4.2,4.49
2883.6,50.2,36,Rail,54.8,4.4,8.01
4137.7,68.1,1,Road,58.7,8.3,10.17
2292.3,13.5,15,Multimodal,44.8,6.8,8.89
1344.4,55.5,13,Road,44.6,7.8,5.98
720.4,42.5,31,Sea,28.5,6.9,9.11
3736.5,80.8,17,Road,38.4,5.9,10.62
4371.9,47.0,6,Multimodal,46.7,1.3,12.66
1574.5,84.9,24,Sea,59.8,8.3,13.28
1312.8,32.1,13,Sea,13.1,6.1,8.76
2708.7,87.0,21,Road,76.4,7.0,10.41
3490.1,78.8,24,Road,68.1,7.8,10.95
2052.0,52.8,22,Rail,29.9,3.1,6.1
2837.2,32.2,29,Sea,45.9,4.4,12.97
3225.9,34.1,24,Road,94.7,5.4,9.41
4322.9,69.7,12,Multimodal,2.0,3.4,13.02
746.8,52.5,20,Air,81.1,2.6,5.18
4488.2,36.4,34,Road,51.2,7.8,10.79
1767.7,57.4,15,Sea,61.9,7.5,12.3
3255.8,66.1,4,Rail,68.5,8.3,7.86
2578.0,2.5,14,Rail,45.6,7.0,4.6
2192.6,8.5,1,Road,19.2,3.1,4.1
3142.8,9.0,33,Rail,91.0,3.3,7.25
1783.9,21.3,29,Sea,74.0,5.3,11.24
571.9,38.7,10,Road,56.0,8.4,4.39
2202.6,72.4,36,Rail,44.8,3.5,8.2
2351.0,31.9,14,Rail,49.9,7.7,5.82
912.6,2.1,22,Sea,82.4,3.1,7.76
4210.6,43.8,33,Road,1.3,3.4,9.83
1027.5,89.7,28,Air,86.5,7.5,7.0
1844.5,31.7,7,Rail,4.7,6.8,3.69
701.4,86.5,36,Road,61.6,2.1,8.17
2413.4,9.6,36,Road,33.3,8.3,6.53
1387.8,16.0,34,Rail,67.8,7.8,5.63
2204.3,65.3,37,Air,8.6,8.0,5.6
1014.7,45.4,6,Road,55.6,4.7,5.11
246.7,69.0,35,Sea,85.5,3.3,9.89
3507.6,77.8,27,Road,49.5,8.5,10.85
2886.7,23.0,30,Rail,8.4,5.9,5.85
1536.6,61.6,32,Multimodal,3.7,9.3,10.31
218.5,54.9,19,Sea,62.1,2.5,7.74
3895.8,77.6,22,Road,7.0,9.8,10.02
768.2,39.0,21,Rail,7.1,3.8,4.04
4188.7,5.1,5,Road,42.5,3.8,7.55
2156.3,51.9,21,Road,21.0,2.4,6.89
1535.0,86.3,20,Sea,20.4,9.7,12.44
3339.2,1.8,38,Sea,48.1,0.4,12.41
3946.4,22.0,31,Road,28.1,4.7,8.85
1671.4,28.8,37,Air,21.9,3.7,4.32
1836.0,69.0,6,Rail,51.4,1.6,6.3
1952.0,29.4,31,Road,29.1,7.1,6.44
4150.8,21.9,24,Rail,8.0,9.0,6.69
3118.1,58.5,18,Rail,68.3,2.4,7.86
1118.2,4.7,29,Rail,58.6,5.0,4.37
836.6,15.8,12,Rail,21.2,5.8,3.08
1040.5,37.0,12,Rail,58.2,3.9,5.17
1189.7,32.3,29,Road,95.6,9.2,6.51
1039.7,31.6,7,Sea,95.6,4.6,9.14
2965.0,10.2,16,Rail,53.2,9.8,5.64
526.1,32.8,12,Road,9.8,3.0,3.29
1746.2,71.9,21,Sea,45.8,0.7,11.3
2814.6,37.5,4,Multimodal,2.7,5.7,9.17
1312.4,53.0,17,Multimodal,41.5,8.2,9.27
298.4,15.1,28,Road,90.9,3.9,4.48
372.8,6.7,31,Road,46.7,1.9,3.69
571.2,79.3,8,Rail,55.0,7.4,5.87
3762.1,30.2,26,Road,15.8,2.7,8.73
2962.1,31.9,31,Multimodal,1.6,7.7,11.37
295.0,79.1,19,Road,99.3,2.6,7.24
1762.9,63.8,7,Road,33.8,5.6,6.31
1257.2,68.2,5,Road,27.9,8.9,5.72
2603.3,61.5,13,Road,57.1,2.0,8.37
2355.0,10.0,18,Sea,74.5,8.2,12.24
2167.7,86.2,18,Rail,25.1,2.7,7.35
1418.7,81.9,20,Road,52.4,6.6,7.88
624.4,21.6,23,Road,33.3,2.4,3.87
3342.0,72.5,36,Rail,48.1,1.1,9.31
3960.0,37.1,33,Road,16.1,6.6,9.55
4249.0,61.7,7,Rail,51.0,5.9,8.59
268.5,15.3,5,Rail,4.7,4.0,1.58
3330.9,48.7,32,Sea,84.0,0.4,14.9
3270.6,11.8,9,Multimodal,62.8,4.8,10.45
4262.3,48.5,30,Air,94.1,1.5,7.07
1141.9,22.3,32,Multimodal,60.0,3.6,8.01
3341.1,41.0,39,Road,18.2,5.9,8.92
250.5,60.3,4,Road,48.4,9.4,4.32
2842.4,79.0,25,Road,66.5,5.1,10.16
1582.1,15.3,22,Air,37.4,1.9,3.18
3461.2,80.4,8,Multimodal,55.3,9.5,14.55
3885.6,35.4,2,Air,16.3,0.3,3.08
1644.9,76.0,37,Road,77.7,6.4,9.48
2367.5,46.4,35,Multimodal,91.0,2.6,11.25
532.7,77.7,37,Road,31.5,7.6,6.52
1879.0,59.8,22,Road,79.3,3.3,8.26
1626.8,46.0,1,Road,9.2,4.3,4.65
828.1,28.5,39,Road,24.7,7.7,5.01
4025.7,87.2,33,Rail,46.2,9.0,10.42
670.7,72.2,4,Road,38.6,1.8,5.3
2862.6,34.6,9,Rail,62.0,3.0,6.46
4006.2,15.4,8,Rail,56.3,0.0,6.21
4104.3,70.3,22,Air,8.7,8.6,5.56
3570.6,89.1,21,Rail,13.2,9.5,8.74
796.8,25.5,28,Road,5.2,2.8,3.8
3679.4,82.5,37,Sea,95.3,3.8,18.31
1248.2,11.7,2,Air,64.5,4.3,2.61
4151.2,85.7,17,Road,85.6,4.1,12.47
3192.3,67.2,31,Rail,54.1,3.9,8.78
3534.8,31.5,13,Road,19.4,4.8,7.42
387.2,27.8,18,Road,62.7,1.5,4.46
2624.5,58.1,24,Rail,50.5,0.6,7.5
3696.0,53.6,31,Air,40.8,7.2,5.52
3877.8,82.7,33,Road,37.2,8.5,11.47
133.7,69.1,31,Sea,65.0,8.1,10.23
4226.5,48.9,27,Air,61.8,6.3,5.85
199.8,83.5,36,Air,15.2,9.7,5.65
2767.3,53.5,21,Road,81.6,0.0,9.11
3121.8,76.5,5,Air,63.6,3.2,5.74
487.5,75.8,11,Road,53.6,3.1,5.68
220.8,82.8,34,Rail,74.9,3.5,7.43
3533.2,6.6,34,Road,15.4,8.0,7.51
1734.1,52.8,3,Road,92.0,3.5,7.11
486.5,42.4,6,Sea,27.1,5.3,6.92
3433.2,44.4,20,Road,26.3,6.1,8.63
3822.0,41.7,4,Road,81.5,8.5,9.31
2645.3,75.5,37,Road,33.4,6.2,9.43
729.8,29.0,39,Rail,83.1,3.8,5.97
73.4,41.9,7,Road,32.8,6.9,2.98
3155.1,18.5,17,Sea,55.1,5.2,12.86
2477.9,23.0,38,Road,23.1,5.3,6.9
2930.3,59.6,36,Road,73.2,3.4,10.03
3660.3,11.0,34,Road,16.7,0.0,7.93
1956.9,17.3,6,Rail,89.9,3.6,5.34
564.7,47.8,39,Road,37.2,3.0,5.57
4230.2,4.4,2,Road,47.2,1.0,7.42
2456.0,11.9,18,Multimodal,2.4,2.0,7.47
2770.7,77.8,27,Rail,97.6,9.8,9.58
4200.7,76.2,39,Road,81.3,2.8,12.71
4192.5,31.6,19,Road,44.7,5.2,9.37
2576.6,31.6,32,Air,92.0,5.5,5.82
1342.8,84.3,24,Road,93.1,5.6,8.85
4487.0,2.8,34,Road,53.3,0.5,9.9
3065.3,52.4,25,Sea,23.4,7.7,14.42
1840.9,54.0,24,Rail,48.7,7.3,6.75
2521.5,71.0,25,Rail,32.5,9.8,7.57
1874.2,85.7,12,Road,44.8,1.8,8.01
3997.9,32.3,30,Road,91.1,5.5,10.6
2173.8,39.7,6,Rail,28.2,8.0,4.86
3706.8,60.6,30,Road,83.9,1.2,11.07
3781.6,87.1,33,Rail,93.5,7.9,10.87
3710.4,80.2,15,Rail,80.5,2.7,9.67
3251.2,60.2,29,Road,52.7,2.8,9.79
3847.7,77.2,14,Multimodal,56.4,9.5,15.7
1745.6,8.1,25,Sea,82.0,3.1,9.93
520.4,34.3,5,Sea,4.5,5.8,6.42
3791.8,1.7,2,Road,73.6,4.4,7.4
2244.3,16.4,16,Road,52.9,0.8,5.79
577.6,56.9,39,Rail,39.7,9.5,5.92
523.3,79.8,38,Road,76.7,2.1,7.58
720.8,57.1,17,Multimodal,26.6,2.7,6.91
3380.6,59.9,31,Road,89.6,3.8,11.15
3200.3,9.8,1,Rail,68.8,5.0,5.63
921.2,60.0,6,Road,61.0,1.4,5.3
3811.9,41.2,31,Rail,52.3,6.3,8.07
1269.4,58.8,6,Road,21.3,5.1,5.29
3569.5,29.7,36,Road,61.7,3.0,9.53
2202.2,52.5,8,Road,72.5,6.9,7.58
3293.3,38.5,29,Air,1.2,5.1,4.04
1719.3,50.5,9,Road,36.6,8.4,5.9
1565.4,13.7,22,Air,83.2,8.6,3.78
3786.9,35.9,10,Sea,63.2,9.8,16.02
163.7,34.0,24,Road,61.5,0.7,4.5
4386.4,66.4,2,Sea,22.9,4.1,15.77
2918.6,63.7,20,Road,63.2,5.0,9.34
1949.0,81.8,17,Multimodal,78.6,2.3,10.79
2828.1,57.1,33,Rail,40.2,9.2,7.75
556.7,28.7,14,Road,18.2,0.9,3.22
2315.7,70.6,32,Road,7.7,4.3,8.21
4433.0,45.0,37,Road,50.6,1.9,11.4
1062.5,17.8,24,Multimodal,68.4,6.8,8.31
3251.6,67.4,20,Road,16.3,7.0,9.02
1960.2,12.4,6,Rail,42.1,8.7,4.04
2937.8,16.4,33,Road,56.9,4.1,8.24
926.0,68.4,28,Multimodal,15.6,7.8,9.12
2119.7,69.4,11,Road,27.0,5.5,7.28
4410.5,71.3,36,Rail,60.8,8.1,10.6
882.8,26.8,20,Rail,72.5,0.9,4.99
2865.8,78.1,6,Sea,63.6,4.6,14.27
2592.3,65.2,8,Road,71.4,1.5,8.48
2544.9,75.1,19,Road,58.2,7.9,9.01
2770.0,63.9,15,Road,83.6,1.5,9.25
2262.6,52.4,22,Sea,82.7,0.1,12.17
81.1,10.3,2,Road,79.6,9.3,2.51
4050.9,64.1,28,Rail,57.5,4.8,9.4
3722.3,62.3,36,Road,99.4,9.9,11.99
787.9,28.5,36,Air,3.9,4.5,3.15
1862.7,66.4,18,Multimodal,19.6,5.9,9.94
3468.6,49.8,12,Rail,80.9,7.4,7.79
4410.4,50.6,19,Road,82.6,2.8,11.15
4280.4,33.4,26,Road,81.9,1.3,10.72
4047.6,11.0,25,Road,87.3,6.6,9.8
716.9,19.9,28,Road,42.3,5.1,4.51
4115.6,69.3,15,Rail,93.2,8.3,9.82
3953.6,24.8,10,Rail,20.9,0.5,6.21
1699.4,0.7,39,Multimodal,93.7,5.4,9.42
1778.4,89.7,34,Road,55.7,1.9,9.6
2072.3,19.4,13,Rail,16.4,6.2,4.23
2954.5,59.2,16,Rail,73.6,7.6,7.96
1177.5,83.5,31,Rail,29.6,2.6,6.83
108.2,54.2,1,Road,22.0,4.8,3.3
639.8,72.0,23,Rail,17.2,4.2,5.57
1983.3,87.9,14,Rail,2.9,7.5,6.53
1272.6,77.5,39,Sea,76.5,6.0,12.96
3441.5,50.4,30,Multimodal,48.7,1.2,12.39
484.6,33.1,20,Road,97.9,9.8,5.33
4129.0,43.7,25,Road,43.9,9.1,10.1
4029.5,75.8,11,Rail,84.3,5.8,9.57
4089.9,76.9,26,Rail,96.8,7.8,10.79
3329.5,76.2,21,Road,2.2,0.2,8.82
486.0,54.0,5,Sea,10.5,2.0,6.31
1974.4,43.2,7,Multimodal,34.8,7.7,9.56
595.7,28.4,12,Multimodal,87.0,1.1,5.7
4444.7,0.8,2,Road,83.8,0.4,8.36
1502.0,68.9,39,Air,36.7,6.2,6.15
2636.1,25.3,21,Sea,20.0,0.3,10.37
3508.4,30.0,32,Rail,80.2,1.8,8.32
4143.2,76.0,5,Rail,59.7,0.8,8.94
3401.2,5.2,27,Sea,3.2,5.3,12.48
3036.9,83.5,31,Rail,80.4,6.8,10.16
2099.6,0.6,12,Road,95.7,1.8,6.08
2726.3,84.6,36,Rail,4.2,4.7,8.03
428.3,41.2,21,Rail,28.6,0.2,4.32
3978.2,9.6,19,Road,81.9,2.6,9.0
2449.3,60.8,3,Air,58.5,1.8,4.79
185.4,80.7,17,Rail,98.9,1.7,7.1
4140.0,39.7,30,Rail,91.6,2.3,9.57
2204.4,62.4,36,Road,17.8,8.1,8.09
3909.3,88.2,9,Rail,67.4,9.5,9.6
3856.7,22.0,34,Road,65.3,7.1,9.56
3671.8,73.9,29,Road,11.1,0.7,10.02
281.0,26.9,10,Rail,9.0,6.3,2.44
1115.6,38.7,9,Road,56.9,7.3,5.27
3940.6,25.7,11,Rail,40.3,1.1,6.77
4046.0,40.4,19,Road,54.5,2.9,10.21
2064.0,1.0,22,Road,23.9,4.3,4.98
1983.0,27.7,22,Road,55.7,3.1,6.68
792.3,40.4,16,Multimodal,38.3,5.2,6.72
4358.0,57.1,17,Rail,88.8,1.3,9.24
963.1,57.5,7,Rail,30.6,4.4,4.56
863.3,52.7,31,Road,87.1,7.3,6.9
2975.0,26.7,4,Road,39.0,4.6,6.67
1096.6,85.3,29,Multimodal,57.8,2.1,9.89
4224.8,35.6,7,Road,28.6,8.0,8.62
54.0,19.9,30,Road,80.9,3.9,4.35
30.9,50.1,3,Rail,84.4,4.3,4.58
2274.4,67.5,25,Road,80.9,3.6,9.11
2198.8,1.6,34,Sea,64.0,2.9,10.65
739.3,25.2,33,Rail,30.5,6.0,4.47
2227.9,74.3,31,Road,63.6,1.9,9.4
1855.4,45.9,24,Road,96.0,7.7,7.79
4007.0,37.1,38,Road,64.8,4.8,10.41
46.6,83.8,4,Air,95.6,8.8,5.64
4393.3,8.5,10,Rail,30.5,9.4,6.04
2811.6,55.6,25,Road,84.6,3.8,9.38
687.5,31.1,37,Road,71.8,1.6,6.21
215.2,6.8,1,Rail,81.9,5.1,2.95
2423.8,19.6,17,Rail,71.1,2.7,5.98
1060.8,56.7,7,Road,48.0,4.3,5.59
1358.7,3.0,14,Road,68.7,3.8,4.6
1106.9,53.5,1,Road,93.2,4.5,6.17
2927.5,86.1,6,Rail,41.8,5.0,7.99
2493.1,71.7,39,Multimodal,95.2,6.3,14.12
355.5,31.4,10,Road,4.9,0.0,2.71
2371.7,12.9,21,Rail,1.4,2.6,4.52
3561.4,42.1,3,Road,49.4,1.7,8.22
370.0,35.7,19,Road,84.9,7.1,4.99
4004.4,87.5,28,Road,24.8,8.3,11.13
2604.5,89.1,2,Sea,69.3,7.3,14.63
4278.1,37.2,27,Rail,54.7,9.7,8.57
670.9,13.8,32,Rail,29.1,0.8,3.89
4471.1,82.0,12,Road,28.6,4.6,11.14
2901.0,71.5,1,Road,7.3,9.0,7.45
2555.9,46.3,29,Road,53.6,3.2,8.18
2321.2,33.2,9,Sea,45.0,8.0,11.84
111.3,40.6,18,Road,28.9,5.6,3.49
4228.7,81.2,36,Rail,97.0,9.8,11.42
2899.8,17.0,16,Road,81.8,3.7,7.51
416.9,72.7,35,Road,52.5,4.2,6.77
99.2,2.1,36,Rail,52.2,1.6,3.74
233.3,82.9,4,Road,19.4,1.6,4.57
2744.2,45.3,35,Road,64.9,8.6,8.83
2765.0,20.8,19,Road,95.4,4.1,7.85
2251.0,0.8,6,Rail,89.8,6.2,4.93
1383.9,50.6,31,Rail,8.5,7.5,5.39
2395.2,22.4,27,Road,5.3,4.4,5.9
2325.8,57.0,3,Rail,96.1,9.5,7.15
92.3,25.7,36,Road,20.0,9.4,3.58
1274.7,8.4,36,Road,55.0,6.8,5.11
244.1,45.7,2,Road,7.5,10.0,2.6
4051.2,51.0,37,Air,84.3,0.0,7.0
3264.9,41.0,15,Road,11.8,0.1,7.44
4482.5,41.5,37,Road,64.4,0.7,11.61
1363.3,53.3,23,Road,5.7,9.4,5.63
3953.8,47.6,6,Road,15.7,6.0,8.39
2715.7,12.4,33,Rail,51.2,9.3,6.39
2041.8,18.1,5,Road,4.6,1.3,4.0
1005.5,13.2,21,Road,19.6,0.3,3.95
3324.1,62.5,28,Rail,13.6,5.4,7.94
4069.1,47.8,21,Road,4.1,1.8,9.03
1062.7,39.0,24,Sea,97.1,8.6,11.32
793.4,72.0,28,Rail,45.0,4.2,6.68
3134.5,29.7,11,Road,85.9,7.7,8.27
4396.5,51.3,22,Rail,35.8,5.2,8.45
3376.0,7.2,34,Road,4.3,5.3,7.15
1284.2,67.1,37,Rail,69.6,6.8,7.79
1892.7,62.7,17,Road,3.9,3.4,6.23
1732.5,72.3,15,Road,55.3,9.5,7.65
3835.2,79.7,29,Rail,13.9,4.0,8.76
3472.3,68.3,34,Air,67.1,4.0,6.96
2652.4,76.1,22,Multimodal,89.3,7.1,13.79
1240.9,31.4,27,Rail,95.6,6.4,6.25
4221.3,31.2,38,Road,52.8,10.0,10.42
2941.7,85.0,15,Road,53.3,8.5,9.77
4367.3,82.4,21,Road,3.8,2.8,11.04
2612.6,49.6,4,Rail,77.0,1.0,7.09
3696.3,33.3,18,Road,95.6,1.1,9.98
3659.9,78.0,7,Air,43.8,3.6,5.8
1521.3,29.4,16,Road,79.4,4.8,6.15
4338.3,14.3,35,Road,79.7,6.4,10.83
103.6,57.7,12,Road,78.6,8.6,5.11
3460.4,4.3,7,Sea,75.9,9.9,14.27
4345.2,34.4,10,Rail,21.5,4.1,6.82
1528.4,72.8,1,Rail,75.1,5.5,6.53
2918.3,26.9,12,Road,14.4,6.0,6.18
2532.2,83.9,27,Sea,71.3,5.6,15.13
3428.0,86.0,28,Road,0.4,0.9,10.01
3898.5,73.5,18,Air,91.9,1.2,7.01
2715.7,88.9,1,Rail,82.7,8.9,8.47
3672.5,48.0,23,Road,68.3,6.8,10.02
1408.7,51.4,39,Rail,9.4,6.8,6.12
1032.5,75.3,17,Rail,82.5,8.1,7.09
1940.9,44.6,1,Road,87.5,0.8,6.85
3051.4,36.9,38,Air,68.8,4.2,5.63
846.7,55.5,4,Road,97.6,2.5,5.81
3063.2,59.4,15,Road,9.3,6.6,7.8
1776.5,67.7,21,Road,70.9,2.1,8.15
3581.1,60.3,21,Road,52.5,6.9,9.81
170.6,67.2,22,Rail,14.6,3.9,4.87
3007.6,60.9,14,Road,65.8,4.4,9.15
2926.0,43.5,35,Rail,80.0,8.2,8.31
4234.5,12.6,4,Road,16.5,3.5,7.33
3211.6,70.8,35,Multimodal,79.3,2.6,13.68
3584.4,3.3,32,Rail,9.3,8.5,5.71
4071.1,89.3,28,Sea,59.1,6.9,18.87
3039.4,74.6,12,Road,79.8,4.0,9.96
1309.2,60.5,30,Road,14.6,5.0,6.58
3914.6,87.0,9,Road,57.2,3.5,10.78
3365.4,55.3,19,Rail,42.5,5.5,7.52
1912.8,5.6,16,Air,60.7,1.4,2.93
3198.8,50.6,30,Road,42.4,8.9,9.28
3905.3,25.3,1,Road,25.1,5.5,7.51
4390.6,33.6,23,Air,25.4,3.9,4.21
4285.8,41.6,12,Road,86.5,5.7,10.44
1467.3,69.8,5,Rail,15.6,1.6,5.21
1900.5,45.5,20,Rail,12.3,0.8,5.43
497.4,43.0,3,Sea,9.7,5.5,6.41
1117.7,27.5,2,Road,7.4,0.7,3.34
3971.5,48.8,20,Road,1.4,6.6,8.89
1627.0,22.7,2,Rail,16.0,8.0,3.59
2794.4,23.9,35,Multimodal,19.3,9.9,11.96
2998.5,68.3,4,Road,27.0,7.7,8.14
3519.3,31.2,36,Road,12.4,9.7,8.51
826.7,5.1,6,Rail,9.4,0.2,2.03
1375.1,31.3,14,Multimodal,54.1,5.6,8.1
2020.3,57.7,15,Sea,71.9,1.6,11.57
1645.0,73.4,37,Multimodal,63.0,2.5,10.81
4423.2,86.6,33,Road,55.7,7.3,12.91
3758.1,67.3,19,Road,44.1,2.5,10.33
2161.2,38.9,12,Rail,63.4,1.8,6.32
3957.3,27.3,9,Sea,90.2,3.7,14.89
1567.7,12.1,19,Road,62.7,0.8,5.5
3537.3,56.7,32,Road,6.1,1.5,9.27
1010.4,46.1,28,Sea,57.0,1.5,8.97
3476.6,61.2,28,Road,52.4,2.3,9.96
2056.8,21.7,31,Road,45.2,8.7,6.64
488.2,29.5,36,Rail,56.9,3.0,5.17
1233.3,26.6,13,Rail,67.3,2.7,4.64
1813.2,71.9,33,Sea,3.7,1.3,10.91
3373.1,15.8,18,Road,48.0,0.2,7.77
333.1,55.0,29,Rail,81.7,1.6,6.48
2969.7,5.1,39,Rail,53.1,7.2,6.51
3223.5,49.7,8,Rail,6.8,9.7,5.96
2944.4,6.2,22,Rail,77.5,7.4,6.3
3424.2,16.2,1,Road,94.1,8.5,8.04
805.9,10.6,31,Road,85.2,7.9,5.3
2644.0,31.5,20,Road,36.3,3.0,7.11
4235.4,31.3,36,Road,53.5,7.3,10.4
2750.5,74.5,23,Rail,59.1,7.5,8.38
2753.0,20.7,17,Sea,71.6,2.6,11.86
3315.3,8.2,10,Sea,66.6,9.2,13.73
1502.8,54.5,9,Sea,19.9,10.0,10.69
3153.6,62.0,17,Road,84.3,5.6,9.77
4123.5,26.9,3,Road,84.9,3.2,9.03
54.0,54.5,33,Road,40.4,3.6,5.14
3916.2,70.0,1,Road,13.1,5.8,8.99
987.7,31.6,20,Road,60.9,0.1,5.22
2054.4,47.5,2,Rail,35.7,3.1,5.01
3836.3,13.6,16,Multimodal,74.1,0.5,11.33
3708.5,2.6,9,Road,31.6,6.2,6.67
4014.2,88.3,14,Road,26.3,6.0,10.64
4232.2,27.3,1,Sea,86.8,5.9,15.6
2015.0,25.5,35,Road,61.6,1.5,7.32
2955.4,87.6,18,Sea,8.6,9.4,15.73
1760.2,65.7,1,Sea,68.9,5.3,11.37
1581.5,52.9,5,Multimodal,75.3,5.6,9.21
1945.0,63.1,11,Road,23.5,5.4,6.66
3345.1,64.0,38,Rail,96.8,5.2,10.15
2259.0,68.8,24,Rail,37.3,9.4,6.93
3664.2,6.5,39,Rail,94.1,6.0,8.17
3354.8,37.4,32,Road,29.4,4.9,9.02
97.1,26.9,16,Road,60.9,7.7,3.66
2837.9,6.8,3,Rail,51.8,2.5,4.6
1967.4,37.4,8,Rail,99.2,1.9,6.47
2057.5,55.6,32,Sea,40.8,4.4,12.45
3683.6,16.5,22,Sea,17.9,0.2,12.32
2466.5,27.8,17,Rail,83.3,2.9,6.63
3985.9,57.7,27,Road,4.2,4.2,9.75
3209.1,52.3,3,Sea,88.5,5.8,14.52
2490.0,78.3,26,Rail,11.1,5.4,7.24
3396.6,71.3,35,Air,57.2,3.7,6.79
177.4,86.9,13,Air,71.3,3.4,5.62
126.7,53.9,17,Road,33.6,0.0,4.35
379.7,63.0,30,Sea,84.5,8.8,11.04
1971.9,77.5,29,Road,59.4,2.3,8.98
1063.3,75.7,14,Road,39.5,3.6,6.63
4429.3,64.8,30,Rail,32.5,0.2,9.25
2442.6,45.3,37,Road,11.2,9.6,7.52
2982.6,25.0,38,Sea,64.0,4.9,14.12
1258.3,79.0,9,Road,36.4,0.2,6.64
1451.5,70.0,32,Road,32.1,2.5,7.35
1512.9,75.5,4,Rail,95.0,8.8,7.46
3145.8,13.1,6,Sea,27.3,3.8,11.27
2134.3,28.7,1,Air,87.7,6.9,3.94
2332.0,38.5,25,Sea,97.5,6.1,13.63
2666.1,75.5,38,Rail,82.3,4.7,9.57
3460.8,80.4,3,Road,2.0,8.3,8.69
411.2,26.0,21,Road,86.9,0.4,4.36
3497.0,61.9,14,Road,21.3,9.1,8.79
2536.7,7.5,30,Rail,35.3,7.2,5.48
3012.6,37.2,2,Rail,99.2,8.6,6.76
1477.3,44.1,22,Road,40.5,0.2,6.02
1845.2,69.0,13,Sea,65.5,0.8,11.05
1044.1,80.3,25,Rail,31.1,2.1,6.54
4407.0,30.7,11,Road,36.9,5.9,8.97
2239.0,47.7,10,Road,59.8,0.9,7.01
4482.4,58.4,37,Sea,94.8,9.3,20.45
2206.6,29.9,25,Sea,28.2,7.5,11.91
992.8,88.7,35,Air,24.7,8.1,6.3
2286.0,78.9,19,Road,2.6,5.8,7.82
183.0,27.0,28,Multimodal,20.2,6.3,5.8
4071.9,46.0,10,Road,26.2,2.2,9.11
3684.4,21.2,15,Road,6.3,9.1,7.0
3267.6,46.5,32,Multimodal,56.4,6.5,13.4
2746.2,61.7,3,Road,12.7,4.2,7.2
2611.4,8.2,24,Rail,51.1,8.8,5.26
4485.3,78.4,10,Road,18.9,8.6,10.7
1254.6,53.6,30,Rail,93.6,0.0,7.31
3509.7,89.1,33,Air,30.7,9.2,7.03
2618.4,2.8,25,Road,9.3,3.6,5.54
4391.6,74.9,39,Rail,83.6,4.2,11.15
3726.0,71.4,39,Road,40.2,0.9,11.35
4493.4,12.4,25,Rail,82.0,8.8,8.09
2649.5,30.5,38,Road,31.2,5.4,7.65
924.4,79.7,12,Road,50.0,9.1,6.48
2269.1,46.9,4,Road,44.5,7.8,6.46
3201.4,36.4,28,Road,55.8,9.0,8.96
3485.7,81.5,20,Air,40.2,9.5,6.09
7.3,8.9,10,Road,49.7,8.9,2.56
2275.1,42.8,31,Road,67.9,2.1,8.26
1062.4,58.9,19,Road,41.5,0.7,5.82
3937.7,55.0,2,Road,68.4,6.2,9.59
692.3,24.2,4,Sea,71.4,1.6,6.58
3000.7,50.9,15,Multimodal,74.9,8.6,12.87
1200.9,63.9,38,Road,47.1,9.5,7.54
1607.7,52.8,33,Air,0.4,1.2,4.69
4232.8,61.8,18,Rail,75.4,2.4,9.62
1085.8,23.4,32,Road,90.9,6.3,6.39
432.0,75.0,32,Rail,65.3,7.3,6.81
316.4,40.7,13,Rail,52.5,5.1,4.26
2273.2,88.9,16,Rail,56.0,3.7,8.24
2889.5,2.6,33,Air,64.1,3.1,4.16
1476.2,34.5,34,Road,99.9,6.7,7.76
3107.7,16.7,14,Air,6.2,7.4,2.6
279.3,50.2,2,Sea,2.1,2.9,5.54
3858.7,22.3,13,Rail,96.4,3.3,7.45
3675.5,66.5,29,Rail,44.0,4.6,8.87
4434.8,79.4,34,Road,61.2,4.5,13.02
4214.6,19.4,17,Multimodal,75.3,8.4,14.05
1606.1,14.9,3,Rail,74.2,4.4,4.5
1799.7,78.8,30,Road,64.7,9.8,9.2
3358.1,32.8,4,Road,47.2,3.1,7.38
607.7,39.4,31,Rail,57.6,6.9,5.83
1416.5,20.3,5,Road,73.0,7.6,5.1
537.8,38.6,2,Road,85.1,6.3,4.74
2049.7,21.2,4,Rail,12.7,3.7,3.57
2486.3,60.1,38,Road,27.8,2.6,8.8
954.2,45.1,27,Road,39.8,6.0,5.55
124.7,71.0,27,Road,66.5,6.6,6.15
3238.5,28.5,15,Road,39.6,2.6,7.64
94.9,45.8,39,Rail,23.9,3.4,4.86
4380.4,23.7,38,Rail,3.3,8.6,7.54
1001.1,84.1,14,Road,84.3,8.1,7.54
2989.2,47.2,18,Road,41.9,1.8,7.89
1959.2,16.0,29,Rail,32.9,9.3,5.04
273.2,24.9,7,Road,53.1,6.3,3.38
2127.5,7.9,38,Road,12.3,5.0,6.13
2327.8,3.0,24,Road,39.7,2.0,5.95
3846.8,47.6,38,Sea,75.2,7.3,17.91
3296.9,30.7,6,Sea,73.6,9.2,14.64
361.5,86.8,20,Sea,77.2,0.6,9.47
945.2,15.8,36,Sea,46.7,5.2,8.95
1406.9,71.6,10,Rail,36.9,8.8,6.05
528.3,28.8,22,Rail,83.1,9.5,5.15
2058.8,20.5,33,Rail,17.3,0.7,5.03
4429.5,87.3,23,Road,72.5,7.9,12.8
2318.2,72.3,4,Rail,88.8,2.8,7.41
3339.8,56.9,21,Sea,28.6,5.4,14.78
3074.8,62.9,13,Rail,19.8,7.8,6.92
3825.4,89.2,13,Road,51.3,5.5,10.91
974.7,53.6,12,Road,21.6,1.1,5.05
3393.4,9.6,24,Rail,87.1,5.9,7.0
3966.7,6.3,35,Rail,24.4,1.2,6.56
775.9,60.2,19,Air,31.4,3.5,4.46
1563.9,59.4,9,Road,88.8,5.6,7.27
4365.6,67.5,13,Sea,20.6,9.9,17.92
3514.6,10.2,22,Rail,88.5,7.3,7.27
1275.2,85.1,36,Air,21.0,3.0,6.04
2539.9,49.8,28,Rail,91.2,8.8,8.06
1822.4,58.6,7,Rail,31.8,2.3,5.5
2207.4,3.6,30,Rail,24.6,3.8,4.66
1601.5,86.5,31,Sea,47.7,6.5,13.3
1260.6,50.9,11,Multimodal,36.9,4.1,7.98
3038.1,50.9,30,Road,20.2,7.3,8.53
3504.5,84.9,15,Road,33.8,6.5,10.1
3933.4,83.7,13,Multimodal,71.3,6.7,15.22
703.2,20.2,35,Rail,83.2,4.2,5.41
3703.7,83.8,35,Rail,82.1,0.6,10.84
1150.3,66.4,20,Rail,75.7,8.7,6.86
1925.9,2.2,23,Road,0.5,0.7,4.43
4057.0,22.0,37,Sea,42.7,4.6,15.92
2048.0,37.5,20,Sea,16.9,3.0,10.26
890.8,52.7,19,Road,7.3,3.0,4.55
723.6,63.3,18,Road,73.6,2.3,6.47
2131.1,19.3,4,Sea,79.3,2.7,9.95
3433.2,75.4,8,Road,81.5,9.6,10.03
4487.4,76.2,30,Air,89.0,9.7,7.99
3544.4,57.3,20,Road,59.0,5.7,10.06
3947.2,82.9,8,Rail,99.8,5.2,10.07
3366.5,73.3,5,Multimodal,48.4,0.5,11.29
4030.0,20.3,34,Rail,88.3,8.0,9.0
347.9,72.0,7,Road,11.3,1.7,4.39
4185.0,85.8,22,Rail,14.9,1.4,9.0
1786.8,12.8,9,Road,59.0,4.2,4.76
4147.7,88.1,11,Road,12.4,3.5,10.42
345.4,2.7,12,Multimodal,7.5,1.0,2.44
3220.0,47.2,8,Sea,19.6,1.5,12.02
3311.9,69.8,32,Rail,78.8,9.9,9.35
4486.1,71.2,17,Road,92.7,7.3,12.21
3461.0,66.3,26,Road,33.3,6.0,9.75
1724.7,47.9,33,Road,97.5,3.0,8.29
2509.8,58.8,26,Rail,81.0,4.3,8.54
1652.6,63.1,22,Sea,22.6,6.3,11.3
886.1,44.8,3,Rail,58.6,7.8,4.73
1122.0,53.8,31,Sea,98.2,9.5,12.78
1002.9,76.2,14,Road,84.9,1.2,7.29
2471.9,28.5,18,Road,36.3,1.9,6.53
4078.2,47.3,34,Road,30.6,5.7,10.48
4107.7,1.3,17,Road,81.9,9.4,8.6
251.2,62.0,12,Road,54.9,4.5,4.85
364.1,18.0,39,Multimodal,16.3,6.3,6.17
1106.8,43.5,33,Road,32.8,2.9,5.97
1151.5,19.3,32,Air,66.2,8.1,4.14
431.5,2.6,21,Road,15.3,6.1,2.54
1751.1,43.7,14,Multimodal,69.9,3.8,9.25
2646.8,38.5,2,Rail,71.0,5.4,5.98
2603.8,38.6,7,Multimodal,27.1,6.9,9.99
2447.7,19.2,15,Road,39.8,2.1,5.99
1527.3,85.3,31,Sea,93.5,3.4,13.26
3180.5,0.8,28,Air,74.9,2.5,4.31
3720.0,80.3,8,Road,78.8,9.6,10.87
1561.5,66.5,7,Road,51.6,0.4,6.61
389.5,15.9,36,Road,21.3,0.6,4.09
1337.0,42.8,10,Multimodal,59.1,3.6,7.86
622.5,89.0,39,Rail,77.2,5.4,8.14
2105.8,58.1,30,Rail,0.4,3.3,6.09
705.9,11.9,5,Road,11.4,8.6,2.61
2085.5,41.5,21,Road,47.4,1.7,6.86
998.4,42.4,6,Sea,43.7,3.6,7.96
3325.6,72.3,16,Road,98.2,4.9,10.81
128.9,82.5,16,Rail,9.2,2.0,5.03
2498.6,7.9,24,Air,32.4,2.9,2.89
766.8,28.6,19,Road,81.5,9.5,5.22
9.5,27.2,19,Rail,61.2,5.2,3.69
3912.1,89.6,37,Road,56.2,8.7,12.43
3023.5,50.6,33,Rail,74.1,2.7,8.65
449.7,79.2,5,Road,4.0,6.1,4.4
2990.0,38.6,9,Sea,94.7,7.6,14.86
2754.4,65.2,21,Road,19.1,4.2,8.11
2132.7,26.1,7,Rail,8.2,6.2,4.03
1889.6,82.1,25,Rail,33.9,8.6,7.68
3992.4,41.2,21,Road,70.2,1.4,10.29
1106.9,72.4,13,Sea,23.1,3.5,9.78
1795.4,23.4,21,Road,5.0,8.2,4.96
1484.4,62.6,10,Rail,5.7,2.3,4.83
3471.5,36.8,24,Road,25.7,5.6,8.41
4124.5,3.3,27,Rail,13.5,4.4,5.87
3824.8,37.5,33,Road,37.2,6.6,9.64
3590.7,49.7,26,Road,17.3,6.7,9.18
4440.6,14.1,36,Road,34.4,5.8,9.74
3138.7,17.0,17,Sea,44.4,9.5,13.76
3381.0,42.1,21,Road,74.3,1.8,9.3
4422.7,31.2,2,Air,22.7,8.4,3.32
36.4,39.9,15,Air,47.5,4.9,3.58
2855.0,41.7,2,Road,81.5,6.6,7.67
3326.7,13.0,7,Rail,98.6,2.7,6.38
4130.6,16.7,36,Road,55.7,0.9,9.73
3977.9,76.4,32,Road,43.2,7.8,11.28
3789.6,15.1,3,Sea,63.2,2.5,12.84
4256.3,60.1,3,Rail,48.6,3.9,7.8
2420.5,38.0,33,Rail,16.5,0.5,6.27
36.1,87.2,25,Road,45.9,6.5,6.11
54.7,6.4,37,Road,97.9,6.9,4.57
2453.2,74.8,36,Road,64.0,9.0,9.8
1961.5,44.5,35,Sea,28.3,8.9,12.75
2033.3,1.0,19,Rail,94.7,7.1,5.45
1804.8,24.1,19,Sea,38.9,3.2,9.73
4130.2,37.0,33,Road,39.0,3.7,9.69
1619.5,28.6,18,Road,61.7,3.8,5.71
3853.7,32.9,27,Road,56.9,1.3,9.76
4063.4,82.5,30,Road,29.0,9.5,11.5
2250.3,32.8,31,Road,46.7,8.2,7.48
2014.0,38.0,39,Sea,33.3,1.5,10.86
3425.8,68.6,3,Air,73.8,9.5,5.59
3187.3,71.5,22,Rail,12.3,8.4,7.41
1481.8,8.0,10,Rail,75.0,9.2,3.95
466.0,63.5,8,Road,16.1,2.9,4.27
1195.5,43.7,34,Air,30.6,3.4,4.79
594.0,12.5,18,Road,33.3,4.7,3.24
1329.8,24.2,12,Multimodal,99.0,2.2,7.59
1181.9,4.5,32,Rail,59.0,4.7,4.47
2871.5,32.7,2,Road,77.8,0.1,7.61
4295.5,23.4,17,Air,55.5,8.8,4.41
3087.4,34.7,12,Road,98.3,1.6,8.79
4170.3,52.4,7,Rail,17.7,5.0,6.87
3529.7,66.0,15,Rail,60.5,9.3,8.26
3276.8,54.7,2,Road,79.7,8.2,9.04
1866.2,61.2,27,Road,62.9,7.8,8.02
1465.0,78.0,26,Rail,89.7,6.1,8.11
3809.0,78.7,25,Sea,60.1,4.4,17.57
4074.7,77.5,12,Road,82.6,4.5,11.53
2036.2,14.2,17,Multimodal,17.6,0.9,6.66
45.7,23.0,1,Road,26.2,0.6,1.89
3567.4,45.5,31,Road,44.4,8.4,9.54
1286.4,32.6,5,Road,85.2,4.1,5.52
49.4,12.3,28,Road,42.7,0.5,3.49
3623.4,26.3,28,Road,62.7,6.6,9.27
2330.8,87.8,8,Multimodal,39.6,6.8,11.45
3085.0,31.5,14,Road,80.6,2.3,8.29
4116.5,38.0,6,Road,20.0,4.1,8.34
2437.6,1.1,18,Road,59.4,5.7,5.74
2266.9,64.9,37,Sea,57.8,6.0,14.12
1311.5,37.5,10,Air,40.3,5.1,3.24
1376.8,9.7,35,Road,70.5,3.6,5.86
3585.5,87.2,35,Road,2.8,0.7,10.63
2023.4,70.1,17,Road,84.1,0.2,8.74
740.1,65.5,27,Road,34.8,4.6,5.9
429.9,86.2,24,Road,79.3,2.0,7.28
2130.8,37.0,10,Road,30.5,9.4,5.88
2095.0,64.8,17,Road,18.8,6.4,7.06
2942.3,19.0,33,Rail,38.9,5.9,6.29
2122.4,62.9,33,Road,79.7,4.1,9.18
649.9,1.8,17,Multimodal,70.4,3.3,5.54
2287.6,11.8,18,Air,40.1,1.8,2.83
4081.0,38.6,38,Rail,93.8,0.6,9.94
721.7,1.6,7,Road,40.9,6.3,2.76
3105.4,41.8,26,Road,35.1,7.8,8.16
2674.4,47.3,1,Road,14.5,8.6,6.52
3369.9,56.1,11,Sea,7.0,7.2,14.4
681.9,9.5,10,Rail,35.0,9.0,2.69
4237.5,16.7,31,Air,9.2,9.8,3.82
2796.2,55.4,25,Multimodal,46.3,9.6,12.93
3812.6,59.4,1,Road,86.0,5.9,9.75
1113.5,2.8,3,Rail,47.6,2.2,2.97
3328.7,48.9,1,Road,48.1,1.1,7.74
3515.7,70.8,7,Road,25.3,9.9,9.0
1791.5,6.7,14,Road,16.6,3.1,4.38
1730.9,37.5,23,Road,22.2,0.3,5.61
2961.8,29.7,17,Air,56.8,3.9,4.23
424.9,82.3,14,Road,59.2,7.5,6.36
3311.6,17.1,9,Rail,22.0,8.9,5.16
197.8,29.0,21,Rail,39.9,4.8,3.89
861.7,80.9,2,Rail,56.9,2.9,5.76
2990.3,30.1,32,Road,76.0,7.8,8.82
447.0,48.1,8,Air,32.0,5.0,3.23
4373.4,3.5,36,Rail,27.1,0.9,7.01
3908.4,88.6,26,Road,73.0,8.9,12.31
2820.2,74.3,37,Road,51.4,6.6,10.27
3686.7,57.3,15,Rail,85.7,0.4,8.89
3994.7,5.9,34,Sea,21.1,0.1,13.23
1171.3,7.2,21,Rail,77.1,0.9,4.43
3823.1,49.3,23,Sea,16.2,8.2,15.74
880.6,26.0,9,Rail,58.5,4.8,4.18
1863.0,56.2,26,Road,28.4,3.4,7.23
2514.4,54.0,22,Road,10.1,2.5,7.6
3213.9,75.6,13,Road,61.7,5.1,10.19
140.5,25.7,25,Rail,50.7,0.8,4.16
1310.8,52.2,7,Sea,48.6,6.2,9.99
2740.3,70.1,27,Road,59.3,3.8,9.53
1611.4,44.4,15,Rail,37.2,8.6,5.17
3488.7,74.8,12,Road,67.0,7.5,10.26
2934.2,12.2,33,Road,13.1,0.2,6.82
1058.6,66.2,21,Road,71.5,1.7,7.34
661.0,84.9,25,Road,58.0,4.7,7.23
2832.6,30.2,22,Road,48.6,6.6,7.61
2029.9,33.3,14,Road,12.8,7.2,5.32
764.5,8.0,8,Road,27.8,8.2,2.78
1472.1,57.9,24,Road,29.5,0.5,6.55
1367.2,49.9,3,Rail,23.4,0.2,4.32
491.1,4.1,12,Road,95.4,6.0,3.75
2463.4,67.8,22,Multimodal,91.6,7.2,13.15
3437.6,74.7,16,Road,54.6,7.9,10.04
2591.7,81.7,7,Road,20.6,1.6,7.95
3719.2,49.3,18,Road,91.1,9.7,10.31
578.4,41.0,23,Road,74.9,2.3,5.97
1963.1,78.9,26,Sea,3.9,2.5,11.51
2744.3,36.2,38,Road,49.1,1.5,8.45
3043.6,59.2,2,Multimodal,60.5,0.4,10.0
3132.6,55.6,2,Air,6.6,8.1,3.26
3281.7,33.8,22,Rail,5.0,0.1,5.97
2933.2,8.3,38,Rail,46.4,4.6,6.64
428.6,2.4,28,Rail,0.2,0.9,2.73
3130.4,38.8,17,Road,4.7,0.4,7.15
3262.9,43.6,18,Rail,16.5,9.3,6.5
4470.7,74.1,2,Road,91.0,8.3,11.6
3121.7,37.6,35,Road,76.6,3.9,9.68
3092.3,25.7,15,Rail,45.0,4.6,6.01
2319.1,41.9,15,Rail,47.9,8.7,5.98
3906.3,21.8,34,Air,68.6,8.0,5.25
4485.8,8.7,15,Road,47.4,6.9,8.83
3506.8,10.6,18,Sea,6.4,5.4,12.72
2758.2,29.1,13,Road,73.9,6.1,7.53
359.9,1.6,38,Road,5.8,3.9,3.01
3271.7,20.2,8,Road,48.6,5.3,7.18
3190.0,71.0,16,Road,86.2,5.4,10.24
3491.2,21.5,20,Road,11.7,8.6,7.41
564.9,10.4,26,Rail,70.7,2.2,4.48
2943.5,85.4,35,Sea,4.6,2.5,14.24
1334.3,56.2,17,Road,99.3,2.1,7.4
3422.4,5.9,26,Rail,68.2,5.8,6.84
1085.5,6.1,18,Sea,96.9,7.0,9.39
3079.5,55.3,7,Sea,66.8,2.4,13.28
1331.0,48.8,35,Rail,24.2,6.8,5.96
45.4,6.6,12,Road,92.6,6.3,3.27
2851.9,20.6,1,Air,62.7,3.2,3.37
514.1,83.6,25,Rail,57.6,2.3,6.82
2968.5,51.7,16,Road,42.9,8.8,8.27
4165.6,39.9,15,Road,28.5,5.7,9.1
4361.8,22.9,11,Sea,53.0,7.0,16.01
1065.5,12.5,37,Road,36.6,9.3,5.17
3642.6,36.5,39,Multimodal,85.4,2.1,13.47
1594.2,83.1,3,Road,2.9,3.5,5.91
4052.6,4.9,39,Sea,53.0,4.3,15.35
3544.8,89.2,20,Road,83.7,2.3,11.72
337.3,19.1,23,Rail,2.8,8.4,2.83
1835.1,37.1,15,Air,28.2,0.8,3.28
1521.2,4.5,18,Road,5.2,2.4,3.65
3534.4,52.8,39,Rail,59.5,1.9,8.97
1849.2,43.8,35,Road,31.7,9.5,6.86
3082.2,60.2,29,Road,96.0,6.3,10.76
2712.9,49.1,20,Road,61.6,7.2,8.37
4390.5,36.1,15,Rail,56.2,1.1,7.84
4220.3,66.5,32,Road,91.7,1.9,12.62
1927.5,2.7,12,Road,22.4,8.1,4.35
3257.5,48.9,12,Road,56.2,5.7,8.62
3733.4,10.7,25,Rail,54.3,0.5,6.74
4045.5,39.5,34,Sea,8.2,5.7,15.62
311.3,71.3,8,Road,93.2,4.8,5.9
1362.8,13.3,24,Road,70.0,1.5,5.67
1444.4,84.3,1,Multimodal,88.8,5.9,10.46
1957.8,80.0,25,Road,98.3,1.7,9.8
765.8,37.6,34,Air,48.0,8.1,4.57
2235.4,1.0,14,Air,80.4,6.2,3.34
2986.1,71.2,36,Sea,57.8,8.7,16.4
2240.7,79.3,6,Road,97.7,4.2,9.19
2997.7,16.1,9,Sea,24.7,5.1,11.51
303.7,82.5,1,Sea,1.4,7.6,7.88
3942.6,82.3,9,Rail,18.6,5.5,8.29
4226.1,42.7,24,Road,12.8,5.7,9.55
2782.5,71.9,39,Road,43.7,5.5,9.92
3966.9,40.3,18,Road,7.7,4.9,8.36
595.8,51.0,39,Rail,22.0,8.1,5.76
3589.5,29.1,18,Rail,9.6,4.9,5.98
540.6,14.8,28,Road,48.7,9.0,3.83
1839.0,67.3,2,Rail,26.7,8.1,5.47
1460.6,0.6,37,Road,47.1,6.9,5.32
2637.2,52.4,36,Rail,8.9,9.0,6.95
1360.3,77.9,24,Air,51.7,5.4,5.94
2869.7,20.3,35,Road,13.0,8.2,7.11
1656.4,30.3,6,Road,9.9,2.4,4.29
3874.3,53.1,17,Road,31.0,0.7,9.19
2854.3,22.6,30,Rail,87.4,6.9,7.2
972.8,76.4,8,Sea,78.9,3.0,10.14
1515.9,33.3,10,Multimodal,95.9,6.3,9.44
3814.2,52.6,16,Road,46.0,0.8,9.51
1742.2,20.7,38,Multimodal,31.2,9.6,10.15
2413.4,4.2,26,Road,97.1,5.2,7.45
2922.0,16.0,31,Rail,38.2,0.1,6.14
1568.4,4.6,8,Road,0.9,4.8,3.2
1326.4,42.4,35,Air,82.0,7.9,5.82
2141.3,53.0,34,Rail,16.9,8.7,6.54
970.9,4.5,10,Rail,71.8,4.6,3.31
1282.5,8.6,12,Sea,1.5,1.3,6.13
284.0,44.0,27,Road,11.1,9.1,4.16
1371.3,72.0,19,Road,48.4,9.8,7.03
1446.6,56.7,26,Air,6.8,0.6,4.55
4328.4,9.9,15,Road,88.9,0.8,9.61
2655.8,79.9,31,Road,75.0,5.7,10.19
3544.3,82.6,37,Rail,32.8,5.3,9.54
209.0,29.6,18,Rail,59.8,5.9,3.96
483.9,55.6,29,Road,71.6,3.2,6.17
3666.3,44.6,27,Road,75.5,0.5,10.33
2807.9,84.8,38,Road,39.6,5.8,10.36
863.5,46.0,20,Road,89.9,1.5,6.24
1824.6,86.4,21,Air,94.2,3.4,7.24
2426.3,18.3,29,Multimodal,19.6,5.8,9.55
3797.0,31.4,15,Rail,91.1,2.1,8.04
276.6,70.4,22,Road,71.3,5.4,6.26
2687.3,70.6,23,Air,88.8,7.1,7.04
3228.1,66.0,4,Rail,42.5,0.7,7.17
4400.6,77.4,24,Road,66.1,6.2,12.16
3633.2,63.4,14,Air,23.5,5.1,4.92
1246.6,57.4,37,Sea,75.1,1.0,10.66
3194.6,41.6,21,Sea,58.2,7.1,14.66
3435.9,42.3,39,Sea,48.1,3.1,15.15
3285.2,36.9,13,Road,69.3,1.8,8.67
3691.5,56.0,19,Road,55.2,2.8,9.48
4067.3,36.9,26,Rail,76.5,5.5,8.76
447.4,13.7,36,Road,85.8,5.8,5.1
475.9,10.0,33,Road,80.1,1.7,4.68
3584.8,83.2,16,Sea,30.8,9.4,16.99
1139.4,2.7,19,Sea,97.6,3.3,8.35
268.1,9.9,37,Rail,65.0,2.7,4.39
1808.5,40.4,14,Sea,32.3,1.9,9.76
3690.3,24.0,30,Sea,4.3,1.2,12.74
573.9,36.8,31,Rail,98.8,9.8,6.31
3024.9,11.0,20,Road,59.9,6.7,7.44
21.3,12.2,7,Road,22.8,7.9,1.76
498.3,72.2,37,Road,49.1,4.0,7.04
1582.1,68.4,2,Road,39.8,4.1,6.37
380.8,9.8,22,Road,95.1,9.9,4.52
3807.3,60.3,13,Road,49.3,2.0,9.93
3889.0,55.0,38,Rail,48.5,3.3,9.32
3401.3,64.3,31,Air,79.5,2.0,6.94
1094.9,43.0,1,Road,39.1,2.8,4.56
2357.0,24.7,13,Sea,19.7,6.6,10.87
832.9,59.9,17,Rail,76.8,3.1,5.99
1269.3,33.7,4,Road,91.0,8.8,5.9
2324.4,20.1,31,Air,4.6,0.5,3.17
3308.9,37.1,33,Rail,86.0,3.5,8.67
430.5,68.8,14,Road,43.8,8.6,5.4
1338.7,43.1,21,Sea,28.9,6.2,9.77
4170.2,27.3,22,Road,3.9,7.7,8.3
1933.9,75.0,5,Rail,20.6,3.2,6.0
4225.2,79.4,37,Road,33.3,3.7,12.03
4461.3,39.3,32,Sea,7.1,8.9,17.31
2372.3,34.0,3,Road,18.9,7.5,5.31
1299.8,55.3,13,Rail,73.7,3.8,6.27
3559.5,5.7,11,Road,68.7,2.2,7.13
721.1,62.4,38,Rail,77.0,1.1,7.29
1138.0,70.5,24,Sea,16.5,8.6,11.21
3533.0,36.1,9,Rail,4.3,7.0,5.39
1954.2,16.1,13,Rail,46.9,6.1,4.61
910.9,3.1,22,Rail,34.3,7.8,3.24
2931.8,57.5,18,Air,77.7,9.1,5.92
3298.8,24.6,10,Rail,53.9,7.6,6.28
567.2,42.0,12,Sea,93.1,4.2,8.43
1250.0,35.1,30,Sea,6.1,1.8,8.2
999.6,16.2,19,Road,36.4,7.1,4.07
1712.4,46.0,19,Road,40.5,2.5,6.09
3436.7,41.6,10,Road,12.6,7.8,7.64
3213.1,56.4,1,Sea,58.3,3.4,13.75
2983.0,23.0,7,Road,4.0,1.6,5.94
33.3,19.7,11,Rail,71.3,2.5,3.46
643.9,73.4,4,Sea,3.7,2.7,7.43
1008.7,63.3,36,Road,87.3,3.8,7.88
1227.4,69.6,21,Rail,6.5,2.6,5.45
663.2,11.5,22,Road,45.6,2.3,3.87
1849.4,20.6,10,Road,15.5,3.9,4.59
342.9,52.0,23,Sea,13.3,8.7,8.5
3376.3,77.2,5,Road,72.1,0.7,9.82
3545.8,80.3,12,Road,77.4,3.0,10.56
2586.3,75.0,30,Air,73.9,5.6,6.84
408.2,4.4,33,Road,40.4,8.7,3.46
4005.9,74.0,37,Multimodal,99.1,2.8,15.6
4345.5,81.0,18,Multimodal,34.0,3.5,14.65
914.6,5.6,4,Road,24.5,8.0,2.35
3172.4,37.8,27,Road,99.7,3.7,9.59
3789.5,48.5,23,Sea,97.7,8.5,17.67
2431.6,21.3,6,Rail,59.2,4.6,5.01
1458.3,46.7,7,Road,20.9,5.7,4.78
2156.1,79.8,19,Sea,23.8,5.6,12.59
2307.6,78.1,15,Road,52.1,1.2,8.63
1805.9,84.6,22,Air,77.6,3.5,6.78
4184.6,43.8,32,Road,7.7,2.4,9.45
3348.8,37.2,15,Road,68.8,6.8,8.96
1089.7,60.1,6,Road,10.3,9.3,4.65
2637.1,37.8,6,Multimodal,84.4,2.1,10.03
3100.7,4.3,6,Rail,53.2,0.9,4.92
635.0,64.9,12,Sea,99.0,5.1,10.05
1616.1,25.6,2,Road,75.3,3.9,5.35
4075.4,4.9,25,Road,49.7,0.4,8.34
2554.4,2.3,4,Road,14.1,9.2,4.82
980.4,83.9,6,Rail,54.2,9.4,6.12
556.9,23.1,37,Rail,11.4,8.5,4.15
2334.4,40.6,38,Rail,90.5,2.8,8.0
2466.8,85.6,14,Road,23.0,1.2,8.22
1508.2,42.3,19,Multimodal,86.5,5.9,9.95
2838.7,7.5,7,Road,30.4,2.8,5.83
313.7,49.9,18,Multimodal,22.2,2.0,5.52
657.4,8.4,8,Road,30.4,6.4,2.75
2460.5,9.0,28,Rail,70.8,7.5,5.84
282.9,76.7,21,Road,52.5,5.3,6.07
3964.7,26.4,35,Road,10.7,3.2,8.99
643.9,61.2,10,Rail,13.7,5.1,4.4
3034.3,46.0,28,Road,37.9,6.0,8.87
1763.5,20.4,19,Road,33.9,0.5,4.94
1802.0,46.8,35,Sea,85.2,4.4,12.54
3443.2,6.7,28,Rail,57.2,6.0,6.75
2250.1,31.6,3,Sea,18.7,1.3,8.93
3266.8,47.3,39,Road,2.8,4.5,8.88
2275.8,20.9,27,Rail,10.2,3.5,4.89
2670.1,59.6,17,Rail,70.0,8.7,7.69
3424.4,5.1,15,Road,84.7,4.9,7.75
2734.9,43.9,39,Rail,78.3,4.3,8.73
2772.2,64.5,22,Road,79.0,2.4,9.43
3552.5,39.0,20,Road,26.1,9.6,8.39
4271.1,78.8,27,Road,98.9,9.6,12.92
1698.3,57.1,35,Road,8.6,3.7,7.06
2599.1,86.3,5,Rail,82.1,9.3,8.36
392.8,25.9,2,Rail,9.7,6.2,1.97
1617.8,84.5,20,Multimodal,26.8,7.8,10.74
1857.2,54.8,7,Sea,49.5,0.9,9.62
3759.4,67.2,36,Road,5.3,0.2,10.18
2312.7,81.2,8,Air,39.4,5.1,5.58
3291.1,49.8,27,Air,35.0,0.8,5.17
90.4,77.7,6,Road,64.7,8.9,5.31
2092.9,49.0,24,Rail,71.8,8.2,7.29
4056.4,54.1,36,Multimodal,9.0,7.1,14.15
1013.3,40.3,5,Rail,3.8,0.3,3.52
146.7,13.5,20,Air,77.6,4.6,3.68
1953.2,50.0,20,Road,52.8,0.8,6.93
3171.4,88.0,34,Road,53.5,9.3,11.31
2047.8,71.0,39,Road,98.1,6.1,9.89
2072.6,67.4,10,Rail,43.8,1.6,6.41
3015.8,58.1,3,Sea,19.6,5.6,13.11
1148.5,31.6,34,Multimodal,68.1,1.2,7.87
3384.7,15.7,35,Road,81.6,1.5,9.14
693.2,20.6,37,Road,50.2,0.8,5.38
1783.9,1.1,38,Sea,69.2,8.7,11.52
2953.8,60.8,23,Rail,51.4,5.5,8.03
3728.5,73.2,37,Road,40.7,3.3,11.15
3562.9,24.6,21,Rail,3.4,0.0,5.88
3249.0,8.7,27,Sea,17.4,4.7,12.48
1619.1,30.5,1,Sea,48.0,5.1,9.18
554.8,26.6,9,Rail,39.7,3.4,3.17
979.7,40.9,3,Road,84.3,4.8,5.35
3892.4,24.1,38,Multimodal,10.8,1.0,11.28
3858.7,30.9,36,Rail,5.0,9.2,7.05
4282.3,81.7,34,Road,8.7,2.6,11.54
346.6,30.5,30,Road,67.8,9.5,5.07
2418.0,70.8,31,Sea,59.4,4.9,14.13
2920.8,56.5,30,Road,63.2,8.6,9.57
3199.4,30.7,16,Road,15.7,5.8,7.16
2899.2,73.7,29,Rail,51.6,8.4,8.51
3466.2,53.8,6,Road,76.8,0.1,9.17
1620.8,1.3,14,Rail,68.4,1.9,4.1
811.6,6.7,10,Road,43.9,3.5,3.17
924.6,67.9,24,Rail,10.4,3.0,5.43
58.8,40.5,36,Road,87.1,9.5,5.75
1579.7,36.8,24,Road,52.6,3.9,6.21
417.4,13.6,7,Road,89.0,9.7,3.71
1450.1,14.6,37,Multimodal,43.9,6.5,8.62
2828.8,71.9,38,Air,23.7,8.4,6.29
4025.7,74.7,25,Road,30.7,3.9,11.07
3779.0,50.6,34,Sea,41.8,1.9,15.59
1140.8,26.9,1,Rail,61.4,0.5,3.99
607.7,84.0,28,Multimodal,76.9,6.6,9.95
872.9,56.3,29,Road,24.3,9.7,5.68
4369.6,71.8,32,Rail,18.8,1.2,9.46
2474.9,0.8,5,Road,20.3,7.7,4.48
825.3,40.8,34,Road,93.4,3.6,6.65
3784.2,78.4,26,Multimodal,16.4,9.9,15.06
1781.4,30.8,13,Rail,34.6,8.7,4.67
4047.0,65.5,12,Road,48.6,2.3,10.44
1176.7,59.4,22,Road,55.6,7.7,6.56
1772.5,14.1,9,Sea,85.8,7.3,10.7
2274.7,69.9,6,Rail,11.3,7.6,5.99
4017.3,10.6,36,Road,10.8,0.8,8.2
3910.1,65.6,10,Multimodal,31.6,8.1,13.77
2586.7,89.2,37,Road,41.3,2.6,10.18
1001.9,86.2,32,Road,37.4,5.9,7.6
1818.1,72.1,4,Air,39.2,1.2,4.5
4390.5,48.3,4,Road,85.1,5.6,10.25
2736.9,60.9,13,Road,83.7,9.1,8.91
3516.0,65.7,16,Rail,80.6,1.8,9.0
2027.1,1.3,26,Sea,75.5,8.6,11.92
2396.4,9.7,33,Road,4.0,4.4,5.83
1933.1,53.9,4,Multimodal,14.9,3.2,8.13
3164.6,1.1,26,Sea,73.2,0.6,12.11
3832.4,81.8,9,Road,59.5,5.3,10.8
2285.6,44.3,11,Sea,67.4,2.0,11.44
2166.5,23.6,5,Road,71.7,9.4,6.2
1534.6,35.7,38,Road,91.1,2.4,7.84
801.0,76.6,32,Sea,63.5,5.9,11.31
4226.9,83.5,29,Multimodal,27.6,5.6,15.34
1425.8,10.9,38,Road,8.3,3.4,4.89
3604.1,70.1,28,Road,43.2,8.5,10.55
3220.5,52.3,24,Rail,71.0,1.8,8.11
3560.2,52.9,19,Road,28.2,8.2,9.15
4215.8,70.3,1,Road,12.0,2.1,9.48
2807.1,20.4,5,Road,99.9,0.4,7.52
4041.3,48.0,23,Rail,41.9,9.4,8.31
758.8,29.1,19,Road,21.6,6.4,4.06
2822.1,9.0,2,Road,16.5,6.3,5.01
3476.4,9.9,2,Sea,86.3,2.7,12.43
1226.0,12.7,9,Sea,82.0,1.4,7.53
3334.7,55.5,18,Rail,61.3,7.1,8.16
3504.3,10.0,16,Road,54.7,5.2,7.6
3741.2,51.5,39,Rail,95.1,3.2,9.92
1411.4,53.2,9,Road,22.8,3.2,5.26
3068.8,81.4,23,Road,41.5,8.9,9.93
1372.6,56.6,33,Sea,2.5,8.9,11.35
3327.0,88.7,38,Road,41.9,2.7,11.21
2086.1,3.3,34,Road,38.4,7.9,5.91
2691.0,63.5,26,Road,94.9,2.3,10.4
1874.2,2.9,17,Road,35.8,8.1,4.95
733.1,65.8,14,Road,83.5,1.3,6.16
805.2,35.0,13,Multimodal,76.7,7.6,7.81
353.7,55.2,22,Road,14.7,5.6,4.7
2783.2,28.2,18,Road,96.3,1.2,8.48
3819.6,14.7,20,Road,63.1,6.2,8.63
98.7,65.3,30,Multimodal,59.7,1.9,7.16
302.7,81.5,35,Rail,1.2,1.9,5.76
2061.3,16.9,33,Road,69.9,4.5,6.95
3321.1,82.9,17,Air,5.6,9.6,5.49
713.9,13.0,35,Road,18.5,8.9,3.96
1226.1,66.3,12,Road,9.9,8.3,5.62
1047.9,86.4,2,Road,37.8,8.5,6.07
1798.7,13.7,34,Road,79.6,5.0,6.92
1016.4,39.4,12,Road,70.7,3.7,5.5
1589.9,30.7,26,Rail,10.7,8.8,4.49
3279.8,35.3,32,Road,79.8,0.8,9.88
2751.5,67.9,21,Rail,46.1,10.0,7.55
369.9,59.7,5,Road,3.3,5.5,3.73
2871.7,87.2,28,Road,22.4,5.4,9.77
2149.5,17.1,23,Road,78.5,2.9,6.97
4205.9,49.1,32,Multimodal,73.3,1.7,14.1
1305.4,40.7,5,Road,18.8,6.8,4.36
3269.1,82.7,35,Rail,3.8,3.6,8.59
3290.2,1.5,6,Road,29.5,3.0,5.72
1000.6,89.0,19,Road,79.5,1.6,8.05
4065.0,43.4,6,Road,93.8,5.4,10.04
2212.9,56.5,14,Road,57.3,5.9,7.3
3056.6,32.7,3,Road,9.1,4.4,6.52
660.6,76.8,11,Road,50.2,0.1,5.99
1163.8,50.8,39,Sea,99.9,4.9,12.02
2639.6,59.8,24,Road,93.9,2.7,9.55
1439.0,58.6,18,Rail,99.3,1.4,7.27
2251.1,33.1,31,Road,69.9,5.8,7.97
1686.2,7.3,10,Rail,42.6,6.7,3.53
2884.3,72.8,26,Rail,89.3,5.2,9.36
2194.7,26.4,29,Road,89.5,6.1,7.69
25.7,76.5,2,Road,14.4,6.1,3.62
2925.3,55.0,30,Sea,77.5,1.2,14.02
1902.4,32.2,39,Air,91.9,2.2,6.24
1540.9,53.7,10,Road,89.9,0.1,7.2
428.2,58.3,12,Road,70.7,9.8,5.38
995.6,63.7,20,Air,53.7,2.1,5.39
1010.9,74.1,19,Road,77.7,8.1,7.2
4209.5,14.8,6,Rail,51.6,7.8,6.16
1949.1,85.0,23,Road,32.1,7.1,8.15
194.1,37.3,19,Road,25.9,4.5,3.86
629.0,77.5,31,Rail,54.1,5.8,7.04
360.3,20.2,33,Rail,45.6,1.9,4.16
2652.0,3.1,2,Road,52.4,1.1,5.29
843.9,51.8,15,Rail,26.1,3.5,4.7
2246.0,29.6,11,Sea,59.1,8.3,11.87
1668.4,88.6,26,Rail,66.2,5.6,8.28
3618.4,9.8,18,Road,80.7,7.6,8.29
1445.6,4.7,1,Rail,59.0,8.9,3.33
2064.9,4.5,32,Sea,75.6,5.6,11.51
3247.2,19.9,4,Sea,16.9,3.7,11.69
1952.9,52.3,22,Rail,12.1,8.6,5.48
3570.5,45.7,36,Road,18.0,2.3,9.41
2979.3,31.8,29,Sea,84.6,0.2,13.3
1850.3,8.4,36,Rail,55.6,0.5,5.49
2270.4,21.4,33,Road,45.5,5.8,6.9
4352.6,17.0,39,Road,76.2,8.9,10.61
2978.9,67.2,14,Road,12.4,5.6,7.86
4073.0,70.3,37,Rail,0.6,4.1,8.96
808.5,70.0,5,Road,31.1,5.8,5.05
2177.1,87.2,22,Rail,24.9,6.7,7.35
4089.4,79.6,5,Air,30.7,7.6,5.49
1455.1,45.1,37,Sea,97.4,3.5,11.91
4354.7,37.6,38,Air,56.8,3.9,6.19
441.4,82.5,34,Multimodal,58.9,0.2,8.42
4062.5,55.2,15,Road,65.6,6.5,10.39
2006.2,26.8,37,Rail,39.8,7.8,6.06
336.5,51.0,27,Road,97.9,5.1,6.26
3958.4,89.3,1,Air,97.3,3.8,7.01
1137.5,76.5,29,Road,76.9,3.3,7.99
105.0,25.7,8,Multimodal,21.2,6.5,4.63
615.5,85.8,33,Rail,88.0,3.3,7.96
2967.7,88.3,7,Sea,10.1,6.0,13.98
4400.3,21.2,29,Road,63.0,9.3,10.4
506.0,80.7,31,Road,45.7,3.3,7.0
2081.5,79.5,38,Sea,3.9,0.7,11.64
817.0,4.1,8,Road,90.4,8.7,4.04
3353.9,60.4,31,Sea,96.1,2.7,16.13
535.7,27.8,37,Road,90.7,9.9,6.03
1083.1,60.9,15,Rail,19.2,8.4,4.87
887.8,82.3,32,Road,33.3,4.3,6.89
2488.6,45.1,26,Rail,95.6,6.3,7.94
3930.0,37.6,11,Rail,10.6,2.8,6.27
2302.4,83.0,23,Road,58.3,0.8,9.19
266.8,87.7,34,Road,48.6,5.3,6.92
2537.4,6.1,33,Road,15.2,4.2,6.17
3589.9,83.1,17,Rail,88.7,9.7,9.99
599.0,7.9,33,Rail,13.4,6.0,3.15
331.8,30.7,2,Sea,59.3,7.5,7.1
849.2,68.8,4,Rail,31.8,1.4,4.94
3358.7,70.0,12,Road,41.8,7.2,9.51
2664.6,65.5,29,Road,21.1,0.6,8.53
2435.0,4.0,39,Road,62.5,6.1,7.21
1126.4,12.4,19,Road,98.9,8.4,5.29
1498.4,84.3,2,Multimodal,83.4,4.8,9.88
4346.7,7.8,7,Air,68.3,2.2,3.92
1086.6,7.5,22,Road,75.6,4.4,4.93
4057.9,75.3,11,Rail,83.9,8.4,9.41
2614.5,57.9,33,Sea,47.3,7.1,14.22
559.2,32.0,20,Road,56.7,6.1,4.83
2105.6,15.3,5,Road,89.5,6.9,5.94
4268.7,79.6,4,Road,69.6,8.3,11.05
1886.5,89.0,14,Rail,13.6,1.5,6.65
3885.9,5.0,3,Multimodal,78.0,8.4,12.18
1157.6,50.1,18,Rail,2.3,8.1,4.59
2571.3,23.9,27,Road,84.8,4.8,8.02
3798.1,75.0,4,Road,78.8,4.0,10.39
4143.5,31.5,3,Sea,83.1,9.3,17.03
2188.8,64.5,27,Sea,2.4,8.2,12.77
2880.4,48.8,28,Rail,97.2,9.9,8.58
18.4,49.0,22,Rail,61.4,6.4,4.7
1143.2,77.3,29,Road,80.0,0.3,8.29
1257.8,42.6,16,Sea,56.7,1.5,9.07
425.3,76.2,35,Sea,34.0,8.2,10.4
1262.2,33.0,19,Road,29.6,6.4,4.71
1448.4,16.1,30,Sea,7.0,2.0,7.92
4359.6,41.3,15,Road,54.3,0.1,10.28
3010.4,45.1,5,Road,14.4,2.6,6.79
1919.9,43.3,31,Road,56.8,1.4,7.9
4446.3,72.8,31,Road,62.5,8.8,12.28
693.8,51.0,9,Road,44.2,8.8,4.46
2144.9,80.0,13,Road,15.6,8.4,7.42
2913.5,46.5,21,Rail,43.3,0.9,6.7
254.8,20.6,31,Rail,87.9,1.4,4.93
3227.9,12.1,1,Road,45.8,1.4,6.42
453.9,78.2,13,Road,34.3,2.6,5.4
635.6,5.5,34,Rail,63.0,0.7,4.54
722.8,11.0,36,Road,61.9,9.8,4.83
4180.4,6.2,16,Road,9.1,8.6,7.18
3076.1,38.4,10,Air,23.6,0.7,3.6
2951.1,48.2,38,Sea,49.4,1.4,13.74
2501.9,2.3,34,Air,36.6,2.6,3.44
1321.2,46.6,25,Rail,32.0,7.8,5.32
2795.9,35.7,1,Road,44.6,7.1,6.71
1848.6,69.7,12,Rail,29.0,6.3,6.4
658.6,74.8,22,Road,34.7,9.1,5.88
3104.7,61.8,22,Road,77.4,0.4,9.63
587.5,42.9,2,Road,51.0,1.6,3.83
862.1,19.8,8,Sea,87.3,1.9,7.48
3680.6,76.3,33,Road,94.9,0.6,12.0
2972.2,31.1,5,Air,92.2,6.2,4.56
2841.3,32.4,10,Air,25.4,2.1,3.36
1884.8,82.5,3,Rail,47.3,4.8,6.74
1786.3,87.8,11,Sea,53.5,6.9,13.27
3107.7,80.9,30,Rail,85.2,6.0,9.63
3331.3,89.8,28,Sea,55.9,2.9,16.02
2298.4,78.3,5,Road,25.3,4.1,7.65
4361.9,63.5,12,Sea,54.8,3.4,16.87
4300.9,26.8,29,Rail,4.4,8.5,7.16
1858.9,85.8,26,Multimodal,83.4,4.2,11.66
3693.7,79.0,29,Rail,56.6,0.6,9.47
2447.0,22.0,29,Rail,65.2,6.2,6.61
2305.3,44.3,14,Sea,20.1,2.0,10.45
252.1,6.8,36,Sea,55.8,3.4,6.9
2585.0,85.8,35,Rail,53.1,3.3,9.11
4053.1,51.8,8,Road,62.0,0.7,9.78
3511.7,22.4,16,Rail,84.7,9.5,7.57
3539.5,26.7,5,Multimodal,76.5,5.5,11.58
723.9,88.3,16,Sea,54.7,1.6,9.63
1616.2,55.6,13,Sea,89.3,5.6,11.55
1053.3,38.2,8,Road,35.8,4.5,4.36
1425.0,45.2,26,Rail,49.3,3.4,6.09
2610.0,9.3,5,Rail,64.9,4.7,4.69
1644.7,7.2,9,Sea,44.1,6.7,9.13
2525.3,53.5,38,Road,36.1,2.0,8.64
1976.1,46.3,2,Air,11.2,5.4,2.75
1293.3,32.6,7,Rail,63.6,8.1,4.7
433.8,51.2,30,Road,19.3,2.2,4.79
4013.8,7.0,17,Road,13.8,5.2,7.25
56.1,85.0,31,Road,18.2,9.7,5.65
12.4,26.8,1,Rail,68.8,8.0,2.94
3721.5,6.9,28,Road,13.8,5.9,7.23
4485.7,15.7,30,Road,97.6,7.5,10.54
3273.3,9.0,31,Sea,75.9,5.3,14.17
73.7,16.5,24,Road,39.3,9.9,3.19
1024.0,37.8,31,Road,59.3,1.7,5.98
4373.3,66.6,11,Rail,0.8,7.2,7.65
3639.7,24.9,16,Rail,84.5,0.1,7.64
2552.8,39.5,9,Sea,27.1,1.3,10.46
1069.7,83.6,30,Road,7.2,7.2,6.76
69.6,27.0,12,Sea,75.8,7.6,7.69
98.8,71.6,16,Rail,33.0,0.4,5.04
2755.9,14.6,33,Road,56.8,3.3,7.78
103.1,16.5,6,Road,84.4,1.2,3.37
4471.4,41.3,1,Road,77.6,8.9,10.05
829.3,21.5,13,Road,33.7,4.5,3.6
3199.6,81.3,37,Sea,86.9,4.4,17.01
702.0,5.0,35,Rail,38.9,8.2,4.04
2432.7,54.0,26,Road,50.0,7.0,8.34
367.3,54.6,9,Road,61.2,9.2,4.83
3451.7,6.4,17,Road,7.1,9.4,6.44
2634.2,66.1,38,Rail,59.7,3.1,8.61
392.3,42.5,35,Road,57.7,6.5,5.39
3819.4,65.2,25,Rail,87.3,5.4,9.61
2463.8,74.5,7,Road,35.4,6.0,7.82
4147.6,29.4,31,Rail,24.2,6.3,7.4
4125.2,43.9,32,Air,47.7,0.6,5.98
4142.7,23.8,19,Road,68.7,9.0,9.74
354.6,18.5,17,Rail,56.2,1.4,3.77
548.7,0.6,6,Multimodal,13.8,4.2,3.86
4444.7,86.7,25,Road,34.8,2.9,11.81
2196.8,40.0,33,Rail,6.4,5.5,5.97
1075.8,1.7,19,Road,73.9,9.6,4.44
3464.6,1.3,15,Rail,88.3,4.1,6.29
1193.0,26.3,35,Road,4.6,6.0,4.83
3273.8,1.7,32,Multimodal,52.5,1.4,10.03
3768.6,34.0,38,Sea,56.6,4.6,15.9
3530.3,6.1,36,Sea,43.9,9.2,14.97
1236.8,4.0,32,Sea,50.3,9.3,9.72
1810.3,60.4,32,Rail,71.0,5.5,7.47
1862.6,81.7,36,Road,48.4,7.7,9.1
2213.3,37.1,34,Air,92.0,0.0,5.55
757.3,75.4,10,Multimodal,54.1,5.3,8.69
2038.9,3.1,33,Rail,7.2,7.3,4.17
2301.0,70.1,10,Multimodal,95.3,3.3,11.1
2395.0,6.1,35,Rail,14.7,9.0,5.05
3690.5,75.5,22,Rail,78.4,7.8,9.65
2330.4,79.5,23,Rail,52.7,7.7,7.94
1042.4,70.8,7,Road,74.1,0.2,6.49
2985.8,74.0,21,Road,51.3,1.8,9.6
3588.9,50.8,1,Road,5.9,7.1,7.7
1440.6,24.2,13,Rail,37.5,5.6,3.84
2905.7,58.1,9,Road,62.1,5.8,8.55
665.5,39.8,20,Road,62.9,0.1,5.46
1542.0,1.0,10,Multimodal,97.3,4.4,7.44
4092.0,43.2,26,Road,60.6,7.9,10.5
4101.3,58.8,1,Rail,28.6,6.6,7.32
2591.1,1.7,17,Road,4.3,5.7,5.22
3162.1,56.1,17,Road,78.8,7.0,9.59
3843.8,58.9,39,Sea,88.9,8.5,18.95
4313.7,14.7,12,Rail,61.4,8.5,7.08
2207.0,39.1,15,Sea,48.2,4.6,11.46
2529.3,86.8,1,Road,86.1,3.1,9.12
1873.3,79.6,32,Rail,24.0,3.7,7.39
328.6,37.3,11,Road,39.9,5.2,3.72
1905.5,31.8,5,Road,50.8,0.9,5.74
3558.9,11.6,18,Road,4.9,5.9,6.81
3623.0,3.6,18,Road,68.9,4.5,7.78
4016.2,27.1,23,Road,18.9,7.6,8.54
236.3,84.7,7,Road,33.3,2.7,4.89
2374.6,86.3,26,Multimodal,41.4,0.7,11.19
487.9,73.2,1,Road,63.9,8.9,5.66
907.3,31.9,28,Road,6.5,0.7,4.47
4051.5,13.4,20,Road,34.1,9.3,7.96
2238.1,53.8,23,Rail,27.4,5.0,6.44
3414.7,58.4,32,Road,0.2,0.6,9.02
294.4,38.5,38,Air,69.2,1.3,5.07
1878.6,62.4,39,Multimodal,23.6,5.3,10.37
3035.7,67.3,18,Road,16.6,0.2,8.58
604.7,70.6,33,Rail,79.8,9.2,7.42
1469.6,45.5,25,Road,3.9,8.0,5.38
295.1,71.4,32,Rail,90.0,5.0,7.07
2932.8,2.8,28,Road,68.7,9.3,7.38
4369.2,61.4,13,Road,17.2,2.6,10.16
3722.6,21.6,19,Road,35.0,8.5,8.05
4385.9,24.7,3,Rail,95.0,8.1,7.56
3806.0,8.7,27,Road,61.9,5.8,8.63
3849.1,17.7,17,Road,60.9,3.2,8.67
2599.4,89.3,29,Rail,65.3,5.6,8.99
2334.5,37.7,33,Rail,46.3,9.6,6.74
1831.1,83.5,28,Air,16.7,0.8,5.71
3682.3,15.1,20,Road,15.1,2.0,7.37
823.4,18.8,34,Sea,68.7,6.4,9.28
257.7,50.4,16,Rail,88.4,6.8,5.29
4265.8,31.8,39,Road,30.0,1.6,10.29
22.0,58.1,2,Rail,50.3,8.1,3.78
4395.8,38.3,28,Road,99.2,9.3,11.8
3281.2,73.1,17,Multimodal,25.7,0.8,11.5
1481.6,39.1,20,Road,39.0,9.7,5.9
3141.7,51.7,18,Rail,36.4,2.8,7.11
3681.3,29.2,28,Road,3.3,3.1,8.27
1107.9,63.5,28,Multimodal,51.0,0.4,8.25
3470.2,59.1,16,Road,20.9,5.0,8.98
3620.6,36.0,33,Multimodal,12.9,9.5,13.41
1125.8,25.2,21,Air,71.0,1.6,4.23
193.5,55.5,5,Road,76.6,5.8,4.62
922.5,84.9,37,Sea,88.9,2.7,11.86
906.9,12.4,18,Multimodal,93.4,0.2,6.13
298.3,72.0,5,Road,86.9,9.9,5.76
3268.4,49.1,11,Road,12.2,7.2,7.75
1713.0,47.5,22,Rail,22.4,7.4,5.42
3980.3,86.6,23,Road,12.2,6.6,10.75
1138.5,54.7,26,Road,35.4,1.4,6.25
2042.3,74.8,27,Road,12.4,2.1,7.49
2877.4,46.5,3,Road,65.3,3.9,7.94
3949.2,22.9,2,Road,71.7,10.0,8.73
2363.2,62.7,17,Road,16.0,6.7,7.18
1684.0,83.1,3,Air,62.2,4.4,5.67
3902.2,75.8,3,Sea,2.3,4.8,15.06
1399.6,18.3,16,Road,43.4,9.2,4.61
362.0,28.9,12,Rail,28.5,2.0,3.33
2005.5,46.8,1,Rail,99.8,3.2,6.71
3534.0,51.7,4,Multimodal,92.3,3.7,12.52
143.4,17.8,17,Road,14.8,9.0,2.23
2638.5,21.1,19,Road,91.7,7.8,7.47
2677.1,68.4,4,Air,41.9,5.9,4.74
4178.8,65.9,39,Multimodal,57.7,3.1,15.19
1292.7,75.6,20,Sea,53.4,2.0,10.82
1258.4,84.0,39,Sea,72.6,3.3,12.78
1985.0,28.1,4,Road,33.5,9.3,5.04
1609.3,77.4,17,Rail,7.0,9.1,6.17
3314.9,60.1,15,Road,41.8,4.2,8.84
2889.7,86.2,28,Road,54.5,3.3,10.4
3416.4,24.9,16,Sea,55.5,8.8,14.72
3691.1,24.6,6,Road,79.3,4.5,8.37
4153.8,63.5,28,Rail,4.4,0.4,8.26
1942.1,83.6,32,Multimodal,98.8,3.5,12.6
4431.2,74.3,17,Road,99.1,6.1,12.67
974.4,65.6,25,Multimodal,9.9,9.4,9.18
3216.1,35.2,39,Multimodal,34.4,4.2,11.95
2405.4,64.7,17,Rail,59.0,2.4,7.13
3677.0,72.2,15,Road,37.3,3.8,9.95
2148.1,67.9,18,Road,48.8,0.6,7.96
3528.8,61.1,20,Road,32.6,9.0,9.39
4186.1,4.7,23,Road,71.2,0.3,8.99
3296.7,59.5,5,Road,36.4,0.0,8.21
3493.5,43.3,39,Multimodal,43.0,6.1,13.32
307.0,86.6,12,Road,57.6,1.5,5.96
926.3,54.8,17,Sea,96.9,3.0,9.75
4384.5,54.9,30,Road,64.2,4.9,11.59
3120.9,89.5,19,Rail,9.7,7.9,8.13
2528.7,8.9,32,Air,31.9,3.9,3.49
1654.6,25.2,16,Road,42.0,9.6,5.38
204.5,59.2,2,Road,74.0,4.5,4.65
1664.3,28.7,12,Rail,44.7,9.2,4.9
2247.6,31.5,3,Sea,65.9,4.5,10.94
955.5,80.4,8,Rail,83.9,5.2,6.86
783.2,52.4,37,Road,10.4,9.6,5.69
2290.3,9.7,24,Road,76.6,6.7,6.78
2638.6,28.3,25,Multimodal,74.6,1.5,10.36
1083.4,7.3,25,Air,82.0,6.0,3.67
2645.3,50.3,14,Rail,95.6,2.3,7.95
4052.0,16.0,36,Sea,31.0,3.1,14.78
2131.9,77.2,15,Rail,42.9,8.4,7.1
3859.0,52.2,32,Road,26.3,6.8,9.73
4173.1,5.8,2,Road,32.7,2.9,7.33
420.3,27.4,21,Road,33.0,0.0,3.71
435.7,55.7,4,Rail,87.0,5.3,5.25
2144.8,30.5,29,Road,6.3,2.5,6.15
2648.5,46.4,29,Road,20.3,0.3,7.69
1919.3,81.9,23,Sea,61.1,0.6,12.31
1472.4,31.8,3,Rail,76.5,6.7,5.0
2886.3,30.6,21,Rail,69.7,4.1,6.78
14.4,73.9,16,Air,4.7,2.6,3.76
4356.5,29.0,20,Road,45.4,8.8,9.68
1048.2,7.5,35,Rail,18.4,8.3,3.86
4127.4,16.7,5,Sea,98.8,4.7,15.44
495.0,85.4,26,Rail,99.9,2.8,7.82
1075.2,84.0,7,Road,5.1,5.1,5.66
1060.8,20.6,16,Road,66.8,7.5,5.0
4482.7,50.0,17,Air,81.3,0.1,5.86
25.7,12.8,2,Rail,32.5,6.1,2.1
2880.2,60.9,12,Air,69.4,7.1,5.58
3914.2,17.1,13,Rail,18.8,8.2,5.46
3026.9,5.0,5,Rail,12.8,2.2,4.16
1635.5,74.3,16,Sea,92.5,2.0,12.06
4312.6,29.6,28,Rail,64.3,2.2,8.35
4021.4,10.2,8,Road,81.7,9.3,8.75
1955.6,75.1,28,Rail,53.3,1.4,7.74
2582.1,68.7,8,Sea,15.5,7.6,13.06
4354.0,61.7,29,Road,37.7,9.9,11.49
4421.6,82.1,18,Road,88.2,9.5,12.69
2027.0,44.3,16,Road,1.6,4.1,5.91
3813.8,12.0,26,Air,20.7,8.4,3.6
1362.4,6.0,22,Road,25.3,6.7,3.9
1676.3,29.0,15,Rail,26.3,8.7,4.54
745.9,8.3,13,Road,9.9,1.6,2.57
945.3,48.4,22,Road,84.8,7.6,6.7
2957.6,1.8,21,Rail,16.0,5.9,4.86
2301.0,40.2,24,Road,83.0,5.4,8.35
1043.9,16.5,1,Rail,35.5,7.3,2.86
1816.1,33.5,29,Sea,45.7,2.7,10.26
1682.5,60.9,1,Sea,46.3,0.7,9.47
4443.2,31.9,1,Road,71.3,5.0,9.4
3841.8,31.0,9,Air,73.1,3.0,4.4
1748.9,89.2,21,Rail,64.1,2.6,8.0
4113.1,64.8,14,Air,77.4,10.0,6.32
1545.1,46.5,28,Rail,0.8,2.0,5.21
3007.2,52.4,18,Rail,50.5,2.4,7.23
4350.1,56.0,33,Air,52.4,3.3,6.45
1759.3,2.7,2,Air,23.9,5.0,1.35
3061.1,7.7,34,Road,55.6,8.7,7.86
1335.2,58.6,24,Road,46.7,1.8,6.59
1202.1,33.1,19,Road,47.2,6.2,5.19
2585.8,5.5,2,Road,11.8,3.7,4.7
4406.8,27.1,6,Road,43.5,8.0,8.77
2041.8,12.2,15,Road,76.6,6.0,6.15
4219.7,82.5,11,Air,41.0,8.0,5.94
4115.1,18.7,16,Road,48.7,8.6,8.86
1145.7,13.4,21,Rail,96.8,9.1,5.42
1811.2,56.5,27,Road,87.2,10.0,8.41
2896.6,47.2,22,Road,92.9,6.2,9.29
2333.6,52.0,3,Road,7.8,6.4,5.75
436.3,39.5,3,Road,61.9,1.4,4.34
4471.7,42.3,21,Sea,22.3,1.1,15.27
3388.2,70.2,6,Air,40.4,4.9,4.9
1972.4,20.2,25,Road,68.0,6.9,6.52
2783.7,36.0,37,Rail,57.9,2.5,7.63
398.6,86.2,30,Rail,50.6,3.3,6.73
2231.4,17.5,39,Air,81.4,7.0,5.12
4189.1,26.8,20,Sea,68.3,2.1,15.1
4035.2,17.6,1,Rail,82.1,5.2,6.91
1521.5,2.3,35,Rail,93.2,5.4,5.75
2393.5,24.6,26,Sea,71.2,9.2,13.19
3139.7,4.7,21,Road,39.5,4.0,6.67
1533.3,14.3,10,Road,21.3,2.1,3.89
296.6,33.0,29,Air,27.1,1.7,3.56
2277.0,2.4,3,Sea,39.7,2.9,8.72
2709.4,67.9,13,Rail,74.0,2.8,7.88
31.3,71.7,9,Rail,4.0,7.5,3.84
434.6,37.3,16,Road,81.4,5.9,4.78
936.8,88.6,28,Rail,75.8,6.8,7.82
1569.5,61.3,28,Rail,49.9,6.3,6.75
2437.0,67.1,11,Road,40.0,4.8,7.64
1325.8,17.7,30,Sea,11.3,9.3,9.48
1246.4,75.5,11,Air,29.0,8.2,4.59
3912.7,85.1,29,Road,11.0,2.1,11.0
657.0,21.6,12,Rail,81.9,4.2,4.34
2232.1,61.9,8,Road,50.9,2.9,6.95
4287.9,67.4,10,Rail,24.7,7.5,8.25
2814.4,27.8,35,Road,1.8,3.4,7.04
3228.8,43.0,36,Rail,52.4,6.4,8.29
1943.4,9.2,13,Air,75.2,2.9,3.48
94.6,16.0,27,Road,76.6,1.7,4.06
2909.4,6.0,2,Air,21.4,0.1,1.76
2845.5,50.6,28,Multimodal,99.5,9.9,14.05
501.4,56.5,34,Road,56.9,2.2,6.31
2082.4,82.5,21,Road,33.2,8.3,8.54
4119.4,49.0,6,Multimodal,39.3,8.2,13.49
926.9,23.8,39,Multimodal,12.4,2.4,6.34
2077.6,5.8,26,Road,49.3,4.2,6.12
2077.7,79.7,36,Road,75.3,8.4,9.87
3649.4,43.4,18,Road,40.9,6.9,8.72
3711.5,66.5,39,Multimodal,86.7,3.7,14.92
3417.9,1.8,5,Road,47.7,9.5,6.71
1647.7,44.2,26,Rail,90.1,3.4,7.1
328.8,29.7,11,Sea,70.3,2.1,6.38
1575.9,3.2,16,Road,5.5,1.5,3.61
3060.7,69.9,19,Rail,6.7,7.0,7.02
3163.8,46.4,5,Road,80.0,0.3,8.31
4342.7,30.3,7,Air,35.7,8.5,3.7
2044.1,72.6,3,Road,18.9,3.0,6.63
2847.8,40.5,25,Rail,86.5,3.7,7.6
2428.7,0.8,10,Rail,98.3,8.0,5.19
682.0,85.0,5,Road,80.9,8.1,6.53
2078.1,23.4,32,Road,72.5,4.0,7.31
2454.0,74.8,32,Road,0.1,5.5,8.35
4278.6,73.6,5,Road,10.6,6.8,9.5
1652.6,15.0,19,Sea,67.1,6.9,10.3
4410.5,42.9,12,Sea,41.0,5.3,16.19
2442.6,4.1,31,Rail,1.9,8.4,4.19
1094.9,32.2,17,Rail,74.1,8.4,5.29
866.5,65.9,22,Rail,41.9,8.5,6.03
641.9,21.7,22,Sea,65.9,2.7,7.55
2040.9,11.0,26,Road,46.8,2.6,5.73
103.6,45.9,31,Road,2.6,1.4,3.98
2005.5,48.6,6,Road,63.6,8.3,6.73
4447.9,61.0,12,Rail,78.8,0.6,9.42
3017.1,68.4,27,Road,15.6,1.4,9.03
3420.2,62.8,17,Road,89.1,9.3,10.46
539.9,76.2,10,Road,18.2,1.3,4.96
2131.6,20.5,5,Sea,42.3,1.2,9.13
1291.6,51.5,4,Road,52.7,9.1,5.36
4024.0,32.7,39,Road,31.4,3.1,9.69
819.9,86.6,15,Road,50.0,8.8,7.17
2067.0,39.9,2,Road,71.8,3.8,6.18
2648.3,86.4,8,Rail,71.4,3.7,8.13
2315.6,69.3,16,Road,92.2,1.4,9.26
3736.9,64.8,20,Road,86.2,9.2,10.78
1045.4,44.5,24,Rail,98.5,7.6,6.7
1701.4,40.2,35,Road,59.5,2.3,7.53
3565.4,47.6,17,Road,40.1,7.3,9.13
2378.7,26.8,5,Air,24.0,1.0,2.67
1812.5,81.5,14,Road,24.4,5.2,7.16
137.3,71.6,14,Road,15.1,2.5,4.25
3391.5,72.2,31,Road,72.7,8.5,11.28
4375.0,39.3,20,Rail,65.4,5.1,8.17
2793.2,6.9,13,Rail,29.2,9.2,4.7
3855.2,61.6,9,Rail,89.2,5.9,8.61
2328.4,34.0,34,Sea,55.2,5.0,12.64
1046.4,78.4,12,Road,6.9,6.9,5.56
69.9,70.3,16,Road,6.1,7.8,4.08
2942.0,13.5,1,Sea,14.3,0.2,9.62
2221.5,54.4,16,Multimodal,21.1,5.2,9.66
3520.5,62.5,6,Road,88.7,7.8,10.14
3127.6,51.3,20,Rail,77.8,4.1,7.97
4445.8,46.5,6,Road,20.2,0.5,9.17
2298.9,20.9,35,Road,24.8,0.2,6.63
1925.2,21.6,3,Road,63.7,7.9,5.2
1293.9,69.2,21,Road,87.2,2.0,7.65
2148.5,2.2,7,Sea,31.7,1.7,8.26
3928.6,70.2,14,Rail,52.5,2.9,8.64
195.8,47.6,30,Road,89.0,1.0,6.04
4400.7,84.3,22,Road,77.1,0.5,12.35
4469.9,89.8,14,Sea,89.2,8.7,20.14
2692.2,59.9,25,Road,27.8,3.0,8.39
1495.3,37.4,3,Rail,69.1,5.8,4.97
1007.6,43.0,5,Road,11.4,8.6,3.71
1247.8,18.8,5,Rail,61.6,9.8,4.03
230.2,9.4,9,Road,30.4,6.9,2.24
2140.6,52.3,38,Road,70.1,9.5,8.68
262.7,72.6,37,Road,14.2,4.2,5.88
3234.5,23.9,4,Road,66.6,7.9,7.36
1676.8,38.1,20,Road,70.9,9.4,6.68
901.1,50.2,21,Rail,85.7,0.5,6.17
2454.1,81.8,24,Road,68.7,3.2,9.87
4382.0,12.9,7,Road,52.3,7.4,8.43
3129.6,21.7,8,Rail,78.4,3.2,6.43
2215.4,82.7,11,Rail,28.4,0.2,6.91
3497.2,4.0,9,Multimodal,67.7,8.1,11.47
3320.0,59.2,6,Rail,72.5,1.6,7.59
4013.4,57.7,17,Rail,39.3,3.2,8.29
925.0,34.8,13,Rail,98.9,9.1,5.5
3865.7,42.4,17,Air,35.6,2.1,4.78
1358.1,77.0,2,Sea,8.4,8.9,10.58
4234.8,15.3,30,Road,30.3,4.2,9.02
1268.4,21.2,32,Road,9.9,9.2,5.09
4171.2,46.4,36,Road,33.9,8.8,10.65
4337.2,37.2,7,Rail,12.8,4.2,6.55
659.0,51.9,16,Sea,44.0,9.2,9.41
4385.4,82.9,19,Rail,77.8,6.3,10.31
390.3,82.6,15,Road,6.7,4.8,5.17
987.5,21.1,14,Sea,56.3,5.3,8.23
2001.5,27.5,7,Sea,4.4,0.6,8.08
4471.2,15.0,33,Road,88.5,8.1,10.59
2201.1,83.5,34,Rail,92.1,2.9,9.61
2479.1,36.1,24,Road,49.2,2.7,7.51
3126.4,40.7,35,Air,76.9,7.2,6.22
4357.5,72.3,21,Sea,59.3,3.7,17.95
3526.2,46.4,24,Rail,34.1,5.1,7.55
1012.6,11.2,37,Rail,24.5,4.2,4.07
1366.9,39.7,16,Air,75.9,5.0,4.34
443.8,56.9,17,Rail,43.0,2.2,5.08
2901.8,64.9,29,Road,92.0,8.8,10.45
817.4,58.3,18,Sea,97.6,6.1,10.96
1162.0,11.2,11,Road,21.0,2.3,3.39
3997.1,27.7,3,Road,56.1,0.9,8.13
1473.8,66.2,18,Air,53.7,5.4,5.08
2552.1,79.3,16,Sea,86.8,4.7,14.55
1792.1,4.7,1,Road,69.1,9.3,4.83
337.8,4.3,27,Road,60.7,2.3,3.81
1636.1,58.1,31,Road,67.9,8.8,7.88
1839.3,49.6,28,Road,38.9,7.7,7.08
4031.2,14.4,27,Road,96.0,4.8,9.78
1463.4,49.6,9,Sea,5.8,8.7,9.75
1709.7,87.7,38,Road,2.9,8.6,8.33
3524.1,57.0,36,Rail,41.6,7.1,8.81
3416.5,40.7,27,Road,15.5,1.0,8.36
3593.3,74.6,26,Multimodal,54.5,1.6,13.63
4292.2,19.5,27,Road,0.9,5.9,8.53
3581.0,37.6,4,Road,46.0,2.5,8.06
1837.2,47.7,38,Road,29.5,5.5,7.36
3697.7,45.7,12,Rail,20.2,5.6,6.54
2291.5,82.9,15,Rail,44.5,5.9,7.75
1253.3,26.7,30,Road,85.5,5.7,6.65
1366.6,5.6,14,Road,65.5,3.8,4.61
1011.2,82.5,8,Road,16.0,2.1,5.6
656.7,19.9,28,Rail,49.9,5.2,4.55
834.3,34.4,31,Rail,93.2,5.0,5.96
289.0,48.0,2,Road,43.9,2.8,3.58
3998.6,87.8,15,Road,47.1,0.5,11.28
4189.9,48.4,8,Road,94.1,2.1,10.51
2642.5,40.6,5,Road,13.6,5.5,6.02
3783.0,52.7,4,Rail,73.5,5.4,8.04
830.2,87.4,12,Road,29.9,1.3,6.39
4058.0,73.7,10,Road,86.6,6.1,11.49
2281.1,15.6,4,Road,5.4,4.2,4.49
306.9,72.4,10,Multimodal,99.0,6.5,8.77
640.2,75.8,29,Air,76.9,8.9,6.72
1393.8,62.3,28,Road,28.4,3.1,6.98
200.8,59.3,29,Road,76.1,3.5,6.07
1395.3,40.0,19,Road,92.3,6.8,7.24
274.4,57.9,13,Rail,11.3,9.5,3.94
1065.9,66.5,34,Road,91.4,4.9,8.22
1199.2,11.5,20,Rail,36.0,1.7,4.04
4474.7,23.5,18,Rail,0.6,9.4,6.44
1063.8,17.9,36,Air,11.2,4.7,3.14
1080.1,75.8,1,Road,88.5,4.6,6.9
3092.1,61.4,26,Sea,98.3,5.4,16.07
3867.8,40.8,3,Sea,89.5,2.5,14.57
1744.8,74.4,3,Road,44.2,7.8,6.99
3940.9,64.7,21,Road,96.1,6.4,11.48
1533.9,82.3,18,Road,40.7,9.5,7.36
890.6,7.4,31,Road,11.4,2.0,3.82
1486.7,46.1,36,Road,34.1,6.2,6.83
2744.1,63.8,31,Rail,99.8,5.2,9.37
1655.3,19.1,8,Road,62.6,8.9,5.14
3029.7,29.8,25,Multimodal,34.0,0.3,9.75
1070.0,38.0,20,Road,62.4,7.6,5.65
3156.0,71.6,11,Multimodal,42.9,6.2,12.47
1566.7,44.7,1,Road,5.0,6.1,4.54
2054.1,44.6,21,Sea,20.1,8.8,12.02
2512.1,39.1,17,Road,1.9,5.9,6.53
3089.6,21.0,28,Road,25.5,7.2,7.09
1078.0,83.1,18,Air,74.0,6.5,6.45
3762.6,28.9,29,Road,19.3,0.7,8.54
3249.7,51.3,10,Rail,52.8,1.1,7.07
1057.3,13.8,9,Rail,70.2,3.4,4.09
4387.5,39.4,34,Rail,54.9,6.8,8.8
2993.3,81.4,20,Rail,1.5,0.3,7.42
2038.7,89.6,31,Sea,36.3,7.7,14.44
713.1,32.9,3,Road,44.2,2.0,3.65
2401.8,14.3,1,Rail,34.3,5.6,3.93
745.7,28.6,33,Air,54.6,2.0,4.22
1935.6,29.8,8,Road,51.3,1.8,5.78
1842.2,58.2,18,Road,18.7,3.3,6.34
3241.1,44.9,30,Sea,75.2,9.2,16.5
869.8,69.3,33,Road,16.1,2.4,6.61
3699.3,63.3,22,Road,45.9,0.5,10.12
1471.0,23.0,17,Road,75.6,8.8,5.86
2000.7,70.7,9,Rail,69.7,4.4,7.15
3476.7,76.3,22,Road,43.2,6.2,10.13
2816.1,54.1,10,Rail,78.9,8.9,7.48
1389.6,83.5,33,Sea,71.4,7.6,13.54
1741.0,70.6,39,Road,38.5,8.0,8.62
1379.5,53.8,3,Rail,89.6,4.8,6.05
2678.5,81.6,17,Multimodal,14.2,6.9,12.15
1500.1,54.2,9,Rail,35.8,9.6,5.32
3267.0,47.1,36,Sea,69.8,8.9,16.56
2611.1,32.4,19,Road,87.3,6.1,7.94
660.0,79.5,34,Sea,32.3,0.9,9.3
1399.7,11.5,2,Road,56.1,9.8,4.17
1000.4,42.9,27,Road,1.2,2.3,4.78
1759.5,48.6,19,Road,37.1,3.6,6.38
2324.3,50.2,33,Road,33.1,1.4,8.15
2282.9,58.8,26,Sea,84.2,1.7,12.88
3396.6,45.8,34,Road,7.4,8.0,8.58
855.3,23.5,28,Rail,6.2,1.3,3.74
4259.4,77.2,16,Sea,44.3,1.9,16.72
1546.1,59.3,22,Rail,40.7,1.7,6.15
1354.6,77.3,28,Road,16.2,3.7,7.03
3084.9,25.2,14,Rail,26.3,6.9,5.31
3625.8,57.5,6,Road,97.4,6.4,10.18
1706.2,64.4,11,Road,51.3,7.2,6.79
3362.1,34.8,20,Multimodal,8.8,7.3,11.4
3977.4,73.2,36,Road,5.0,0.0,10.6
3451.8,0.7,16,Road,4.2,6.8,6.26
158.7,53.7,6,Air,38.9,6.8,3.41
3724.0,55.4,8,Road,86.6,0.6,9.91
3486.3,48.3,36,Rail,83.3,4.3,9.51
3013.5,56.9,4,Road,36.8,0.8,8.07
3421.3,15.5,34,Road,77.4,1.9,9.24
4407.5,61.8,20,Road,75.2,4.9,11.68
1942.9,30.6,24,Road,48.3,0.1,6.37
307.2,41.0,3,Road,40.4,0.9,3.57
2076.7,30.3,28,Sea,18.1,0.8,9.85
213.7,42.9,30,Rail,27.9,1.2,4.43
1327.7,56.1,29,Multimodal,33.9,0.5,7.98
2643.0,75.5,21,Road,81.3,6.1,9.79
1396.8,43.8,27,Rail,55.3,1.8,5.85
3085.9,29.4,25,Rail,20.1,8.6,6.35
3699.8,44.2,3,Air,9.6,8.8,3.07
1894.9,62.1,1,Road,49.7,6.9,6.9
4051.1,31.5,23,Rail,66.6,0.6,7.99
363.9,37.6,5,Air,81.9,8.9,3.83
3781.3,50.9,31,Road,79.7,4.2,11.01
3729.4,26.8,25,Air,82.4,1.8,5.21
1452.4,19.2,35,Road,44.8,7.8,5.81
1347.7,13.1,1,Sea,86.6,3.5,8.29
1376.4,32.1,15,Multimodal,44.5,5.1,7.66
3652.2,4.8,39,Rail,16.8,7.4,6.46
3743.3,52.7,24,Road,39.7,1.0,9.54
1487.1,16.2,34,Road,34.0,1.7,5.51
2668.7,34.3,18,Air,39.2,9.7,3.78
629.5,24.6,25,Rail,65.9,7.1,4.79
2112.2,56.9,36,Road,65.7,2.3,8.8
4494.6,76.6,1,Rail,22.5,5.7,8.44
719.0,57.2,9,Rail,31.6,1.9,4.49
4264.3,49.1,31,Road,59.5,8.7,11.07
3710.0,60.4,22,Road,8.4,4.5,9.16
4375.1,3.2,38,Road,68.9,8.1,10.22
812.2,11.5,2,Rail,17.9,9.7,2.1
964.8,9.0,20,Rail,85.1,9.8,4.63
80.8,9.3,23,Rail,40.2,1.4,2.93
3262.5,23.8,12,Sea,22.1,9.4,13.56
2900.2,48.1,10,Air,66.8,2.7,4.87
805.4,10.8,32,Rail,55.4,3.6,4.64
3561.2,84.2,5,Road,17.2,0.6,9.5
1349.9,77.0,29,Rail,82.7,6.5,7.85
611.8,87.5,33,Road,45.3,6.4,7.42
1904.4,4.3,23,Rail,15.2,7.8,4.06
413.9,76.7,36,Rail,79.6,9.5,7.54
1188.3,72.4,13,Road,13.3,4.3,5.98
1674.1,81.2,2,Air,96.8,4.1,5.89
3834.1,47.8,11,Road,44.2,6.4,9.18
3567.5,71.0,28,Rail,72.8,6.7,9.74
1995.2,5.1,25,Road,45.2,4.5,5.45
3262.0,7.3,36,Air,18.8,9.2,3.39
2561.1,11.1,18,Road,75.8,0.5,7.07
1537.1,82.4,39,Road,28.9,7.6,8.27
3267.8,6.0,9,Road,68.2,2.1,6.98
3077.3,9.5,2,Road,25.7,5.0,5.37
2787.8,83.8,36,Road,24.1,8.5,9.81
2782.7,10.1,17,Rail,45.7,3.3,5.16
3075.0,78.3,33,Road,81.6,9.0,10.91
1733.5,71.1,35,Road,61.4,4.5,8.58
3911.5,4.1,33,Road,6.5,7.0,7.91
734.6,2.5,32,Sea,73.4,7.2,8.79
3978.1,48.3,20,Rail,58.0,2.6,8.04
1543.6,89.7,30,Sea,62.4,9.0,14.17
567.0,79.2,22,Rail,35.4,1.2,6.16
2702.1,28.2,25,Road,55.6,5.9,7.7
1695.1,35.1,11,Road,37.2,9.3,5.44
3670.7,35.2,34,Road,8.2,0.3,8.61
1941.4,66.2,28,Sea,84.4,5.3,13.57
3010.2,31.0,35,Multimodal,67.8,2.5,11.61
1390.6,13.7,4,Rail,67.0,1.9,4.02
946.5,67.4,9,Road,19.4,2.3,5.46
1749.3,41.5,22,Road,66.4,9.0,6.94
2732.6,7.4,25,Road,23.2,4.3,5.99
2958.0,71.2,21,Rail,68.8,2.4,8.82
2604.0,52.9,25,Road,33.4,9.3,7.76
4446.3,44.3,17,Multimodal,15.8,3.2,12.72
3111.5,60.8,15,Road,90.6,7.2,9.69
4192.2,45.7,7,Air,10.5,5.4,3.75
535.1,58.5,32,Sea,76.2,6.8,10.47
280.9,78.1,8,Sea,10.2,1.8,6.68
1402.9,55.4,3,Rail,68.5,6.8,5.8
619.0,59.5,33,Rail,11.0,9.1,5.31
2368.8,55.4,36,Rail,50.9,1.0,7.95
2337.8,48.0,17,Rail,18.8,3.3,5.61
2589.8,15.9,1,Rail,86.7,9.7,5.26
3354.8,30.5,36,Multimodal,40.1,2.3,11.34
4371.1,62.5,17,Sea,1.5,0.6,15.23
3952.8,38.6,37,Sea,62.8,0.6,15.87
537.1,36.8,25,Air,44.5,2.8,3.92
1526.6,68.5,25,Road,86.0,4.9,7.97
1154.9,1.0,13,Road,43.3,2.7,3.63
799.8,61.3,13,Rail,41.1,2.8,5.32
2453.5,44.3,12,Rail,45.4,8.3,5.92
2491.9,34.2,32,Sea,86.0,7.7,14.34
1026.5,31.0,35,Road,58.7,3.1,6.14
3205.0,16.0,28,Rail,66.9,3.4,6.59
3299.4,30.4,20,Rail,72.0,9.7,7.44
99.3,35.5,28,Road,93.8,9.5,5.5
1783.9,39.7,31,Rail,83.8,9.7,7.04
4006.2,60.7,24,Sea,92.7,9.4,18.93
2343.8,41.1,11,Road,34.3,6.3,6.83
1567.6,71.8,16,Rail,21.5,3.1,5.96
1145.3,57.8,38,Rail,20.3,9.7,6.36
1098.9,17.5,17,Road,85.8,7.4,5.31
453.5,25.3,5,Road,83.1,7.1,3.85
3678.4,7.6,20,Multimodal,65.0,8.0,12.08
394.5,85.1,35,Road,6.3,6.0,6.25
1318.9,79.8,14,Road,31.8,5.8,6.54
210.3,8.1,26,Road,73.4,3.6,3.98
3517.3,51.9,24,Rail,24.9,1.5,7.16
181.6,86.5,31,Rail,62.4,4.4,7.07
1390.8,67.4,18,Rail,54.3,5.2,6.49
2582.0,44.5,39,Road,26.3,8.8,8.47
1846.0,22.1,22,Air,93.4,4.0,4.73
1273.8,25.5,21,Road,25.7,8.8,4.81
1242.0,66.4,34,Road,89.5,3.2,8.3
3591.1,70.4,25,Rail,54.1,9.4,8.96
4383.0,47.8,30,Road,9.2,0.4,10.21
1569.4,11.3,6,Air,83.4,5.3,3.16
181.0,84.1,25,Air,79.1,3.2,6.37
169.4,76.1,5,Road,83.1,2.9,5.83
3417.7,13.1,29,Air,63.8,0.8,4.76
2487.9,5.6,22,Sea,71.2,6.8,12.29
3527.2,48.5,3,Multimodal,90.7,3.9,12.61
3140.2,25.9,30,Road,12.8,9.5,7.47
4084.2,25.9,24,Rail,8.3,7.1,6.45
3986.8,8.3,17,Road,12.5,4.4,7.16
3548.5,85.8,20,Sea,87.0,6.3,17.53
2141.0,74.8,26,Road,56.3,0.7,8.81
1390.0,10.7,5,Rail,17.6,5.9,3.08
2284.1,79.0,13,Road,14.2,6.7,7.37
2261.8,61.6,39,Road,44.5,1.1,8.86
2748.2,29.6,4,Rail,81.6,6.8,6.11
841.5,78.5,17,Air,80.5,4.7,5.94
2952.0,54.0,35,Rail,85.1,4.8,8.9
2057.4,76.5,31,Air,76.9,7.2,7.21
2792.8,42.5,16,Road,6.2,4.5,6.88
1082.0,45.3,34,Rail,72.0,2.3,6.66
1957.6,26.5,32,Rail,51.9,3.0,6.23
949.9,35.2,33,Road,72.6,7.4,6.34
3939.5,51.3,8,Rail,48.4,0.7,7.51
2198.4,85.3,30,Rail,48.4,8.4,8.47
1016.3,54.2,3,Rail,12.6,5.8,3.85
190.2,13.7,17,Sea,90.5,7.3,7.63
3042.4,1.1,24,Rail,37.5,3.4,5.33
969.8,76.7,16,Road,58.2,2.2,7.0
4453.2,33.1,20,Road,20.7,8.0,9.27
2404.0,28.7,10,Rail,36.9,1.0,5.07
1304.0,72.2,24,Road,87.1,1.7,7.9
2961.3,85.1,7,Road,21.0,2.8,8.76
1242.1,67.5,20,Road,20.6,3.5,5.97
3692.1,16.1,13,Rail,26.0,2.0,5.61
1390.5,35.5,29,Road,57.5,9.1,6.28
4447.2,68.5,10,Sea,52.1,0.3,16.37
2725.1,81.7,9,Rail,17.5,8.0,7.13
3800.6,89.9,7,Road,69.2,4.1,11.19
332.3,46.3,33,Sea,90.8,8.4,10.46
1570.6,74.1,24,Rail,19.9,8.0,6.42
3320.0,4.7,16,Rail,67.3,1.2,5.83
2949.5,26.1,32,Rail,58.6,6.7,6.84
878.1,33.8,4,Road,32.9,3.8,3.82
1606.1,87.8,14,Rail,61.8,8.2,7.4
1189.2,0.8,29,Road,21.0,8.5,3.98
2762.1,28.1,22,Multimodal,83.4,1.9,10.68
1553.8,83.8,23,Sea,2.2,4.8,11.3
1394.2,27.9,26,Rail,56.7,5.9,5.44
937.2,20.6,26,Road,31.9,5.4,4.45
1843.6,65.8,22,Road,88.1,2.5,8.55
883.8,67.2,3,Road,49.9,2.7,5.79
4331.8,42.8,17,Rail,80.2,8.6,8.64
699.5,85.2,14,Road,92.4,0.3,7.43
4110.3,18.6,30,Rail,33.4,2.6,7.15
1931.0,82.3,13,Road,88.0,2.2,8.76
1703.5,68.1,26,Multimodal,72.6,3.7,10.56
1044.8,33.5,32,Road,10.8,6.9,4.94
2862.7,72.7,34,Multimodal,10.4,5.3,12.14
3086.4,12.4,23,Air,81.7,5.4,4.72
2106.7,12.2,34,Rail,46.8,7.3,5.72
255.4,83.7,12,Sea,49.5,8.1,9.79
4133.7,9.0,23,Road,89.1,1.6,9.53
4411.6,0.9,28,Rail,90.4,1.1,7.85
1942.5,35.3,19,Road,11.3,3.0,5.6
2763.4,9.8,34,Road,37.4,8.3,6.98
2029.1,77.7,8,Rail,89.5,5.4,8.0
1451.8,83.1,34,Rail,82.0,1.4,8.84
352.5,43.7,16,Rail,72.1,1.6,5.03
2055.0,38.6,7,Road,10.2,9.0,5.55
3683.6,48.7,27,Road,62.1,3.7,10.48
81.6,20.7,20,Road,58.2,2.6,3.8
2621.6,27.2,35,Road,16.7,6.9,7.1
3964.1,9.5,17,Road,77.4,8.6,8.42
982.9,40.5,28,Road,31.2,4.4,5.49
828.7,55.2,8,Road,62.1,7.9,5.5
3476.4,83.8,4,Sea,36.2,4.3,15.09
1151.6,66.6,33,Road,8.4,6.9,6.38
868.0,65.2,22,Rail,52.5,5.7,6.35
1704.1,28.1,31,Road,30.7,8.9,5.8
1769.3,80.0,1,Air,7.1,3.3,4.27
3934.1,85.3,14,Rail,19.9,7.7,8.85
2784.9,83.9,7,Road,61.9,6.8,9.29
1829.8,4.0,8,Rail,10.1,8.4,2.97
2407.1,54.6,8,Road,8.7,6.1,6.27
4293.1,58.1,24,Rail,94.4,4.6,10.11
513.9,26.9,1,Road,10.8,0.5,2.57
938.7,89.3,35,Multimodal,37.6,8.4,11.05
4331.6,26.6,8,Road,13.3,9.1,7.93
4308.2,19.9,5,Road,93.9,4.5,9.2
801.4,43.8,32,Sea,48.1,2.2,8.69
657.3,29.4,1,Road,11.1,6.5,2.7
1897.8,83.2,2,Sea,76.9,1.2,11.75
228.5,39.9,15,Rail,78.1,0.4,4.73
2948.8,37.2,9,Sea,90.1,2.9,13.29
353.3,56.5,12,Road,70.6,6.8,5.38
265.8,7.8,10,Sea,5.5,8.1,5.62
2185.9,68.2,24,Sea,55.0,1.6,12.47
4310.3,69.3,19,Road,38.4,9.5,10.84
1923.4,42.9,17,Road,74.9,5.5,7.04
1607.4,86.0,2,Road,59.1,9.3,7.31
4490.8,52.4,10,Multimodal,72.5,1.5,13.52
2396.2,62.7,5,Road,18.0,4.6,6.99
1691.7,83.2,39,Rail,43.7,4.3,8.39
1739.4,60.1,6,Road,43.2,4.1,6.09
881.3,39.1,2,Road,98.1,9.3,5.38
2307.4,2.7,8,Rail,1.9,8.5,2.86
1977.7,65.7,4,Multimodal,81.6,7.9,11.01
1222.2,86.9,31,Rail,9.7,2.9,6.96
726.6,42.6,36,Sea,8.0,3.4,7.87
1404.0,30.9,8,Rail,32.8,2.6,3.92
2291.5,47.0,31,Road,70.1,7.9,8.33
267.2,65.7,17,Road,67.8,3.9,5.41
696.1,0.6,14,Rail,62.8,9.8,3.02
4264.7,79.9,8,Multimodal,77.5,3.6,14.88
2445.1,79.8,25,Air,23.2,1.7,5.54
290.2,48.9,14,Road,63.4,9.3,4.72
3120.4,11.5,23,Road,63.8,7.8,7.68
282.8,60.6,17,Road,65.4,5.8,5.52
3326.2,12.8,12,Air,59.4,8.6,3.66
3376.1,45.9,20,Air,22.2,9.5,4.23
2931.6,8.9,34,Sea,91.4,8.6,14.47
3296.3,53.2,11,Road,97.6,9.0,9.53
400.4,29.0,27,Rail,68.9,2.7,5.0
3271.9,74.9,9,Rail,44.4,5.1,7.92
619.4,72.1,18,Road,53.7,8.0,6.08
1531.1,89.9,38,Rail,10.8,5.3,7.43
4242.6,23.5,36,Road,36.3,6.4,9.8
2265.4,6.0,28,Road,97.6,9.2,7.47
4353.6,40.1,20,Air,54.8,3.0,5.41
404.7,8.0,29,Sea,56.1,5.4,7.02
2151.6,16.5,4,Road,95.4,5.6,6.43
285.5,54.0,15,Rail,88.6,3.6,5.39
2837.8,53.5,28,Road,56.9,3.7,9.0
358.8,4.4,24,Sea,26.9,7.7,6.6
793.3,40.1,37,Sea,11.7,9.3,9.82
1168.4,48.0,16,Sea,86.4,6.3,10.62
3370.6,24.5,22,Sea,92.0,4.9,14.75
742.0,78.5,17,Road,49.4,7.5,6.26
3810.6,14.9,1,Road,9.5,10.0,6.52
597.9,23.2,31,Rail,60.6,0.8,4.65
163.4,14.6,25,Road,36.7,6.5,3.11
1780.7,10.9,12,Sea,15.8,5.6,8.69
4407.6,79.2,20,Road,91.9,6.1,12.62
501.0,25.4,19,Road,23.9,0.2,3.62
462.2,65.2,5,Road,71.1,9.6,5.03
3381.5,38.8,15,Multimodal,42.9,0.9,10.57
1408.2,57.4,25,Road,82.8,3.1,7.51
3229.2,83.6,35,Rail,70.1,3.0,10.13
904.0,76.1,3,Road,12.3,7.3,5.03
2073.0,6.7,18,Road,45.0,6.7,5.52
1197.5,76.1,22,Rail,26.0,0.6,6.26
2034.6,40.9,16,Sea,71.4,1.5,11.04
3462.1,31.8,15,Rail,54.5,3.2,6.86
3430.2,60.7,5,Air,34.0,7.0,4.36
2323.4,85.5,13,Road,32.9,9.3,8.23
4178.0,8.9,28,Road,11.4,3.2,8.07
1190.7,69.2,10,Multimodal,21.4,5.3,8.21
1085.2,18.7,16,Road,71.3,3.7,5.07
2764.1,34.5,2,Rail,61.0,5.8,5.9
2797.7,78.7,36,Sea,35.6,6.3,15.56
214.2,49.3,25,Road,83.6,5.2,5.55
2737.0,6.5,5,Sea,48.4,3.9,10.7
1688.1,46.0,28,Road,79.4,8.8,7.67
3364.8,71.2,17,Road,78.1,8.0,10.55
3637.4,47.8,2,Road,84.8,10.0,9.05
2486.9,15.4,15,Sea,85.0,4.1,11.81
12.7,40.3,38,Road,67.9,0.4,5.23
2865.5,83.2,29,Sea,74.9,6.5,16.17
3371.2,59.4,23,Multimodal,77.7,7.8,14.36
1124.2,65.8,18,Rail,16.9,9.4,5.35
2093.6,70.8,14,Rail,30.0,0.1,6.66
4345.9,8.6,32,Rail,10.4,8.8,6.44
1345.0,52.5,6,Road,18.9,5.2,5.31
1008.1,34.1,28,Rail,77.8,3.7,5.87
952.8,13.0,18,Rail,94.7,2.2,4.79
2516.8,18.6,35,Multimodal,67.4,8.1,11.69
4274.3,70.4,38,Multimodal,88.6,3.6,16.26
2741.1,15.0,4,Air,31.8,6.0,2.89
1368.4,28.5,31,Air,84.6,5.1,5.23
2875.4,26.0,11,Rail,33.9,2.6,5.35
2813.7,4.9,11,Rail,89.4,7.9,5.75
2688.2,41.9,29,Air,79.8,3.0,5.8
721.6,69.1,19,Road,98.4,7.9,7.03
2857.4,2.5,17,Multimodal,82.7,4.1,10.13
1938.6,10.6,4,Road,39.8,0.3,4.45
88.6,65.0,4,Rail,11.0,7.7,3.58
2431.2,53.6,12,Sea,87.4,9.0,14.3
4451.8,64.5,7,Multimodal,57.1,1.2,13.36
1577.1,21.1,21,Road,85.8,5.9,6.32
4345.2,72.4,33,Sea,38.7,0.7,17.06
437.4,43.4,37,Rail,2.9,8.3,4.47
3297.4,55.1,12,Road,5.2,9.9,7.81
518.9,8.7,7,Sea,67.0,4.9,6.44
1234.7,18.9,15,Rail,11.4,3.1,3.13
2570.9,69.7,37,Rail,74.5,8.5,9.12
2669.5,20.5,9,Road,41.9,5.2,5.89
3489.6,8.8,33,Rail,56.3,4.5,6.54
2770.8,53.9,38,Rail,80.1,2.3,8.82
2673.3,49.5,16,Road,25.3,6.2,7.35
4106.0,54.9,31,Road,41.3,6.1,10.74
2037.5,55.8,15,Multimodal,73.0,2.6,10.01
1017.6,45.3,2,Rail,91.8,2.1,5.05
732.2,44.7,13,Sea,29.0,4.4,7.69
1803.0,83.2,5,Road,62.3,4.5,7.71
3208.8,48.3,33,Road,95.1,1.3,10.51
196.2,55.7,32,Road,64.9,2.8,5.87
585.1,24.4,21,Road,89.3,1.6,5.05
482.0,78.5,2,Rail,94.0,9.0,6.25
2635.7,2.7,36,Rail,92.9,0.7,6.78
1096.7,50.4,33,Rail,75.8,8.8,6.68
752.3,34.9,11,Road,55.2,5.3,4.52
2669.5,54.5,23,Rail,9.7,6.7,6.13
3427.1,32.7,38,Road,22.3,9.2,8.83
1498.0,64.7,33,Road,25.6,3.7,7.41
2604.0,2.3,8,Multimodal,3.3,7.0,7.96
446.1,36.8,36,Rail,10.2,6.7,4.71
4208.7,74.9,36,Rail,29.5,9.9,9.82
1519.3,22.9,33,Road,9.1,0.5,5.41
4488.8,5.2,29,Air,17.0,4.6,3.54
4403.8,44.9,31,Rail,5.4,9.9,8.01
3505.8,87.9,30,Sea,41.7,3.3,16.49
95.2,6.2,8,Road,82.1,9.7,2.65
2447.9,6.8,26,Multimodal,81.2,8.2,10.51
395.3,53.8,23,Sea,90.5,3.4,8.97
4028.6,22.9,26,Air,74.6,0.3,5.07
3554.4,37.2,38,Road,24.4,2.8,9.12
4375.7,74.8,39,Road,70.2,1.2,12.72
2739.7,18.3,2,Road,75.4,4.3,6.79
2352.2,64.9,26,Road,54.3,9.4,8.53
2337.8,45.7,18,Air,80.7,5.1,5.14
1742.1,81.5,27,Road,7.1,4.5,7.51
2111.8,87.6,17,Road,59.5,2.2,9.08
2861.2,43.9,15,Road,48.0,6.2,7.99
4198.6,52.8,7,Road,80.5,4.6,10.32
2683.5,67.3,17,Road,12.8,7.7,7.85
3857.7,29.0,19,Sea,21.3,5.2,14.6
3883.2,20.8,27,Rail,55.9,8.9,7.57
2337.2,86.8,17,Road,94.7,7.8,10.11
1566.9,39.2,32,Road,8.3,1.5,5.9
2879.9,0.6,16,Road,74.3,1.4,6.81
2009.2,75.5,30,Road,20.5,0.2,8.39
371.1,54.2,14,Rail,10.5,3.7,4.1
1703.3,15.6,18,Sea,39.5,0.5,8.29
4473.4,3.2,22,Sea,58.3,4.5,15.59
223.1,26.6,16,Sea,82.7,2.4,6.74
3136.5,83.5,16,Road,63.5,5.0,9.99
3786.1,84.0,26,Multimodal,49.2,1.6,13.8
2921.0,28.3,6,Sea,28.6,5.5,11.79
2566.0,75.3,7,Air,29.3,9.7,4.8
3185.5,40.0,9,Road,77.1,6.4,8.4
1934.9,59.1,26,Multimodal,11.4,5.6,9.71
415.7,30.4,2,Sea,14.6,7.9,6.72
4330.9,46.7,36,Sea,72.0,0.1,17.07
1948.2,26.8,3,Road,96.1,2.8,6.56
2995.9,6.0,21,Sea,12.0,9.9,12.29
2393.2,13.0,3,Multimodal,60.9,7.8,9.44
250.8,26.5,9,Rail,23.9,0.9,2.87
4287.6,87.9,12,Rail,2.6,3.3,8.52
3567.5,86.9,8,Multimodal,83.2,4.4,14.15
675.2,74.6,37,Road,50.9,9.3,7.15
4417.5,21.3,21,Rail,2.4,5.9,6.58
3317.4,40.0,37,Rail,89.5,0.8,8.96
2128.1,39.9,3,Multimodal,53.6,5.1,9.21
2753.1,35.1,21,Road,73.7,2.9,8.35
484.8,4.5,26,Rail,42.4,3.4,3.56
2524.0,48.3,24,Rail,18.5,1.1,6.41
336.1,7.0,34,Sea,46.6,4.6,6.72
2454.1,72.3,32,Rail,28.8,6.7,7.59
2489.4,62.4,27,Air,29.7,7.6,5.44
3935.6,32.1,30,Multimodal,64.4,7.0,14.11
3264.1,58.4,4,Road,9.4,6.6,7.52
1126.7,21.4,2,Road,39.7,8.7,3.74
3998.5,24.2,23,Road,54.7,3.3,9.15
2581.7,28.6,4,Road,71.0,2.1,6.75
2730.7,71.8,37,Rail,63.3,0.9,8.86
764.6,19.4,11,Air,88.6,1.7,3.61
3860.7,50.9,36,Sea,99.2,1.5,16.81
4189.7,18.4,36,Road,93.7,9.1,10.82
3488.6,26.0,15,Road,76.4,1.8,8.39
4233.7,21.6,37,Rail,68.6,0.9,8.62
1363.8,58.2,3,Rail,3.5,4.0,4.21
3875.7,47.6,30,Road,53.3,1.7,10.15
2202.6,65.1,23,Air,66.4,1.3,5.91
741.8,20.2,33,Air,41.3,3.6,3.45
3011.3,1.3,1,Road,38.5,9.2,5.42
3080.1,61.4,1,Air,54.3,0.3,4.74
1294.7,10.8,3,Road,90.7,2.1,4.7
128.6,22.5,9,Sea,26.1,8.2,6.34
903.3,27.9,32,Rail,39.9,2.5,4.82
1802.0,67.3,13,Road,65.3,4.4,7.72
758.2,56.5,31,Air,18.6,1.0,4.59
877.2,17.0,21,Rail,83.5,8.0,4.98
1764.3,54.0,23,Sea,66.6,7.4,12.75
4328.2,63.9,13,Road,35.2,1.3,10.11
3440.3,35.3,26,Road,72.2,9.5,9.36
1442.3,22.5,25,Road,27.9,5.9,4.97
4282.5,61.3,8,Rail,77.4,8.0,9.23
2907.2,55.2,30,Rail,7.1,7.6,7.07
2052.2,7.5,5,Road,42.7,5.2,4.7
2110.0,60.2,24,Rail,26.2,7.5,6.76
1851.3,44.2,10,Rail,81.7,2.4,6.23
1052.3,67.9,19,Sea,75.3,0.2,9.76
1742.9,17.6,35,Rail,84.2,3.4,6.31
2377.9,23.6,22,Air,65.2,1.5,4.09
2378.5,49.1,39,Rail,79.5,9.8,8.44
3429.0,43.6,38,Rail,43.9,9.2,8.05
1617.8,35.1,7,Road,67.8,1.4,5.92
3227.0,67.3,39,Road,3.1,3.4,9.69
2603.5,51.0,20,Road,88.1,5.1,8.59
4328.5,64.1,32,Rail,68.5,4.0,10.22
1736.9,14.2,2,Road,86.6,7.0,5.34
4056.0,65.7,15,Road,77.1,5.0,10.91
3693.8,41.8,10,Sea,28.6,5.7,14.08
2871.3,3.5,21,Road,27.3,6.8,6.1
2947.0,21.5,15,Road,80.0,0.2,7.77
385.5,2.8,34,Road,18.5,0.1,3.22
4276.3,41.4,35,Sea,11.1,1.8,15.51
485.7,29.7,5,Road,1.5,7.2,2.29
2536.7,88.9,19,Rail,29.8,2.4,7.71
1488.7,78.2,7,Rail,9.9,9.2,5.56
1937.2,74.4,36,Rail,80.2,0.8,8.78
2747.8,45.3,18,Rail,48.5,5.8,6.95
4090.3,72.7,6,Sea,25.3,0.3,14.75
2061.8,24.4,4,Road,60.2,9.7,5.75
4444.8,50.7,5,Road,7.0,2.1,8.93
2669.7,35.7,14,Road,72.6,5.9,7.36
726.7,15.8,33,Road,50.1,9.5,4.81
859.1,7.0,21,Road,0.6,0.3,2.78
3223.9,50.5,13,Road,31.9,5.1,8.28
231.5,9.2,2,Rail,75.0,5.3,2.85
2164.1,64.8,15,Rail,18.8,3.5,6.05
671.2,83.0,16,Road,96.2,6.5,7.45
1952.3,15.0,35,Sea,89.7,5.4,11.97
3375.9,42.6,20,Road,77.8,2.5,9.47
2067.4,66.6,1,Road,7.9,7.1,6.16
739.7,26.2,3,Rail,35.4,4.7,3.15
1137.4,82.9,17,Road,29.8,4.7,6.98
1657.1,80.0,17,Road,13.8,9.5,7.1
317.7,9.8,20,Road,100.0,5.4,4.48
2631.6,3.0,20,Multimodal,14.7,7.8,9.26
2735.9,87.9,4,Sea,31.5,8.7,14.61
284.4,86.1,11,Road,88.0,5.8,6.74
1813.4,38.3,15,Sea,14.4,7.9,10.74
1865.9,5.0,27,Sea,47.0,3.1,9.48
1505.5,55.9,24,Rail,97.6,1.8,7.59
2512.0,26.8,20,Sea,24.7,7.0,11.68
1560.1,84.3,15,Road,70.3,9.3,8.32
1876.8,71.6,6,Road,8.0,0.4,6.15
3589.9,58.6,18,Rail,60.1,7.6,8.1
733.7,26.0,22,Rail,33.9,0.3,4.0
2787.9,63.3,21,Rail,70.0,4.6,8.16
2277.6,26.4,24,Rail,43.3,6.8,5.81
1376.3,3.9,17,Multimodal,29.9,4.1,6.35
3275.3,46.0,11,Air,54.6,3.0,4.59
2482.6,44.2,18,Air,14.0,1.9,4.07
2150.7,68.8,35,Sea,81.4,9.8,15.72
3006.2,78.0,31,Multimodal,75.1,5.7,14.19
3611.3,32.2,28,Road,54.5,1.3,9.12
4377.1,40.7,24,Road,36.7,0.5,10.44
2833.9,42.6,36,Rail,91.5,2.4,8.83
3935.6,29.5,24,Sea,63.4,5.4,15.81
9.9,67.0,33,Rail,28.5,7.5,5.26
2388.4,47.2,30,Sea,80.7,9.8,14.96
969.8,82.3,37,Road,63.5,8.3,8.11
428.4,58.7,13,Road,12.7,6.1,4.31
2396.2,19.5,16,Sea,11.4,6.7,10.8
3362.0,15.3,9,Road,93.8,5.2,7.89
1858.2,33.8,13,Road,28.8,4.3,5.36
3017.1,31.5,7,Road,66.3,7.8,7.48
2206.3,36.9,35,Road,3.6,1.8,6.94
1969.7,16.9,26,Sea,55.7,3.3,10.27
1309.7,88.1,9,Road,23.1,9.8,6.27
1724.8,13.5,35,Rail,14.0,5.7,4.62
1577.3,58.9,24,Road,77.4,5.0,7.73
2909.6,1.7,33,Sea,81.0,8.5,14.26
526.5,36.9,21,Road,71.5,7.6,5.36
421.4,28.2,22,Rail,1.1,3.3,2.93
2971.8,34.7,39,Sea,28.5,6.3,14.13
2460.6,45.1,19,Road,36.1,1.9,7.41
1938.7,54.2,32,Air,69.1,0.5,5.95
690.2,52.7,5,Rail,75.6,9.9,5.17
1852.6,56.9,12,Road,62.8,7.4,7.32
3554.8,76.1,6,Road,78.9,9.3,10.4
4003.8,79.9,18,Multimodal,42.7,8.3,15.42
3163.1,66.5,7,Sea,54.2,4.3,14.44
274.3,7.6,19,Road,6.4,8.6,2.01
3018.5,86.5,15,Road,42.7,7.9,9.8
1088.2,85.3,9,Sea,43.3,2.6,9.79
1422.1,64.2,20,Rail,61.2,6.2,6.85
885.5,46.8,20,Sea,37.8,3.1,8.32
3492.0,22.9,4,Road,23.8,2.3,6.9
2920.5,68.2,10,Sea,23.8,0.8,12.35
2755.2,79.1,1,Road,13.4,5.4,7.75
3007.5,60.0,35,Road,70.1,3.9,10.08
1069.3,56.8,24,Rail,62.3,0.9,6.26
2003.7,17.8,7,Multimodal,57.9,7.2,8.73
2851.5,32.5,22,Road,53.1,7.2,7.7
2866.5,65.2,23,Rail,36.8,2.4,7.56
3564.4,2.0,1,Rail,76.9,9.6,5.28
1295.5,57.9,24,Rail,92.2,7.8,7.27
3467.7,69.1,20,Sea,44.0,8.1,16.49
1983.6,30.5,32,Sea,40.9,0.0,9.88
3017.4,7.3,31,Road,16.3,9.8,6.55
2053.5,73.8,33,Multimodal,67.1,9.9,13.11
4269.0,13.2,36,Sea,55.8,5.1,16.02
811.0,33.7,18,Air,98.8,9.9,4.82
3039.1,63.8,37,Rail,58.4,6.1,8.82
2596.5,73.6,33,Air,28.9,1.3,6.15
781.4,77.7,33,Road,56.3,8.1,7.28
301.7,48.0,5,Road,98.5,5.6,5.01
3597.2,43.1,18,Air,72.3,3.4,5.55
712.7,76.4,9,Road,12.9,2.4,4.91
843.3,50.9,31,Road,34.3,5.2,5.74
4403.1,52.3,7,Sea,29.9,6.9,16.58
3229.1,39.3,15,Sea,85.7,8.8,15.46
1130.9,33.9,4,Road,61.1,6.0,4.81
2661.3,43.5,39,Air,81.0,4.2,6.37
2405.8,33.2,8,Rail,17.6,6.3,4.55
3800.9,31.2,24,Rail,90.8,5.0,8.58
3283.3,89.4,8,Sea,5.8,6.5,14.94
3743.6,30.6,5,Road,37.5,6.1,8.08
955.7,23.4,23,Road,1.4,9.8,3.81
2882.8,32.2,34,Road,18.4,6.2,7.93
185.9,53.4,15,Rail,96.2,6.9,5.82
314.9,82.0,19,Rail,7.8,8.9,5.37
3212.3,71.0,25,Sea,14.5,9.1,15.73
114.8,75.9,39,Sea,92.5,1.4,9.89
2611.0,77.4,4,Rail,71.0,4.5,7.64
3782.6,82.9,8,Sea,40.7,9.4,17.34
1712.8,21.5,29,Road,6.9,9.6,5.29
206.6,41.5,13,Road,78.5,1.9,5.1
3213.7,35.0,38,Air,49.3,4.4,5.61
4183.9,34.7,36,Road,32.3,2.8,9.98
3228.7,58.9,37,Road,36.1,7.9,9.86
2605.1,36.5,31,Rail,50.5,8.5,6.76
1039.0,55.7,19,Road,55.1,4.7,6.36
74.1,34.7,37,Air,81.8,6.8,4.69
3127.6,28.3,25,Road,77.2,8.7,8.73
1043.5,32.1,37,Road,76.7,7.1,6.91
3862.4,72.4,1,Road,72.9,1.6,10.37
2101.3,54.3,21,Rail,75.8,7.1,7.35
2390.2,87.7,39,Road,67.8,1.6,10.42
3393.9,75.0,26,Rail,86.8,6.5,9.96
3508.5,44.0,3,Air,55.7,3.3,4.15
2893.7,22.2,5,Air,52.1,0.6,3.12
4223.3,60.8,29,Road,70.1,2.3,11.84
4420.4,65.5,33,Rail,16.6,4.7,8.97
4261.3,42.0,2,Rail,77.7,9.9,7.61
3709.7,21.1,18,Multimodal,93.6,2.6,11.97
3176.8,50.4,14,Multimodal,29.6,9.8,12.56
2986.6,23.2,30,Road,61.1,3.6,8.18
471.4,84.6,29,Sea,3.3,9.6,10.62
1225.3,56.8,29,Road,76.6,9.6,7.43
30.6,26.6,19,Road,56.0,1.4,3.4
622.7,19.8,26,Road,67.4,8.3,4.47
1979.3,64.6,9,Rail,14.3,5.2,5.77
663.7,63.8,13,Rail,80.9,6.9,6.13
4058.0,53.9,38,Road,25.6,7.8,10.69
3626.6,55.5,31,Rail,68.5,1.2,8.98
326.9,54.5,14,Road,59.3,8.0,4.97
1123.9,32.7,31,Rail,65.4,3.0,5.99
3686.7,84.4,15,Road,5.0,7.3,9.7
3614.7,43.4,34,Road,74.2,5.7,10.26
4254.8,2.3,10,Road,79.5,6.8,8.71
4489.0,31.7,21,Road,47.5,6.2,9.89
4393.3,12.2,39,Rail,40.9,8.1,7.93
1848.6,33.0,25,Road,34.3,8.9,6.22
1130.2,54.9,37,Rail,92.8,4.5,7.74
3414.1,2.5,20,Road,75.5,3.9,7.92
1350.2,78.4,7,Rail,69.9,2.4,6.93
3629.8,55.1,18,Sea,92.6,8.1,17.31
2405.1,26.9,26,Road,34.9,9.7,6.62
3573.7,28.4,17,Rail,63.0,2.0,6.81
1245.1,42.2,7,Road,68.6,4.6,5.58
2288.6,22.7,28,Rail,99.6,7.7,7.15
2540.3,0.9,21,Road,42.7,6.4,5.77
4244.3,2.9,37,Rail,40.0,8.2,7.23
1203.4,32.5,23,Rail,8.4,0.2,4.28
4215.4,11.6,10,Air,9.8,9.1,2.53
3622.8,2.5,17,Rail,51.2,0.6,5.74
3290.4,77.4,38,Rail,17.1,4.5,8.68
3542.0,25.0,1,Road,7.3,2.8,6.84
2726.4,45.5,11,Multimodal,96.5,9.3,12.4
1102.1,16.6,33,Sea,95.1,2.8,9.33
856.8,4.7,31,Road,32.5,3.7,4.34
3899.2,67.2,24,Sea,79.0,8.9,18.27
3264.5,11.7,20,Road,87.3,5.4,8.17
963.4,2.8,5,Sea,46.5,9.0,7.85
2769.8,53.1,26,Sea,22.4,6.6,13.73
2016.7,1.7,7,Road,13.0,0.8,3.89
718.2,39.5,27,Sea,14.1,4.3,8.13
2395.7,26.4,18,Road,79.7,1.8,7.22
1270.4,29.1,38,Road,38.4,0.7,6.01
437.6,0.8,31,Road,69.4,3.7,4.01
2104.0,86.8,9,Sea,53.9,9.1,13.88
2657.5,46.8,2,Road,39.5,1.2,6.88
215.8,51.7,37,Road,12.4,0.1,4.88
1812.4,60.1,29,Sea,33.3,9.4,13.0
1163.2,71.9,34,Road,84.0,5.3,8.51
142.8,54.9,15,Road,81.1,5.6,5.23
569.9,68.7,9,Road,2.8,9.3,4.21
630.0,40.7,16,Road,14.0,7.0,3.71
827.0,33.7,2,Rail,75.6,8.3,4.29
3616.2,74.2,1,Road,33.6,7.7,8.92
1980.5,77.9,9,Multimodal,64.4,6.1,10.97
666.2,12.8,20,Sea,56.3,6.9,7.76
455.8,49.1,2,Road,65.2,5.6,4.34
1344.2,61.7,1,Road,5.4,3.6,5.09
3592.1,8.0,10,Road,93.1,2.9,8.18
1643.2,83.7,23,Rail,2.1,1.8,6.76
723.7,47.0,19,Road,0.8,3.5,4.23
1821.5,58.3,18,Road,22.6,5.8,6.49
2501.1,16.5,24,Air,99.3,5.9,4.88
138.0,24.2,22,Road,7.3,6.8,2.47
2826.2,11.3,20,Road,87.5,8.8,7.58
1781.0,24.1,11,Air,15.9,6.5,2.3
48.7,44.6,9,Rail,10.9,1.7,3.11
3034.1,75.1,15,Road,77.9,0.3,9.95
3207.2,48.3,16,Rail,84.7,2.0,7.93
2831.6,22.4,13,Road,79.2,9.1,7.49
1542.0,4.5,6,Sea,24.1,5.7,7.96
2385.6,56.2,25,Rail,88.0,8.5,7.95
1745.3,38.1,15,Sea,7.2,2.3,8.71
3154.3,88.6,18,Multimodal,34.2,7.1,13.7
2628.2,70.3,33,Air,46.3,7.3,6.53
372.7,72.8,14,Air,6.8,8.1,4.02
2895.7,1.6,34,Rail,58.0,5.4,6.47
3094.1,70.1,2,Road,55.9,7.9,8.63
1671.3,17.9,20,Rail,99.2,9.4,5.58
3941.7,52.9,16,Rail,62.2,9.6,8.41
3794.3,40.5,3,Air,39.8,1.3,3.86
792.4,51.7,30,Road,79.0,6.2,6.78
4069.7,12.4,23,Air,33.5,1.1,3.83
1986.7,41.4,39,Sea,53.3,9.2,13.23
3258.3,3.8,23,Multimodal,5.5,9.6,10.63
3664.4,4.2,3,Air,32.3,5.0,2.31
2275.5,59.4,13,Road,52.8,9.6,7.71
1799.0,85.7,29,Road,70.2,7.7,9.21
4120.0,70.1,23,Road,9.9,7.0,10.35
1042.7,42.5,17,Road,79.7,5.8,6.21
1160.1,5.5,21,Rail,90.0,4.1,4.49
1630.5,4.5,29,Sea,28.1,9.6,10.48
3868.3,14.6,37,Air,76.5,2.0,5.2
4224.9,87.8,5,Rail,18.0,8.0,8.55
994.2,36.2,21,Road,52.3,3.7,5.29
3888.1,76.0,2,Road,79.8,7.5,10.83
1165.6,63.6,23,Road,38.6,1.6,6.58
4368.0,54.7,11,Road,2.6,3.7,9.3
2690.3,85.3,15,Rail,54.0,9.5,8.31
36.9,21.1,23,Road,84.5,5.6,4.12
158.4,41.2,7,Road,10.8,4.9,2.61
667.9,77.9,34,Road,3.0,7.5,5.91
848.1,49.9,38,Rail,80.9,4.2,6.84
3455.4,22.6,6,Rail,26.7,4.9,5.54
1006.3,19.2,16,Rail,36.4,5.6,3.62
4361.3,67.9,2,Road,8.7,9.9,9.59
2864.3,1.6,32,Multimodal,9.7,8.1,9.89
3117.9,82.3,38,Road,61.5,0.4,11.19
984.1,2.1,28,Rail,55.2,7.8,4.15
4017.7,57.0,9,Sea,29.2,5.0,15.62
3006.8,54.6,25,Rail,45.3,2.3,7.58
3890.5,52.3,26,Air,38.8,8.5,5.58
4304.4,43.0,26,Road,69.5,2.7,10.91
569.8,76.8,5,Rail,86.2,3.2,6.19
439.2,59.5,17,Road,76.5,0.6,5.67
3616.3,70.5,26,Rail,0.4,9.8,7.95
3898.2,10.8,26,Road,10.0,8.0,7.71
2629.0,5.0,9,Road,42.9,1.5,5.53
1650.2,3.1,23,Rail,85.2,4.9,5.15
2938.6,13.7,24,Rail,23.7,3.4,5.5
1379.0,60.2,9,Road,87.9,0.3,6.77
1076.5,44.7,10,Rail,11.0,9.3,3.92
2199.2,67.8,6,Rail,7.3,8.4,5.51
976.6,17.7,4,Road,91.3,9.9,4.45
2179.2,33.3,1,Rail,16.2,2.4,4.08
4304.9,80.0,6,Sea,46.4,7.0,17.91
3779.8,84.2,38,Rail,32.6,1.2,9.94
4237.6,83.0,29,Road,14.8,4.3,11.16
3629.4,73.7,3,Road,63.2,8.5,9.9
1599.6,62.1,24,Rail,96.4,0.1,7.81
3655.1,82.3,9,Multimodal,65.8,4.8,13.92
4153.5,64.4,17,Rail,35.4,4.3,8.25
4261.9,85.9,38,Road,71.2,6.9,13.0
3076.0,2.7,14,Rail,14.3,2.4,4.15
955.1,83.0,36,Air,58.0,1.7,7.1
183.6,50.2,33,Road,46.9,6.5,4.99
666.7,10.5,20,Multimodal,36.0,6.4,5.83
4345.1,19.7,34,Multimodal,74.0,7.5,14.81
2082.1,76.8,3,Road,11.8,2.5,6.42
3848.2,45.8,20,Multimodal,53.3,0.2,11.8
2095.4,88.5,3,Road,85.4,8.8,8.82
2975.4,11.0,6,Sea,20.2,2.1,10.28
113.5,37.4,29,Road,26.5,4.2,4.05
1128.1,30.2,39,Road,66.1,4.7,6.6
1966.0,46.7,31,Rail,77.3,1.9,7.38
2839.7,57.2,39,Sea,28.3,5.2,14.31
776.0,59.7,21,Road,36.0,9.1,5.69
3441.7,0.6,1,Rail,74.0,2.7,5.51
1643.0,8.5,33,Road,28.5,5.2,5.31
3679.4,3.6,10,Road,66.6,3.1,7.43
445.4,77.9,26,Road,15.9,9.8,5.78
3060.5,28.5,3,Rail,41.1,2.2,5.53
1323.5,33.4,14,Road,68.9,1.1,5.52
3580.2,40.8,8,Road,46.0,1.4,8.32
1812.8,76.5,32,Road,1.9,3.7,7.63
2995.7,1.8,36,Road,40.6,5.5,7.43
4204.7,11.1,27,Rail,28.8,6.7,6.62
97.7,61.8,33,Multimodal,10.1,5.6,6.71
55.0,86.8,21,Road,0.9,9.1,4.99
3467.4,58.0,26,Multimodal,4.6,3.6,11.83
2910.5,23.9,14,Sea,94.9,7.1,13.96
1321.9,47.0,36,Rail,75.0,2.7,7.05
2227.3,87.8,28,Rail,94.0,6.8,9.5
193.5,47.8,28,Sea,11.5,9.3,8.24
870.0,33.9,21,Road,57.1,9.8,5.32
1913.1,34.8,29,Rail,8.3,7.3,5.12
3754.0,87.0,38,Rail,2.7,9.4,9.36
2161.1,64.8,34,Rail,46.6,6.8,7.82
2640.7,62.0,1,Sea,64.6,9.6,14.14
3932.5,21.3,20,Road,6.4,9.0,7.92
1393.1,50.6,26,Rail,36.5,1.1,5.81
3154.6,32.4,27,Rail,9.0,4.7,6.53
3878.2,22.0,23,Road,36.2,3.5,8.59
915.8,80.7,7,Road,47.2,0.3,6.38
1607.4,34.8,22,Rail,33.8,4.7,5.31
4409.2,25.8,37,Air,57.6,1.5,5.79
4424.6,83.9,35,Rail,58.5,0.4,10.89
1008.4,18.2,4,Sea,33.3,4.5,7.16
303.7,67.2,29,Road,39.0,2.3,5.94
1222.8,58.9,37,Road,44.1,9.4,7.23
1792.8,82.9,36,Road,37.6,8.1,8.65
1987.3,75.0,3,Road,76.1,9.6,8.18
2786.5,63.6,2,Road,14.0,8.8,7.16
4048.3,28.7,5,Road,85.7,7.3,9.26
1489.9,44.9,18,Sea,33.1,6.0,10.24
3825.7,85.0,34,Sea,72.4,0.7,17.16
425.2,2.6,15,Road,88.4,2.7,3.74
193.2,71.6,1,Road,88.7,7.1,5.49
2270.7,23.0,22,Road,45.2,4.0,6.49
273.2,17.1,25,Rail,25.7,3.3,3.23
1769.2,21.3,17,Road,60.6,1.0,5.78
4036.0,5.8,33,Road,18.4,0.7,8.18
1090.5,89.3,17,Multimodal,79.1,2.1,9.76
3178.4,78.4,38,Sea,71.1,8.3,17.72
1364.1,47.1,5,Road,79.6,6.6,6.24
206.9,64.5,37,Road,43.3,3.4,5.89
2507.3,50.3,11,Road,55.7,0.6,7.77
3757.7,73.1,12,Sea,10.3,1.9,14.62
1845.6,76.1,34,Rail,68.8,4.5,8.38
2779.7,21.3,35,Road,48.7,1.5,7.77
4050.6,41.6,39,Sea,50.9,7.6,17.64
3554.7,57.3,16,Road,84.7,7.9,9.99
876.5,88.1,24,Road,77.2,1.4,7.89
3301.6,61.6,31,Road,53.5,7.3,10.15
2261.0,80.8,14,Rail,35.5,5.1,7.23
3358.1,76.2,32,Road,44.6,9.6,10.47
2227.8,52.6,13,Road,35.1,7.9,6.96
580.2,80.5,38,Road,15.2,5.9,6.42
2566.7,34.3,17,Road,64.6,6.0,7.57
2217.1,34.4,36,Sea,69.2,1.8,11.97
2333.1,70.4,18,Road,97.1,8.9,9.4
3955.7,12.5,19,Road,45.6,5.6,8.17
4027.3,27.9,7,Rail,99.7,5.7,7.9
2043.6,55.0,30,Sea,18.7,5.8,12.02
2053.5,38.1,12,Sea,65.7,2.8,10.67
2320.8,84.7,11,Rail,99.5,8.1,8.7
2340.6,86.3,29,Road,64.0,8.6,10.15
4277.0,45.5,3,Sea,45.2,2.9,15.14
2924.1,48.7,34,Rail,51.5,4.4,8.08
1252.2,65.4,34,Road,84.6,1.8,7.99
2394.3,41.4,31,Air,93.9,2.4,6.06
2824.4,17.5,22,Road,45.4,3.4,6.9
2880.8,67.4,2,Multimodal,77.2,9.0,12.86
2635.7,66.5,27,Air,93.4,6.3,6.84
803.9,22.4,36,Rail,28.2,5.9,4.73
156.0,75.0,32,Multimodal,49.3,9.5,9.44
1523.6,55.4,35,Sea,99.5,7.9,13.37
1926.7,21.6,17,Road,35.3,0.2,5.42
282.8,58.9,34,Road,62.0,1.2,6.17
3668.3,21.4,26,Road,65.7,2.5,9.17
1551.6,24.2,10,Road,15.4,3.0,4.44
4111.8,76.4,39,Sea,80.7,8.3,20.01
699.1,83.7,9,Road,41.3,7.7,6.26
260.9,23.5,25,Road,50.0,1.5,4.02
2173.0,83.6,20,Rail,64.3,5.3,8.15
855.1,21.9,15,Air,41.0,1.1,2.76
4218.6,11.0,27,Road,32.5,1.7,8.55
51.3,5.7,11,Road,54.6,2.4,2.17
1859.7,22.2,16,Road,34.7,9.1,5.45
4170.7,35.0,30,Rail,43.4,3.7,8.35
1733.0,83.5,22,Road,10.8,9.2,7.42
423.5,22.2,24,Rail,84.5,7.5,5.1
1366.5,33.2,24,Road,41.2,7.5,5.65
2243.6,66.2,36,Road,8.3,8.0,8.16
837.3,27.5,18,Multimodal,79.0,1.0,6.25
2102.2,61.8,20,Road,2.0,8.1,6.88
3764.4,39.2,8,Road,59.9,2.5,8.76
3927.4,18.1,15,Road,70.3,9.8,8.94
226.4,66.2,13,Rail,19.1,8.5,4.61
728.3,2.9,36,Rail,13.1,10.0,3.41
1242.4,26.7,14,Road,11.4,9.4,4.12
2678.9,32.4,24,Road,99.3,3.6,8.75
1627.7,41.5,37,Road,75.5,9.4,7.85
3799.0,61.3,24,Rail,31.3,3.3,8.54
3226.4,41.6,18,Sea,33.6,6.6,14.05
456.5,53.7,32,Rail,64.9,8.2,6.11
2812.4,53.8,35,Rail,45.8,3.8,7.67
513.0,33.9,20,Road,27.1,2.0,4.03
1151.4,84.1,32,Road,5.7,8.9,6.88
804.5,86.0,37,Road,78.4,1.0,8.41
782.9,52.6,37,Road,88.8,3.6,7.37
2775.7,6.9,33,Road,20.6,5.4,6.32
2538.4,44.5,1,Rail,6.3,8.0,4.82
796.2,17.0,28,Rail,11.9,8.7,3.6
4455.8,43.7,27,Multimodal,41.4,5.1,14.42
1901.2,17.4,17,Road,29.9,5.7,5.07
441.3,63.5,15,Rail,7.3,8.5,4.52
547.0,7.7,14,Sea,45.5,4.7,6.43
2629.6,85.8,31,Rail,20.4,5.6,8.19
4405.9,18.0,34,Road,6.7,0.2,8.83
2575.9,59.6,3,Road,65.8,9.5,7.81
4270.9,82.6,12,Road,57.3,5.7,11.57
2001.4,22.7,26,Road,82.6,7.3,7.19
1964.1,84.1,24,Sea,30.2,2.5,11.85
2252.5,35.3,34,Road,13.6,6.6,6.81
3139.9,86.5,8,Road,36.0,4.6,9.37
1657.4,87.4,12,Sea,77.9,1.1,12.02
3888.2,17.3,9,Sea,24.2,8.3,14.5
136.6,74.9,26,Rail,25.5,8.4,5.45
1981.7,17.8,38,Rail,14.8,0.6,5.25
2301.9,20.8,19,Road,98.7,3.9,7.27
2733.6,8.0,21,Road,96.7,2.8,7.23
1245.9,14.5,13,Road,65.8,5.2,4.66
1926.5,57.1,35,Rail,21.5,4.9,6.89
2183.0,40.7,3,Multimodal,76.7,6.6,10.06
3092.7,71.3,25,Road,58.4,2.5,9.9
3482.1,30.2,32,Rail,75.0,2.2,8.23
3321.5,87.2,21,Road,86.0,7.2,11.65
1540.4,5.0,14,Rail,31.8,9.8,3.26
4497.5,6.1,31,Road,91.4,9.5,10.39
3819.8,63.3,8,Road,89.9,7.9,10.48
1173.8,79.9,7,Sea,54.7,0.7,9.51
882.0,71.7,36,Rail,68.5,2.4,7.4
1416.5,44.3,35,Rail,41.1,6.9,6.62
2038.3,24.6,19,Road,65.5,3.0,6.51
3829.3,1.7,2,Road,54.9,3.9,7.08
3503.7,46.1,5,Road,32.3,9.5,8.03
3831.4,43.1,2,Sea,32.3,0.9,12.99
1227.4,31.3,18,Multimodal,65.2,8.6,8.98
2672.6,52.2,15,Road,95.7,0.5,8.76
1278.2,65.7,16,Road,20.2,3.4,6.23
495.1,63.2,12,Sea,39.3,5.6,8.61
3080.5,24.1,36,Road,80.6,3.6,9.06
647.8,52.9,22,Rail,12.3,9.6,4.54
3006.3,13.8,28,Road,99.4,5.0,8.8
2917.6,11.4,22,Sea,67.8,7.3,13.34
3647.1,70.8,4,Rail,91.1,7.0,8.57
632.3,62.6,12,Sea,83.8,8.4,10.45
3526.7,69.2,21,Sea,77.7,8.6,17.61
4496.7,14.1,27,Road,3.3,4.7,8.23
3830.4,82.4,23,Sea,40.6,8.6,17.94
3384.4,12.4,27,Sea,20.2,6.5,13.24
2981.4,78.4,16,Road,87.1,6.9,10.52
1900.9,32.0,32,Road,68.0,1.7,7.27
3288.6,9.9,36,Road,10.7,2.5,7.25
3260.2,26.2,17,Rail,36.0,6.9,6.25
2843.6,16.7,18,Road,6.9,2.7,5.87
3584.3,44.4,27,Rail,74.0,4.9,8.49
2022.2,85.5,7,Road,41.8,4.9,7.86
550.0,29.8,38,Air,23.4,2.3,3.85
2518.0,55.3,20,Road,51.8,5.7,7.98
1196.4,80.3,35,Road,4.2,5.6,6.9
1733.0,56.9,33,Rail,25.7,1.3,6.53
83.3,32.9,26,Rail,17.5,3.8,3.29
1725.6,89.2,24,Road,93.1,3.7,9.54
3640.6,17.3,24,Road,37.7,5.6,8.08
2444.5,47.3,31,Road,58.4,7.5,8.54
49.1,71.8,27,Sea,50.3,0.2,7.58
2116.9,0.6,9,Sea,65.9,1.3,8.74
1315.1,63.3,2,Rail,27.9,3.0,4.85
2151.6,24.4,6,Sea,12.1,8.1,10.16
1824.1,15.7,31,Sea,8.1,4.8,9.49
4194.2,25.0,25,Road,19.3,5.1,8.81
190.1,87.0,16,Multimodal,48.3,4.1,7.88
3077.7,80.3,6,Sea,23.6,4.2,13.75
3830.4,19.6,23,Road,43.4,9.8,8.69
4316.8,11.0,5,Road,2.9,9.0,7.14
803.5,33.1,17,Road,62.8,7.3,5.19
2393.2,53.5,9,Road,87.8,3.2,8.12
200.9,78.1,26,Sea,4.8,5.1,8.13
2248.8,87.0,13,Rail,21.8,6.9,7.15
568.9,67.7,7,Sea,31.8,3.9,7.76
3771.3,54.1,18,Sea,28.7,5.2,15.33
516.8,13.2,37,Rail,4.0,1.5,3.52
2312.2,7.1,24,Rail,10.7,0.9,4.47
2347.3,53.8,32,Road,91.2,1.7,9.41
4372.6,48.7,7,Road,71.1,7.6,10.27
2949.1,76.2,20,Rail,95.8,1.9,9.6
1298.8,29.4,34,Road,44.0,9.2,5.96
1087.4,4.1,19,Road,87.9,3.7,4.71
581.5,38.4,14,Air,81.7,1.7,4.3
3405.5,87.2,32,Rail,87.5,8.3,10.38
3110.0,71.7,9,Road,3.9,4.6,7.87
2746.4,3.5,36,Rail,65.3,3.9,6.38
188.6,78.8,26,Sea,56.7,3.3,8.74
3433.9,42.7,20,Road,54.5,3.3,8.92
2890.3,33.1,29,Road,50.4,6.6,8.06
4337.7,31.5,16,Multimodal,79.6,5.4,13.99
2644.5,53.8,31,Road,96.8,4.7,9.73
1371.3,48.0,24,Road,82.9,4.5,7.24
1719.9,59.3,30,Rail,87.0,1.4,7.9
795.4,51.8,8,Sea,48.4,8.3,9.16
3254.5,13.4,26,Road,69.1,9.3,8.35
3186.2,23.5,15,Road,41.6,8.0,7.34
906.9,75.8,10,Road,36.0,4.5,5.71
717.4,59.9,36,Multimodal,89.5,9.7,10.94
351.1,40.6,39,Road,90.5,6.2,6.62
4104.3,16.8,24,Rail,68.2,7.7,7.54
1052.6,1.2,8,Air,83.8,7.4,2.46
1552.0,28.4,1,Road,36.0,7.1,4.59
1265.9,5.4,10,Multimodal,43.4,6.4,6.79
1864.2,43.7,23,Multimodal,82.1,2.1,9.43
3214.6,74.1,38,Air,39.8,2.9,6.68
3918.3,26.0,10,Road,4.0,8.9,7.42
825.8,76.4,33,Rail,35.3,1.8,6.44
3090.4,63.6,31,Sea,39.8,1.5,14.46
1589.8,11.7,38,Multimodal,15.5,2.8,7.27
4412.5,58.2,13,Road,34.4,3.6,10.22
1348.6,14.1,35,Sea,93.4,5.5,10.77
37.3,59.1,32,Road,85.9,6.1,6.17
2322.8,13.3,22,Road,44.6,7.9,6.09
682.5,35.6,7,Road,71.0,0.7,4.45
205.0,51.2,6,Sea,15.2,2.1,5.48
3143.7,5.0,16,Rail,75.3,5.1,6.05
3296.5,14.2,12,Rail,47.6,2.5,5.89
2075.8,29.2,9,Multimodal,72.3,8.7,10.27
3047.6,41.9,5,Road,64.4,6.4,7.87
2424.4,77.3,3,Rail,23.3,4.9,6.41
2836.0,17.3,36,Road,83.5,0.0,8.84
2687.2,31.6,10,Road,57.2,8.6,6.96
2997.9,43.1,8,Rail,78.4,4.6,6.8
902.3,27.0,9,Multimodal,9.4,5.3,5.73
1212.8,56.5,13,Rail,61.5,7.0,5.98
1982.6,23.5,19,Sea,29.2,9.4,10.86
2010.3,69.6,23,Road,86.1,1.6,9.0
3486.0,45.7,24,Road,95.0,0.7,10.13
1656.4,8.2,3,Rail,5.6,1.2,2.38
735.5,56.6,33,Road,72.4,7.4,6.79
1135.3,51.4,23,Road,10.3,1.3,5.15
970.2,30.8,14,Rail,85.8,5.0,4.93
3293.8,1.5,19,Road,12.5,7.1,6.21
2119.2,18.5,33,Road,19.5,7.1,6.08
3190.3,36.8,23,Rail,25.2,4.1,6.29
1875.9,18.4,27,Rail,72.8,7.0,5.66
4004.4,52.2,12,Air,29.3,9.5,4.7
4425.9,64.3,7,Rail,59.6,0.3,8.79
3015.9,77.1,36,Road,57.2,6.7,10.27
3887.8,58.4,18,Multimodal,40.2,5.2,13.24
2288.2,62.2,16,Sea,53.9,2.1,12.03
4206.1,55.0,14,Road,11.8,3.1,9.41
3743.0,88.7,21,Road,87.6,8.4,12.13
4463.0,23.9,27,Rail,20.7,5.9,7.37
2805.8,24.3,25,Rail,88.0,0.1,7.08
3507.5,11.8,38,Sea,51.9,9.7,15.67
2445.2,44.0,15,Sea,61.4,6.7,12.85
1169.7,9.1,10,Rail,25.7,4.4,2.9
1599.6,24.7,30,Multimodal,22.2,7.1,8.41
4023.6,43.7,9,Rail,49.1,2.0,7.44
256.5,86.2,28,Road,26.7,2.6,5.85
2663.7,86.8,18,Sea,42.3,1.5,13.37
1679.3,67.1,11,Road,44.0,4.0,6.96
1743.2,35.3,38,Sea,27.1,9.0,11.98
3981.1,77.9,2,Multimodal,29.2,3.9,13.15
3842.9,78.9,22,Rail,97.3,2.9,10.3
2696.8,82.0,23,Rail,58.7,7.0,8.56
1231.8,57.8,20,Rail,83.2,8.7,6.92
2142.2,18.6,29,Road,4.6,2.4,5.53
1840.3,8.7,26,Road,0.2,8.1,4.57
1594.5,82.4,12,Rail,51.9,3.0,6.95
467.0,5.5,29,Sea,82.7,2.5,7.15
2446.3,27.0,19,Rail,61.1,4.7,6.04
1361.7,44.1,34,Road,61.9,0.7,7.16
2975.3,2.5,27,Rail,13.9,8.6,4.94
1439.8,81.7,30,Sea,97.9,8.7,14.22
1943.1,26.2,37,Rail,53.0,6.8,6.35
240.4,3.1,31,Rail,10.3,3.0,2.38
4466.5,89.4,28,Sea,41.4,1.7,18.28
2286.7,28.4,25,Rail,7.2,7.0,4.88
113.9,79.0,6,Road,41.8,1.0,4.74
2437.8,41.1,7,Air,71.2,4.1,4.32
3917.2,59.8,6,Road,32.4,0.9,9.23
3477.6,22.1,35,Multimodal,31.3,4.3,11.89
3155.6,45.5,25,Road,51.4,1.3,9.07
631.9,23.6,21,Road,49.8,0.3,4.05
2961.5,85.6,17,Air,46.7,4.5,6.16
3449.5,6.0,26,Road,51.7,5.7,7.59
2578.0,25.1,17,Sea,4.8,4.4,10.53
4017.9,80.4,7,Sea,47.4,1.8,15.8
1250.1,43.5,25,Air,99.2,0.8,5.84
1093.4,54.2,34,Multimodal,76.4,1.3,8.8
3913.7,58.8,26,Road,28.8,7.3,10.05
2816.2,6.8,6,Sea,67.8,0.2,10.33
11.5,2.1,10,Road,33.0,8.6,1.48
1592.3,84.4,17,Road,19.2,8.4,7.17
3861.1,24.8,14,Sea,77.4,8.8,16.13
127.8,34.5,3,Road,21.0,8.8,2.84
19.6,61.5,16,Rail,85.9,6.7,5.81
1269.3,21.6,5,Rail,38.0,8.5,3.84
4113.4,66.1,23,Rail,75.7,7.3,9.67
4057.1,41.5,27,Multimodal,26.0,3.0,12.71
2336.8,77.2,5,Road,65.3,7.6,8.38
2491.8,25.4,37,Rail,21.3,6.2,5.81
1497.4,18.7,38,Air,2.2,0.3,2.88
1100.6,74.9,18,Rail,81.5,7.9,7.01
3669.4,29.7,12,Road,85.6,8.7,9.3
482.8,37.4,21,Rail,88.1,5.2,5.36
2195.7,71.5,7,Road,3.6,4.9,6.78
2856.6,57.4,17,Road,76.1,4.3,9.31
471.0,40.0,9,Sea,83.6,7.2,8.53
2340.6,22.9,24,Rail,31.2,2.2,5.63
2601.0,68.9,11,Multimodal,47.0,7.7,11.78
3342.5,16.6,25,Sea,40.8,2.9,12.87
1060.6,83.6,37,Rail,44.0,2.6,7.45
1323.5,14.0,7,Road,84.7,8.1,4.96
2565.0,72.5,17,Road,41.8,1.7,8.54
4424.2,38.5,19,Road,30.2,8.6,9.77
982.6,17.1,21,Air,13.0,9.8,2.57
4436.6,36.5,9,Road,67.5,3.2,10.14
3216.0,20.3,8,Road,8.4,9.3,6.31
3718.2,12.7,27,Rail,6.1,5.7,5.96
407.9,21.9,23,Road,68.2,2.6,4.33
1355.4,78.1,10,Road,69.4,4.5,7.32
264.5,10.0,2,Rail,19.9,8.0,1.72
1675.1,87.5,7,Road,95.7,6.7,8.42
4415.9,0.9,2,Road,78.8,4.9,8.52
478.2,59.4,16,Road,68.6,2.6,5.64
2532.9,77.2,6,Sea,75.4,7.3,14.46
32.3,84.1,16,Rail,41.2,3.1,5.37
3208.5,13.4,25,Road,45.6,3.3,7.53
891.4,63.0,10,Rail,87.0,7.5,6.37
587.5,10.1,9,Road,2.5,5.6,2.1
1519.9,32.1,32,Multimodal,80.2,1.9,8.97
3470.8,66.0,32,Road,44.8,6.9,10.33
484.2,31.5,2,Rail,46.4,2.6,3.33
1038.1,28.5,21,Air,32.6,7.6,3.3
43.0,10.9,3,Sea,60.7,4.8,5.31
4358.0,6.4,34,Road,67.6,5.9,9.88
2666.7,10.8,29,Road,16.1,6.0,6.21
3240.9,78.9,20,Sea,56.6,1.5,14.51
2933.0,1.5,23,Road,46.5,6.5,6.66
653.9,62.5,37,Sea,78.2,8.7,11.43
2679.3,69.3,8,Sea,54.5,8.9,14.6
595.7,51.3,36,Sea,43.0,6.9,9.95
1808.6,65.9,14,Road,52.9,9.7,6.99
2562.5,58.9,23,Sea,49.1,6.0,13.76
2517.2,41.3,27,Rail,93.5,2.5,7.86
540.2,34.8,15,Sea,31.2,6.6,7.72
159.8,84.7,35,Road,3.7,9.1,5.56
3593.1,87.5,22,Road,66.2,3.6,11.46
3268.0,58.8,36,Road,60.4,2.6,10.17
372.8,18.2,15,Road,91.0,9.7,4.4
577.7,40.6,32,Rail,11.7,7.7,4.57
4017.2,44.9,18,Air,52.3,0.5,5.1
3462.2,68.3,31,Road,15.1,5.6,9.83
4482.7,60.3,36,Sea,45.6,2.3,17.52
1146.7,46.6,25,Road,79.9,2.9,6.69
2197.7,61.4,10,Road,85.7,0.9,8.39
1067.9,2.7,14,Road,83.4,2.3,4.6
2804.5,70.0,26,Road,54.7,5.1,9.37
523.8,19.4,19,Air,63.4,0.8,3.29
577.0,59.2,30,Road,55.2,8.9,6.11
328.1,10.7,39,Rail,56.1,7.8,4.42
3122.7,10.7,12,Rail,88.5,3.8,6.27
2225.9,3.7,31,Multimodal,20.9,1.3,7.68
2781.7,82.0,18,Road,43.9,9.9,9.57
3957.5,54.6,2,Road,61.0,5.6,9.74
3332.8,32.9,14,Road,76.5,4.2,8.99
2080.4,71.0,20,Road,76.2,2.0,8.49
4429.7,56.5,39,Road,11.7,2.0,10.94
2055.9,56.0,20,Air,22.2,8.0,4.34
510.5,44.1,34,Rail,91.2,5.2,6.29
4467.0,1.2,34,Rail,35.8,9.8,7.27
107.6,23.6,37,Rail,0.3,9.5,3.46
2476.7,10.3,3,Road,20.0,2.1,4.53
1394.4,59.8,35,Road,97.0,10.0,8.92
2268.5,22.8,33,Multimodal,31.0,9.9,10.52
2516.4,40.8,19,Sea,61.4,8.0,13.41
1084.2,32.1,31,Air,72.7,3.9,4.87
2508.1,13.3,22,Sea,64.7,2.2,10.96
3403.5,86.3,27,Road,37.8,1.0,10.78
1203.0,84.0,38,Road,43.0,0.5,8.1
1728.5,8.1,28,Road,83.8,8.2,6.41
1210.8,74.5,21,Road,66.3,9.5,7.54
3693.4,44.2,20,Road,2.3,7.7,7.92
3263.8,69.7,38,Rail,20.3,7.6,8.34
3921.0,14.0,13,Rail,28.6,4.2,6.0
769.4,12.3,29,Air,36.5,6.4,3.14
335.7,80.2,21,Sea,57.7,6.7,9.79
541.6,80.9,33,Multimodal,36.7,2.6,8.21
728.8,42.2,32,Road,82.5,7.4,6.41
2401.2,78.4,28,Road,47.4,1.5,8.94
4369.2,60.2,14,Rail,50.2,2.9,8.99
1610.8,17.1,22,Road,42.7,5.9,5.13
4313.5,29.9,37,Road,31.0,5.4,10.07
176.7,12.7,34,Road,72.5,7.0,4.6
4171.3,69.8,17,Road,23.0,5.8,10.26
819.3,88.7,33,Rail,68.9,0.5,8.0
4106.6,49.4,33,Road,53.0,9.8,10.7
257.7,59.2,38,Rail,10.2,7.6,5.14
4267.2,67.3,26,Rail,1.8,8.8,8.23
907.6,20.6,39,Road,16.9,8.0,4.91
1365.7,30.6,7,Road,76.1,2.1,5.36
2211.8,37.4,25,Road,38.5,9.3,6.88
1716.3,53.7,30,Road,80.5,9.8,7.99
3005.5,76.6,33,Sea,50.2,0.8,14.69
4386.8,23.3,39,Sea,3.3,1.6,15.09
2730.9,42.6,28,Rail,84.6,9.9,7.63
3248.1,67.8,18,Road,93.6,2.9,10.53
400.6,8.3,10,Rail,7.4,8.2,1.9
2827.0,46.4,2,Rail,20.8,0.7,5.67
2045.1,13.4,14,Rail,71.6,7.3,4.97
3986.6,48.8,13,Rail,99.7,7.0,8.71
1750.0,69.2,1,Rail,87.6,9.4,6.92
3059.1,21.7,32,Rail,9.9,7.3,5.93
1030.6,76.5,25,Sea,60.7,0.4,10.22
1170.9,30.5,10,Road,66.5,4.5,5.29
1695.7,17.6,15,Sea,63.1,3.5,9.48
1371.8,42.1,29,Road,56.8,5.7,6.6
1146.2,78.9,17,Road,29.2,4.3,6.53
228.3,6.7,23,Multimodal,66.9,2.8,5.0
3766.2,29.8,7,Multimodal,72.8,6.6,12.59
294.0,59.0,36,Road,57.6,3.1,6.35
3993.7,32.5,6,Road,49.7,8.5,8.28
569.0,6.8,2,Road,21.9,3.2,1.89
298.4,30.2,32,Rail,54.5,5.2,4.81
2535.7,74.0,5,Sea,12.8,8.3,13.04
2263.5,87.1,19,Multimodal,7.3,8.2,11.68
2213.1,4.1,2,Rail,77.8,5.9,4.4
2587.4,51.5,23,Road,67.6,3.8,8.81
1295.3,9.9,4,Rail,64.9,5.6,3.63
2985.0,61.4,4,Road,92.8,8.5,9.07
2263.3,1.2,11,Air,38.1,2.2,2.33
1509.7,1.8,20,Air,40.0,1.2,2.42
3720.1,70.0,14,Rail,41.4,5.8,8.23
3276.1,7.2,35,Road,46.5,5.7,7.78
1774.3,27.8,14,Road,51.3,2.9,5.66
3815.0,86.2,3,Road,77.8,4.3,10.95
4141.6,88.7,15,Sea,21.8,0.9,15.92
2418.2,14.9,21,Rail,43.4,1.3,5.26
971.2,50.7,2,Road,50.5,8.3,4.98
4121.5,50.5,21,Rail,16.9,4.6,7.35
856.7,41.0,10,Sea,70.2,1.0,7.72
222.7,83.3,27,Road,5.6,9.6,5.8
1477.1,68.0,19,Air,58.6,2.1,5.47
3272.7,68.9,12,Air,20.2,3.2,5.05
4155.1,24.6,16,Multimodal,0.8,9.7,12.71
2869.6,39.4,8,Road,31.6,1.8,6.94
4283.5,44.1,37,Road,42.9,9.7,11.0
420.2,27.3,25,Road,81.7,7.2,5.21
278.1,9.0,24,Road,40.8,4.3,3.01
2720.8,11.8,18,Road,91.5,5.9,7.33
4347.7,16.7,21,Rail,84.3,5.1,7.78
2264.7,18.7,8,Rail,19.3,8.0,3.98
236.6,22.2,19,Air,15.6,0.6,2.52
999.4,23.4,30,Road,24.4,8.1,4.67
1105.3,41.3,27,Rail,36.0,9.7,5.47
1523.7,46.1,36,Sea,58.3,4.3,11.2
201.0,28.1,36,Sea,12.4,1.9,5.97
4072.5,81.7,26,Air,53.2,1.1,7.0
2322.5,50.0,20,Sea,58.1,3.5,12.3
3020.8,71.0,14,Air,66.1,1.3,5.98
306.9,83.2,33,Road,55.0,2.3,7.02
248.2,15.1,9,Rail,82.5,6.5,3.65
2641.2,38.8,23,Road,64.2,4.2,8.18
3993.4,39.3,30,Road,92.5,9.0,11.1
2380.5,32.2,28,Road,70.1,4.6,8.03
3950.8,1.3,31,Road,43.6,1.5,8.02
3650.4,73.5,26,Road,21.0,1.4,10.11
346.0,10.5,36,Road,1.1,6.9,3.15
912.8,89.6,36,Road,9.0,6.3,7.54
2961.4,69.7,11,Air,19.0,7.1,4.73
1998.5,52.4,12,Road,21.6,3.4,5.94
1311.7,14.3,2,Sea,74.2,9.2,9.69
1886.8,46.6,4,Road,38.6,1.1,5.67
2006.2,23.9,32,Air,32.5,0.3,4.04
4097.9,23.1,34,Air,5.2,7.4,4.15
470.0,74.7,5,Rail,53.9,6.8,5.37
1262.4,34.6,5,Rail,61.3,4.9,4.3
2421.4,40.8,4,Road,87.8,0.4,7.4
3143.8,75.9,12,Multimodal,50.3,1.1,11.45
2839.7,8.4,35,Air,0.8,2.0,3.12
4237.7,53.7,37,Air,6.5,6.4,5.38
3581.3,52.3,34,Rail,27.1,6.6,7.79
2509.1,38.6,28,Road,13.9,6.8,7.17
970.0,74.8,7,Air,77.1,8.0,5.24
2031.7,84.9,11,Road,10.8,0.2,7.35
3121.8,42.1,32,Rail,16.1,6.4,6.84
3771.6,41.3,32,Road,66.7,2.5,10.43
4319.0,45.4,31,Air,24.0,5.7,5.41
2726.5,65.2,20,Road,96.9,7.4,9.89
2373.5,60.3,6,Road,86.3,7.2,8.22
84.5,20.4,18,Rail,74.5,2.9,3.87
329.1,6.2,21,Sea,34.3,3.6,5.49
706.7,85.5,3,Rail,5.7,9.2,4.74
251.1,23.9,28,Road,33.6,8.5,3.82
1806.9,57.7,28,Road,37.7,2.6,7.66
1519.3,74.6,32,Sea,12.7,5.9,11.76
2869.9,27.4,39,Multimodal,12.1,1.1,9.85
2412.8,57.4,24,Sea,66.8,6.5,13.89
2683.9,10.2,7,Rail,23.2,6.2,4.26
2126.5,87.3,19,Air,67.8,2.6,6.35
1253.4,5.7,1,Road,54.8,4.2,3.43
4287.9,39.7,33,Rail,90.1,7.8,9.69
393.4,48.5,33,Rail,79.7,2.6,6.31
4225.3,71.2,11,Road,15.1,7.7,9.87
1404.0,11.3,23,Sea,61.0,3.2,8.63
2309.4,40.0,28,Rail,65.3,8.4,7.0
494.2,27.3,17,Road,86.2,0.3,4.77
323.8,28.4,10,Road,64.1,2.6,3.94
1935.8,70.2,8,Road,14.1,1.8,6.63
3338.9,1.0,9,Rail,25.8,8.9,4.8
1215.8,67.5,19,Road,63.8,4.3,7.22
2532.8,73.0,8,Road,91.2,5.5,9.13
1257.5,81.2,5,Rail,89.2,2.4,7.14
1751.8,56.6,14,Rail,35.9,1.3,6.14
4079.5,30.3,33,Sea,83.1,6.0,17.1
3852.0,38.7,38,Rail,51.1,2.8,8.57
2324.5,87.3,12,Air,46.4,9.3,5.91
1075.3,79.4,3,Multimodal,35.1,4.8,8.23
873.4,42.0,29,Sea,67.8,1.4,8.76
4293.6,84.9,22,Rail,60.0,0.2,10.38
916.2,74.2,34,Road,37.5,2.3,6.94
3637.7,81.1,6,Multimodal,76.3,3.2,13.85
1663.5,61.6,35,Road,37.9,2.1,7.92
4435.5,77.3,39,Road,58.4,3.7,12.87
1659.9,80.3,16,Road,39.2,8.8,7.5
1585.1,8.7,31,Road,11.7,0.5,4.56
2870.4,86.9,15,Multimodal,16.1,8.0,12.76
4327.0,30.4,1,Rail,65.7,4.3,7.27
4393.1,39.9,20,Rail,81.1,9.1,8.73
3183.9,71.4,23,Rail,46.8,6.7,8.62
3397.0,60.0,20,Rail,32.6,1.6,7.83
2537.5,80.4,32,Road,33.6,9.6,9.39
3402.2,36.4,25,Rail,59.8,1.5,7.7
3869.7,33.9,8,Sea,46.8,3.4,14.0
2190.0,3.3,33,Road,0.1,9.8,5.14
2791.3,41.9,30,Sea,77.1,2.1,13.88
2420.2,65.3,3,Road,14.2,6.3,6.94
2533.3,27.5,24,Road,67.5,9.8,7.7
4005.8,41.9,12,Road,34.4,6.9,8.95
1603.5,20.1,31,Road,57.8,6.6,6.16
940.8,69.7,7,Sea,85.5,6.2,10.64
2056.0,5.9,17,Sea,15.4,5.6,9.22
940.3,63.6,10,Road,77.8,9.5,6.47
2245.3,34.4,15,Rail,3.8,5.4,4.89
4066.3,4.2,21,Sea,92.1,6.6,15.81
2780.4,76.9,21,Road,20.2,7.4,8.83
3850.2,44.2,29,Road,79.4,5.3,10.54
752.0,54.1,1,Multimodal,6.7,8.9,6.93
4054.4,66.0,21,Rail,32.7,0.2,8.43
2710.0,59.1,5,Multimodal,63.4,4.0,10.84
147.8,65.9,15,Road,65.9,6.2,5.36
2850.9,68.7,26,Sea,69.9,0.2,14.0
4281.5,53.2,11,Road,35.1,9.4,9.65
360.9,33.2,21,Road,66.6,8.3,4.72
2623.1,22.3,6,Rail,42.9,2.2,4.85
4120.1,81.3,4,Road,56.6,3.3,10.81
48.6,87.3,21,Road,54.7,6.8,6.45
2841.0,32.5,17,Road,16.8,3.4,6.74
2139.7,10.6,31,Road,84.7,8.6,6.93
1564.7,20.4,23,Sea,86.7,2.5,10.07
2825.8,60.5,32,Rail,20.4,8.2,7.56
241.9,16.0,36,Road,41.7,4.6,4.06
3390.0,70.3,34,Road,46.5,4.5,10.77
25.1,83.1,6,Road,54.9,1.7,5.06
1384.7,86.7,38,Rail,2.2,9.8,7.06
2270.3,1.3,22,Road,75.9,3.4,6.38
1699.7,86.3,33,Sea,86.2,2.0,13.4
1387.1,66.7,11,Road,14.2,0.3,5.81
3739.6,8.0,23,Road,89.7,4.9,8.97
4207.1,37.7,36,Air,85.1,0.3,6.59
3932.3,63.2,28,Sea,54.2,4.6,17.02
2353.3,86.1,19,Road,27.5,9.0,8.38
3979.3,15.2,13,Sea,20.7,5.0,13.57
4144.3,11.9,13,Rail,48.9,0.4,6.42
1844.5,42.8,8,Sea,50.7,2.6,10.05
1279.1,87.1,13,Rail,65.2,0.5,7.55
446.7,87.4,35,Rail,80.2,8.8,7.9
2158.5,20.9,27,Multimodal,93.4,2.4,9.76
4258.6,29.1,11,Road,79.6,0.7,9.63
2526.3,81.8,21,Rail,90.9,9.6,9.19
3005.7,66.3,8,Rail,49.9,4.9,7.19
512.4,87.5,26,Road,3.9,4.1,5.9
650.1,80.4,30,Road,5.2,9.3,5.9
2092.8,19.8,22,Road,26.8,5.3,5.39
4280.9,68.5,39,Rail,61.4,2.8,10.8
1626.7,4.8,10,Rail,33.5,7.9,3.52
3949.3,73.7,26,Rail,16.6,2.7,8.79
545.7,54.3,27,Road,85.0,4.4,6.59
2778.5,86.1,22,Rail,98.5,8.0,9.92
2704.8,86.4,13,Air,1.7,9.3,5.08
3870.1,5.0,39,Road,8.9,6.1,8.2
19.9,14.9,7,Rail,49.9,5.0,2.49
858.7,43.8,12,Sea,33.8,0.8,7.15
992.5,79.2,13,Sea,78.2,6.2,11.04
4275.1,73.4,12,Rail,65.4,3.3,9.35
695.9,86.8,12,Air,6.9,5.1,4.45
171.1,55.8,38,Road,54.5,7.4,5.85
2407.4,23.5,3,Air,33.7,6.4,2.78
2380.9,2.7,8,Road,96.5,1.0,6.31
3799.0,20.5,31,Road,47.5,4.0,9.19
4270.1,60.9,13,Road,92.8,2.0,11.32
2425.8,83.4,8,Sea,3.0,1.5,11.57
4185.3,29.2,37,Road,10.3,2.2,9.31
3264.6,78.9,24,Road,38.6,9.2,10.05
1194.2,35.8,28,Road,88.7,7.1,6.71
4178.3,28.1,4,Air,54.5,9.1,3.72
3005.2,46.0,16,Sea,82.4,5.1,14.27
1866.4,40.1,18,Rail,28.4,0.0,5.39
3062.7,82.3,4,Rail,11.1,0.3,6.86
1808.9,42.4,33,Rail,24.6,1.4,5.92
518.3,25.3,27,Road,64.5,7.8,4.99
3236.8,75.9,36,Air,87.1,2.0,8.04
3709.3,89.9,4,Road,45.5,1.0,10.41
3281.0,58.5,36,Road,19.4,8.6,9.72
1034.9,22.9,13,Road,63.8,2.3,4.92
4305.1,21.9,14,Rail,19.7,5.0,6.37
118.5,5.7,37,Rail,57.0,3.4,4.24
1500.4,7.4,6,Rail,10.2,9.0,2.91
1174.1,82.4,14,Road,81.1,7.0,7.71
221.3,9.1,3,Rail,80.5,4.5,3.02
1828.8,43.8,25,Road,54.1,8.6,6.96
2805.9,63.0,34,Road,3.8,7.3,8.52
3972.1,76.6,6,Road,28.0,8.1,9.61
4453.7,15.8,1,Sea,13.8,9.8,15.14
3637.4,39.7,8,Road,52.3,2.0,8.65
2111.7,23.0,17,Rail,10.2,2.0,4.24
3258.1,23.4,13,Sea,87.0,5.6,14.01
3797.1,27.7,19,Rail,85.0,5.3,7.93
2096.6,53.0,35,Rail,15.6,8.7,6.56
3533.8,2.0,33,Road,69.5,1.6,8.68
2174.5,37.1,33,Road,69.7,4.3,8.19
1742.3,17.2,39,Rail,39.7,5.3,5.49
2369.8,87.1,38,Rail,15.3,4.6,8.29
3043.0,52.7,38,Sea,13.2,0.7,13.17
3272.3,78.2,9,Air,73.9,1.5,6.19
1608.5,18.0,37,Road,22.0,1.5,5.85
2573.1,73.0,1,Road,60.3,6.0,8.14
4094.9,37.6,36,Rail,86.6,4.3,9.53
4393.5,16.4,38,Road,59.3,1.8,10.09
1026.5,68.6,2,Road,97.4,7.4,6.61
871.8,68.7,10,Air,64.6,8.0,4.87
3046.7,89.6,23,Road,31.5,2.1,9.81
1869.0,70.4,9,Air,85.2,7.2,5.72
113.9,13.5,11,Sea,31.1,0.6,4.24
1564.1,29.4,36,Sea,97.2,8.6,12.92
3631.3,40.9,38,Road,47.8,9.6,9.94
3589.4,11.8,35,Road,95.3,1.6,9.66
2228.6,71.0,13,Rail,18.4,7.9,6.45
2129.2,47.6,19,Road,1.1,1.0,6.05
2609.9,85.0,35,Road,19.6,9.6,9.53
991.2,53.2,30,Road,9.8,4.5,5.85
2369.6,47.3,18,Road,73.4,5.4,8.08
54.7,6.9,12,Road,26.5,7.6,2.15
2142.6,13.9,12,Sea,63.9,2.5,9.9
1515.5,76.5,21,Road,66.9,4.0,7.91
3038.5,89.2,12,Road,68.8,0.7,10.39
2874.4,37.7,28,Rail,83.3,6.1,8.01
1716.9,73.0,29,Multimodal,14.9,8.0,10.71
37.7,56.7,39,Road,5.0,8.5,4.74
1139.0,86.3,4,Road,3.0,5.4,5.6
2851.9,21.8,31,Rail,10.4,7.7,5.51
330.3,49.3,24,Air,37.9,1.5,4.01
488.9,37.1,18,Sea,96.7,7.4,9.41
2913.4,49.0,26,Rail,35.3,0.0,7.33
3402.2,24.6,20,Road,45.3,1.9,8.17
1450.4,45.0,8,Rail,81.4,6.3,5.66
2206.1,56.4,33,Road,91.9,3.2,9.15
4256.0,7.8,4,Rail,97.1,4.1,6.85
4255.2,67.0,38,Sea,82.6,8.3,19.68
1387.2,63.7,22,Multimodal,50.3,5.7,9.55
3645.9,79.3,36,Road,22.9,4.0,10.58
2674.8,38.6,31,Road,59.8,4.7,8.09
4389.8,6.0,8,Rail,19.7,8.5,5.14
2151.9,41.8,9,Sea,5.6,4.9,9.96
3487.3,12.8,18,Sea,91.9,8.8,15.47
3457.8,58.4,35,Road,48.5,2.5,10.84
2241.0,4.7,24,Road,50.8,5.3,6.25
3581.4,34.0,17,Rail,60.9,3.7,7.31
1178.4,7.9,1,Road,45.1,5.9,3.19
554.5,0.8,39,Air,44.4,5.8,3.16
1916.1,86.5,15,Rail,91.5,5.7,8.47
4246.6,89.7,13,Sea,81.7,5.3,19.0
2255.8,50.2,23,Rail,21.3,4.5,6.01
2860.5,21.9,29,Sea,29.2,9.1,13.54
2810.6,82.0,31,Road,66.1,2.7,10.53
600.9,83.1,37,Sea,57.1,4.3,10.82
1759.4,77.0,28,Road,76.6,2.1,8.63
3182.7,49.2,32,Rail,72.8,3.3,8.49
4374.1,7.2,7,Road,70.9,2.5,8.42
760.2,8.4,14,Rail,88.0,6.7,4.5
1849.9,80.7,14,Road,76.7,7.1,8.59
432.4,78.9,32,Road,24.3,2.8,6.36
1094.5,39.4,9,Multimodal,87.3,9.8,9.24
1698.5,29.9,6,Road,33.6,2.8,4.84
2435.2,58.1,15,Sea,91.1,8.3,14.81
1041.4,72.7,30,Multimodal,82.4,2.9,9.98
1027.9,66.0,30,Road,7.4,4.1,6.1
3501.3,55.6,16,Rail,77.1,6.6,8.57
4332.1,21.2,23,Road,50.0,5.6,9.76
1459.6,24.0,31,Road,97.7,5.1,7.23
3097.5,65.3,12,Road,45.8,7.9,9.01
1165.1,72.3,21,Multimodal,6.7,7.1,9.13
4176.1,10.9,3,Road,29.3,9.1,7.33
3029.7,17.3,3,Rail,43.0,2.3,5.04
3613.0,61.4,38,Rail,59.2,0.2,9.51
226.8,35.3,22,Air,15.2,10.0,3.06
2695.3,50.9,21,Road,51.5,2.8,8.37
2376.6,55.5,16,Rail,48.3,0.4,6.7
1322.0,70.0,18,Rail,83.7,2.5,6.82
1184.6,72.6,4,Rail,30.2,6.7,5.44
2612.2,25.6,20,Multimodal,45.0,5.9,10.2
3180.7,48.9,13,Sea,38.9,2.1,13.0
154.1,11.6,31,Road,63.2,1.9,4.25
2555.5,75.9,2,Rail,83.6,4.4,7.83
771.2,76.2,30,Road,67.6,0.1,7.29
635.9,27.3,31,Road,46.5,0.0,4.96
2805.9,14.9,28,Rail,63.8,6.2,6.44
1402.4,6.8,9,Road,32.2,3.3,3.86
1986.8,52.0,11,Road,14.4,0.2,5.94
1623.2,8.7,35,Multimodal,32.0,4.6,7.75
2919.3,61.4,37,Road,44.4,9.4,9.59
2118.2,61.2,17,Air,43.9,2.5,4.74
4335.7,55.5,26,Rail,73.8,2.5,9.48
1589.0,79.0,4,Rail,93.6,4.7,7.59
3332.6,34.4,33,Sea,38.9,1.5,13.47
1161.5,81.3,17,Road,8.6,6.4,6.01
2291.8,3.8,8,Road,3.3,8.4,4.06
2488.8,10.6,26,Road,0.4,1.9,5.55
1484.3,37.4,20,Road,93.8,6.6,6.83
2125.7,53.7,38,Air,99.6,8.9,6.99
1260.4,3.4,33,Sea,5.1,9.0,8.97
32.0,51.3,17,Road,35.8,5.5,4.03
974.3,28.0,9,Road,66.9,1.5,4.69
3151.8,79.9,20,Road,17.9,6.6,9.57
3470.5,48.2,8,Road,59.4,7.3,8.82
1264.5,53.1,6,Rail,81.4,7.5,5.73
1839.2,85.1,9,Road,85.8,9.3,8.73
173.0,68.9,11,Rail,70.6,6.2,5.51
1070.6,39.7,5,Road,8.2,4.7,3.83
3507.6,43.2,8,Road,34.8,5.0,8.26
2728.9,58.5,35,Rail,96.7,3.2,9.37
929.9,18.4,25,Rail,19.3,0.6,3.58
1162.2,8.4,36,Multimodal,45.4,7.2,8.28
3676.5,28.4,39,Air,33.4,0.2,5.01
944.8,70.2,6,Road,20.6,0.6,5.17
1507.0,23.5,24,Road,32.4,3.3,5.11
2991.3,12.2,21,Sea,19.0,9.3,12.98
2527.2,20.1,36,Air,87.7,4.8,5.18
2076.6,61.3,18,Sea,17.4,2.2,10.92
4049.3,55.4,1,Road,62.4,9.0,9.86
992.6,62.1,29,Multimodal,94.2,5.7,10.18
3337.7,29.3,17,Road,95.3,3.7,9.25
720.0,81.1,5,Sea,60.0,7.2,10.2
2772.7,40.9,6,Air,27.1,4.4,3.26
3918.5,46.5,8,Road,24.8,7.3,8.61
2063.3,85.4,25,Air,74.7,2.2,7.0
3260.7,88.1,19,Road,98.1,1.5,11.63
3692.7,59.7,39,Multimodal,7.8,4.6,13.25
616.4,85.1,9,Road,78.9,3.2,6.83
3177.7,49.0,28,Multimodal,12.3,6.1,11.7
4139.7,28.0,31,Road,29.8,7.9,9.49
2595.8,28.7,1,Sea,56.7,9.0,12.41
841.6,50.5,10,Rail,29.7,7.6,4.41
575.6,54.7,22,Rail,65.0,3.4,5.74
1172.5,39.8,1,Road,41.7,7.3,4.46
470.3,79.6,13,Sea,21.9,5.3,8.7
2312.7,38.7,14,Road,53.1,9.1,6.92
318.3,25.0,23,Rail,2.4,7.1,2.84
1009.2,1.2,39,Road,74.1,1.5,5.15
1982.4,87.4,28,Multimodal,52.2,0.8,10.73
2135.2,74.3,29,Road,94.7,5.4,9.75
2546.5,55.6,33,Road,10.3,3.7,7.51
3176.7,74.8,2,Road,73.2,1.7,9.45
217.3,73.0,33,Road,30.1,8.0,6.17
367.4,83.9,24,Road,37.3,3.8,6.29
278.6,35.1,12,Rail,34.8,0.9,3.49
1907.1,50.2,28,Air,35.8,2.6,4.74
193.1,9.3,35,Sea,43.1,6.8,6.93
3358.6,86.9,10,Rail,2.1,6.5,7.68
1007.4,88.7,34,Road,84.7,2.6,8.88
4226.8,71.1,5,Rail,88.2,3.4,9.15
2191.4,41.1,18,Road,4.0,0.5,6.15
2011.2,44.9,6,Sea,77.6,9.5,12.74
3513.5,39.5,11,Road,7.2,3.3,7.41
3210.6,26.8,1,Road,80.8,9.3,7.65
2734.9,47.7,23,Road,61.3,8.1,8.57
4208.5,5.3,4,Air,30.6,3.4,2.53
1903.1,89.3,7,Road,61.4,6.9,8.07
3639.3,38.5,17,Rail,50.7,4.7,7.36
1713.5,83.5,11,Road,63.6,9.8,8.0
3773.4,65.3,27,Sea,47.5,6.4,17.07
1171.3,26.4,12,Air,77.3,5.2,3.92
1305.3,20.4,34,Road,4.5,6.4,4.75
3052.0,89.6,8,Rail,34.4,2.2,8.13
961.1,69.6,23,Air,55.9,3.1,5.33
1035.0,22.8,26,Rail,58.8,7.1,4.88
1377.2,6.5,34,Rail,17.0,0.8,3.93
3056.8,62.9,32,Rail,7.5,3.0,7.45
4002.8,27.6,6,Rail,2.1,6.2,5.47
3037.2,20.3,1,Road,41.3,10.0,6.13
3726.0,66.3,4,Sea,33.0,9.3,16.23
2448.3,61.3,25,Road,56.8,8.3,8.79
314.8,43.6,8,Road,45.0,5.0,3.78
456.6,84.9,20,Sea,39.4,8.0,9.93
2497.0,61.3,14,Road,84.3,5.6,8.73
1478.5,80.5,33,Road,62.2,4.6,8.6
996.5,17.6,3,Rail,64.6,2.2,3.87
2100.8,27.0,15,Air,38.2,9.5,3.32
3000.9,9.9,27,Air,77.7,6.0,4.6
1735.5,27.8,19,Multimodal,15.2,6.8,8.13
3612.4,87.5,1,Air,40.2,1.4,5.7
3324.7,86.7,35,Road,4.7,4.3,10.4
3308.4,68.6,33,Road,11.5,9.6,9.66
4433.4,47.1,17,Sea,8.2,7.6,16.42
1332.1,70.4,13,Road,44.1,8.8,6.55
2903.0,50.0,12,Rail,69.7,4.0,7.34
3850.4,0.8,39,Rail,31.3,0.7,6.4
2610.0,45.4,26,Road,2.7,3.5,7.25
3553.8,54.1,27,Air,70.7,3.8,6.05
1868.0,24.3,24,Rail,20.7,3.0,4.61
2659.3,18.7,17,Rail,72.3,5.3,6.0
255.2,25.0,11,Multimodal,0.7,1.9,3.4
4436.0,56.3,22,Rail,31.2,9.4,8.56
3601.1,13.6,8,Road,62.1,9.1,7.69
3910.3,65.0,32,Rail,87.1,2.6,10.15
3125.9,38.3,29,Sea,75.4,6.5,15.0
841.3,32.1,32,Sea,45.0,5.0,9.16
144.5,72.7,5,Sea,71.9,2.5,7.69
3891.6,45.8,13,Sea,53.8,9.0,16.61
1786.5,34.4,25,Road,81.3,2.3,6.87
1191.1,79.1,10,Air,77.2,6.2,5.9
2529.7,33.5,26,Air,97.6,3.4,5.56
1896.9,77.4,26,Road,10.5,8.3,7.7
2934.2,45.6,21,Road,34.1,6.2,8.3
2179.7,19.1,23,Multimodal,19.2,8.3,9.17
3139.1,55.3,12,Air,63.1,3.5,5.37
3841.1,26.0,39,Air,66.4,0.1,5.61
884.0,13.7,25,Air,20.4,2.2,2.33
1485.8,8.2,12,Rail,42.2,8.1,3.83
1968.5,22.1,36,Rail,60.2,3.2,6.55
4329.5,66.4,32,Rail,65.9,3.2,10.42
1647.2,75.5,18,Road,10.3,4.5,6.8
1718.0,77.6,20,Sea,92.1,2.7,12.38
2942.4,24.7,2,Rail,3.4,8.1,4.28
1889.3,59.7,33,Rail,97.3,3.2,8.36
4280.8,21.1,17,Rail,31.6,6.0,6.91
4025.6,56.2,36,Rail,31.6,4.5,8.86
2312.8,79.9,30,Road,44.6,2.9,8.9
2903.3,4.2,9,Road,69.5,2.7,6.6
265.8,88.7,31,Road,16.0,5.0,6.13
3132.3,74.5,39,Road,25.5,2.1,10.31
3183.9,68.7,21,Multimodal,96.2,3.5,13.54
1619.6,62.4,22,Road,87.7,0.4,8.19
992.5,69.4,17,Road,21.2,7.9,5.79
4118.3,89.5,3,Rail,57.3,0.4,9.24
1923.0,69.4,32,Rail,20.4,8.7,6.92
2943.4,32.0,33,Road,55.0,0.5,8.61
154.8,55.4,10,Sea,36.6,8.5,7.96
1866.2,30.7,5,Sea,36.2,6.4,10.06
3678.6,87.3,4,Road,63.5,5.1,10.36
1747.2,81.1,38,Road,25.2,1.4,8.65
2716.2,51.3,32,Multimodal,40.4,2.6,11.11
948.3,70.4,38,Sea,92.5,6.9,12.68
1877.3,81.9,20,Rail,75.5,5.1,8.13
4174.7,22.3,9,Road,38.3,5.1,8.42
2551.2,52.4,15,Road,23.0,1.3,6.89
4059.2,43.6,8,Rail,65.9,4.8,7.73
4059.6,69.6,34,Road,80.8,5.9,12.12
4248.9,34.4,30,Road,86.1,1.2,10.97
4029.8,64.0,10,Rail,56.4,9.7,8.58
19.7,36.6,14,Road,51.7,8.3,3.39
4203.4,10.4,34,Sea,72.0,3.2,15.85
622.9,10.1,22,Sea,17.6,5.6,6.74
184.5,11.2,13,Road,85.2,5.6,3.72
254.0,3.4,29,Sea,7.4,1.1,4.26
1573.4,48.2,29,Road,60.3,4.4,7.3
2795.5,60.6,7,Sea,59.0,2.1,12.78
1813.4,11.8,6,Road,31.1,3.3,4.29
119.9,55.3,35,Road,3.5,9.4,4.72
2146.8,54.0,37,Rail,71.8,5.5,7.71
1992.4,13.7,4,Rail,2.4,0.7,3.11
3407.0,36.7,14,Air,18.0,6.7,3.84
1261.9,68.1,6,Road,54.4,10.0,6.04
982.8,2.0,17,Road,94.0,1.7,4.76
1155.4,13.7,24,Rail,6.6,6.8,3.48
1370.3,89.6,13,Rail,57.9,8.2,6.92
2698.2,66.2,12,Road,32.9,8.4,8.21
2124.5,42.0,29,Rail,66.9,7.1,6.88
1519.3,56.9,24,Sea,95.3,9.1,13.43
1687.5,76.2,34,Air,26.9,0.3,6.03
1672.3,75.9,14,Multimodal,95.6,0.6,10.05
4376.0,29.6,27,Road,87.1,1.3,11.03
1052.3,44.5,5,Sea,60.7,0.4,7.92
3682.2,57.6,9,Road,75.8,1.2,9.58
3188.4,6.9,16,Rail,86.5,8.2,6.09
30.0,85.1,13,Rail,80.3,9.0,6.33
4469.3,39.2,15,Multimodal,32.7,3.4,12.76
3405.2,33.7,36,Sea,81.3,9.6,17.07
3072.6,81.7,25,Multimodal,31.4,4.2,12.64
1826.9,11.1,16,Sea,86.7,1.7,9.61
2500.6,4.0,31,Air,25.5,6.8,3.21
1143.5,61.8,37,Sea,57.2,4.2,11.51
164.5,35.0,33,Rail,69.3,0.2,5.39
3762.9,68.9,20,Road,42.6,9.7,10.16
4034.7,6.6,26,Road,78.3,6.0,9.32
735.3,34.8,35,Road,92.5,6.1,6.61
3542.8,21.6,7,Rail,18.6,9.8,5.4
3336.5,66.7,31,Rail,3.3,8.3,7.65
806.8,20.8,17,Rail,62.7,3.6,4.59
1901.1,41.5,8,Multimodal,60.2,0.4,7.73
1905.3,73.8,23,Air,34.1,2.2,5.63
3421.0,82.4,18,Road,78.5,3.5,10.88
3770.3,65.2,12,Road,82.6,9.6,10.66
431.0,38.9,30,Road,33.2,8.9,4.66
2535.5,51.7,36,Road,68.2,0.2,9.02
3429.1,62.2,15,Sea,64.2,9.9,16.29
3538.9,78.8,18,Rail,34.3,2.6,8.62
670.2,80.0,25,Rail,96.9,7.8,7.6
2367.1,83.8,13,Air,34.6,1.2,5.6
3859.7,73.1,24,Sea,62.0,2.2,16.8
1436.7,13.6,17,Road,38.0,5.1,4.64
1915.9,67.4,1,Sea,1.2,7.0,10.31
3620.6,73.4,37,Road,9.2,3.5,10.17
406.5,79.1,27,Road,23.2,8.7,5.62
3868.4,83.3,20,Road,81.2,9.4,11.71
1403.6,46.1,18,Rail,44.2,1.2,5.44
11.5,59.1,9,Road,58.9,7.2,4.81
1057.5,1.4,10,Road,94.4,1.3,4.56
407.3,51.8,25,Rail,14.7,3.4,4.56
420.3,42.9,1,Sea,86.2,8.2,8.7
3119.3,86.6,36,Road,37.9,3.4,10.84
966.8,81.2,18,Road,33.7,9.1,6.28
4206.7,71.9,15,Sea,62.6,4.1,17.07
2326.4,5.6,33,Road,89.9,3.1,7.48
2073.1,36.5,22,Multimodal,34.9,9.9,10.53
1957.1,62.8,24,Rail,76.1,4.4,7.69
3118.2,3.2,1,Road,1.9,7.4,5.12
2037.9,21.6,11,Road,62.3,6.0,5.83
583.1,79.9,26,Road,63.1,2.0,6.95
3961.4,12.1,26,Road,55.6,5.0,8.89
1930.6,5.1,6,Road,93.8,0.8,5.31
337.7,52.5,33,Rail,93.9,7.1,6.4
2384.5,85.2,14,Road,34.2,5.2,8.7
2914.8,75.2,24,Rail,45.6,1.2,8.29
1243.7,87.7,38,Rail,79.2,7.7,8.7
3602.5,67.9,17,Road,84.4,8.0,10.8
3015.6,39.6,14,Road,41.8,7.3,7.48
2928.3,85.2,19,Road,34.9,3.3,9.48
1896.6,38.7,8,Road,82.1,7.2,6.62
4328.8,31.8,23,Sea,37.7,5.8,16.28
1237.5,40.6,2,Road,40.5,5.4,4.33
2601.8,73.4,3,Sea,13.6,6.5,12.61
1394.2,82.6,13,Road,54.3,6.3,7.33
3352.9,32.5,5,Rail,32.6,8.0,5.71
219.8,41.9,18,Rail,59.1,9.9,4.73
211.3,80.9,1,Sea,44.8,7.3,8.43
3649.8,4.7,37,Road,74.8,4.4,9.56
1957.0,70.7,21,Road,27.8,4.6,7.64
1538.6,41.2,19,Rail,17.2,0.3,4.79
2735.8,34.2,38,Road,70.3,1.6,9.04
3160.0,40.5,34,Road,38.4,2.3,9.0
909.4,38.0,2,Rail,56.4,9.9,4.13
838.5,68.2,20,Rail,94.1,7.6,7.23
4311.9,83.6,31,Rail,48.4,1.4,10.19
2655.5,44.5,13,Rail,15.2,5.0,5.74
1758.6,75.0,14,Sea,42.7,2.1,11.03
3607.5,66.0,38,Sea,47.9,3.0,16.32
2365.6,30.1,12,Rail,76.6,6.0,6.15
1091.3,53.1,13,Rail,19.5,6.0,4.69
934.3,60.2,24,Air,34.7,8.7,5.05
1788.9,2.6,31,Road,5.0,1.6,4.48
3870.2,35.9,14,Road,70.2,5.0,9.28
281.2,89.3,30,Sea,74.4,6.0,10.81
987.3,57.5,27,Rail,45.7,9.3,6.24
4019.7,30.4,36,Road,53.8,5.2,10.13
552.2,22.9,6,Air,75.0,3.4,3.12
2835.2,19.2,6,Road,26.8,2.9,5.85
964.7,36.4,15,Sea,60.7,2.2,8.13
2728.4,17.8,24,Sea,96.4,9.6,14.6
1727.1,12.6,13,Multimodal,65.8,6.0,8.21
462.0,33.1,7,Road,7.8,3.0,2.83
2623.2,54.8,21,Rail,29.0,7.5,6.64
3075.3,13.6,38,Road,51.9,2.9,8.31
3062.8,4.5,38,Road,7.3,5.0,7.01
2868.5,3.6,14,Road,67.7,0.3,6.51
2253.5,24.4,3,Rail,65.4,8.5,4.96
2340.0,17.5,35,Rail,87.6,9.6,6.86
2862.2,48.8,12,Road,50.0,8.7,8.11
3107.7,41.3,21,Rail,69.2,1.7,7.38
2948.7,29.6,20,Sea,18.2,8.3,13.08
2643.3,75.1,27,Sea,0.3,3.5,12.9
705.5,45.7,5,Air,17.2,9.4,3.02
951.7,8.7,11,Road,6.2,3.0,2.59
1174.7,27.0,6,Multimodal,42.8,0.9,5.91
4138.9,87.6,5,Air,46.8,8.5,6.12
3418.5,87.9,22,Road,64.4,1.2,11.05
2490.1,23.3,1,Road,14.1,5.4,5.2
1138.0,15.5,20,Road,21.5,3.8,3.98
503.5,44.9,24,Road,79.8,7.6,5.97
4044.9,43.6,20,Rail,57.7,7.5,8.12
4017.5,37.2,29,Rail,2.9,7.8,7.05
502.6,47.9,24,Sea,84.8,0.6,8.18
3588.5,21.3,8,Rail,63.0,8.6,6.55
2012.7,10.8,34,Road,18.7,4.7,5.7
1461.2,51.6,22,Air,25.2,2.2,4.14
3327.3,84.0,39,Road,55.4,3.0,11.27
2766.4,12.8,33,Multimodal,56.1,9.0,11.66
3511.2,63.6,30,Road,80.5,0.1,10.89
339.1,39.7,6,Multimodal,35.9,8.0,6.03
1437.0,26.8,13,Road,54.9,9.2,5.41
1440.3,76.9,19,Road,58.3,2.5,7.44
1487.2,41.4,26,Road,55.9,8.2,6.3
2263.6,52.7,17,Sea,7.3,1.6,10.48
1277.1,40.2,37,Air,41.1,0.2,4.8
2002.5,7.8,27,Road,33.9,6.0,5.38
1658.2,53.7,24,Air,99.3,6.5,6.16
3310.2,38.0,14,Rail,46.6,1.5,6.68
2717.7,8.3,3,Rail,43.5,5.1,4.71
2943.1,53.8,5,Sea,48.4,3.9,12.88
951.6,1.4,14,Road,91.9,0.8,4.22
1468.1,19.2,8,Road,61.1,5.1,4.91
100.1,70.4,25,Air,38.9,5.9,5.11
492.1,3.9,15,Air,91.3,2.2,3.11
1196.4,58.4,37,Multimodal,93.0,7.4,10.98
299.3,85.5,3,Air,26.4,0.7,4.57
2713.8,15.8,11,Road,39.3,5.5,5.96
4491.6,37.8,9,Sea,96.6,3.0,16.86
458.2,52.0,4,Road,54.1,4.4,4.6
3696.4,40.8,15,Multimodal,43.2,8.9,13.17
539.1,56.0,27,Rail,19.5,6.7,5.14
3016.3,36.7,31,Rail,38.4,1.5,7.22
2896.0,13.8,16,Rail,63.1,8.9,5.69
4062.7,8.5,32,Road,3.9,3.7,8.23
517.2,67.1,34,Road,8.3,3.4,5.64
1422.9,21.9,6,Air,0.5,5.0,1.39
413.1,76.3,5,Sea,21.9,2.1,7.24
1836.2,67.0,24,Road,18.3,9.1,7.07
4102.6,4.9,19,Sea,85.1,4.7,15.28
3517.9,18.5,30,Rail,18.5,3.9,6.22
3254.4,26.6,12,Road,66.1,1.7,7.88
2401.0,53.7,5,Road,11.8,8.0,6.16
3976.3,73.0,28,Air,59.4,9.5,6.95
2025.2,5.9,39,Sea,43.6,8.7,11.85
677.8,22.8,34,Rail,40.9,1.6,4.62
3769.9,34.2,12,Rail,85.7,7.5,7.7
1262.0,16.9,23,Road,16.8,2.0,4.28
246.1,49.3,5,Rail,59.5,0.4,4.41
571.5,43.3,37,Road,82.2,4.8,6.33
2742.7,28.8,16,Road,71.4,6.7,7.46
2733.8,46.8,9,Rail,98.3,1.2,7.26
1174.5,32.3,33,Air,0.2,6.1,3.15
3273.7,31.2,37,Road,88.4,8.4,9.78
3482.5,24.3,33,Road,61.3,2.1,9.32
4142.7,48.9,1,Rail,0.2,4.3,5.98
2634.3,40.2,37,Air,46.5,5.0,5.34
3508.5,18.1,9,Sea,76.7,8.3,14.76
3390.2,1.7,18,Air,18.3,7.7,2.49
1163.9,14.0,38,Rail,67.8,7.7,5.63
1399.5,4.3,21,Sea,14.0,6.8,8.22
2155.8,39.1,14,Road,80.3,6.2,7.28
90.6,20.6,39,Road,56.8,5.1,4.39
1341.8,38.1,39,Road,3.4,3.7,5.81
2135.1,30.0,6,Rail,9.1,5.1,4.53
490.8,48.7,3,Air,86.4,8.5,4.24
572.6,65.3,18,Air,3.3,5.7,3.82
2087.2,43.4,37,Road,29.9,9.9,7.32
3290.7,6.0,20,Road,56.7,1.4,7.66
3752.7,2.1,29,Road,21.3,4.4,7.5
2460.7,19.6,36,Road,22.4,2.0,6.73
2139.0,38.5,16,Rail,77.6,3.7,6.44
1732.3,4.5,4,Air,29.1,7.9,1.91
872.3,29.8,14,Multimodal,3.9,8.2,6.53
663.8,79.9,17,Rail,72.1,0.3,6.73
3564.6,8.6,35,Sea,95.4,9.5,16.04
2095.2,85.4,35,Rail,83.2,8.7,9.53
3557.5,77.2,32,Road,54.9,9.0,11.13
3169.9,74.9,10,Rail,42.5,3.8,7.92
876.6,77.8,29,Rail,92.5,5.0,7.98
2298.8,7.7,12,Sea,76.6,1.7,10.09
2000.9,14.0,9,Road,57.1,4.0,5.3
1910.3,12.5,26,Road,88.0,1.3,6.72
2443.9,10.5,21,Road,60.2,8.6,6.31
4419.5,29.8,1,Multimodal,97.4,5.8,13.83
3659.0,74.8,36,Road,85.8,1.4,12.19
4067.2,23.1,19,Sea,55.0,8.8,16.24
138.2,22.4,6,Sea,92.3,0.8,5.73
635.8,61.0,18,Road,34.2,9.3,5.19
386.0,9.2,37,Rail,70.1,1.1,4.58
1188.2,32.7,8,Air,17.1,7.2,2.38
1991.3,26.9,11,Rail,89.5,6.5,5.81
2891.0,76.3,5,Multimodal,24.8,7.8,12.32
2256.2,46.5,21,Road,94.9,5.6,8.47
4064.8,58.4,21,Road,1.7,3.5,9.49
4229.7,12.0,20,Air,68.2,2.7,4.35
740.0,83.6,9,Sea,15.0,9.5,10.13
3838.8,29.4,2,Multimodal,77.1,4.4,12.0
2170.3,63.8,4,Rail,49.2,8.4,6.25
2042.7,85.9,26,Multimodal,91.0,7.2,13.31
3533.3,46.0,12,Sea,71.5,6.6,15.32
423.7,45.9,19,Sea,76.8,9.7,9.61
3971.8,11.0,19,Rail,12.0,5.7,5.76
3020.5,35.4,19,Road,9.7,7.3,7.28
3939.3,76.8,29,Multimodal,85.1,8.5,16.51
4475.2,12.6,39,Road,22.6,0.5,9.63
2333.4,82.6,34,Rail,86.7,10.0,9.61
424.2,60.2,8,Road,14.3,2.6,4.25
753.5,38.2,6,Rail,30.8,7.0,3.96
1459.7,49.4,32,Rail,92.9,9.5,7.52
470.5,14.0,28,Road,84.0,7.6,4.75
3670.0,20.0,11,Air,5.4,2.3,2.43
1339.4,26.1,28,Road,44.8,3.6,5.75
4391.6,34.9,32,Rail,91.0,4.1,9.62
3163.1,82.4,8,Road,1.5,5.9,8.42
784.6,33.4,20,Road,10.7,6.0,4.02
2144.8,47.4,24,Road,64.5,7.9,7.66
2103.6,15.0,27,Sea,10.5,8.6,10.87
2218.8,66.4,11,Road,44.9,0.9,7.4
2412.9,50.6,23,Air,50.8,2.7,5.16
145.1,39.9,22,Road,86.0,3.4,5.03
3089.9,85.3,5,Road,95.7,0.1,10.58
2194.9,80.2,34,Road,51.2,4.2,9.44
3560.4,59.5,31,Road,51.0,3.6,10.39
3670.0,83.0,37,Sea,72.7,5.3,18.16
1041.3,51.0,26,Air,19.3,1.0,4.41
222.7,74.5,23,Rail,94.1,4.1,7.12
3166.0,37.1,38,Road,0.1,6.0,8.1
4400.0,8.3,38,Road,0.2,8.0,8.74
2012.7,89.5,32,Rail,62.6,7.7,9.08
1172.0,15.3,5,Multimodal,34.1,4.0,5.56
709.2,23.0,25,Road,39.8,3.9,4.38
1297.1,15.1,33,Sea,22.1,0.4,7.64
1479.0,30.7,7,Road,40.8,0.8,5.07
1910.3,26.4,16,Road,82.8,8.7,6.73
2951.1,54.3,29,Rail,69.9,8.1,8.06
1232.9,89.7,15,Road,9.5,0.2,6.51
234.1,5.2,20,Sea,5.7,8.8,6.27
1682.9,70.2,22,Road,50.6,6.1,7.81
3851.1,12.0,10,Sea,73.0,8.0,14.91
2245.1,2.3,8,Road,66.4,5.0,5.25
4341.7,57.7,32,Multimodal,86.4,1.5,15.01
2268.8,78.7,28,Road,13.3,3.6,8.31
1245.2,16.3,9,Air,60.6,4.5,2.87
873.9,31.1,31,Sea,76.6,7.5,10.23
3126.9,15.6,23,Multimodal,93.8,8.1,12.41
2416.0,81.6,19,Rail,10.1,7.4,7.45
2720.0,24.7,32,Sea,24.0,4.8,12.24
3399.3,40.3,10,Road,35.5,6.6,7.85
3267.9,80.6,20,Road,54.1,3.0,10.36
199.9,50.0,35,Road,40.9,9.9,5.21
3612.6,84.0,31,Road,86.1,1.7,12.02
2399.5,83.4,11,Multimodal,95.1,7.2,13.07
1765.7,41.8,10,Road,7.0,1.5,5.09
2421.1,52.6,9,Rail,70.0,2.8,6.84
2758.0,21.1,10,Rail,11.4,7.5,4.63
677.0,89.2,37,Rail,89.8,7.3,8.35
1881.3,25.4,37,Rail,14.2,1.2,5.46
1513.5,70.6,7,Road,99.2,6.8,7.91
1580.1,28.5,20,Rail,42.8,2.0,4.84
415.6,28.5,20,Road,38.2,9.7,3.75
723.5,9.8,8,Multimodal,58.6,6.0,5.87
732.4,50.6,17,Sea,39.4,0.0,7.4
1682.6,22.4,38,Multimodal,23.5,2.1,7.9
4025.7,13.8,25,Road,62.9,2.3,9.11
931.1,20.8,13,Road,72.8,2.5,4.47
1875.8,23.0,13,Road,94.5,5.6,6.73
1405.7,45.6,2,Road,40.9,2.1,4.94
3544.3,35.0,37,Road,70.6,4.1,10.27
230.3,7.3,11,Rail,83.4,1.7,3.56
888.5,48.5,20,Road,83.1,6.7,6.14
951.8,71.0,9,Rail,3.4,5.7,4.78
4468.4,51.9,29,Air,35.6,6.3,5.95
2570.6,87.7,34,Rail,1.3,9.7,8.14
629.6,9.4,5,Road,55.9,4.0,2.78
1228.5,74.0,31,Road,86.5,2.2,8.43
759.4,45.8,26,Rail,81.5,10.0,6.23
565.1,47.2,37,Road,81.1,0.6,6.87
3588.3,47.0,20,Rail,35.2,8.1,7.36
2233.4,29.6,8,Road,4.6,1.6,4.86
2842.3,29.5,6,Air,17.2,6.6,3.14
1494.0,57.1,18,Sea,67.1,4.7,11.11
2493.9,4.5,8,Rail,13.4,8.4,3.84
1162.8,53.2,25,Road,12.5,7.3,5.54
1389.6,65.4,2,Road,35.4,1.7,5.82
2936.8,32.4,28,Sea,9.5,6.7,12.92
680.8,20.0,25,Rail,33.0,2.2,3.79
2779.4,19.6,20,Road,97.0,1.7,8.38
3835.8,7.8,6,Road,2.0,0.8,6.47
546.3,8.5,37,Road,83.1,1.1,5.08
4039.1,15.4,16,Sea,99.4,7.0,16.39
362.1,2.2,35,Road,43.6,9.9,3.5
1573.3,24.3,36,Rail,94.3,6.8,6.76
2749.2,27.9,1,Rail,26.1,7.1,4.73
2519.6,89.6,14,Rail,98.2,7.8,9.1
438.3,89.3,14,Air,86.2,8.9,6.26
3596.1,17.2,24,Air,88.5,2.7,4.73
4379.3,19.6,19,Rail,13.0,6.0,6.32
819.6,44.5,38,Road,87.0,2.2,7.32
4028.6,13.8,18,Road,94.2,5.3,9.2
2507.9,45.6,9,Rail,81.9,2.1,6.83
4212.0,36.2,13,Rail,9.1,0.6,6.61
796.5,29.6,19,Rail,8.5,0.9,3.5
3565.1,74.1,10,Road,35.8,9.8,9.67
273.7,74.6,38,Rail,70.5,0.1,7.14
3975.0,88.9,3,Road,1.2,6.9,9.74
3035.3,20.5,17,Sea,95.1,8.9,14.74
1669.3,80.0,23,Road,52.5,3.9,7.94
861.1,48.6,27,Sea,35.8,7.1,9.92
3675.3,53.4,9,Road,56.1,3.5,9.22
2716.6,80.7,5,Road,71.6,5.3,8.89
1625.1,84.9,19,Sea,27.3,9.4,12.93
2000.0,65.5,29,Road,29.1,0.4,7.77
3720.3,31.6,15,Sea,46.8,2.7,14.14
1528.5,44.3,36,Rail,67.0,1.1,7.09
407.9,55.5,12,Rail,70.6,5.0,5.11
4101.2,74.7,14,Road,32.4,7.7,10.58
1746.1,59.4,15,Rail,32.2,9.8,5.8
1571.0,33.2,31,Rail,48.7,1.6,5.62
923.8,37.9,5,Rail,54.2,0.4,4.2
4038.9,5.0,3,Rail,64.9,1.4,5.71
982.7,83.2,30,Road,61.8,9.7,7.86
2866.8,8.4,12,Road,37.3,3.2,6.36
3964.0,52.4,15,Road,29.7,2.7,9.36
161.9,78.5,38,Road,30.8,7.4,6.31
3730.4,38.2,28,Road,64.5,1.2,9.72
1850.6,72.1,23,Sea,43.3,3.5,11.85
2962.6,72.4,15,Sea,13.4,1.4,12.9
1679.0,5.9,11,Road,0.6,9.7,3.44
3131.3,37.4,30,Multimodal,3.0,2.9,10.3
1148.1,62.3,12,Rail,86.8,2.7,6.69
103.6,38.3,19,Air,45.8,6.3,3.64
4265.3,49.3,32,Sea,65.7,0.2,16.75
78.6,53.7,1,Sea,92.9,6.5,8.15
3709.3,14.0,16,Road,12.6,4.5,6.96
765.3,37.4,11,Road,44.8,1.8,4.42
1768.0,3.0,31,Road,53.9,4.9,5.45
3702.1,13.9,33,Sea,84.2,10.0,17.0
930.7,46.3,36,Road,99.4,8.4,7.29
3896.4,51.8,30,Sea,71.2,9.7,18.31
2242.4,13.6,38,Road,64.2,9.3,7.44
1650.9,68.1,4,Sea,92.0,8.2,12.53
2982.7,33.9,25,Road,83.7,3.3,8.97
1539.5,82.9,34,Road,86.5,7.3,9.41
1566.1,35.2,17,Road,0.3,3.9,4.88
3302.2,13.9,33,Road,51.4,4.3,8.29
1397.7,68.3,30,Road,78.3,8.7,8.11
907.5,51.3,13,Sea,18.1,2.1,7.7
3635.4,35.1,12,Road,75.1,3.0,9.13
3625.1,32.4,32,Road,0.9,9.3,8.15
2241.6,14.0,23,Sea,57.5,7.0,11.31
2372.3,31.0,29,Road,85.1,0.6,8.27
3133.9,3.1,34,Multimodal,43.1,1.2,9.78
2294.2,45.5,19,Multimodal,73.9,5.8,11.04
1879.6,80.8,12,Road,53.0,8.0,8.13
4477.0,71.7,4,Road,64.7,7.9,11.19
668.6,3.1,25,Road,51.7,4.2,3.94
2669.3,79.4,26,Sea,47.6,2.6,14.16
3987.0,41.0,18,Rail,84.2,7.9,8.5
3094.0,17.6,30,Rail,9.3,9.4,5.51
3964.8,67.8,34,Sea,58.5,4.4,17.76
1516.8,29.4,33,Road,11.5,1.4,5.47
1227.6,23.2,31,Sea,56.3,6.1,9.85
3831.5,14.9,31,Sea,96.4,0.7,14.97
1776.5,44.1,13,Rail,5.7,6.1,4.36
3195.0,8.9,24,Air,42.2,1.7,3.43
669.1,70.8,5,Sea,80.2,5.2,9.51
3402.5,42.6,1,Road,37.0,6.3,7.53
2472.7,40.5,34,Road,52.0,4.5,8.52
1212.4,0.7,9,Rail,11.5,8.3,2.31
2227.8,73.7,8,Road,22.3,3.7,7.16
3137.8,44.6,36,Multimodal,68.6,1.6,12.12
58.4,39.9,29,Road,82.9,4.6,5.38
2870.4,68.6,35,Rail,64.6,9.6,8.72
2439.5,6.1,5,Rail,83.7,8.8,5.05
995.2,33.3,10,Road,60.6,3.1,4.79
3389.6,52.0,38,Air,81.0,2.4,6.92
1369.1,41.7,10,Air,98.3,4.8,4.67
1249.5,16.8,11,Rail,8.3,6.6,3.0
2123.1,27.3,8,Road,48.0,9.3,5.8
3044.3,27.4,4,Road,19.0,6.1,6.08
4180.2,89.3,18,Road,46.5,8.4,11.93
640.4,29.7,20,Road,50.0,7.0,4.55
1787.1,18.9,3,Rail,62.2,1.0,4.52
306.1,74.1,15,Multimodal,43.9,8.9,8.41
3414.7,38.2,8,Rail,32.5,2.0,6.25
2017.6,40.2,6,Air,4.3,3.7,2.53
3182.6,49.6,36,Rail,3.5,8.4,7.13
1453.3,53.8,20,Rail,17.5,9.8,5.21
3800.2,53.4,32,Air,44.9,3.1,6.01
2409.1,3.6,6,Rail,41.8,3.8,4.29
4246.5,73.8,16,Air,19.1,4.9,5.68
359.3,17.9,2,Road,82.2,5.0,3.7
2316.7,26.7,18,Road,68.3,7.5,7.13
3450.2,16.0,26,Air,34.3,8.2,3.89
2702.7,69.2,20,Rail,79.7,9.9,8.31
109.3,52.7,16,Air,98.9,8.0,5.27
4375.7,68.1,21,Multimodal,24.5,3.0,13.87
1345.7,59.0,14,Road,36.3,3.6,6.17
1125.5,9.8,18,Rail,99.3,6.2,4.79
2188.0,27.5,8,Road,13.8,6.9,5.15
2442.0,45.9,5,Rail,7.7,0.9,4.96
3449.5,27.8,24,Sea,52.1,3.4,14.17
1772.8,19.1,29,Road,46.8,2.0,5.87
1982.6,78.3,9,Rail,7.8,5.1,6.22
2409.6,67.4,18,Sea,29.0,1.7,12.08
1777.8,31.4,18,Road,41.9,5.8,5.83
4115.9,69.0,28,Sea,82.2,4.7,18.25
3831.4,56.7,37,Rail,70.8,4.0,9.58
2050.1,0.8,10,Multimodal,91.5,6.5,8.86
5.9,34.5,20,Road,33.2,4.2,3.53
4054.7,26.5,38,Road,30.9,4.0,10.0
563.9,20.0,23,Rail,46.3,6.5,4.12
1104.1,23.0,20,Road,0.8,0.6,3.82
689.9,84.8,23,Multimodal,20.7,4.3,8.54
813.3,44.0,5,Road,21.1,2.0,3.7
3613.9,76.4,27,Sea,6.1,0.4,14.53
2609.9,19.7,9,Rail,45.5,0.3,5.1
4302.6,16.1,36,Road,90.6,1.7,10.6
1045.4,80.0,37,Road,0.4,4.3,6.74
2187.9,44.9,3,Rail,62.8,5.7,5.55
4398.5,80.6,36,Rail,87.9,8.0,11.23
3719.9,6.1,35,Road,10.8,6.1,7.7
3280.1,82.5,36,Air,91.7,5.2,8.06
854.4,37.7,29,Road,81.9,0.4,6.32
3463.5,14.4,33,Road,21.5,3.0,7.89
1567.3,61.7,26,Rail,90.5,6.9,7.72
2389.8,71.8,8,Road,80.4,2.7,8.61
2743.2,4.7,9,Multimodal,11.1,5.9,8.47
2744.1,88.9,22,Road,83.1,6.0,10.7
3270.7,62.9,5,Road,54.2,3.1,8.87
2979.4,29.3,36,Road,81.6,5.7,9.27
312.3,14.0,32,Rail,61.8,1.1,4.27
2060.8,35.6,30,Rail,39.2,7.3,6.34
2989.8,20.2,17,Rail,60.1,0.2,6.34
1335.5,44.7,30,Road,63.6,0.4,6.8
1412.2,70.5,9,Road,76.6,8.7,7.26
564.9,59.6,4,Sea,83.1,5.8,9.04
1886.7,39.5,12,Road,66.3,1.6,6.95
4440.8,11.1,35,Air,99.0,6.0,5.77
1287.5,86.2,20,Road,77.9,3.7,8.44
2393.8,24.7,17,Sea,91.1,2.7,12.18
3345.9,25.4,22,Road,31.9,8.1,7.85
65.7,58.3,7,Rail,31.6,4.8,3.67
4052.5,69.5,39,Road,36.2,2.9,11.73
1742.5,88.6,8,Road,44.0,9.4,7.57
3911.7,87.2,9,Road,96.1,1.7,11.73
180.1,82.3,6,Road,7.4,1.4,4.57
659.8,39.5,19,Road,49.8,1.0,4.65
1454.8,15.4,22,Rail,16.1,1.2,4.1
1557.9,52.8,20,Rail,81.1,2.5,6.76
3815.8,2.0,20,Sea,3.1,7.0,13.01
55.3,18.1,27,Rail,45.5,6.7,3.76
2886.8,0.7,27,Rail,39.5,7.6,5.01
595.2,16.7,7,Road,9.2,5.8,2.35
3705.4,43.0,24,Rail,37.7,4.9,7.34
3504.7,35.7,8,Road,80.9,4.3,8.77
2252.1,33.6,3,Sea,13.7,8.7,11.04
961.0,74.9,11,Road,98.4,3.4,7.42
2857.1,60.9,36,Road,5.8,8.9,8.7
707.4,84.3,2,Rail,28.9,2.8,5.4
859.2,40.4,1,Road,77.5,1.6,4.87
2822.0,24.9,7,Air,35.8,2.6,3.05
4460.6,11.5,24,Air,48.0,5.0,4.2
4010.3,60.6,12,Road,18.7,9.3,9.25
2671.0,75.8,8,Road,71.5,1.8,9.18
2425.7,16.9,13,Rail,18.0,5.8,4.42
4492.7,79.1,6,Rail,84.9,2.2,9.98
2465.6,47.6,39,Road,53.9,6.8,8.77
1893.4,13.4,24,Sea,54.8,4.7,10.34
4093.5,58.0,24,Rail,93.4,7.3,9.86
1057.7,47.0,38,Road,77.3,8.6,6.96
443.4,3.0,7,Road,74.3,3.3,2.81
2855.2,36.2,10,Sea,85.8,9.4,14.38
435.8,70.7,30,Road,9.2,4.7,5.42
1682.3,50.2,39,Sea,72.6,9.4,13.79
1909.0,25.7,24,Road,23.3,2.3,5.78
2466.2,83.6,27,Rail,28.1,9.0,8.11
4462.5,21.8,30,Air,1.5,3.3,4.07
998.3,23.1,15,Air,89.4,7.5,4.25
1694.0,32.2,2,Road,73.9,9.7,5.54
599.4,80.6,8,Road,13.9,9.1,5.25
2736.2,45.9,17,Sea,32.8,4.6,12.6
3275.9,61.6,13,Road,48.0,3.4,8.98
2171.9,87.9,18,Road,49.4,6.1,8.8
1110.0,70.6,21,Air,59.6,7.1,5.52
2795.9,15.9,36,Road,47.2,5.4,7.71
2428.5,71.1,12,Road,64.9,8.5,8.56
774.5,67.5,2,Road,88.4,0.6,6.31
1828.5,21.3,20,Rail,39.8,6.0,5.16
1961.2,29.6,23,Rail,87.7,5.3,6.47
4421.9,64.1,21,Road,22.0,0.4,10.39
3822.5,21.8,31,Road,12.1,0.1,8.44
3306.0,19.1,16,Road,23.9,6.1,7.16
4000.1,63.5,13,Rail,20.7,1.2,7.8
3311.0,79.3,4,Road,98.5,7.7,10.24
4065.8,7.2,2,Air,38.1,9.5,2.43
250.2,40.4,1,Road,65.1,1.8,3.77
2055.0,54.8,26,Multimodal,69.6,8.0,11.63
3362.3,61.0,30,Road,44.5,5.9,9.78
2626.9,89.7,38,Sea,22.4,4.5,15.2
792.4,61.6,20,Road,43.8,6.5,5.69
1535.5,56.0,25,Road,47.4,8.0,7.16
1433.4,89.1,19,Air,95.4,9.7,7.2
1179.8,5.9,27,Air,56.9,6.6,3.38
1547.4,7.2,10,Road,97.0,7.5,5.56
2319.3,50.7,17,Sea,57.7,6.1,12.66
3847.6,32.6,2,Rail,14.5,5.7,5.64
3340.4,9.2,17,Air,38.4,0.6,3.23
3759.4,27.9,7,Road,79.2,1.6,8.5
3976.8,60.9,16,Rail,42.2,3.8,8.49
1875.6,79.3,27,Rail,10.0,6.5,6.95
1560.4,8.9,1,Road,9.6,0.8,2.96
264.0,48.8,22,Air,23.7,5.4,3.92
4187.6,27.0,22,Road,56.5,0.1,9.6
300.9,60.2,27,Road,83.0,7.7,6.2
3336.4,49.7,16,Rail,53.4,6.7,7.61
1704.6,83.4,36,Rail,74.6,5.2,8.46
4269.8,3.9,16,Road,64.6,5.7,8.72
1891.1,42.6,24,Road,52.4,9.3,7.2
3675.7,17.8,35,Multimodal,21.5,9.1,12.69
1275.5,48.5,33,Road,88.3,7.9,7.43
1349.4,76.9,17,Rail,27.6,3.4,6.31
2681.9,82.1,5,Sea,25.3,1.1,12.16
4490.9,36.1,35,Road,25.8,3.2,10.69
2331.5,73.2,19,Multimodal,9.6,7.5,11.08
4213.7,25.6,34,Sea,49.9,6.1,16.59
3539.2,1.1,32,Rail,32.8,7.1,6.13
3582.4,77.0,25,Rail,52.2,1.1,8.93
1964.6,11.2,22,Rail,45.3,1.6,4.82
1742.5,2.1,39,Rail,52.0,6.6,5.41
867.7,32.2,27,Air,29.8,3.7,3.64
4337.9,34.5,33,Road,81.5,3.7,11.02
4317.5,7.4,8,Road,53.4,3.9,8.15
3363.1,73.4,30,Road,20.8,8.0,9.61
1336.7,36.8,26,Road,90.2,7.0,6.88
1107.1,44.3,15,Road,10.9,1.1,4.78
4448.8,24.2,36,Air,73.3,3.4,5.72
304.1,46.3,12,Rail,67.8,6.7,4.82
3796.8,69.1,12,Rail,7.3,9.8,7.22
1602.8,81.6,4,Rail,90.2,9.1,7.67
1887.8,87.4,3,Sea,31.6,2.5,11.28
3744.7,38.7,37,Rail,74.1,0.7,8.82
412.3,89.1,38,Air,27.7,5.7,6.1
1597.0,26.9,32,Road,52.6,4.1,6.29
4284.3,1.1,26,Air,97.2,1.8,4.91
3147.3,69.2,4,Rail,61.1,6.5,7.81
3398.5,16.5,1,Road,29.6,1.6,6.1
3410.0,5.2,5,Rail,45.8,3.5,5.22
277.3,83.2,2,Rail,67.6,7.9,5.7
918.4,71.4,11,Road,44.5,6.8,5.8
2213.2,9.7,9,Rail,91.1,6.1,4.95
1659.8,70.0,8,Road,86.7,9.3,7.75
1852.1,76.0,39,Road,14.7,1.3,8.24
3517.6,81.5,15,Multimodal,78.5,6.9,14.7
71.0,49.2,9,Rail,94.2,1.2,5.19
2973.9,63.5,30,Air,31.7,1.4,6.03
5.5,68.7,29,Rail,23.8,5.1,5.17
288.4,62.1,25,Road,1.0,0.2,4.35
1840.2,58.4,22,Rail,11.6,5.0,6.1
3785.1,49.5,34,Rail,96.1,0.1,9.67
656.8,43.4,22,Multimodal,39.1,6.0,7.48
2498.0,89.7,30,Road,38.7,3.1,9.64
3054.9,30.7,10,Air,26.7,0.8,3.5
1036.8,8.4,5,Air,16.4,7.8,1.17
2307.9,69.0,5,Rail,50.9,3.9,6.73
4101.8,19.6,2,Multimodal,72.3,4.4,12.01
2307.5,48.2,30,Road,55.1,3.7,8.14
712.2,9.1,22,Multimodal,3.5,0.8,3.94
2827.0,55.9,13,Sea,80.3,4.6,14.29
2666.9,85.0,39,Road,93.2,6.7,11.55
126.2,65.2,25,Air,44.0,9.0,4.83
412.2,19.7,27,Rail,36.6,7.6,3.53
709.7,87.4,27,Rail,23.0,0.8,6.71
617.6,28.0,21,Rail,30.2,1.7,3.75
1171.3,39.6,31,Road,64.4,0.4,6.5
2046.2,45.1,15,Rail,77.0,1.2,6.6
1675.9,89.2,38,Sea,33.2,4.8,13.13
4008.5,6.7,39,Road,34.0,2.2,8.62
2756.4,62.9,36,Road,45.1,6.5,9.41
3943.3,32.9,36,Road,17.0,0.3,9.31
2374.0,7.5,1,Road,92.7,8.6,6.01
409.0,84.2,11,Sea,70.5,6.8,10.17
2087.5,53.3,5,Sea,43.4,9.7,12.38
3700.0,67.9,34,Multimodal,12.2,9.5,14.8
877.5,22.0,37,Rail,84.9,6.9,5.8
415.0,68.7,5,Road,48.4,1.6,5.2
1485.8,74.6,20,Air,79.7,2.2,6.24
1753.1,39.1,13,Sea,3.3,2.8,8.89
1381.6,51.7,9,Rail,27.4,4.3,4.88
612.9,87.5,5,Rail,62.2,5.7,6.24
1132.5,76.3,38,Air,48.8,6.8,6.64
3071.9,40.3,32,Sea,29.5,0.8,12.68
1739.7,60.0,30,Road,20.1,6.1,7.2
2848.3,70.7,28,Sea,30.2,0.6,13.42
2415.7,2.7,37,Road,74.2,8.3,7.3
2473.0,53.2,28,Road,18.4,0.4,7.73
1122.2,88.6,6,Road,59.4,3.9,6.85
2349.3,85.3,29,Road,42.4,4.2,9.33
111.1,75.0,4,Road,76.3,5.7,5.05
1945.7,10.0,18,Road,20.2,1.0,4.72
2578.9,89.5,15,Rail,27.0,9.3,7.73
823.1,55.1,25,Sea,39.9,3.8,8.89
1158.2,20.5,4,Multimodal,16.7,4.0,5.5
991.8,60.8,14,Road,46.1,2.4,6.02
322.2,77.2,17,Rail,41.6,7.8,5.67
1568.6,10.6,34,Multimodal,99.0,0.1,8.14
4405.5,82.5,19,Road,59.4,1.1,11.95
1595.7,82.9,29,Sea,6.9,4.7,11.66
2075.1,1.7,22,Sea,46.0,9.7,11.01
2940.6,81.1,14,Road,87.9,0.4,9.93
2920.0,85.2,36,Air,86.7,0.6,8.33
4274.8,3.9,2,Sea,96.2,7.1,15.71
3859.8,26.8,7,Road,89.4,7.4,8.93
3573.8,33.9,28,Road,17.6,9.0,8.23
4282.6,31.7,8,Road,0.4,5.8,7.99
1042.3,68.4,29,Road,61.6,4.0,7.31
2778.7,32.6,10,Rail,70.2,4.5,6.47
3992.9,86.1,21,Rail,13.1,4.3,8.83
2810.5,89.6,35,Road,16.7,9.7,10.11
4398.5,28.9,4,Air,96.3,3.8,4.86
456.1,46.0,21,Road,94.4,1.0,6.09
1979.8,50.4,38,Road,15.7,2.9,7.31
4398.2,52.4,25,Road,24.7,9.6,10.22
1711.2,34.0,20,Rail,89.2,4.3,6.31
3329.3,15.4,7,Road,43.5,3.2,6.98
141.7,5.4,7,Road,79.8,3.1,2.87
3128.3,10.0,32,Road,39.6,0.1,7.56
4206.1,81.2,32,Sea,73.6,6.3,19.15
1725.3,25.6,22,Multimodal,39.7,7.2,8.9
100.7,7.4,25,Road,89.9,3.5,3.87
130.5,56.3,6,Road,32.6,8.7,3.65
4014.6,7.2,27,Rail,52.3,7.4,7.05
3252.7,6.8,18,Sea,52.2,6.0,12.86
484.6,56.1,12,Road,64.9,7.0,5.13
250.4,53.4,28,Air,30.7,7.7,4.43
3622.7,4.2,19,Rail,64.3,5.3,6.16
3645.3,41.7,17,Rail,14.1,4.0,6.53
546.7,39.5,35,Rail,89.4,1.3,6.58
1360.3,49.4,15,Multimodal,14.4,4.0,7.48
3511.2,66.5,5,Sea,84.0,5.5,15.96
2366.7,25.8,36,Road,69.3,9.5,8.35
4304.8,39.2,33,Road,34.1,1.5,10.33
2167.4,71.5,21,Rail,32.7,7.6,7.16
3047.9,83.1,35,Road,96.6,2.4,11.81
2296.5,80.3,27,Sea,19.5,9.6,14.39
4243.6,43.2,30,Sea,72.3,5.9,17.66
1797.0,47.1,39,Sea,18.4,4.3,11.25
1037.9,47.9,30,Multimodal,90.5,3.5,9.0
1473.2,78.3,21,Road,74.2,2.0,8.3
3838.2,75.7,26,Air,93.3,7.1,7.36
2243.2,28.4,24,Sea,87.9,6.4,12.8
1597.4,15.1,22,Road,54.9,8.9,5.41
2451.4,34.4,37,Sea,15.2,6.0,12.29
603.9,26.3,26,Road,22.1,1.7,4.08
29.1,85.6,22,Sea,20.2,6.8,8.59
1266.2,24.3,33,Rail,22.1,8.8,4.69
2724.5,16.7,24,Road,47.6,9.9,7.14
3204.0,81.0,5,Rail,86.8,6.9,8.49
3720.6,8.2,24,Rail,2.3,2.9,5.59
4170.4,23.8,35,Road,23.8,5.7,9.36
1857.4,39.8,22,Road,59.7,5.1,6.86
3333.6,53.8,33,Road,86.5,5.1,10.46
340.7,29.8,17,Rail,29.7,0.8,3.52
263.6,44.9,12,Air,38.3,1.9,3.42
566.0,18.3,30,Air,37.3,5.2,3.41
2021.3,51.9,26,Rail,29.4,8.0,6.27
954.7,37.0,13,Sea,69.9,1.8,8.08
1294.7,76.5,6,Road,65.6,1.6,6.96
2917.2,37.7,3,Sea,84.3,7.6,13.74
1616.6,40.2,11,Road,91.8,6.9,6.82
2510.4,53.5,10,Road,90.0,4.9,8.28
1858.8,11.5,11,Rail,54.0,0.5,4.49
764.5,14.5,16,Road,18.6,4.7,3.38
337.7,71.2,20,Sea,22.2,8.3,9.14
1066.9,25.0,19,Sea,59.0,0.1,7.82
264.4,61.8,9,Road,91.8,1.0,5.72
2785.7,9.2,36,Road,53.0,8.1,7.59
3581.8,74.1,15,Air,93.6,5.3,6.94
1532.1,88.9,23,Sea,26.2,6.6,12.23
1745.1,33.9,21,Road,8.6,7.5,5.52
3673.8,45.7,39,Road,79.6,3.0,11.12
1005.6,40.1,5,Rail,87.9,3.0,5.04
540.6,80.5,22,Rail,44.8,2.6,6.31
2257.5,1.4,31,Road,10.2,1.7,5.17
2909.6,59.0,15,Road,4.2,3.0,7.65
2700.4,58.9,28,Air,6.3,9.5,4.92
3213.9,34.7,38,Rail,43.9,0.9,7.41
260.1,20.1,15,Multimodal,23.5,2.4,4.13
1929.8,22.0,19,Sea,46.2,3.2,9.95
1077.4,72.1,35,Multimodal,48.8,1.5,9.05
3417.3,6.4,18,Road,45.8,0.8,7.52
3927.9,51.0,10,Sea,62.0,1.6,14.71
1269.6,28.0,15,Road,67.9,5.3,5.64
433.0,24.2,24,Rail,39.6,6.0,3.8
1144.2,45.8,20,Rail,33.7,2.2,4.78
472.5,80.9,37,Road,36.8,5.0,6.9
1454.3,55.8,11,Air,7.0,0.1,3.45
2424.2,71.1,9,Air,32.2,6.0,4.84
4381.7,54.3,5,Road,20.0,0.0,9.37
1800.2,62.9,11,Rail,29.1,6.4,5.91
994.1,39.2,39,Road,71.4,4.8,6.7
754.8,83.4,27,Road,98.9,1.1,8.34
782.8,45.4,2,Sea,92.4,0.9,7.59
870.7,49.9,20,Road,82.2,0.1,6.31
3431.4,47.5,21,Multimodal,73.7,5.5,13.3
279.3,28.8,30,Road,94.5,8.1,5.46
4488.3,21.2,1,Rail,75.2,8.6,7.1
2354.5,7.1,35,Rail,47.1,5.7,5.64
2451.5,64.8,26,Road,60.1,8.9,9.0
1612.2,26.4,32,Road,30.6,8.6,5.84
3107.7,35.3,9,Sea,0.3,7.0,12.55
2124.2,82.8,21,Sea,35.4,3.6,12.64
1484.1,51.2,16,Road,40.5,8.3,6.35
1196.8,9.2,12,Rail,73.3,3.9,4.24
4165.8,72.1,36,Road,85.9,4.0,12.98
1313.0,23.4,37,Road,96.3,6.8,6.98
1966.6,50.0,27,Rail,35.2,9.3,6.58
1579.8,46.1,7,Road,95.7,5.0,6.62
392.4,21.8,30,Sea,79.9,1.8,7.55
840.8,10.9,24,Sea,3.1,1.4,5.89
856.8,19.4,30,Multimodal,59.5,3.0,6.9
3123.0,9.2,20,Rail,36.6,4.6,5.59
1832.6,25.2,28,Multimodal,3.4,3.0,7.64
3519.9,89.8,4,Rail,53.2,7.1,8.75
3191.7,36.5,12,Rail,58.5,5.4,6.77
868.3,77.8,3,Multimodal,25.2,4.1,7.48
2535.3,49.7,37,Rail,94.0,2.1,8.65
3344.4,60.2,4,Road,61.0,6.1,8.83
2850.5,14.5,15,Sea,17.6,6.7,11.7
2702.1,25.1,28,Air,72.1,7.8,4.58
3329.6,46.2,37,Sea,49.9,9.9,16.66
260.2,79.4,9,Rail,47.3,2.3,5.53
3292.7,4.3,14,Rail,83.5,0.2,6.27
1230.6,45.9,32,Multimodal,13.8,5.0,8.11
2575.6,5.1,3,Road,49.1,9.2,5.03
1094.2,41.4,18,Rail,78.1,2.5,5.86
3775.5,56.8,14,Road,66.0,7.6,9.89
2165.1,67.2,25,Rail,0.5,3.2,6.2
2895.0,12.9,39,Rail,78.7,3.9,7.45
3574.4,15.4,26,Road,94.5,9.5,9.1
4029.4,42.6,6,Road,70.5,4.6,9.47
3295.6,89.8,26,Rail,87.6,7.3,10.55
673.7,32.4,1,Road,36.1,5.5,3.28
3846.1,38.8,21,Road,35.1,7.6,8.9
2785.5,39.2,14,Sea,32.1,3.2,11.97
2744.5,7.7,8,Road,73.5,8.8,6.52
4146.4,69.8,25,Rail,94.2,5.5,10.1
1123.5,23.2,18,Multimodal,88.5,3.1,7.58
1081.9,63.5,15,Road,15.0,0.4,5.61
2311.8,43.0,20,Road,62.6,0.1,7.84
3380.1,55.3,16,Rail,99.6,3.5,8.7
2015.3,5.3,7,Sea,29.5,2.2,8.26
2854.3,80.2,29,Air,63.5,0.5,7.09
2039.1,22.3,31,Air,90.7,5.5,5.3
2748.7,60.5,29,Sea,90.0,9.9,16.35
3701.1,71.9,17,Road,32.1,4.2,10.11
816.2,48.8,5,Road,9.4,5.5,3.74
3130.7,30.7,18,Road,64.6,2.2,8.35
3544.5,88.0,14,Road,94.7,2.0,11.42
2014.8,25.4,31,Sea,50.8,3.3,10.67
1457.9,85.4,18,Rail,45.8,8.4,7.23
65.9,14.5,25,Road,86.4,9.6,4.57
3588.0,35.3,11,Sea,42.5,7.4,14.69
1479.1,12.9,26,Road,68.1,0.2,5.65
1611.1,0.7,5,Road,38.9,4.4,3.87
1515.3,23.8,16,Rail,37.7,4.2,4.38
2246.8,8.3,8,Road,18.8,9.4,4.33
3162.7,88.8,13,Road,8.8,7.5,9.26
3474.5,68.7,32,Road,88.5,7.1,11.69
1769.6,0.8,27,Road,18.1,5.6,4.58
2985.6,20.5,26,Sea,6.2,6.5,12.49
3244.5,60.5,9,Air,58.2,7.0,5.13
1339.6,36.2,7,Road,54.6,5.5,5.15
439.3,74.9,8,Road,56.8,8.4,5.6
4026.5,45.7,2,Sea,46.8,0.4,13.91
3048.6,59.0,18,Multimodal,14.2,9.4,12.42
2918.3,53.9,36,Road,2.1,7.7,7.92
269.8,57.6,24,Road,4.6,5.3,4.31
3681.3,21.1,34,Sea,94.3,8.6,16.67
2549.4,33.9,38,Rail,53.2,8.3,7.29
3816.2,5.0,11,Road,40.0,4.2,7.43
4385.7,53.1,10,Rail,41.1,8.4,8.06
4307.2,41.6,29,Road,65.2,1.9,10.71
3853.1,68.6,6,Rail,37.7,4.7,7.71
54.2,19.0,10,Rail,79.6,2.3,3.55
3986.3,39.6,30,Air,26.0,1.2,5.08
342.4,16.7,28,Rail,36.7,8.9,3.83
3831.1,55.5,29,Road,93.5,3.7,11.44
1264.4,76.4,25,Road,26.0,6.8,6.8
2747.3,69.0,36,Air,66.2,3.8,7.12
176.1,85.0,27,Road,36.5,5.4,6.09
3471.5,87.5,34,Road,47.1,3.5,11.34
507.1,69.6,34,Road,4.5,7.4,5.52
1851.0,26.2,32,Sea,16.7,7.9,10.82
3679.4,20.1,4,Rail,10.2,4.3,5.21
3130.6,40.6,34,Road,84.5,8.6,9.84
32.2,89.5,16,Road,96.2,3.6,6.74
1816.6,37.4,11,Air,6.8,7.6,2.93
193.5,18.3,15,Rail,7.7,6.5,2.44
3032.4,85.0,38,Sea,55.2,4.6,16.07
4360.4,35.0,30,Air,50.4,8.9,5.65
2950.4,62.3,27,Air,65.1,5.7,6.59
1013.6,71.0,16,Road,73.7,8.4,7.0
1601.8,76.0,1,Multimodal,79.7,7.3,10.59
4395.0,74.0,25,Road,14.9,5.3,11.35
1012.1,75.3,28,Road,3.8,3.3,6.05
2529.1,60.3,14,Air,88.9,9.5,5.85
1805.0,36.6,34,Road,47.0,0.6,7.11
3458.6,60.2,4,Road,97.1,8.9,10.06
3903.9,75.4,14,Road,53.3,5.1,10.66
1537.1,31.9,16,Rail,51.0,7.5,4.96
2973.5,27.0,15,Road,62.3,3.3,7.86
2473.0,31.3,34,Sea,17.0,3.8,11.72
1256.6,49.8,13,Air,25.4,1.9,3.68
1227.4,5.2,17,Rail,90.6,9.5,4.79
2426.1,70.2,28,Road,21.2,0.4,8.6
697.2,12.9,10,Multimodal,23.3,3.9,4.79
3649.6,12.4,17,Road,51.0,3.3,7.95
315.2,18.2,8,Road,64.1,8.1,3.44
430.1,52.1,2,Road,0.1,5.0,3.06
1543.3,26.1,1,Rail,45.7,1.7,3.9
535.8,33.4,5,Road,39.9,5.1,3.46
2143.3,83.9,35,Road,86.6,2.4,10.17
1801.5,76.3,22,Road,84.0,0.2,8.66
3249.5,76.8,16,Road,90.6,5.4,11.05
4288.8,52.2,9,Rail,84.2,3.6,8.62
3392.2,78.0,36,Sea,78.7,2.4,16.75
811.6,70.2,9,Sea,85.9,1.7,9.35
4210.2,85.8,14,Road,17.5,4.5,10.87
1767.6,6.3,10,Road,34.1,8.7,4.29
2136.5,3.1,22,Multimodal,68.4,7.6,9.68
1900.0,16.2,16,Road,92.3,0.0,6.42
1266.1,83.7,3,Air,66.7,7.3,5.48
4028.2,54.7,28,Road,20.8,0.7,10.1
1498.4,38.6,30,Multimodal,94.5,5.5,10.22
2605.8,46.4,29,Road,76.0,7.8,9.01
1084.0,74.7,1,Road,71.7,4.5,6.48
3589.2,83.7,28,Sea,76.3,3.8,17.05
3485.0,65.8,22,Rail,65.9,9.4,8.93
1336.9,68.5,32,Road,2.2,0.3,6.74
3068.6,29.2,11,Rail,25.4,1.1,5.52
3168.9,42.3,26,Sea,95.7,8.7,16.21
2533.5,79.7,31,Road,28.9,8.9,9.26
2704.7,70.8,20,Road,77.2,3.7,9.91
2587.2,61.7,20,Rail,42.4,5.4,7.19
373.0,6.3,33,Road,90.8,1.6,4.82
3017.8,4.0,5,Rail,55.8,8.8,4.83
2116.6,12.2,3,Road,63.2,4.7,5.38
1975.9,52.5,34,Road,24.0,5.6,7.2
3870.7,48.5,31,Road,5.8,1.2,9.61
109.4,84.9,7,Rail,75.7,6.1,6.06
1134.7,62.7,30,Road,6.8,7.0,6.0
550.7,26.8,18,Road,72.2,2.9,4.59
163.9,15.0,16,Road,55.5,9.0,3.19
1244.2,76.5,13,Multimodal,82.0,2.0,9.57
4448.2,41.6,33,Road,20.6,9.0,10.53
1219.7,59.0,7,Sea,54.2,7.0,10.3
2988.4,51.1,30,Road,61.4,8.3,9.39
536.8,10.1,11,Road,7.4,7.0,2.19
2710.3,5.6,6,Rail,73.9,4.3,4.8
4430.2,34.2,21,Rail,38.9,3.3,7.73
1316.8,32.9,32,Multimodal,12.9,7.3,8.43
3817.1,60.8,5,Multimodal,38.7,3.0,12.01
4489.1,57.1,29,Sea,9.8,0.6,16.24
2650.6,87.2,35,Rail,88.8,2.5,9.91
1395.8,77.3,12,Rail,45.7,7.6,6.3
3032.5,44.9,37,Road,13.8,7.9,8.6
3802.6,45.3,22,Multimodal,25.2,2.8,12.04
775.2,60.8,11,Rail,72.5,3.3,5.71
2039.1,10.7,23,Rail,78.6,5.5,5.79
1439.7,90.0,10,Road,4.1,2.6,6.54
1278.7,46.9,24,Road,6.0,6.1,5.58
3874.4,81.9,16,Multimodal,91.7,2.8,14.51
1900.3,87.1,12,Road,33.1,1.2,7.69
1529.1,52.6,32,Road,19.3,1.5,6.82
2717.8,9.7,24,Road,12.3,2.5,6.04
991.2,51.8,4,Sea,47.6,1.7,7.9
1038.4,54.0,33,Road,77.1,9.7,7.2
2343.7,71.1,18,Sea,52.1,6.6,13.75
1844.7,4.8,17,Road,2.1,1.8,3.8
1330.9,42.2,21,Air,48.4,4.2,4.09
247.5,83.1,1,Sea,31.2,2.7,7.36
2345.9,89.2,25,Road,68.3,6.8,10.03
3675.7,17.6,31,Rail,52.4,8.7,7.36
3831.9,78.4,20,Road,96.5,4.0,11.86
1063.3,13.6,26,Road,59.8,4.3,4.88
2700.4,75.8,19,Air,63.2,4.0,6.28
3852.2,25.3,30,Road,52.0,4.5,9.2
1842.2,86.4,25,Road,31.1,0.4,8.37
4195.0,62.7,36,Road,63.1,5.9,11.83
4063.9,36.2,18,Road,33.3,9.5,9.06
940.6,25.6,4,Air,71.7,7.9,3.16
1169.0,21.6,27,Road,23.7,8.6,4.75
816.1,61.4,33,Multimodal,36.8,2.3,8.0
886.3,80.7,6,Multimodal,58.4,6.1,9.21
4085.8,68.1,7,Road,62.8,8.9,10.42
4190.5,75.2,1,Road,66.9,0.7,10.97
238.3,70.4,38,Air,70.0,8.8,6.16
2673.2,88.1,35,Road,31.8,0.6,10.09
2541.2,68.3,23,Road,89.3,9.8,9.47
1760.5,19.3,16,Road,3.0,0.8,4.25
2844.5,71.3,34,Rail,18.8,3.7,7.88
4263.4,29.3,34,Sea,7.0,0.5,14.39
770.3,89.6,31,Road,67.2,0.6,7.9
546.2,34.2,31,Road,27.4,8.7,4.92
155.1,26.7,11,Air,19.9,0.6,2.07
1640.4,21.9,8,Sea,48.1,7.9,9.68
1522.6,59.4,24,Rail,61.9,9.1,6.88
1941.5,10.3,23,Sea,61.9,9.4,11.57
2267.4,85.8,32,Road,55.7,8.6,10.07
3411.4,26.8,15,Sea,99.2,9.6,15.89
1767.5,26.9,28,Road,86.0,0.5,6.8
1491.1,4.6,20,Road,23.9,10.0,4.03
3721.8,22.5,14,Sea,75.9,0.2,13.44
3824.8,38.0,26,Road,56.9,1.7,9.54
1051.3,33.6,37,Multimodal,7.1,0.8,6.36
1419.4,24.9,2,Road,5.0,7.4,3.47
3713.9,4.1,34,Air,80.0,0.9,4.83
361.9,27.4,34,Multimodal,54.5,2.9,6.17
1469.7,70.2,34,Road,57.1,6.4,8.21
2020.3,39.8,9,Sea,33.6,5.0,10.72
845.9,26.5,3,Road,93.0,1.4,4.78
813.7,27.8,30,Air,71.3,5.2,4.69
1914.8,50.1,19,Rail,92.8,3.4,7.25
3396.6,27.6,31,Sea,9.9,5.9,13.65
3781.8,57.0,16,Rail,58.4,5.4,8.31
4406.7,89.1,24,Road,63.8,9.9,12.56
337.6,4.2,15,Road,12.6,8.6,1.8
979.0,15.6,22,Road,34.6,0.0,4.14
3406.1,16.5,32,Sea,21.5,1.8,12.79
2435.0,40.5,11,Rail,98.4,9.1,6.98
1477.9,4.2,29,Rail,54.3,5.4,4.93
929.1,43.2,24,Road,31.5,7.6,5.37
1265.7,83.6,19,Rail,66.4,5.0,7.31
1934.7,1.5,5,Road,66.0,7.9,4.68
801.3,33.2,38,Sea,34.7,1.3,8.41
4339.2,68.6,1,Multimodal,99.4,7.4,15.59
488.6,14.3,30,Road,80.9,8.7,4.89
4435.2,7.4,12,Road,40.0,2.7,8.35
3789.3,57.0,4,Road,66.0,3.7,9.28
1907.1,1.4,15,Rail,71.1,5.9,4.33
3330.5,72.3,17,Rail,17.4,8.7,7.75
3023.5,6.5,12,Sea,87.8,9.1,13.56
963.7,47.4,1,Road,82.6,5.3,5.42
1529.1,66.7,13,Sea,75.6,6.6,11.76
2311.5,22.2,30,Rail,22.3,8.7,5.41
2872.1,9.8,10,Road,13.6,2.3,5.54
2445.3,16.2,36,Rail,18.1,8.3,5.24
2131.1,77.0,6,Road,9.3,2.6,6.88
1997.0,63.7,9,Rail,94.0,5.8,7.38
2244.7,18.2,2,Air,85.1,9.3,3.41
1957.4,64.6,6,Road,9.1,5.1,5.96
2438.3,63.9,11,Sea,67.8,0.9,12.14
3996.5,89.8,26,Rail,24.6,9.0,9.47
2849.6,35.5,28,Road,1.7,5.8,7.44
3253.2,77.9,13,Rail,29.2,0.7,7.82
2690.7,40.5,38,Rail,44.0,0.1,7.34
2895.4,80.8,12,Road,2.0,2.6,8.21
2604.7,8.7,19,Road,32.4,1.2,6.02
125.8,16.2,18,Road,70.0,6.3,3.62
4498.2,76.6,19,Road,22.8,6.0,11.18
156.1,73.8,28,Road,48.5,8.4,6.03
1781.2,27.8,12,Road,88.8,5.1,6.24
477.5,53.9,32,Road,2.8,2.5,4.86
440.7,34.8,13,Air,78.6,0.5,4.03
3571.9,1.4,23,Road,38.4,0.1,7.26
1919.5,2.8,36,Sea,54.1,9.3,11.66
3606.1,5.4,30,Rail,23.1,1.4,5.95
1231.2,53.7,22,Sea,57.9,5.0,10.47
1157.8,25.5,38,Road,73.1,7.9,6.47
1134.3,13.4,3,Multimodal,20.2,9.3,6.24
2774.6,84.7,9,Rail,34.3,2.0,7.63
3668.4,11.4,15,Sea,56.7,2.3,13.2
2037.9,60.8,30,Road,41.7,1.8,8.04
1709.7,80.5,26,Road,29.3,1.6,7.75
4381.2,15.2,30,Rail,45.2,4.5,7.41
529.8,19.7,5,Road,29.1,6.4,2.75
2192.4,51.9,31,Rail,30.2,7.1,6.88
1841.2,46.0,22,Road,61.1,3.3,7.36
446.1,47.1,15,Rail,47.7,6.2,4.7
1210.6,50.1,35,Multimodal,67.7,0.0,8.51
132.8,85.5,19,Rail,83.7,8.9,6.45
3946.9,5.3,34,Sea,94.3,8.7,16.75
2737.3,68.6,18,Rail,15.1,5.4,6.99
3668.5,21.3,14,Rail,62.6,2.4,6.63
2349.4,33.9,22,Multimodal,58.2,9.7,11.26
2699.8,8.5,24,Air,86.7,8.1,4.2
3155.3,40.4,13,Sea,89.6,0.2,13.49
4086.5,72.5,8,Road,76.1,4.7,10.8
417.4,9.3,2,Rail,59.5,1.0,2.63
1492.6,25.2,27,Road,19.9,1.3,5.08
3192.1,33.9,34,Road,27.7,0.0,8.3
4312.8,9.8,29,Rail,60.3,6.9,7.61
4413.7,68.7,26,Sea,13.9,2.5,16.82
2873.3,70.9,23,Air,18.4,3.0,5.18
875.2,75.3,36,Road,91.1,0.5,8.35
540.8,52.8,9,Road,95.6,0.1,5.7
4257.5,45.9,21,Air,0.5,7.9,4.21
1955.5,24.0,36,Road,86.2,6.6,7.56
880.7,59.1,3,Rail,93.8,3.8,6.04
4202.8,40.3,7,Road,52.6,0.7,9.15
474.8,87.4,23,Road,44.9,7.8,6.4
3284.4,87.2,32,Multimodal,91.9,9.3,16.5
2815.6,81.5,23,Road,0.8,5.3,8.7
399.4,32.7,16,Road,84.0,1.4,4.64
1527.7,33.4,5,Road,29.7,6.5,4.67
678.9,76.8,13,Air,64.1,0.7,5.34
2722.2,65.8,10,Air,32.3,1.7,4.98
2149.6,63.5,2,Road,52.3,4.7,7.07
24.2,25.5,16,Road,80.8,2.5,4.01
4390.8,75.1,1,Rail,18.1,9.3,7.9
1576.4,52.4,6,Road,66.4,8.1,6.58
1165.6,40.5,19,Rail,89.8,2.8,6.13
1004.9,78.0,33,Road,90.1,9.6,8.63
718.9,35.8,28,Road,89.4,3.8,6.19
4496.1,59.0,5,Rail,51.8,5.7,8.22
1331.5,42.2,12,Road,76.8,5.6,6.14
1827.8,53.6,30,Air,44.7,6.5,5.24
3921.7,4.1,17,Road,46.0,2.4,7.73
2890.3,41.8,19,Road,28.4,9.2,7.43
1662.3,50.3,25,Multimodal,28.5,2.7,8.75
4043.0,44.6,35,Road,3.8,6.6,9.27
3375.0,76.3,9,Sea,53.1,7.7,16.21
1029.4,28.3,32,Road,30.9,8.8,4.95
2898.6,79.6,39,Rail,18.8,4.6,8.74
4151.2,36.6,38,Sea,12.2,7.1,16.46
2236.6,62.7,15,Road,34.7,0.9,7.2
3302.6,8.3,37,Sea,89.9,7.8,15.54
4370.1,18.4,26,Rail,51.6,7.6,7.25
3108.4,68.6,31,Road,55.7,4.1,10.29
465.5,1.6,30,Rail,5.4,3.1,2.62
1104.3,87.2,2,Rail,52.0,3.8,6.38
2680.0,17.6,7,Road,66.8,0.9,6.67
1243.6,81.2,30,Road,15.1,6.4,7.21
4309.1,46.7,33,Road,98.4,9.1,12.15
1827.1,51.0,39,Road,91.5,6.7,8.99
2060.3,8.0,38,Sea,99.3,5.8,12.46
3158.7,33.2,20,Rail,36.0,9.9,6.41
2361.5,14.5,19,Multimodal,82.2,5.4,9.91
1722.7,47.6,9,Road,32.9,3.5,5.8
349.5,49.8,22,Road,74.9,7.0,5.49
2686.0,64.0,32,Sea,94.8,5.2,15.79
3904.8,79.1,30,Rail,15.5,9.7,9.01
3087.5,42.4,6,Rail,14.0,9.0,5.41
1719.8,21.4,17,Road,10.4,9.5,4.62
579.1,30.4,37,Road,79.8,0.0,5.81
3674.4,76.3,15,Road,66.7,3.3,11.01
4238.2,13.6,7,Multimodal,52.2,6.3,12.25
1750.3,56.6,14,Road,77.4,3.1,7.51
3280.2,1.7,20,Air,85.0,6.6,4.1
1851.4,22.5,30,Rail,95.0,7.1,6.8
2262.7,53.4,18,Road,20.1,6.2,6.98
3765.0,41.3,22,Rail,44.2,4.6,7.55
380.0,44.7,25,Sea,92.3,7.0,9.65
2388.9,59.6,24,Air,46.1,7.8,5.23
969.7,21.5,31,Road,48.8,7.0,5.12
1532.4,25.6,18,Road,94.2,8.1,6.71
2901.7,61.8,34,Road,73.5,9.5,10.26
127.4,48.7,18,Road,55.2,1.0,4.52
2674.2,1.8,14,Rail,35.7,9.1,4.77
1279.1,60.5,4,Air,91.5,2.7,5.03
3014.3,56.0,7,Road,0.9,5.6,7.18
641.4,7.5,7,Sea,32.1,9.4,7.08
3312.5,67.4,1,Rail,94.6,6.2,8.28
2907.2,47.2,24,Road,49.8,0.8,8.61
4370.7,18.8,32,Road,62.4,5.0,10.23
4101.0,50.6,10,Sea,53.3,8.9,16.92
1278.4,53.8,9,Air,39.7,4.1,3.83
127.8,82.9,39,Rail,66.5,8.5,7.62
2950.9,66.9,3,Road,76.6,7.9,8.96
2715.0,27.5,35,Road,36.4,9.1,7.6
128.3,11.1,5,Road,59.1,2.6,2.32
556.4,76.9,7,Rail,8.3,5.0,4.91
2633.2,76.2,12,Sea,54.8,3.4,13.85
4103.7,16.2,23,Road,74.8,5.3,9.54
4079.7,6.1,25,Sea,58.5,0.2,13.71
685.9,64.2,17,Rail,87.8,2.4,6.52
1733.7,65.2,14,Rail,28.6,9.7,5.95
199.2,16.4,35,Multimodal,49.2,6.0,6.44
2114.4,60.3,1,Road,8.7,1.7,5.97
3390.1,25.5,22,Air,70.0,5.1,4.77
3555.9,23.8,28,Road,44.3,7.0,8.59
2248.0,29.5,23,Road,53.0,6.0,6.91
435.9,47.1,18,Air,12.8,5.0,3.44
1719.2,72.5,37,Air,99.7,6.7,7.53
4194.8,45.1,3,Rail,77.2,1.7,8.24
1037.1,27.2,14,Rail,40.1,4.4,4.42
1442.3,79.6,39,Sea,57.0,7.5,13.38
3362.0,5.4,7,Sea,61.9,5.8,12.72
3302.4,71.8,17,Road,96.1,9.1,10.75
4105.3,70.7,6,Sea,76.8,4.4,16.86
1749.6,23.2,19,Rail,35.0,1.3,4.85
2318.1,18.2,15,Rail,97.8,0.5,6.39
2105.9,78.8,39,Road,30.2,4.8,9.21
4175.2,50.5,5,Rail,57.7,4.4,7.77
3463.1,4.6,15,Multimodal,70.1,2.6,10.32
3742.3,80.2,26,Rail,27.1,5.9,8.68
603.3,31.7,39,Multimodal,95.6,2.5,7.94
3564.4,31.1,13,Road,21.6,2.2,7.52
1951.2,58.1,31,Sea,44.2,6.2,12.53
109.9,59.7,13,Sea,18.0,9.4,7.96
275.1,32.1,23,Rail,87.5,2.0,5.06
3052.2,13.3,32,Rail,22.2,1.8,5.86
1677.2,49.9,37,Rail,3.5,5.2,6.14
3907.2,56.5,4,Air,3.9,1.2,3.99
3305.6,77.5,17,Sea,41.4,2.9,14.7
102.5,43.9,20,Road,52.3,9.9,4.41
3092.6,58.3,11,Sea,4.2,8.4,13.76
869.6,5.4,33,Road,9.3,7.1,3.61
1904.5,80.6,39,Road,9.7,0.3,8.55
2813.2,29.8,6,Air,66.9,2.7,3.83
3927.9,57.1,39,Road,30.0,5.7,10.54
2055.2,82.5,38,Sea,56.3,7.1,14.74
3639.2,73.0,18,Road,7.4,6.7,9.58
3524.4,57.6,2,Road,89.2,1.9,9.9
1868.4,63.5,38,Rail,30.4,4.7,7.2
2256.9,82.9,17,Road,77.8,2.0,9.36
3153.7,73.2,24,Sea,82.7,9.2,17.23
145.0,55.1,30,Road,98.8,5.6,6.17
4009.2,59.5,24,Road,74.1,3.9,10.9
3465.3,13.7,4,Road,44.3,9.2,6.92
1126.1,42.6,7,Road,15.3,9.0,4.21
4415.4,27.4,15,Sea,4.8,5.0,14.72
811.4,39.2,30,Road,88.6,6.9,6.56
4113.8,59.8,29,Rail,44.7,3.2,9.04
1463.5,13.8,13,Air,75.0,3.1,3.39
3435.3,2.1,39,Rail,49.6,5.5,6.55
2056.4,36.0,29,Sea,88.0,8.5,13.21
3315.4,29.3,26,Road,75.0,6.0,8.97
705.2,38.1,36,Road,8.5,4.6,4.81
1216.4,83.8,35,Air,75.2,6.6,7.12
453.9,63.8,19,Sea,26.7,8.1,8.95
3893.8,29.8,2,Rail,77.3,7.9,6.94
1336.8,16.5,14,Rail,94.9,3.7,5.16
3126.7,55.9,16,Road,93.0,9.4,9.97
3691.9,59.4,36,Road,12.5,0.2,9.94
4056.9,43.8,31,Sea,5.5,4.5,15.25
482.8,19.5,35,Rail,77.7,9.1,4.87
4019.1,3.1,22,Rail,71.0,7.0,6.53
891.7,24.3,21,Air,17.6,7.0,2.83
3317.4,41.4,28,Road,68.5,1.6,9.35
3281.2,71.0,17,Road,1.5,5.8,8.69
43.2,76.9,18,Air,63.1,9.7,5.65
996.7,37.5,32,Sea,83.2,2.1,9.74
2216.1,71.8,23,Rail,64.2,3.3,7.89
1893.1,89.4,6,Road,6.5,3.9,7.25
4134.0,64.6,29,Road,99.1,3.6,12.23
1622.0,65.7,6,Rail,35.6,6.3,5.54
4216.7,81.9,33,Road,38.0,2.3,12.02
2070.1,30.8,32,Sea,8.5,5.1,10.95
4339.8,1.5,17,Multimodal,16.7,4.0,10.7
3319.4,88.8,4,Sea,27.1,6.4,15.43
3732.9,44.4,31,Road,79.9,2.4,10.37
476.4,70.8,22,Sea,69.2,5.5,9.58
2639.7,73.2,27,Road,58.4,7.4,9.51
646.4,36.1,21,Road,86.4,6.9,5.44
1342.8,48.9,20,Road,99.8,8.3,7.4
2807.9,48.8,34,Road,38.5,9.6,8.78
3269.4,20.2,23,Air,39.1,8.5,3.95
181.1,11.0,16,Road,73.6,9.4,3.6
2391.6,49.1,6,Road,64.4,0.2,7.28
2546.1,11.3,16,Multimodal,1.3,6.3,8.49
359.3,31.5,7,Road,65.5,2.7,3.6
2255.6,17.2,14,Sea,72.0,8.1,12.1
3213.7,63.8,3,Road,98.6,8.2,9.59
244.3,78.5,33,Road,58.7,0.5,6.68
3422.4,52.2,36,Air,68.4,6.0,6.47
2596.0,37.2,39,Road,78.9,8.5,9.09
3750.4,89.7,29,Rail,9.6,5.9,9.07
985.2,2.4,39,Road,73.5,4.3,5.02
3750.6,27.7,4,Road,54.7,0.8,8.25
430.1,25.4,39,Road,10.0,7.3,3.99
1820.2,32.4,22,Road,67.0,0.7,6.66
901.7,21.1,15,Road,23.5,6.0,3.64
3942.7,24.2,4,Sea,53.8,9.2,15.4
3173.6,23.6,18,Rail,28.1,4.2,5.74
119.0,45.8,23,Road,10.5,7.7,3.84
47.8,35.5,38,Road,25.1,8.0,4.52
1314.2,57.7,4,Air,43.9,0.1,4.21
649.1,46.5,4,Air,49.4,9.1,3.48
2838.2,16.9,18,Sea,14.8,1.9,10.53
2988.8,73.0,1,Air,32.1,2.8,4.58
4239.1,42.8,32,Road,85.9,8.7,11.38
4284.4,14.2,21,Road,91.0,6.9,9.79
2966.7,15.4,38,Rail,53.5,3.7,6.93
30.5,71.8,26,Rail,49.0,0.9,5.75
1618.7,63.4,21,Rail,58.1,3.9,6.82
2311.6,45.8,29,Road,21.5,9.7,7.25
2248.8,27.9,32,Multimodal,99.4,1.0,10.28
2717.0,41.7,4,Sea,74.5,8.5,13.64
4322.7,57.5,13,Road,23.9,3.3,9.77
3983.9,79.2,35,Sea,27.2,6.5,17.9
494.5,50.3,27,Road,64.8,6.3,5.76
1200.6,25.3,1,Road,32.3,3.3,3.85
3749.8,4.3,39,Road,35.5,0.5,8.34
3710.3,16.2,14,Road,78.1,1.5,8.49
1242.8,58.7,37,Road,26.7,5.7,6.54
3289.0,14.9,30,Sea,70.5,9.5,15.09
3025.8,43.6,14,Road,93.5,9.3,9.0
2133.5,63.1,11,Rail,12.4,1.1,5.7
910.5,28.1,31,Road,14.4,8.8,4.27
3999.5,60.4,28,Road,94.3,2.3,11.87
3051.9,52.5,27,Air,20.4,9.1,4.78
764.6,39.8,3,Rail,2.1,7.6,2.73
3173.1,80.8,6,Multimodal,86.9,9.6,14.61
3337.7,62.4,39,Multimodal,28.2,4.4,13.31
3991.5,32.8,19,Road,29.8,7.3,8.44
1006.7,72.5,34,Road,22.7,7.4,6.91
4449.4,66.6,28,Air,91.8,5.0,7.48
694.5,71.4,12,Multimodal,77.4,9.7,9.81
2705.1,57.9,39,Rail,59.7,2.4,8.34
2959.0,34.5,10,Sea,45.3,9.9,13.83
1888.2,31.7,25,Sea,14.4,8.1,11.0
2140.3,59.0,23,Road,92.6,6.2,9.18
4009.6,12.2,26,Rail,75.0,0.8,7.62
2905.5,73.9,19,Sea,27.9,2.6,13.56
2239.0,33.6,38,Rail,94.7,8.4,8.02
581.9,56.9,20,Road,93.5,7.3,6.58
38.0,45.2,18,Road,66.0,9.6,4.29
566.7,47.0,11,Road,98.5,4.0,5.79
4303.0,66.6,25,Road,18.7,8.9,10.66
3439.6,56.6,1,Air,73.1,8.6,4.95
4352.2,22.9,32,Road,15.2,9.7,9.09
165.5,7.1,33,Road,69.2,2.7,3.97
3062.6,75.7,7,Road,92.0,4.9,9.99
204.1,79.7,31,Rail,53.6,0.8,6.77
3520.3,15.2,26,Rail,76.3,5.9,6.92
1717.4,28.2,7,Road,14.3,7.3,4.31
435.5,25.8,36,Road,63.3,2.4,5.16
2558.4,84.4,24,Road,6.3,1.7,8.58
1264.1,18.8,5,Rail,3.7,6.4,2.74
2969.8,15.4,22,Road,63.4,3.9,7.5
2963.5,16.8,36,Multimodal,57.3,4.3,11.17
3174.0,65.8,3,Rail,32.9,4.7,6.63
4466.1,80.0,37,Road,51.3,5.1,13.04
1743.2,35.7,38,Sea,68.4,2.0,11.22
2096.6,12.7,6,Road,64.5,5.8,5.53
3621.7,52.9,25,Rail,7.4,0.7,7.13
2604.8,19.3,23,Road,67.8,1.1,7.27
172.5,6.2,12,Rail,66.0,7.1,3.03
3794.6,79.8,28,Sea,67.0,7.3,18.19
236.5,78.4,32,Air,84.7,2.7,6.81
772.8,87.8,25,Road,57.7,1.8,7.3
463.8,42.9,34,Road,93.8,0.5,6.23
355.3,26.8,30,Rail,98.0,4.2,5.71
120.5,69.4,37,Air,75.2,5.1,6.28
252.3,16.7,18,Air,35.9,9.0,2.67
1993.8,22.3,35,Road,14.3,0.0,5.92
1141.6,23.4,37,Road,82.0,4.1,6.46
573.8,85.7,6,Rail,14.7,4.2,5.01
2965.9,65.8,19,Road,14.6,8.9,8.33
1021.4,12.5,22,Road,91.9,2.0,5.46
90.2,8.8,32,Road,56.0,0.7,3.86
1885.8,75.9,27,Rail,29.3,3.8,7.2
1400.4,72.3,16,Multimodal,96.3,6.1,10.88
1437.1,60.6,26,Multimodal,70.7,8.6,10.97
2006.5,18.1,39,Road,53.5,2.7,6.97
3011.8,43.5,4,Rail,32.9,2.5,5.77
2776.1,54.4,16,Air,67.7,3.3,5.24
4218.0,83.9,19,Road,73.1,1.2,12.17
2332.1,15.7,28,Rail,71.2,9.8,6.23
2129.2,46.6,17,Road,19.5,5.4,6.6
964.3,14.6,2,Road,69.7,2.7,3.88
3400.4,40.2,2,Road,58.1,3.6,8.04
637.8,18.4,24,Road,85.0,8.7,5.08
2212.6,75.3,27,Rail,62.5,6.7,8.38
1898.8,23.3,4,Road,14.6,5.5,4.39
2964.1,37.8,36,Road,31.9,7.2,8.08
4129.7,37.0,20,Road,74.4,7.6,10.04
4259.9,78.0,12,Air,74.0,1.9,6.89
759.3,68.3,28,Rail,22.3,1.6,6.06
1181.9,5.7,29,Rail,35.5,9.7,4.22
3653.3,6.5,33,Rail,1.5,1.9,5.67
2334.7,49.8,18,Road,33.2,4.6,7.14
2041.4,38.8,12,Road,2.6,9.8,5.48
3199.3,25.2,10,Sea,87.3,4.2,13.6
2710.7,71.4,24,Road,66.7,5.1,9.25
4368.4,12.0,17,Road,96.9,8.0,9.88
2630.0,87.7,32,Sea,89.2,3.4,15.7
2099.6,2.7,25,Road,60.3,4.3,5.75
2445.0,11.1,7,Road,50.3,3.3,5.53
3639.4,28.4,20,Rail,88.4,2.9,7.89
2759.0,46.1,29,Road,29.8,4.7,8.08
2913.5,19.8,19,Sea,22.4,7.5,12.65
4371.6,66.4,11,Rail,41.0,8.7,8.81
2784.7,32.5,33,Rail,5.3,4.7,6.22
1714.4,3.9,15,Sea,30.2,3.2,8.21
3112.5,79.1,31,Road,8.4,9.1,9.53
2969.3,85.0,13,Road,5.3,3.4,8.74
67.2,55.9,19,Road,55.1,7.8,4.7
2105.6,72.7,6,Road,70.8,7.5,7.93
3344.4,11.3,28,Multimodal,53.7,0.5,9.99
2248.2,24.6,22,Sea,7.1,1.8,9.4
3509.4,29.6,28,Road,39.5,5.7,8.86
2031.7,86.5,16,Road,11.1,8.7,7.69
4425.0,46.3,33,Road,65.0,5.9,11.51
1321.5,1.2,26,Road,82.6,7.4,5.3
419.1,34.5,23,Road,11.7,7.3,3.96
1937.9,1.2,1,Rail,6.7,4.9,2.75
2440.0,21.8,29,Air,40.6,5.6,4.04
1574.2,41.2,8,Sea,30.3,0.7,8.35
1094.1,29.4,39,Road,26.1,9.3,5.5
3025.9,3.4,3,Road,21.1,6.7,5.12
1700.2,10.9,13,Rail,31.7,1.5,3.75
2843.0,49.8,20,Sea,96.5,2.4,13.93
3506.9,62.8,5,Sea,85.8,0.0,14.04
3425.7,36.7,12,Air,60.1,2.6,4.18
1692.0,66.0,17,Rail,80.0,3.2,7.26
2557.7,15.1,14,Rail,1.5,6.8,4.26
2026.2,11.4,26,Road,11.1,4.8,5.02
3919.3,75.6,30,Rail,29.2,8.4,9.46
3955.0,30.9,32,Road,64.4,0.9,10.05
1550.1,39.2,30,Road,88.3,7.1,7.35
417.4,85.3,12,Rail,23.1,8.7,5.18
758.3,38.5,36,Road,13.9,4.2,5.02
1654.7,0.8,19,Road,84.8,2.9,5.16
2541.3,84.4,25,Road,40.9,4.5,9.27
2957.3,1.8,33,Road,70.0,7.9,7.71
1494.5,59.8,21,Road,54.8,9.2,6.83
3005.4,29.4,2,Road,17.6,0.7,6.09
4220.1,42.6,37,Road,70.1,5.3,11.31
2935.8,49.5,21,Road,42.1,6.4,8.18
717.8,37.1,26,Multimodal,28.8,0.2,5.85
2610.6,69.8,32,Road,90.3,1.8,10.47
2440.8,83.8,27,Road,0.6,0.6,8.28
3918.8,8.2,17,Rail,40.5,2.9,6.07
1579.6,72.1,4,Air,30.1,2.1,4.3
1906.1,12.0,39,Rail,5.4,4.9,4.82
2696.0,7.7,15,Road,8.0,6.6,5.26
2362.3,86.0,33,Rail,17.2,8.4,7.99
3237.0,44.3,14,Sea,50.5,3.0,13.31
186.5,14.2,26,Sea,28.3,0.5,5.15
2538.0,51.5,2,Rail,83.8,0.0,6.7
551.9,24.1,20,Air,24.0,8.4,2.64
1421.9,42.1,26,Air,72.0,8.8,5.25
2979.0,56.4,2,Rail,21.0,1.0,6.02
712.6,78.3,2,Road,4.3,0.1,4.47
1393.2,0.8,17,Rail,26.5,8.0,3.19
3165.0,19.7,18,Sea,83.8,6.4,13.95
2930.4,9.1,4,Road,8.2,5.6,4.97
414.2,9.2,17,Multimodal,34.4,5.3,4.97
2599.8,85.1,33,Road,0.8,7.7,8.98
666.9,84.3,23,Rail,63.0,2.9,6.92
1139.0,67.6,13,Air,94.3,3.9,5.95
2069.2,58.1,7,Road,38.4,0.8,6.81
496.5,76.4,1,Rail,57.7,5.7,5.22
4471.4,5.7,31,Road,45.2,9.6,9.31
748.3,11.2,36,Road,97.3,2.8,5.67
3517.0,28.9,25,Road,73.6,9.3,9.1
3735.1,75.0,30,Road,4.4,7.3,10.15
4475.1,42.8,38,Road,10.9,2.3,10.13
1931.8,45.6,21,Multimodal,47.0,6.6,9.9
3934.1,21.0,19,Multimodal,63.2,3.7,12.0
4309.1,58.5,16,Road,29.0,1.2,9.98
782.2,80.0,33,Sea,67.5,0.9,10.12
2160.1,30.0,6,Road,57.7,0.2,5.85
274.7,55.9,37,Road,43.5,8.0,5.68
2795.2,30.2,8,Road,58.2,8.8,7.05
2618.4,71.4,1,Multimodal,91.6,4.8,11.84
922.5,43.0,13,Multimodal,24.3,5.2,6.9
3591.6,30.9,26,Road,79.1,6.9,9.67
172.5,38.1,16,Road,1.2,7.0,2.77
3629.0,8.7,39,Road,8.5,3.2,7.87
124.8,78.0,28,Rail,95.0,1.6,7.18
2957.4,86.2,23,Rail,69.8,4.3,9.28
359.1,43.2,7,Road,63.3,7.0,4.21
1134.3,20.3,24,Sea,33.4,8.0,9.13
3250.0,60.0,8,Road,18.4,0.9,8.02
1265.4,41.0,1,Air,38.0,5.9,2.93
2302.7,23.1,4,Rail,59.8,0.5,5.06
4119.0,3.9,19,Road,63.4,8.2,8.71
228.1,80.1,22,Sea,17.0,6.7,8.71
3650.8,71.8,36,Sea,44.6,7.0,17.35
298.4,74.7,1,Road,56.7,7.6,5.35
574.9,39.9,19,Road,96.0,5.0,5.49
541.3,67.9,29,Multimodal,54.9,3.0,7.86
4473.5,52.5,19,Road,58.1,7.9,11.05
814.9,34.0,6,Road,76.5,7.8,5.07
4035.9,75.9,25,Rail,41.9,1.3,9.56
4459.2,89.9,39,Sea,38.4,9.0,20.5
1730.1,81.0,23,Sea,59.1,2.2,11.98
2841.6,70.0,1,Air,78.3,3.1,5.48
3507.0,67.4,15,Rail,63.8,2.2,8.57
1769.9,58.7,25,Road,18.6,9.7,6.93
732.4,76.9,4,Rail,39.8,3.0,5.39
1954.8,44.6,1,Sea,51.3,9.7,11.39
3474.6,16.8,21,Road,52.4,6.4,7.86
3514.5,69.2,10,Road,34.0,1.8,9.28
1041.3,82.8,2,Road,52.2,5.5,6.11
791.5,31.1,17,Rail,67.3,8.8,4.5
4142.9,70.6,13,Air,46.8,5.6,5.98
202.8,25.0,27,Rail,45.1,1.3,4.06
3307.6,84.9,28,Multimodal,80.2,2.9,14.46
213.7,61.7,10,Road,75.7,2.2,5.38
3771.4,51.5,10,Air,42.2,1.3,4.63
4074.8,70.3,9,Sea,99.6,3.3,17.27
1341.9,73.3,34,Road,6.6,6.6,6.84
337.3,80.4,39,Multimodal,32.6,3.8,8.2
2165.7,81.2,4,Road,3.7,4.4,7.04
1346.6,5.2,4,Air,83.9,3.2,2.73
1880.0,11.5,4,Air,75.6,9.9,3.19
2994.1,74.4,11,Sea,68.4,5.9,15.1
948.2,85.2,1,Rail,21.4,8.3,5.32
1609.5,28.0,21,Road,70.8,4.4,6.37
3522.6,1.3,25,Rail,35.5,1.7,5.73
2898.7,29.4,9,Road,86.9,8.5,7.86
1471.6,34.8,25,Sea,20.0,7.6,10.26
2991.0,68.6,18,Sea,21.8,3.3,13.72
3445.1,4.8,7,Air,96.1,6.1,3.86
2668.2,19.5,26,Road,51.7,0.9,7.26
1081.5,80.5,18,Sea,44.6,0.3,9.49
6.1,14.4,1,Multimodal,35.2,8.2,4.43
3613.8,68.5,9,Sea,83.1,9.4,17.19
3702.7,32.8,10,Road,35.3,3.4,7.93
3140.7,59.8,11,Road,35.6,6.0,8.39
349.2,7.1,32,Road,12.3,7.2,2.95
2635.6,26.1,21,Rail,52.1,7.5,6.22
3695.5,38.5,36,Rail,92.4,4.8,9.03
1756.6,77.2,32,Multimodal,95.8,6.1,12.49
895.0,50.9,19,Road,99.6,6.6,6.79
2646.4,4.5,8,Road,47.3,1.0,5.48
3719.2,72.3,35,Rail,77.5,6.5,10.12
224.7,5.4,22,Sea,55.3,5.1,6.42
2688.3,84.1,4,Multimodal,54.8,3.8,11.55
2896.1,19.4,29,Sea,80.6,2.6,12.72
2712.6,44.2,31,Road,83.5,6.4,9.37
2926.9,7.0,8,Rail,2.0,1.7,3.87
2843.0,50.8,12,Air,94.3,8.1,5.42
591.2,45.0,5,Rail,82.3,1.7,4.76
1061.0,37.2,30,Road,72.1,7.7,6.34
2787.4,3.7,35,Road,85.2,8.2,8.02
84.5,79.2,37,Road,53.7,9.4,6.77
2858.2,72.3,4,Sea,77.3,4.6,14.11
2995.9,57.2,21,Road,59.9,0.6,9.08
1080.1,51.7,16,Road,54.3,6.8,6.01
2693.6,62.7,18,Road,21.2,2.8,8.1
2405.7,13.4,31,Rail,84.7,0.9,6.57
1176.8,84.0,38,Road,88.4,8.6,9.07
2086.1,26.0,32,Rail,97.1,1.4,7.23
4093.8,59.3,33,Road,12.0,5.1,10.01
1922.6,54.8,19,Road,29.2,7.9,6.77
2836.1,57.5,20,Rail,68.5,2.0,7.86
163.9,79.2,10,Road,85.5,9.0,6.01
354.7,27.0,26,Road,75.1,3.3,4.9
370.5,67.5,18,Road,45.6,4.0,5.59
3503.2,54.1,15,Air,72.6,1.3,5.51
1579.4,7.3,36,Rail,7.2,6.4,4.06
1028.1,37.6,18,Road,66.3,5.0,5.7
3364.2,75.5,31,Road,0.8,9.7,9.38
769.0,28.7,15,Multimodal,4.8,7.0,6.05
1113.0,43.7,38,Rail,75.7,7.6,7.14
1942.0,44.2,29,Road,47.8,2.0,7.32
1494.8,55.8,15,Sea,6.0,7.1,10.14
2636.3,79.6,1,Sea,48.2,5.6,13.23
1523.6,16.0,37,Sea,6.3,4.0,8.63
1771.3,45.7,23,Rail,34.6,7.8,5.99
3883.7,38.5,11,Road,15.7,9.8,8.0
3981.0,27.0,38,Road,21.9,0.9,9.34
3725.6,82.8,16,Air,19.6,7.9,5.95
3892.4,1.2,30,Rail,37.2,9.2,6.3
2565.9,11.4,29,Road,10.8,3.2,5.97
2909.8,66.1,3,Air,52.8,3.6,5.03
2509.5,24.1,17,Air,40.7,7.9,3.76
3536.2,65.2,26,Multimodal,84.0,9.5,15.63
2481.7,75.0,9,Air,82.6,9.4,6.33
504.3,23.3,17,Multimodal,82.4,0.6,5.3
3644.1,17.7,37,Road,47.0,8.7,9.06
3423.8,13.5,31,Sea,29.1,5.9,13.92
3692.3,18.4,31,Sea,41.5,4.2,14.44
861.0,24.4,11,Road,68.7,8.5,4.52
1225.9,78.3,38,Road,53.0,8.0,8.03
1334.4,69.4,22,Multimodal,62.4,5.1,9.82
2288.8,0.7,3,Road,69.4,4.1,5.43
606.8,78.7,28,Air,91.8,4.7,6.85
1737.3,7.6,32,Road,94.4,3.2,6.62
823.8,59.1,4,Road,84.0,6.8,5.64
1195.1,14.1,38,Rail,6.5,8.9,4.25
3180.2,6.1,11,Road,97.9,2.5,7.58
3847.4,68.5,1,Rail,70.4,8.3,8.3
108.0,42.3,16,Rail,69.3,3.6,4.87
2548.7,54.1,34,Road,2.3,1.3,7.9
167.1,38.6,32,Road,47.9,0.4,4.93
388.2,6.5,33,Road,62.6,4.8,4.15
3174.4,66.7,11,Road,27.9,5.7,8.68
3311.6,73.9,36,Sea,8.3,0.1,14.44
3663.8,4.2,13,Road,53.2,6.5,7.29
2136.7,34.1,20,Road,44.6,5.2,6.63
3869.8,50.4,25,Rail,4.4,10.0,7.24
754.9,54.7,6,Road,51.9,1.0,4.89
1127.5,52.2,37,Road,10.8,7.1,6.03
609.6,62.5,26,Road,42.5,2.2,5.75
3589.9,87.0,4,Air,27.0,2.1,5.4
1032.9,35.5,26,Air,97.0,0.2,5.37
704.0,50.3,18,Sea,3.5,0.1,6.54
2805.9,63.1,13,Road,56.0,1.9,8.52
351.5,53.5,8,Road,15.2,1.8,3.79
206.8,35.1,33,Rail,31.9,0.0,4.31
484.7,56.4,16,Sea,18.4,7.2,8.15
6.1,58.7,39,Multimodal,99.5,5.0,8.94
3138.0,52.9,31,Road,3.2,4.0,8.56
2532.2,18.9,23,Road,54.1,1.0,6.89
948.4,45.8,16,Rail,60.8,3.3,5.61
1052.4,79.6,10,Sea,77.2,4.7,10.79
3650.3,78.2,36,Sea,62.6,10.0,18.93
2260.7,67.7,31,Rail,23.1,5.1,7.06
3144.9,62.9,32,Multimodal,59.8,0.2,11.99
2040.1,14.2,21,Rail,97.5,2.1,6.25
1073.5,41.6,16,Air,84.8,3.5,4.97
4367.0,10.4,29,Multimodal,45.3,4.6,12.84
2547.6,73.6,16,Sea,47.7,6.7,14.43
593.8,26.5,15,Road,13.3,5.9,3.43
1830.4,69.1,8,Road,57.0,5.1,7.18
1485.4,73.4,15,Rail,28.0,8.4,6.08
967.3,80.4,21,Rail,10.8,2.0,5.67
4200.8,68.0,21,Air,47.4,0.8,6.11
3964.7,51.0,7,Road,4.5,8.4,8.38
900.2,54.0,19,Road,12.0,4.6,4.94
1587.9,29.2,22,Sea,21.9,5.5,9.63
3431.6,16.3,38,Road,99.1,8.4,9.99
942.2,12.2,13,Road,80.8,9.5,4.56
2664.1,16.8,26,Road,54.2,5.5,7.3
3150.6,84.1,22,Rail,23.3,8.1,8.38
2944.6,15.2,7,Road,51.9,5.4,6.57
3180.3,65.3,35,Air,64.9,0.3,6.98
3181.6,17.0,3,Road,0.5,9.6,5.72
4341.8,87.8,35,Air,98.8,8.2,8.67
1562.5,33.3,16,Rail,62.7,7.5,5.69
3954.3,37.4,16,Road,98.8,4.4,10.32
103.0,36.7,2,Road,46.9,9.4,2.9
1300.5,73.6,38,Road,62.4,4.9,8.33
223.7,20.0,17,Rail,46.1,7.2,3.41
2932.2,74.9,38,Road,0.9,1.0,9.41
458.1,59.3,24,Road,85.0,2.2,6.53
3806.5,20.2,22,Rail,44.9,4.2,6.94
2911.4,6.4,23,Road,47.1,5.8,7.09
134.5,69.9,19,Road,36.0,8.1,5.04
3217.9,20.1,22,Sea,43.3,2.4,12.51
3879.8,80.1,17,Multimodal,72.6,7.7,15.35
2976.7,12.1,2,Road,70.1,8.9,6.74
142.2,55.7,14,Road,80.8,8.2,5.3
3861.3,62.4,28,Multimodal,97.5,6.2,15.46
3297.4,59.4,13,Road,39.1,8.1,8.84
1706.1,28.8,38,Multimodal,33.9,8.8,10.06
1482.2,78.9,17,Road,49.4,5.6,7.49
2161.8,69.4,9,Air,15.4,8.1,4.27
3902.6,46.2,14,Road,75.8,4.2,9.99
1138.0,54.5,2,Multimodal,58.1,5.2,7.69
458.8,51.2,21,Road,21.1,0.5,4.44
3891.5,85.2,35,Rail,86.4,8.8,11.11
123.2,80.7,30,Road,61.9,1.4,6.46
4099.9,21.6,17,Road,3.4,2.8,7.89
1379.3,24.0,39,Sea,19.7,3.2,9.48
2289.5,88.3,25,Rail,89.1,1.2,9.13
599.7,21.7,39,Air,38.1,9.2,3.66
4060.6,85.8,35,Road,98.4,9.7,13.51
3375.5,58.7,6,Air,53.0,8.7,5.24
4159.1,5.0,3,Road,20.8,3.5,6.99
3076.1,30.5,36,Multimodal,59.4,0.6,11.0
835.2,43.1,1,Multimodal,10.2,1.8,4.86
1390.7,75.1,34,Road,80.8,7.7,8.81
2193.4,29.9,1,Air,62.8,2.9,3.38
2734.6,28.3,26,Sea,96.4,8.9,14.93
4169.4,82.9,18,Road,69.0,8.4,11.61
1730.9,7.6,36,Rail,4.9,2.4,4.32
3165.3,49.9,6,Road,47.6,6.9,7.95
4324.7,45.6,11,Sea,53.1,4.4,16.31
689.9,5.6,30,Road,91.7,2.1,4.84
3882.9,8.4,14,Road,43.2,5.9,7.82
1896.1,34.7,10,Road,59.4,8.4,6.06
3297.2,12.5,31,Rail,18.6,9.3,5.86
1324.5,43.3,36,Air,24.5,0.6,4.69
1506.3,55.0,15,Multimodal,54.9,4.2,8.8
127.0,62.4,30,Road,69.7,6.0,5.78
4371.5,49.4,14,Road,43.5,3.4,10.07
3661.5,34.5,23,Sea,43.3,3.2,14.23
427.2,12.1,17,Rail,25.6,7.7,2.58
4497.8,22.6,27,Road,69.8,7.8,10.44
2724.6,38.0,13,Road,0.5,7.3,6.34
3842.5,83.2,14,Rail,51.3,9.0,9.13
304.6,18.6,26,Road,0.4,4.9,2.86
1755.6,37.5,11,Sea,59.3,7.9,10.89
3015.1,66.0,38,Rail,3.1,0.1,7.71
483.4,63.6,1,Air,94.0,9.9,4.95
2202.6,86.9,24,Rail,47.8,9.2,8.37
1994.8,17.6,20,Road,68.4,8.4,6.34
976.1,2.0,8,Air,85.4,5.9,2.93
1354.7,29.3,8,Rail,23.5,5.4,3.71
4352.2,13.9,30,Road,54.0,1.5,9.54
1302.5,49.6,18,Rail,86.3,0.5,6.4
964.4,80.9,13,Road,53.8,2.6,6.71
2415.3,62.1,36,Sea,39.3,1.5,12.57
3021.0,12.7,19,Rail,36.9,5.6,5.48
3264.3,10.9,13,Sea,38.4,3.3,11.94
3395.3,82.1,26,Road,61.5,3.9,10.9
170.6,44.1,9,Road,4.6,0.3,2.74
1775.0,83.2,34,Multimodal,41.5,5.5,11.55
3483.9,66.4,31,Sea,56.1,6.6,16.83
4072.3,89.4,7,Road,78.6,3.3,11.68
2711.9,78.5,9,Road,53.0,1.3,8.87
240.1,37.6,26,Road,92.6,7.0,5.47
1787.9,68.4,33,Rail,44.4,1.3,7.47
338.7,42.7,33,Sea,65.1,8.2,9.68
3369.7,21.4,4,Sea,1.8,5.5,12.11
290.5,22.1,28,Rail,23.8,2.4,3.79
839.9,36.1,4,Sea,81.5,9.0,9.37
1879.2,10.5,34,Road,58.6,1.4,6.02
2084.6,16.4,6,Road,94.6,6.0,6.34
1832.1,45.3,33,Rail,75.3,6.2,7.27
2088.0,85.9,5,Multimodal,45.0,0.4,9.52
3211.0,52.2,19,Sea,77.9,6.1,15.4
1664.9,37.1,18,Rail,46.8,6.9,5.37
2467.1,22.2,3,Rail,33.0,9.1,4.24
1368.6,18.0,34,Multimodal,4.7,7.1,7.59
1594.6,59.4,2,Road,86.6,4.8,6.75
2764.0,76.4,1,Road,41.9,8.5,8.3
2209.8,36.2,35,Multimodal,68.5,3.5,10.85
3255.0,49.8,4,Air,15.3,8.6,3.53
2524.6,63.8,35,Road,82.9,8.4,10.35
3617.1,5.7,8,Rail,82.4,6.0,5.91
1998.1,31.9,29,Road,48.2,3.4,6.81
2212.2,65.8,36,Road,67.2,5.9,9.34
3016.5,61.8,14,Multimodal,52.1,9.1,12.63
999.5,5.3,30,Road,55.2,6.4,4.85
1739.8,21.8,7,Air,88.9,8.4,3.69
2813.7,61.4,13,Road,96.7,3.4,9.48
134.8,24.8,22,Rail,36.7,2.9,3.59
1969.2,73.4,2,Road,33.2,2.6,6.58
2696.8,3.1,8,Sea,30.4,4.9,10.72
4353.4,17.5,21,Rail,77.1,4.3,7.89
3947.2,25.7,20,Rail,72.3,8.5,7.62
1266.9,83.3,11,Road,4.4,1.1,5.89
2284.9,71.8,34,Road,8.8,5.5,8.29
258.6,79.6,5,Road,64.6,4.0,5.28
1087.2,39.9,30,Road,27.5,9.4,5.54
3488.0,74.1,33,Rail,9.2,7.9,8.66
559.3,76.9,12,Rail,41.4,4.3,5.76
1163.3,36.3,5,Rail,87.7,6.4,5.1
4248.5,89.5,1,Rail,36.6,7.5,8.72
3708.2,76.7,35,Road,69.6,0.7,11.92
3519.3,87.7,25,Road,90.1,6.7,12.14
3891.2,78.1,4,Road,16.9,1.4,9.67
3374.5,70.0,9,Sea,61.0,1.9,14.73
547.0,85.0,3,Rail,90.8,4.6,6.4
2326.9,38.1,30,Road,19.3,9.8,7.12
2001.9,70.6,20,Road,98.9,9.5,8.89
1403.6,19.6,10,Air,36.5,9.0,2.54
3754.0,66.1,20,Sea,21.8,0.3,14.29
2091.3,70.8,3,Rail,83.8,8.5,7.03
276.0,64.6,11,Road,46.8,7.8,4.89
1241.0,76.6,15,Road,67.1,5.0,7.22
1032.7,37.5,28,Multimodal,49.0,3.3,7.69
3994.2,49.3,35,Sea,64.4,7.6,17.63
2915.2,1.5,7,Road,3.5,1.1,4.94
2523.9,13.6,33,Sea,35.0,6.5,12.08
2282.4,58.2,38,Sea,65.7,6.7,14.33
2927.3,50.8,19,Road,35.1,5.5,7.96
3398.2,18.2,29,Road,77.6,8.8,9.09
2497.0,22.3,2,Road,96.1,3.3,6.92
4222.6,31.3,19,Road,3.7,4.8,8.58
4395.9,64.6,9,Sea,85.5,7.6,18.29
4479.1,55.1,6,Road,16.9,7.2,9.55
3013.9,6.7,17,Sea,91.7,5.6,13.18
4197.1,68.5,2,Multimodal,94.7,2.7,14.08
1823.1,24.0,39,Road,56.9,2.9,7.22
3868.9,60.6,6,Rail,47.9,7.4,7.82
4091.7,11.5,14,Sea,75.8,0.1,13.91
4069.1,89.8,26,Sea,91.8,6.5,19.2
3739.7,7.7,18,Sea,23.2,2.5,12.73
1832.7,66.9,6,Road,38.2,6.7,6.75
719.3,48.9,12,Rail,41.8,1.9,4.81
1506.1,8.2,38,Rail,84.6,3.8,5.86
3454.0,2.9,22,Multimodal,13.7,7.5,10.51
1051.8,33.0,14,Road,62.3,7.6,5.4
2154.8,72.3,13,Air,35.1,2.1,5.2
2546.5,4.2,9,Road,88.6,3.8,6.22
2719.3,63.5,32,Multimodal,34.0,5.0,12.04
4211.1,59.2,10,Rail,97.8,5.9,9.46
2978.4,24.3,27,Rail,1.6,7.4,5.56
3539.4,7.4,14,Rail,24.0,0.2,5.13
2620.5,82.4,9,Road,45.7,1.2,8.62
3751.9,27.4,9,Road,25.6,1.6,7.67
1190.2,10.5,26,Road,73.7,1.9,5.46
948.4,61.5,32,Road,81.5,0.3,7.33
4168.8,19.9,35,Road,69.8,9.2,9.9
3122.2,43.1,26,Sea,97.0,1.6,14.37
3023.5,5.0,3,Rail,45.6,0.7,4.64
2105.5,89.4,30,Road,98.0,4.7,10.58
1698.3,40.6,29,Air,12.5,9.4,3.8
2502.8,89.9,20,Rail,84.6,9.6,9.25
546.9,35.0,4,Multimodal,3.8,6.8,5.27
2048.9,31.6,14,Rail,53.2,1.8,5.59
2051.9,82.4,39,Road,48.4,0.0,9.46
2424.8,30.0,21,Rail,85.6,3.4,6.94
2857.9,39.2,7,Rail,70.1,1.3,6.54
4308.1,7.5,6,Road,44.1,7.6,7.98
2936.5,86.0,6,Road,89.6,9.7,10.06
3977.3,8.1,25,Road,88.6,0.8,9.29
2505.6,69.5,4,Road,2.5,4.0,6.8
2823.0,48.7,37,Road,87.1,9.0,10.06
318.9,6.0,25,Rail,52.7,7.3,3.81
604.0,0.7,18,Road,83.9,8.7,4.11
2610.6,84.2,34,Rail,18.1,9.2,8.55
1783.7,66.9,25,Rail,15.1,4.1,6.35
3595.7,61.9,22,Road,72.2,6.9,10.42
2446.6,39.8,14,Road,27.5,7.1,6.29
3970.9,21.9,37,Road,55.9,6.3,9.72
4375.6,61.3,11,Road,68.9,3.3,10.74
668.6,54.9,27,Road,61.0,8.3,6.24
1779.8,65.5,26,Road,69.9,7.7,8.22
2994.1,33.2,35,Rail,62.0,4.5,7.44
1378.2,88.8,16,Rail,37.9,4.2,7.01
1205.3,6.5,20,Road,9.0,0.1,3.49
3662.8,7.6,15,Road,85.5,8.4,8.19
4411.8,82.6,14,Rail,84.6,2.8,10.56
3483.2,58.5,8,Air,0.6,4.7,3.78
2358.9,29.7,24,Sea,84.1,4.1,12.55
1994.1,68.7,33,Rail,15.1,6.8,7.01
2430.7,41.0,16,Road,33.3,3.9,7.12
2085.5,2.4,27,Road,41.3,1.8,5.71
2265.5,58.8,28,Air,68.0,8.7,5.86
919.5,22.3,14,Road,9.2,1.8,3.65
4067.3,10.8,9,Multimodal,82.7,0.3,10.9
3396.6,20.7,13,Rail,94.3,2.0,6.95
3066.0,43.1,22,Rail,95.3,4.6,8.42
4274.9,5.0,30,Road,9.2,4.2,8.18
1283.4,79.5,32,Rail,91.9,8.0,8.51
369.8,50.6,16,Rail,56.8,1.9,4.97
3718.5,26.7,25,Road,72.7,7.8,9.26
4492.9,62.0,23,Road,93.1,1.0,12.55
2605.1,72.5,37,Air,66.1,4.7,7.41
269.3,55.4,28,Rail,45.7,8.7,5.08
3513.2,18.6,3,Road,52.5,4.1,7.2
336.5,10.4,23,Road,68.5,9.6,3.94
2432.4,77.5,33,Sea,94.5,6.3,15.74
1252.5,21.5,39,Sea,89.0,7.6,11.33
4118.0,2.3,25,Rail,57.7,5.1,6.9
2033.7,58.0,25,Rail,21.1,4.3,6.47
4043.6,14.2,39,Road,34.7,0.8,9.49
1349.4,89.2,21,Rail,36.2,1.2,6.87
1746.2,78.3,31,Road,28.9,5.7,7.91
4262.3,55.0,30,Multimodal,74.7,6.1,15.43
909.9,75.1,39,Rail,83.6,9.8,8.47
2605.4,42.6,34,Road,32.0,8.6,8.28
1751.4,71.1,38,Road,84.6,8.4,9.4
3484.9,58.4,7,Sea,73.4,2.9,14.67
586.2,3.1,27,Road,44.1,4.1,3.63
1970.3,85.4,13,Road,69.9,1.0,8.84
3146.7,77.6,29,Rail,76.9,5.8,9.54
1834.5,85.8,23,Road,56.1,0.7,8.73
268.1,66.0,8,Sea,44.3,4.5,7.67
3174.5,37.4,21,Road,10.2,5.7,7.3
2266.9,19.0,13,Sea,0.1,2.3,8.7
55.8,16.6,26,Road,93.7,7.8,4.3
2758.9,13.5,10,Road,26.7,6.7,5.73
4139.9,20.2,29,Air,66.3,1.5,5.13
504.1,49.8,27,Rail,94.3,9.8,6.41
2660.1,61.7,4,Road,81.8,5.4,8.28
3280.4,28.6,31,Road,12.3,0.3,7.86
323.1,49.6,17,Rail,80.2,3.5,5.31
106.7,31.0,8,Rail,72.6,9.8,3.8
2091.6,62.8,37,Multimodal,32.9,9.0,12.12
3561.4,89.0,20,Multimodal,69.0,1.5,14.06
727.4,62.2,10,Rail,82.6,8.6,5.89
3765.7,5.8,34,Road,29.1,6.2,8.4
2956.3,43.2,39,Rail,86.9,0.2,8.56
1498.1,69.4,11,Rail,7.9,7.6,5.22
2323.6,49.0,12,Road,52.7,4.1,7.26
4345.3,85.6,10,Road,23.3,4.0,10.65
977.9,5.4,13,Road,72.8,3.8,3.94
2250.4,26.6,34,Road,17.5,6.0,6.61
2812.1,20.3,30,Road,34.1,7.1,7.1
625.4,69.2,15,Rail,12.7,6.5,4.72
200.6,47.4,8,Sea,81.2,2.4,7.11
65.5,12.9,38,Rail,13.2,7.1,3.52
1464.5,26.1,36,Road,72.3,1.4,6.75
337.4,47.3,22,Road,70.7,9.7,5.34
3617.9,89.7,5,Rail,14.2,4.7,7.73
4488.0,33.1,32,Road,56.6,0.9,10.6
280.6,14.5,20,Rail,49.7,5.8,3.08
1950.1,45.0,23,Multimodal,59.5,5.8,10.06
120.7,28.3,2,Road,93.7,0.4,3.88
607.3,51.2,19,Road,8.1,0.1,4.24
1456.5,42.3,26,Rail,82.1,10.0,6.63
1774.7,62.2,36,Multimodal,86.2,3.9,11.39
4229.3,82.3,14,Sea,12.6,2.5,16.3
1784.3,18.4,7,Air,65.6,5.5,3.42
2235.8,74.0,16,Road,70.2,0.1,8.83
1108.9,85.5,10,Multimodal,54.9,0.1,8.12
5.6,33.9,22,Road,50.3,1.1,3.99
4047.5,10.7,26,Road,31.8,8.0,8.44
372.3,74.1,5,Air,68.9,2.5,4.6
4339.3,63.2,12,Air,28.6,5.0,4.98
593.1,19.5,24,Road,46.0,2.2,4.09
2723.9,40.3,24,Road,85.7,5.4,8.73
4497.4,52.2,15,Road,9.0,5.1,9.61
627.4,15.7,24,Road,52.8,4.0,3.8
1910.6,64.5,24,Road,48.6,4.3,7.95
3513.0,62.2,26,Multimodal,37.8,6.5,13.57
149.7,79.9,34,Rail,59.8,8.4,7.03
3105.6,51.3,18,Sea,1.6,3.2,12.62
366.3,51.9,37,Sea,49.2,5.3,9.18
1068.2,55.9,6,Rail,48.6,8.5,4.91
724.5,25.0,25,Sea,51.6,1.7,7.22
4083.5,68.4,17,Rail,21.2,9.8,8.25
816.2,59.8,16,Road,20.8,7.5,5.09
186.8,75.6,29,Rail,64.7,3.7,6.32
2646.4,69.3,1,Rail,9.3,3.8,6.05
1561.1,57.7,20,Sea,30.6,2.1,9.93
1828.6,14.9,26,Multimodal,83.1,2.7,8.61
540.2,82.8,21,Road,10.4,5.9,5.51
3368.3,33.4,27,Sea,46.8,0.0,13.25
2709.0,86.8,36,Road,66.9,0.2,10.73
1642.2,36.5,35,Sea,14.2,9.9,11.63
776.2,13.6,16,Road,31.2,2.4,3.39
2672.6,79.7,29,Road,55.9,8.3,9.83
3504.8,71.7,7,Road,32.7,6.1,8.95
1409.2,70.9,7,Rail,11.0,4.5,5.39
121.2,8.5,34,Road,23.2,7.3,2.87
968.5,79.2,5,Air,10.9,0.5,3.92
3072.4,53.9,8,Road,98.4,7.6,9.52
4451.0,42.6,8,Multimodal,23.6,8.6,13.76
65.1,82.2,29,Sea,53.1,2.8,8.8
1381.2,60.1,10,Road,42.9,3.0,6.31
283.8,12.4,1,Road,57.0,1.0,2.72
1427.0,47.0,38,Sea,49.8,8.6,12.07
1829.6,57.5,28,Rail,72.7,8.1,7.62
4144.3,80.9,7,Rail,87.3,4.3,9.5
367.1,25.6,17,Road,28.5,3.8,3.05
3498.2,71.6,24,Rail,18.4,4.3,8.12
1782.9,72.1,35,Multimodal,98.4,4.2,12.05
3651.6,12.0,9,Road,86.6,4.3,8.34
2312.7,2.0,3,Road,36.4,1.5,4.65
181.6,52.5,4,Road,89.5,0.1,4.93
4258.2,71.2,32,Sea,67.1,7.6,19.44
376.9,50.1,13,Sea,43.7,3.4,7.6
2691.6,73.3,24,Road,87.3,4.9,10.25
3950.1,56.2,7,Road,67.5,3.1,9.91
363.6,59.0,19,Road,82.6,3.8,5.91
2494.8,3.0,27,Road,41.8,0.7,6.18
3710.2,8.4,27,Road,79.9,3.7,8.85
4438.5,65.4,18,Multimodal,36.7,4.6,14.61
3260.9,68.8,30,Rail,73.5,8.3,9.46
1256.1,49.0,28,Road,43.6,3.2,6.28
3149.6,53.3,29,Air,40.5,0.9,5.49
3177.4,55.5,9,Rail,79.7,7.6,7.52
3151.3,9.9,39,Rail,12.5,3.8,5.94
3844.9,60.3,39,Road,92.8,9.2,12.09
397.8,43.3,21,Road,50.9,9.6,4.59
492.3,54.4,38,Multimodal,63.6,8.7,9.46
2884.6,50.9,7,Rail,40.5,2.3,6.2
4292.7,68.8,25,Road,64.6,2.5,11.5
2098.9,29.0,26,Rail,71.0,7.9,6.63
4322.7,33.9,6,Air,86.8,4.5,4.73
4221.7,35.5,20,Road,85.4,3.0,10.53
4063.6,68.7,18,Rail,35.8,2.9,8.74
4094.8,39.1,20,Multimodal,61.6,5.8,13.95
4042.9,16.3,18,Road,78.1,9.0,9.07
3690.4,88.5,1,Sea,76.5,6.2,17.13
3128.9,44.7,33,Rail,89.1,6.2,8.74
114.7,10.3,39,Rail,83.2,7.5,4.88
599.5,60.5,23,Road,71.8,7.6,6.55
608.4,66.7,14,Road,74.9,9.1,6.26
110.8,45.3,28,Rail,80.7,1.6,5.45
529.6,58.4,21,Road,83.8,9.8,5.96
4139.3,16.0,37,Road,35.3,3.3,9.45
2988.8,33.4,7,Road,78.2,2.8,7.95
1407.8,15.0,12,Road,94.9,5.1,5.44
3571.2,35.2,37,Multimodal,23.3,2.6,11.89
2200.2,50.9,39,Road,4.8,2.3,7.27
643.9,40.1,28,Multimodal,7.2,9.7,7.79
3980.8,53.6,7,Road,21.7,1.0,8.64
1527.3,45.4,17,Rail,92.0,9.9,6.75
3146.4,28.9,37,Road,12.7,6.2,8.31
1311.2,13.3,14,Sea,74.8,9.6,10.2
2252.8,23.1,4,Sea,86.7,9.0,12.29
3674.1,18.5,22,Road,87.8,6.5,9.3
709.7,63.8,17,Air,41.7,5.9,4.67
4397.7,73.9,35,Road,49.5,9.9,12.09
320.6,65.0,32,Rail,32.3,5.2,5.91
2405.4,58.1,38,Multimodal,14.7,1.8,10.39
4122.5,28.1,31,Air,21.2,9.9,4.56
4255.9,64.1,25,Multimodal,13.5,3.2,13.73
1048.3,54.7,10,Road,40.8,0.9,5.5
652.2,4.7,2,Road,17.0,7.2,2.06
3261.2,81.7,27,Road,40.3,4.5,10.44
193.7,7.7,12,Rail,85.1,3.9,3.32
2186.1,45.5,16,Sea,65.5,6.3,12.51
3584.6,46.4,16,Road,66.3,0.5,9.43
2523.3,75.4,3,Rail,81.2,7.0,7.59
850.1,82.2,25,Road,4.1,5.0,6.34
2194.3,84.6,18,Road,79.5,4.9,9.38
4146.1,51.5,39,Rail,19.6,9.0,8.71
2779.4,61.3,32,Rail,34.6,8.3,7.7
3248.1,8.4,3,Sea,30.8,5.3,11.63
1516.5,44.2,8,Road,10.6,5.8,4.96
852.2,80.9,5,Sea,17.4,8.1,10.07
1154.1,41.3,20,Road,95.6,4.1,6.45
2401.6,6.7,25,Road,60.0,6.7,6.51
1264.6,18.5,6,Rail,47.4,5.4,3.25
2441.1,38.9,28,Air,75.8,5.0,5.39
3186.5,21.8,23,Road,81.4,9.8,8.59
3306.1,35.6,24,Road,11.0,0.2,7.82
745.3,30.3,10,Rail,74.1,4.1,4.76
3378.2,29.0,10,Road,93.2,9.3,8.71
3028.7,8.7,33,Sea,58.5,9.3,14.5
59.0,79.5,9,Sea,61.4,7.5,9.02
269.6,62.5,18,Road,87.0,5.9,5.92
2909.9,56.3,3,Rail,67.9,6.9,7.04
1729.7,54.8,33,Sea,99.5,2.5,12.49
661.7,36.0,10,Road,28.3,4.9,3.82
204.6,74.2,27,Rail,84.5,5.4,6.76
721.5,83.7,35,Road,61.2,0.6,7.65
4309.0,1.0,18,Rail,36.6,8.7,6.29
3275.4,7.6,7,Road,88.3,4.6,7.64
2377.0,60.9,7,Sea,99.6,9.0,14.33
4237.2,21.6,22,Road,5.8,3.9,8.3
2787.9,82.1,10,Road,92.6,4.1,10.08
3266.8,60.2,27,Sea,20.3,2.4,14.13
1275.5,33.5,4,Road,20.5,6.4,4.1
2652.5,37.7,12,Road,4.2,5.5,6.39
649.9,62.3,3,Road,92.2,9.1,5.87
1823.2,13.1,3,Road,75.9,4.3,5.43
154.4,79.6,25,Air,5.3,6.5,5.08
978.7,0.9,26,Sea,63.4,7.1,8.66
341.5,88.1,7,Road,12.0,3.2,4.97
1748.1,15.5,34,Sea,75.1,8.8,11.88
3794.4,66.9,10,Rail,40.9,3.8,7.97
1703.8,4.1,3,Air,5.2,6.4,1.06
3743.2,39.1,28,Road,82.9,6.2,10.43
2956.0,56.9,11,Rail,57.2,4.2,7.22
2295.3,6.8,32,Rail,77.3,1.8,6.25
1069.8,40.2,8,Rail,67.5,5.9,4.9
4150.1,27.6,20,Rail,43.4,3.8,7.45
248.6,45.1,5,Road,69.9,3.8,4.3
3101.7,45.7,13,Sea,1.5,4.9,12.62
2797.5,70.8,11,Rail,34.0,6.8,7.08
1987.5,11.6,34,Multimodal,77.8,7.3,10.26
1085.2,7.9,3,Road,76.3,4.3,3.91
1941.0,36.5,15,Rail,88.7,1.2,6.54
3928.1,79.9,33,Multimodal,61.1,7.9,16.04
3766.3,77.0,10,Rail,94.2,6.7,9.44
4236.5,50.6,3,Air,55.8,8.0,4.95
1388.5,80.0,14,Sea,50.0,3.2,10.88
1745.0,72.6,33,Road,19.7,9.1,7.91
89.2,25.4,33,Rail,77.9,2.6,5.08
4243.6,15.7,36,Road,69.2,2.9,10.33
1485.6,27.5,23,Rail,46.1,5.4,5.16
1821.7,20.8,1,Road,8.7,10.0,3.83
4085.6,56.2,27,Sea,12.6,2.0,15.38
2372.1,52.8,32,Rail,11.4,8.4,6.41
2550.0,54.1,21,Road,37.6,0.0,7.88
797.2,17.4,20,Road,15.9,2.4,3.38
2246.5,71.4,27,Multimodal,86.1,3.5,11.73
4132.3,39.3,36,Road,89.9,6.5,11.5
2516.4,42.8,32,Road,85.7,1.1,9.07
1151.7,89.7,39,Road,60.9,1.3,8.98
145.2,25.8,29,Multimodal,59.6,1.5,5.24
1516.7,35.8,23,Multimodal,89.1,6.6,10.09
2578.8,61.0,35,Rail,40.6,1.1,7.56
196.5,79.3,15,Air,6.2,4.0,4.2
2746.0,11.8,10,Road,47.0,1.6,6.45
2357.7,66.3,15,Multimodal,55.4,3.8,10.81
3526.5,82.7,25,Road,54.9,7.1,10.89
134.9,38.4,17,Road,15.9,2.8,3.21
3514.9,26.2,31,Road,78.3,6.2,9.67
2346.3,61.2,11,Rail,73.2,2.5,7.18
1670.5,22.5,20,Sea,23.0,7.4,9.98
4344.4,34.9,31,Road,55.1,7.8,10.6
724.7,80.8,16,Multimodal,79.0,3.1,8.93
2438.3,53.3,36,Road,0.8,0.2,7.82
1447.8,9.0,39,Road,27.5,1.3,5.54
2376.1,30.0,11,Rail,47.2,4.9,5.44
2487.5,56.6,20,Rail,84.5,3.8,7.91
407.1,43.6,26,Sea,79.9,3.5,8.38
2976.8,59.6,26,Rail,15.1,5.8,7.34
2857.0,68.6,6,Rail,46.3,1.6,7.34
3463.8,43.5,35,Road,30.5,4.6,9.41
412.5,88.8,8,Rail,40.1,2.0,5.5
1341.2,82.4,7,Multimodal,54.1,9.8,10.64
2927.2,5.9,37,Road,49.9,0.5,7.59
619.6,24.3,16,Air,14.2,0.2,2.24
3050.8,27.4,9,Rail,12.2,5.6,5.38
270.3,17.0,11,Road,13.0,0.6,2.26
1510.5,28.4,21,Multimodal,84.1,8.1,9.92
3811.0,38.5,7,Rail,2.0,8.2,6.01
3485.4,5.1,12,Road,20.2,4.3,6.45
2903.2,11.9,21,Road,95.6,8.4,7.81
3917.7,9.1,5,Road,6.6,7.4,6.66
3193.2,4.6,6,Sea,3.6,1.4,10.23
2339.6,43.6,26,Rail,38.7,8.6,6.44
4408.8,30.4,29,Air,15.1,8.7,4.34
3128.4,84.2,3,Road,56.6,3.2,9.57
2708.1,9.7,11,Road,33.9,7.7,5.91
1842.9,83.4,23,Road,20.9,9.0,8.0
4061.3,8.2,25,Rail,99.9,7.5,7.91
1334.2,55.9,12,Multimodal,34.1,0.9,7.2
46.4,22.7,1,Rail,64.1,0.9,2.51
889.3,74.5,4,Road,87.4,9.8,6.66
497.3,6.0,1,Air,92.2,5.4,2.48
1438.9,85.7,6,Sea,41.0,6.4,11.08
3717.3,4.7,34,Road,97.6,9.1,9.83
2933.6,22.1,27,Sea,72.5,0.1,12.34
764.6,42.0,16,Road,58.3,4.3,4.87
3550.8,68.2,11,Road,69.3,5.7,10.13
2271.5,85.6,14,Road,36.0,0.0,8.68
2309.7,38.8,38,Rail,42.4,6.2,7.15
1632.7,68.3,10,Road,58.6,8.5,7.25
3891.5,65.6,13,Road,32.7,0.5,9.56
1435.9,51.6,34,Road,76.9,8.0,7.68
428.2,62.3,33,Sea,25.1,9.8,9.95
1365.8,3.9,33,Multimodal,79.7,9.2,9.32
3220.5,40.0,39,Sea,15.2,5.4,14.43
2960.8,70.8,13,Road,21.7,8.6,8.47
850.1,42.9,17,Road,75.3,7.7,5.58
507.5,78.7,9,Road,26.3,8.2,5.16
2975.6,75.1,13,Road,79.5,4.0,10.03
3045.3,77.8,16,Rail,78.4,4.8,8.95
1650.8,12.1,37,Rail,25.7,2.4,4.95
3793.4,22.4,30,Sea,7.3,0.5,12.9
4402.0,3.1,39,Rail,16.6,6.0,6.93
929.4,88.5,33,Road,75.3,3.1,8.27
2598.9,21.6,6,Road,84.7,5.0,6.84
29.0,33.4,12,Rail,38.3,9.6,3.08
3210.2,25.1,2,Road,16.4,0.6,6.52
1867.2,4.1,33,Road,7.5,8.7,5.16
873.7,23.9,15,Road,21.6,0.9,3.55
3386.2,9.3,17,Road,98.0,6.5,8.3
3648.9,35.8,35,Road,17.0,3.4,8.92
504.7,87.0,31,Sea,8.6,1.0,8.76
189.3,63.0,30,Air,78.5,7.6,6.0
1506.7,63.8,38,Road,61.5,7.0,8.42
2818.8,41.1,16,Road,53.5,6.4,8.12
3571.4,73.1,17,Sea,44.8,9.6,17.1
2459.6,81.8,7,Road,70.2,0.2,8.95
2615.5,86.6,5,Road,69.8,4.3,9.41
3600.4,9.4,27,Road,42.4,5.6,8.16
2382.2,79.2,1,Road,23.4,3.6,7.53
2752.1,20.6,2,Sea,84.1,6.7,12.58
2325.4,36.1,4,Sea,16.5,9.0,11.52
3962.7,31.4,1,Road,53.4,7.0,8.28
1063.6,60.9,29,Road,69.3,5.7,7.11
1191.7,54.0,21,Road,63.9,7.4,6.53
580.2,10.3,35,Road,61.9,1.1,4.97
3688.5,70.6,34,Multimodal,66.3,6.3,15.04
1855.9,39.8,39,Rail,87.6,4.1,7.78
1568.8,0.7,2,Rail,36.5,3.2,3.14
4416.2,37.6,25,Sea,62.7,5.1,17.18
4171.0,46.7,6,Sea,69.7,8.0,16.84
4374.1,6.7,8,Sea,59.0,4.1,14.7
644.6,14.0,35,Road,90.3,7.0,5.43
4011.2,89.4,19,Road,65.5,5.9,11.75
1482.5,78.5,9,Rail,42.4,9.2,6.56
61.9,12.4,33,Road,84.6,4.4,4.59
1763.9,52.4,8,Multimodal,49.0,8.2,9.75
2293.8,34.4,38,Rail,53.0,8.4,6.94
491.5,49.2,32,Multimodal,58.2,4.6,7.93
2421.9,42.6,23,Road,32.3,4.9,7.24
3688.5,4.8,34,Air,72.3,3.3,4.57
1702.5,28.7,23,Road,9.8,5.0,4.97
1590.1,11.7,32,Multimodal,86.9,2.5,8.25
1528.0,44.3,1,Road,75.5,8.6,5.74
4154.3,81.7,7,Rail,35.4,2.5,8.48
224.2,89.6,24,Sea,22.6,2.6,8.45
2005.6,85.0,2,Road,38.8,9.0,7.34
1194.4,88.7,18,Rail,80.5,5.3,7.68
4022.7,1.9,19,Multimodal,3.2,1.1,9.41
436.8,65.8,36,Road,46.8,3.5,6.19
1854.4,24.9,28,Rail,25.4,7.1,4.94
1833.6,78.0,35,Road,87.5,4.1,9.65
3998.3,73.3,32,Sea,41.4,4.2,17.45
973.6,38.4,13,Rail,69.8,5.0,5.32
2903.8,42.9,6,Road,35.8,2.2,7.17
609.2,24.2,29,Road,33.0,4.2,4.46
4293.1,26.3,10,Rail,32.6,2.2,6.52
2670.6,88.3,10,Road,67.8,3.5,9.65
2820.0,80.1,34,Road,96.4,5.3,11.14
1954.8,17.7,20,Rail,20.8,6.9,4.49
1543.6,25.2,33,Road,64.4,6.3,6.41
961.0,10.2,11,Road,26.5,5.8,3.08
2719.9,89.0,24,Rail,54.9,6.0,8.91
4295.8,81.7,33,Road,54.2,5.1,12.67
1622.3,49.9,22,Road,45.0,6.1,6.79
3974.8,62.5,12,Road,49.9,3.8,9.95
673.7,67.4,30,Rail,88.0,9.0,7.08
4212.9,18.7,32,Rail,8.9,5.9,6.71
1580.4,84.2,19,Sea,83.0,9.4,14.06
1711.9,47.6,2,Road,46.2,4.0,5.75
2085.5,8.8,14,Road,33.4,3.9,5.1
3233.5,36.0,33,Road,17.7,9.7,8.23
3239.8,54.3,32,Road,81.5,7.3,10.45
2160.8,32.1,19,Multimodal,59.2,5.2,9.76
2356.6,63.1,14,Road,72.8,7.2,8.61
139.9,79.4,4,Road,31.5,4.0,4.8
1372.8,69.6,2,Road,39.3,7.6,6.11
1560.3,58.0,10,Rail,91.4,2.1,6.92
2516.5,46.3,29,Rail,96.1,9.5,8.18
2514.6,23.3,15,Rail,74.0,4.6,5.97
3196.0,41.2,31,Air,74.9,0.9,5.9
3228.0,26.7,33,Rail,69.4,8.5,7.63
1062.3,84.1,29,Road,58.7,8.9,7.86
3467.0,81.7,11,Road,59.5,7.3,10.28
93.1,14.4,9,Rail,96.4,6.3,3.71
3224.1,74.1,29,Rail,75.1,9.3,9.4
463.8,63.4,37,Rail,65.5,6.2,6.73
3284.8,87.8,21,Rail,18.9,7.9,8.55
2374.4,42.0,31,Rail,97.7,4.7,7.89
1970.5,65.1,22,Air,52.0,7.3,5.74
3109.5,46.9,18,Rail,94.4,10.0,8.31
168.5,6.7,2,Sea,71.4,3.8,5.28
1009.5,4.7,22,Road,4.0,7.2,2.73
2775.9,11.4,37,Rail,53.9,1.5,6.16
3813.2,27.0,20,Air,89.3,6.4,5.3
1718.1,23.7,4,Road,5.2,3.2,4.07
1168.1,65.7,26,Sea,86.7,8.7,12.84
2336.7,64.6,20,Sea,61.3,3.6,12.91
2802.3,87.4,22,Road,4.5,4.5,8.84
1893.4,28.3,20,Rail,37.4,9.8,4.97
3945.8,84.5,29,Road,3.0,2.2,10.81
2357.9,55.4,31,Multimodal,0.2,5.6,10.42
166.0,44.8,23,Sea,89.6,8.6,9.37
1007.6,60.3,38,Road,74.9,3.1,7.67
2030.7,63.4,16,Road,28.9,0.2,7.1
3141.3,15.9,19,Rail,11.4,9.0,5.31
992.8,67.8,11,Road,5.4,6.2,5.01
4393.3,65.4,12,Road,91.7,2.3,11.68
1436.9,89.8,36,Rail,62.6,2.8,8.69
2398.5,82.1,13,Road,16.1,8.0,7.91
90.3,61.8,2,Road,68.1,6.4,4.39
3982.6,64.3,11,Sea,99.9,7.3,17.72
3550.8,85.2,1,Air,78.8,5.8,6.2
883.6,87.1,10,Sea,44.7,7.9,10.79
4199.9,74.5,3,Sea,81.4,8.2,18.36
1424.7,69.2,8,Road,74.4,3.9,6.99
3116.4,10.5,16,Road,8.9,9.0,6.04
3686.3,74.8,36,Road,92.6,5.1,12.14
3335.4,23.2,39,Sea,88.4,1.6,14.57
4129.5,51.0,20,Multimodal,59.1,2.2,13.36
3889.9,36.8,8,Sea,50.8,7.3,15.43
4475.8,31.4,10,Air,22.8,3.8,3.96
825.8,28.3,37,Rail,83.4,2.6,6.06
1374.9,77.1,32,Road,43.2,6.0,7.9
2864.8,69.3,27,Road,57.9,7.8,9.62
3300.0,47.3,31,Road,17.0,1.1,9.06
2408.0,60.0,3,Road,21.4,4.5,6.82
337.3,88.6,39,Rail,98.5,7.7,8.6
3788.0,36.1,6,Road,49.4,9.0,8.6
4324.1,49.8,17,Rail,81.6,0.1,9.14
1827.8,48.3,10,Rail,83.0,6.6,6.57
1015.5,84.3,21,Road,98.2,6.0,8.27
91.8,32.0,29,Rail,98.3,5.2,5.81
1071.7,88.8,29,Rail,45.7,1.6,7.24
3151.1,27.8,20,Road,95.0,7.4,8.87
4102.6,10.2,15,Sea,36.5,3.9,14.23
425.3,17.6,2,Rail,60.8,2.3,3.0
2491.9,38.6,33,Rail,82.2,8.5,7.85
3131.4,58.7,12,Air,91.4,3.1,5.93
1247.3,46.8,13,Air,52.4,2.0,4.21
2566.7,34.2,39,Air,41.8,3.1,5.05
3220.0,50.8,39,Road,72.9,1.8,10.57
3770.5,75.6,38,Road,45.6,7.8,11.55
2039.0,75.6,21,Road,67.2,1.8,8.44
3366.6,65.5,16,Road,80.4,7.2,10.08
1361.5,85.7,34,Air,84.1,1.6,7.34
962.6,53.3,27,Rail,25.4,2.3,5.62
847.0,1.2,3,Road,57.1,3.4,2.75
1618.1,26.5,9,Road,2.5,9.5,4.09
166.3,29.9,34,Road,79.8,9.1,5.5
1277.0,49.5,19,Rail,12.5,0.9,5.04
2936.7,81.5,38,Sea,87.2,3.4,16.25
2917.4,75.5,26,Air,40.7,3.5,6.06
335.6,21.3,23,Multimodal,16.7,2.1,4.36
1296.9,47.0,18,Road,79.6,4.4,6.68
2565.2,59.5,38,Road,20.0,7.5,8.54
1436.9,88.9,10,Road,39.4,1.0,7.27
1883.9,3.3,10,Road,56.7,6.7,4.86
3209.1,42.0,21,Air,36.0,2.6,4.59
46.7,88.9,38,Rail,17.9,6.4,6.42
1247.4,88.0,38,Sea,40.6,6.8,12.77
645.0,30.1,7,Rail,14.4,7.3,2.84
578.6,0.5,12,Road,71.9,8.6,3.1
4315.9,53.0,33,Road,17.2,9.0,10.5
1697.6,78.1,25,Rail,48.2,7.6,7.35
2374.3,29.5,28,Sea,56.0,4.8,12.39
3303.5,84.1,24,Road,94.5,0.4,11.38
218.3,30.3,31,Sea,7.8,9.4,7.7
1088.4,55.1,18,Sea,93.0,6.0,11.07
3745.5,65.1,23,Road,20.8,5.3,9.95
3879.6,31.4,7,Sea,84.1,2.4,14.53
1681.4,32.0,8,Road,9.0,6.8,4.56
1690.0,42.6,15,Rail,98.9,9.9,6.74
3407.3,75.3,38,Sea,80.8,3.3,17.12
1331.3,9.5,28,Multimodal,6.3,8.0,7.37
531.3,57.0,27,Road,21.4,2.9,5.42
1162.6,61.1,21,Road,54.9,4.9,6.57
1746.1,50.4,27,Road,52.4,2.1,7.52
239.7,84.3,14,Road,62.9,5.1,6.19
2156.7,54.4,21,Rail,46.4,4.6,6.72
3331.3,57.3,14,Air,73.4,0.4,5.75
2314.3,54.2,6,Road,34.8,3.8,6.91
328.2,65.1,12,Road,17.6,0.6,4.24
1983.5,12.6,28,Road,3.4,4.5,5.08
3191.5,80.5,29,Rail,32.5,9.8,8.72
266.1,4.3,37,Road,42.7,2.9,3.87
274.0,57.8,38,Road,65.9,5.2,6.25
1670.9,55.6,3,Sea,80.6,1.3,10.45
881.4,19.1,33,Road,24.0,1.5,4.41
4206.8,4.1,12,Rail,49.3,3.6,5.93
2618.1,12.9,12,Sea,23.4,4.9,10.48
1296.5,24.8,11,Road,95.1,7.0,5.62
3173.0,79.4,28,Rail,64.8,4.6,9.61
1690.3,77.1,35,Rail,67.8,0.2,8.14
598.9,6.2,34,Rail,53.1,2.7,4.2
1071.4,26.4,22,Road,28.2,0.2,4.8
2894.1,80.1,39,Road,20.0,9.2,10.36
238.2,21.7,23,Sea,65.7,0.3,6.04
1230.7,89.6,12,Sea,92.2,0.5,11.06
941.4,23.5,19,Road,21.3,3.0,3.8
909.1,66.7,31,Road,57.2,6.3,6.99
3074.0,37.8,13,Road,52.9,3.6,8.26
3717.0,12.7,19,Road,64.2,0.6,8.5
3222.8,23.3,36,Rail,58.8,8.4,7.61
2907.5,60.9,22,Road,27.3,7.0,8.6
4124.5,30.7,30,Road,69.1,4.0,10.48
267.5,54.6,4,Sea,27.3,6.8,7.55
757.8,18.9,13,Road,65.3,2.7,4.13
1867.8,40.6,20,Sea,30.0,5.3,10.83
1679.2,46.3,39,Sea,8.2,8.8,11.78
1884.1,37.4,6,Road,12.7,1.1,4.71
933.0,18.2,12,Sea,83.4,8.5,9.37
677.0,41.8,16,Sea,12.1,7.9,8.22
2293.8,62.5,17,Road,33.1,9.5,7.58
4176.6,86.9,8,Road,28.8,5.1,10.56
1766.9,71.2,33,Rail,5.8,2.7,6.73
199.9,15.0,39,Air,60.0,3.5,4.09
3179.2,24.9,12,Rail,79.9,6.4,7.01
1313.5,7.6,26,Road,99.2,1.4,6.0
1106.7,12.6,19,Rail,93.6,3.5,5.1
1462.5,22.9,13,Road,4.9,7.3,3.91
3258.6,18.4,10,Rail,25.8,5.7,5.09
3685.6,19.6,34,Sea,41.2,0.6,13.51
2648.3,21.2,31,Rail,87.5,5.0,7.16
1454.5,27.4,27,Sea,36.0,5.2,9.76
1400.6,11.7,3,Sea,57.0,7.0,8.74
563.8,25.4,5,Rail,66.0,0.1,3.6
4200.2,62.1,5,Road,29.8,4.3,9.23
2873.4,21.7,37,Sea,58.2,8.9,14.47
126.3,15.9,7,Multimodal,5.1,0.3,2.53
2982.3,6.6,13,Road,48.0,6.7,6.39
2015.0,45.2,34,Rail,37.9,2.2,6.65
4376.6,75.9,36,Road,35.6,3.9,11.81
3686.7,5.8,34,Sea,23.5,8.8,14.79
775.1,49.0,3,Sea,81.8,3.6,8.58
3241.9,58.7,10,Road,88.2,5.5,9.54
2187.6,53.5,35,Air,88.8,0.9,6.75
845.8,79.0,37,Road,39.6,3.2,7.55
3145.8,78.0,6,Sea,25.9,1.4,13.58
2465.5,5.6,21,Rail,9.8,5.6,4.07
141.5,32.8,5,Road,67.2,4.6,3.58
2911.4,60.5,3,Road,33.0,2.6,7.5
2859.3,85.7,20,Road,27.7,10.0,9.43
652.7,72.5,30,Rail,37.1,1.5,6.38
1573.7,16.3,12,Rail,55.5,8.3,4.1
2638.6,25.5,35,Road,16.2,0.4,7.16
628.8,68.8,32,Road,96.1,8.5,7.62
3838.0,42.7,19,Road,73.3,4.8,9.77
128.5,49.5,15,Sea,4.7,8.3,7.14
467.3,55.0,10,Sea,30.7,7.5,8.58
526.9,9.7,26,Road,5.0,5.7,2.92
2378.8,77.1,6,Rail,22.9,3.7,6.41
2792.4,77.8,26,Road,28.7,6.7,9.2
1819.8,42.4,2,Air,71.8,8.3,3.73
1302.6,56.6,32,Air,71.9,5.0,5.77
3642.9,59.6,3,Rail,4.5,4.1,6.66
311.9,17.5,19,Air,58.8,1.4,3.27
1264.9,10.6,36,Sea,96.1,9.0,11.43
180.8,2.4,20,Sea,62.8,2.7,5.6
67.4,82.2,30,Rail,96.1,1.2,7.67
1593.4,31.4,37,Road,38.1,0.7,6.52
880.7,8.2,20,Road,46.0,7.5,3.83
1211.3,42.2,34,Road,49.5,6.7,6.46
3695.2,7.3,17,Rail,92.4,1.2,6.96
737.6,8.1,23,Road,38.0,5.3,3.6
3512.1,44.3,9,Road,98.3,1.5,9.86
3039.4,46.0,27,Rail,54.3,3.8,7.46
1472.4,52.4,17,Road,21.8,7.8,5.71
2461.8,59.2,17,Rail,10.4,2.3,5.89
2002.7,60.3,2,Air,17.3,0.3,3.75
582.1,39.3,15,Sea,3.9,1.9,6.22
4082.8,58.1,11,Rail,69.2,4.0,8.83
2565.4,27.8,37,Rail,51.7,2.4,6.81
3961.7,40.0,9,Rail,73.8,7.2,7.62
3708.1,35.7,14,Road,78.2,7.9,9.17
363.6,30.0,8,Air,93.1,2.4,3.92
936.7,21.9,12,Road,11.7,2.7,3.29
657.9,7.5,7,Road,18.6,5.6,2.33
3739.4,45.8,3,Sea,54.8,7.5,15.23
3881.7,48.6,26,Road,13.0,9.6,9.48
2378.2,30.6,3,Road,9.3,3.0,5.4
473.3,87.8,4,Road,66.6,9.1,6.15
614.6,50.3,32,Road,72.5,1.8,6.53
3661.9,80.1,14,Road,84.3,0.4,11.16
4181.7,51.5,3,Road,91.6,7.9,10.37
901.6,17.5,13,Rail,44.2,4.8,3.31
55.1,87.7,8,Sea,98.0,0.8,8.45
1492.6,79.7,38,Road,3.8,0.7,7.57
142.1,42.7,2,Air,87.0,0.1,4.0
3726.7,22.3,38,Road,32.1,3.1,9.12
2214.3,20.4,31,Road,92.2,7.4,7.68
2890.2,72.6,39,Road,22.3,6.7,9.66
1854.6,6.7,27,Rail,74.1,10.0,5.35
1558.1,57.6,17,Road,42.5,5.9,6.73
1003.8,57.8,35,Rail,38.1,1.1,6.54
3468.5,16.8,24,Sea,5.9,9.8,14.2
3131.5,63.6,1,Rail,70.6,6.9,7.76
1626.5,63.6,29,Rail,17.5,3.7,6.42
1448.4,31.8,26,Multimodal,46.3,2.5,7.67
10.6,43.8,35,Road,14.1,2.2,3.92
290.7,75.0,24,Road,60.4,9.6,6.1
2806.5,47.3,33,Sea,23.1,4.2,13.21
2318.2,55.8,26,Rail,59.4,4.9,7.33
1959.4,37.4,37,Road,94.7,8.4,8.48
3724.6,13.9,39,Road,92.1,9.6,10.02
2270.0,89.8,26,Rail,20.0,0.0,7.89
1733.3,48.1,38,Road,9.9,9.9,7.13
729.8,30.6,38,Road,4.3,0.8,4.67
3694.0,64.4,11,Air,82.9,8.4,6.2
2595.2,56.1,29,Sea,24.9,9.5,14.49
420.6,21.3,29,Rail,28.4,5.6,3.69
2921.8,79.0,3,Rail,22.6,5.5,6.81
1915.7,6.8,9,Air,84.0,6.7,3.38
3652.2,54.7,35,Road,97.9,3.5,11.5
4135.5,43.3,6,Road,75.5,1.7,9.8
2704.1,29.0,9,Rail,82.4,0.7,6.18
3293.6,74.5,8,Sea,62.1,8.8,16.12
259.4,59.2,27,Road,52.9,5.5,5.48
2523.3,68.5,34,Multimodal,72.2,6.9,13.23
3400.3,37.6,24,Rail,3.6,3.3,6.67
2237.9,84.8,5,Road,6.1,8.1,7.53
2673.0,31.4,10,Road,68.7,3.5,7.48
4045.8,48.0,20,Road,33.5,0.3,9.64
895.5,84.1,22,Sea,48.9,3.4,10.26
446.6,7.9,12,Multimodal,78.2,8.5,6.41
3109.4,10.2,29,Road,57.7,8.8,7.83
3703.7,89.5,31,Multimodal,80.5,9.3,17.1
3828.0,87.4,6,Sea,41.9,5.0,16.51
2889.2,69.6,7,Rail,28.7,9.6,6.88
3750.3,43.8,33,Rail,23.5,5.0,7.9
3154.5,45.8,15,Road,13.2,1.5,7.58
397.8,23.5,13,Rail,3.7,5.0,2.49
3430.4,39.2,24,Road,5.3,8.7,7.84
811.2,39.1,30,Rail,27.1,7.9,4.84
1068.6,3.7,33,Road,27.8,4.3,4.25
1779.0,41.1,20,Sea,38.2,2.1,9.86
1419.0,43.4,19,Sea,59.2,5.8,10.39
1450.8,60.1,19,Road,75.9,9.3,7.37
765.8,46.7,38,Road,19.8,1.8,5.62
1326.0,77.6,24,Rail,75.9,8.3,7.61
93.4,33.4,5,Rail,13.9,1.5,2.47
2130.7,37.2,22,Road,98.9,9.2,7.67
3459.8,51.6,22,Rail,28.5,6.9,7.52
3880.8,18.6,28,Road,83.7,1.1,9.76
3692.8,35.7,17,Road,19.0,2.0,8.38
1877.0,61.9,31,Road,95.1,9.3,9.01
3288.3,37.4,7,Road,82.7,5.1,8.68
1299.1,81.6,17,Sea,35.9,4.5,11.07
254.8,55.6,12,Multimodal,42.1,0.6,5.36
3043.5,14.3,7,Road,0.4,0.8,5.54
2921.3,44.1,29,Rail,25.1,6.9,6.92
3608.3,68.9,8,Road,28.9,7.8,8.91
2774.4,58.1,4,Rail,45.3,8.7,6.57
710.2,79.7,16,Road,13.9,5.0,5.45
3840.0,67.6,16,Rail,47.9,3.3,8.39
2824.5,6.0,22,Multimodal,66.8,6.3,10.54
3635.2,10.6,11,Road,37.1,6.2,7.37
3484.6,58.7,11,Sea,23.2,0.3,13.28
1343.9,21.8,5,Road,54.8,9.4,4.6
340.1,53.1,38,Road,2.9,6.4,4.92
798.4,71.4,12,Road,34.1,0.1,5.75
422.4,52.1,25,Road,52.8,9.6,5.64
1099.1,37.7,13,Road,33.6,9.5,4.65
2070.6,58.3,26,Road,34.5,9.5,7.51
4081.1,13.4,11,Road,84.8,8.9,9.07
3924.7,65.2,23,Road,93.4,1.8,11.35
3235.1,62.9,13,Rail,82.7,9.8,8.38
113.4,46.5,33,Air,9.9,7.6,3.9
1539.5,25.5,28,Road,29.0,6.4,5.43
3072.2,71.9,4,Road,71.1,9.4,8.95
585.0,46.2,28,Road,97.4,3.8,6.72
3605.9,5.8,34,Air,24.2,9.3,3.56
4116.0,82.7,10,Rail,89.8,6.1,9.91
1596.7,69.2,8,Rail,73.9,5.8,6.93
3177.8,52.8,9,Road,98.3,6.5,9.03
671.2,39.6,18,Road,9.4,7.5,4.16
3110.2,86.4,2,Road,39.5,4.4,9.41
101.4,69.9,18,Multimodal,47.8,9.8,8.25
682.7,48.4,2,Air,67.2,0.9,3.75
3195.9,59.0,22,Road,65.4,9.1,9.74
3204.8,25.6,16,Rail,90.6,6.6,7.24
2887.0,18.0,37,Road,83.9,9.1,8.91
2150.8,25.0,32,Road,5.5,3.7,6.11
3038.7,26.7,10,Air,48.7,8.3,3.78
3483.2,66.7,34,Rail,40.7,6.2,9.41
4349.3,13.0,16,Road,99.7,8.3,9.67
3999.4,70.1,34,Road,42.7,3.3,11.54
3576.4,47.3,37,Sea,68.3,9.2,17.63
3127.9,34.9,34,Rail,28.4,9.2,6.87
2585.8,27.4,13,Rail,61.5,4.7,5.81
547.1,46.4,37,Road,20.7,4.0,5.3
749.2,28.9,12,Road,60.4,5.8,4.25
3692.2,38.9,15,Multimodal,86.8,2.0,12.27
3615.9,66.6,30,Rail,1.9,5.0,8.0
2767.0,56.5,31,Road,50.5,9.0,8.99
1977.6,67.4,29,Rail,98.2,3.7,8.55
122.0,64.3,34,Sea,15.9,7.4,8.6
1475.7,73.4,32,Road,18.3,6.2,7.17
1895.8,18.6,23,Road,47.1,2.6,5.95
2188.7,89.6,10,Rail,87.1,5.3,8.45
4182.3,43.1,8,Rail,56.3,8.5,7.64
493.6,64.8,21,Sea,50.9,5.5,9.34
2337.3,61.2,11,Air,8.7,7.0,4.02
1658.8,51.2,12,Road,96.2,7.8,7.34
4455.5,89.6,39,Road,34.7,0.5,12.7
3879.1,19.9,19,Multimodal,25.2,0.5,10.48
1977.3,38.2,34,Road,41.2,1.1,7.5
4498.6,11.9,38,Rail,41.4,1.6,7.97
2315.7,16.8,34,Rail,45.9,8.1,5.74
756.2,64.3,26,Rail,68.9,4.4,6.26
2503.7,0.9,16,Road,86.8,1.9,6.44
1021.8,80.1,19,Sea,5.7,5.3,9.63
2865.2,57.2,29,Sea,49.1,7.6,14.84
4218.8,40.0,38,Rail,41.4,1.4,8.35
3539.0,30.2,36,Rail,1.1,3.4,6.75
1232.9,11.8,21,Road,81.6,1.9,5.17
1339.4,83.0,10,Road,10.4,6.5,6.05
316.5,64.3,23,Road,11.5,1.4,4.62
1290.0,30.6,7,Road,4.8,7.8,3.69
421.3,6.8,38,Multimodal,20.0,2.1,4.85
2250.0,29.6,5,Sea,17.7,0.6,8.71
3189.0,17.0,19,Rail,34.8,9.1,5.91
3381.6,70.9,33,Rail,65.9,3.3,9.52
272.6,64.9,24,Road,5.4,5.0,4.66
1533.1,45.1,23,Multimodal,86.0,1.0,8.79
1300.3,79.8,22,Road,32.7,4.8,7.29
473.8,16.7,36,Road,60.7,2.2,4.84
1634.3,41.0,21,Rail,1.2,8.4,4.71
1350.4,64.1,18,Air,36.6,7.1,4.92
2857.1,6.6,38,Air,0.2,6.6,2.87
3975.4,33.9,27,Road,16.5,7.8,8.96
2049.5,51.7,37,Air,44.8,2.9,5.52
3361.3,33.3,25,Road,53.5,4.5,8.66
661.3,43.5,39,Road,15.3,0.9,5.37
4027.9,54.9,30,Sea,74.5,0.7,16.57
690.9,33.5,14,Air,18.9,3.3,2.95
868.5,10.0,34,Rail,11.6,8.2,3.64
483.6,13.0,32,Rail,33.3,6.0,3.74
1397.0,47.7,31,Sea,55.1,4.2,10.99
2488.1,16.1,2,Sea,98.9,9.7,12.67
4446.0,80.1,39,Air,41.9,4.4,7.77
3571.2,75.2,35,Rail,42.6,4.7,9.35
1715.1,31.7,23,Multimodal,5.9,9.9,9.11
2593.4,74.9,6,Multimodal,76.6,1.3,10.9
2806.8,48.2,21,Road,18.2,2.6,7.61
3703.2,14.7,26,Sea,74.5,4.5,14.67
3315.4,55.5,30,Rail,91.1,5.7,9.15
2564.0,61.3,30,Road,76.8,1.5,9.56
3013.0,8.0,8,Rail,64.2,3.3,5.33
3357.9,28.6,39,Road,60.4,2.2,9.05
603.5,1.0,33,Rail,45.4,8.5,4.1
906.0,28.8,10,Air,14.5,8.3,2.58
3100.2,30.5,18,Road,77.9,2.4,8.3
3827.7,56.9,36,Road,47.7,4.3,10.69
1844.6,18.3,11,Multimodal,62.6,6.5,8.58
4409.6,3.2,8,Road,37.4,0.5,7.92
976.2,28.7,1,Road,20.1,8.8,3.38
1878.1,74.4,8,Road,80.7,5.1,7.91
1706.5,36.2,5,Rail,34.2,2.3,4.84
4186.7,37.7,1,Rail,86.7,4.0,7.67
1287.8,42.5,3,Sea,96.6,9.0,11.33
2121.2,67.8,27,Rail,83.0,0.2,8.21
846.6,43.5,23,Sea,12.8,1.4,7.55
2348.1,8.7,39,Rail,85.5,1.9,6.85
3859.0,19.0,11,Road,51.9,0.6,8.03
1371.7,17.3,11,Rail,24.1,2.3,3.6
3649.5,46.0,36,Sea,9.3,8.2,15.94
4101.3,3.2,38,Rail,27.9,5.3,6.97
332.9,25.9,31,Road,13.7,6.1,3.54
3405.1,54.8,24,Road,2.6,1.6,8.5
1152.8,32.2,19,Road,98.8,2.8,6.45
793.1,63.8,32,Road,83.2,9.2,7.12
2707.0,35.5,38,Rail,73.9,2.1,7.71
3176.7,88.1,17,Road,19.3,9.1,9.55
1779.5,86.9,35,Sea,2.8,6.6,12.89
181.1,72.1,12,Road,48.5,5.0,5.09
4089.6,85.9,15,Road,74.2,1.7,11.96
3289.7,18.8,39,Rail,96.3,6.7,8.27
1226.1,67.7,13,Road,84.4,8.9,7.38
2238.4,29.3,30,Air,89.4,1.6,5.46
129.9,65.4,19,Road,23.9,0.1,4.41
1530.1,34.0,9,Road,15.5,7.4,4.62
2353.8,26.4,28,Sea,24.8,6.0,11.67
2329.9,86.3,25,Rail,13.9,5.0,7.5
940.8,19.3,4,Road,79.8,4.6,4.12
3496.5,68.4,37,Road,90.3,5.0,11.59
1348.4,60.9,7,Sea,30.7,3.7,9.24
2613.9,27.7,4,Multimodal,87.7,0.8,9.31
1225.5,41.5,23,Air,5.5,7.8,3.35
1916.1,13.3,6,Road,67.7,4.7,5.49
937.8,82.9,9,Multimodal,52.7,8.2,9.53
2850.4,87.1,9,Road,27.7,9.8,8.73
1918.0,66.1,21,Road,76.8,1.7,8.28
77.4,76.5,3,Sea,21.2,7.9,7.79
131.6,7.9,13,Road,41.6,9.8,2.4
2122.7,34.9,38,Road,71.0,7.2,8.22
828.6,30.1,18,Road,33.8,2.5,4.5
2634.8,51.1,31,Road,85.5,9.0,9.13
1839.8,16.9,29,Sea,86.5,7.9,12.36
2946.6,50.9,2,Rail,20.3,4.5,5.58
4286.0,59.1,31,Road,44.0,5.7,11.2
2381.7,12.3,38,Rail,43.2,7.2,6.13
3544.3,12.3,7,Air,41.0,1.2,3.0
3389.9,3.7,10,Sea,50.2,9.3,13.69
4148.5,68.6,13,Road,7.4,9.9,9.82
967.0,30.1,1,Multimodal,87.0,3.3,6.8
3723.8,20.7,37,Sea,29.0,7.2,15.41
4075.3,70.1,25,Road,0.2,4.2,9.88
1770.5,13.3,30,Road,68.5,0.3,6.21
1415.6,38.7,2,Road,65.0,9.6,5.22
4284.4,67.2,36,Sea,98.3,1.4,18.08
2826.2,51.9,24,Road,71.9,0.7,8.97
1716.1,50.1,12,Rail,33.3,8.4,5.22
3564.3,14.6,5,Road,95.3,0.3,8.08
1373.6,16.7,15,Air,36.5,6.9,2.83
798.0,52.6,7,Road,82.1,9.3,5.56
2450.1,2.6,2,Air,33.6,4.1,1.9
2550.1,78.3,3,Multimodal,4.9,0.7,8.91
3716.7,31.9,4,Road,73.4,2.2,8.49
2059.3,37.8,16,Rail,35.0,9.5,5.38
3666.6,23.6,27,Road,33.9,4.7,8.65
1404.4,79.0,22,Air,71.6,5.4,6.36
2591.3,58.0,3,Rail,32.2,1.6,6.05
942.1,40.8,17,Road,11.8,9.2,4.19
1737.6,52.9,22,Road,40.5,5.2,6.97
3859.6,34.5,7,Road,82.4,5.3,9.24
975.9,42.2,30,Multimodal,13.0,5.8,7.41
3647.0,32.5,8,Rail,55.4,7.7,6.81
1276.5,37.3,19,Air,13.2,2.0,3.26
160.0,28.7,7,Road,4.9,9.4,2.08
499.2,7.4,1,Road,37.9,1.8,2.13
3357.7,3.8,16,Multimodal,65.8,2.0,9.78
1183.0,16.1,31,Road,27.5,0.1,4.93
2945.4,23.0,39,Multimodal,44.6,0.2,10.31
3147.9,80.2,27,Road,49.1,4.3,10.19
1556.3,55.2,10,Road,84.1,1.8,7.05
2139.8,86.3,34,Rail,81.9,2.1,9.27
1819.9,30.9,14,Multimodal,0.2,9.9,8.5
4263.3,36.5,2,Multimodal,41.4,9.3,13.7
1443.2,64.9,39,Road,65.6,3.2,8.26
829.0,52.2,22,Road,85.2,3.4,6.4
1648.3,47.7,26,Rail,4.9,2.9,5.12
3014.5,52.0,5,Rail,62.8,8.8,6.89
3139.6,52.8,38,Sea,84.2,1.0,14.7
4158.6,69.0,16,Road,25.5,5.8,10.22
3968.5,60.3,12,Multimodal,20.5,1.9,12.25
1301.0,86.2,17,Rail,46.8,7.6,7.14
2051.0,85.3,25,Sea,96.3,6.3,14.94
3364.0,38.3,24,Rail,69.3,3.9,8.14
4124.8,3.7,11,Road,42.4,1.0,7.74
1520.6,1.5,18,Multimodal,2.1,7.7,6.52
2002.8,11.5,36,Rail,55.7,0.8,5.91
4048.2,7.2,3,Air,34.9,2.7,2.54
1616.4,33.9,19,Multimodal,18.6,2.5,7.26
2164.9,5.2,6,Rail,50.0,5.8,4.1
4070.7,56.4,23,Rail,34.1,5.1,8.26
3611.1,17.5,7,Road,3.9,2.8,6.77
1099.2,46.5,9,Road,72.6,4.3,5.5
1465.0,9.7,2,Road,73.3,4.4,4.57
1591.5,74.6,11,Road,61.9,5.7,7.44
4107.8,70.3,3,Road,84.1,9.0,10.93
4495.2,35.1,30,Road,20.3,1.4,9.89
3484.1,82.0,8,Road,28.6,5.6,9.71
2182.0,17.1,37,Road,45.9,0.2,7.03
50.7,73.3,21,Road,6.0,7.0,4.37
3140.2,49.4,8,Road,88.4,6.4,9.18
1755.2,30.0,11,Rail,49.1,6.9,4.95
2850.3,8.1,34,Rail,32.5,4.7,5.71
2732.1,15.8,39,Road,47.8,1.9,7.51
2166.3,77.7,16,Rail,32.5,4.5,7.19
4250.0,54.8,7,Sea,28.6,0.2,14.47
109.0,21.7,4,Road,44.8,3.8,2.59
3206.0,44.9,32,Rail,48.2,8.4,8.06
1847.2,10.2,37,Multimodal,43.3,3.4,8.26
3213.5,9.3,22,Sea,54.8,5.9,13.43
3040.1,81.7,7,Road,78.3,2.6,9.73
51.0,41.5,13,Rail,5.7,1.3,3.2
1287.6,32.9,18,Road,81.2,5.2,6.38
855.0,85.4,34,Rail,22.9,0.4,7.02
755.6,36.2,13,Multimodal,25.2,9.0,7.34
3279.5,30.6,34,Rail,59.9,7.8,7.83
1081.8,24.9,29,Air,97.6,10.0,4.97
2138.9,51.1,5,Road,1.7,9.9,5.43
1115.2,50.5,31,Multimodal,67.3,7.3,9.77
2613.2,1.9,11,Rail,69.7,7.8,5.36
3244.0,59.0,38,Road,57.4,5.3,10.19
1493.2,71.1,4,Rail,1.0,2.2,5.05
2715.6,55.6,7,Road,60.6,8.1,7.99
3712.7,78.4,23,Road,11.5,2.7,9.98
428.5,25.2,31,Sea,7.8,6.5,7.55
3199.5,17.7,17,Road,69.6,7.3,7.88
1457.5,62.9,10,Sea,70.0,5.6,11.31
556.3,17.4,22,Road,89.0,6.6,5.19
2457.7,8.7,30,Road,0.3,2.9,5.56
1022.0,9.1,29,Multimodal,37.9,7.6,7.46
3697.0,69.3,17,Road,1.2,9.4,9.23
197.8,3.1,21,Rail,36.5,4.8,2.6
448.4,26.4,22,Rail,49.2,1.2,4.22
2346.9,12.1,39,Rail,53.0,6.2,6.38
2652.3,68.1,22,Air,35.6,3.4,5.62
3285.8,45.6,27,Rail,72.5,4.2,8.24
1170.4,18.9,23,Road,41.6,1.5,4.33
3788.7,67.7,4,Air,51.7,6.3,5.06
4289.4,67.7,26,Road,80.0,7.9,12.35
2248.2,47.3,39,Rail,17.4,7.7,6.61
3423.6,25.2,17,Multimodal,32.1,9.9,12.39
2364.2,53.0,3,Rail,52.1,2.1,5.86
317.3,84.1,17,Sea,76.8,9.1,10.74
1470.9,5.1,19,Rail,42.5,7.3,4.02
398.3,24.4,39,Sea,7.3,7.1,7.96
4450.0,26.0,18,Multimodal,98.9,6.8,14.93
1034.5,57.0,28,Road,70.8,5.4,7.04
2863.4,58.8,15,Road,72.3,3.8,8.8
1283.1,19.0,26,Rail,46.5,9.4,4.42
2941.3,19.8,35,Sea,54.7,1.5,12.53
950.8,83.6,16,Road,99.4,1.8,7.98
3534.8,68.2,15,Road,59.5,0.2,10.03
503.1,84.1,5,Road,21.9,7.4,5.43
4028.7,74.8,24,Multimodal,96.4,8.9,16.57
3782.7,36.5,2,Rail,53.8,1.9,6.6
3056.2,11.4,36,Road,2.1,0.3,7.13
308.0,56.8,31,Road,57.3,2.4,5.91
942.5,32.0,30,Road,7.0,8.8,4.39
3867.8,38.6,12,Road,52.8,0.2,8.69
553.3,38.6,37,Road,82.5,1.0,6.23
705.9,84.3,21,Air,53.9,0.2,5.77
2450.3,6.7,12,Multimodal,37.3,9.4,9.39
1237.4,17.8,37,Road,88.3,1.4,6.88
1003.2,54.9,35,Road,92.8,9.0,7.54
2593.3,79.6,22,Road,34.7,4.7,8.88
1679.7,82.7,36,Rail,49.9,3.9,8.35
636.8,50.5,8,Road,98.3,4.3,5.82
2409.2,3.6,27,Road,17.8,4.2,5.78
1744.6,33.0,27,Road,29.8,3.4,6.19
3306.7,82.7,36,Sea,42.8,8.1,17.25
466.9,45.2,7,Sea,10.1,5.1,6.76
2794.7,65.5,3,Rail,27.2,9.9,6.4
1967.0,24.6,4,Road,54.5,5.2,5.17
1830.2,2.7,24,Air,22.8,8.2,2.79
1049.1,52.3,8,Multimodal,68.6,7.5,8.59
141.8,75.2,13,Road,34.8,4.0,4.91
3815.4,89.1,9,Road,9.0,7.9,9.78
1472.2,76.3,20,Rail,76.5,1.5,7.58
3066.5,50.1,20,Road,56.7,2.0,8.87
4264.4,55.0,5,Road,82.5,6.2,10.62
2544.6,74.3,5,Rail,36.0,7.1,6.73
1790.2,2.3,35,Rail,1.9,6.4,4.16
1210.9,85.7,1,Road,4.7,5.1,5.47
4203.5,48.0,15,Rail,79.5,1.4,8.63
3070.9,85.7,17,Multimodal,41.1,3.7,12.38
2995.4,68.9,12,Road,97.6,6.0,10.03
1920.6,14.1,36,Rail,83.0,2.3,6.65
3803.5,15.3,15,Road,1.6,6.4,6.98
3213.0,32.2,14,Road,87.0,2.3,8.96
1277.9,24.1,27,Rail,21.3,1.0,4.27
2700.1,39.8,22,Road,48.6,3.2,7.64
1938.7,54.5,9,Road,50.6,2.7,6.97
34.6,39.6,21,Road,6.0,8.1,3.09
3635.3,5.5,3,Rail,12.6,4.8,4.27
557.1,87.8,31,Sea,42.3,0.6,9.42
2297.2,38.5,13,Road,64.3,8.2,7.17
1516.3,76.7,2,Rail,26.4,2.7,5.76
1542.7,7.1,14,Road,52.6,5.7,4.55
2150.8,73.0,7,Rail,37.9,5.4,6.34
4486.6,16.0,29,Road,63.0,9.7,10.02
1840.7,61.3,4,Rail,42.4,2.5,5.74
824.6,59.7,4,Multimodal,85.2,1.5,7.48
2763.2,81.9,24,Multimodal,98.4,2.6,13.03
1067.1,29.2,21,Road,91.3,5.8,5.96
479.4,10.3,28,Air,16.9,2.2,2.47
230.5,77.9,38,Road,45.7,3.4,6.88
107.9,30.2,8,Multimodal,45.9,6.6,5.36
1943.1,21.3,17,Road,84.0,1.2,6.45
1923.1,44.0,9,Road,35.7,9.5,6.09
839.0,13.6,20,Road,55.0,5.3,3.89
3529.2,27.1,5,Road,60.9,4.8,7.83
586.1,35.0,35,Sea,11.2,3.6,7.68
4119.4,25.3,29,Multimodal,55.8,2.5,12.77
2646.2,40.8,12,Rail,24.7,4.8,5.69
129.1,34.9,32,Sea,20.7,4.9,6.71
4333.6,69.8,31,Sea,25.0,0.6,16.38
1389.2,82.7,31,Road,9.9,8.5,7.52
2027.6,9.5,1,Road,7.0,8.2,3.71
1282.8,74.2,5,Road,64.7,4.5,6.7
3279.3,83.9,36,Road,94.1,3.4,12.0
2188.1,62.0,12,Road,68.8,5.0,7.96
600.0,89.7,16,Road,31.2,2.2,6.14
473.4,30.5,16,Road,33.5,0.0,3.85
3265.6,74.8,21,Road,54.1,3.5,9.95
1070.7,60.8,33,Air,86.6,0.2,6.53
624.4,29.4,26,Road,20.2,0.4,4.34
2249.9,63.6,3,Rail,46.9,0.3,6.34
3613.4,46.1,23,Rail,49.9,8.8,7.66
1258.1,17.4,25,Rail,93.1,1.4,5.75
1247.6,16.1,20,Road,53.6,2.5,4.8
3753.3,64.3,36,Road,78.1,4.9,11.57
669.5,64.2,35,Road,8.8,5.3,5.77
2777.2,48.0,33,Road,32.7,1.2,8.44
4297.8,45.4,5,Road,61.1,9.1,9.66
3786.7,16.6,4,Rail,67.8,2.3,6.37
282.9,38.9,8,Rail,88.5,9.4,4.68
1443.0,78.5,11,Rail,59.0,2.6,6.5
645.0,77.0,27,Road,29.0,0.0,6.42
4271.8,59.7,10,Road,53.9,9.7,10.53
4436.8,89.8,20,Sea,71.2,4.8,19.22
1061.3,80.4,32,Road,78.4,8.8,8.43
3015.3,13.5,27,Sea,94.5,7.3,14.4
3788.1,36.2,18,Sea,19.1,1.8,13.37
1055.4,12.3,26,Road,66.1,8.5,5.05
848.6,42.2,35,Road,20.0,0.5,5.6
55.4,70.0,28,Rail,31.8,5.1,5.49
1856.8,14.4,1,Road,14.3,2.5,4.09
4048.0,79.3,34,Road,77.3,3.6,12.8
4063.9,51.4,26,Road,91.4,7.6,11.35
579.2,67.5,6,Road,3.0,6.8,4.11
923.6,4.5,25,Rail,81.4,4.4,4.49
1839.2,8.9,17,Sea,24.2,0.5,7.88
3513.9,56.1,26,Road,48.7,0.4,9.69
2755.3,75.5,21,Multimodal,74.8,7.0,13.52
2314.8,78.7,32,Multimodal,50.7,9.5,13.55
2665.7,62.1,25,Multimodal,23.1,8.5,11.88
437.4,18.5,32,Sea,90.6,1.2,7.87
2152.1,18.0,19,Road,59.4,1.2,6.21
4464.3,79.4,2,Road,93.1,6.1,11.83
402.6,10.6,35,Rail,84.7,6.6,4.95
2339.0,61.9,16,Rail,87.7,6.2,7.68
1333.9,48.2,16,Sea,36.2,8.9,10.59
2431.9,38.2,33,Multimodal,98.7,2.3,11.18
2584.3,39.9,24,Rail,85.2,1.7,7.5
2600.7,85.1,31,Road,33.8,9.1,9.55
3835.7,77.6,23,Road,89.6,7.2,11.95
1756.9,77.9,17,Road,75.5,7.1,8.19
2326.0,36.9,33,Rail,72.5,3.4,7.38
54.1,10.1,37,Rail,0.6,6.3,2.65
3554.0,89.8,36,Sea,2.3,7.3,17.23
1171.4,13.5,19,Rail,69.5,6.0,4.7
3675.4,46.6,21,Air,27.9,7.4,4.41
1199.0,24.2,39,Rail,5.9,5.9,4.75
53.5,46.2,19,Sea,28.6,9.8,7.61
701.0,27.8,8,Road,83.8,4.9,4.46
4435.6,80.8,26,Air,47.1,0.1,7.15
1442.5,87.2,18,Rail,61.6,1.6,7.46
494.2,37.2,14,Road,80.1,9.6,5.18
538.8,6.8,18,Road,32.3,4.7,3.04
1400.0,59.9,37,Air,1.1,1.2,4.72
174.2,34.2,28,Road,32.3,1.6,3.94
2304.1,88.7,33,Rail,95.7,0.3,10.1
965.8,8.5,6,Road,48.2,2.3,3.28
2339.3,11.2,7,Rail,57.0,9.9,4.38
637.7,63.1,5,Sea,76.0,3.3,8.53
1937.2,68.4,27,Road,11.5,2.5,7.37
2692.6,42.7,8,Road,73.4,6.7,7.67
283.7,25.3,38,Multimodal,29.8,6.7,7.12
1797.4,28.2,33,Sea,38.8,9.7,11.91
1364.8,30.7,12,Air,26.9,7.3,2.84
1085.4,20.7,37,Road,15.4,1.1,4.69
2722.4,76.6,37,Road,36.1,9.9,9.95
2650.5,6.3,15,Road,9.5,7.5,5.18
2840.0,37.0,17,Sea,84.5,2.6,13.2
719.2,67.4,37,Road,30.6,2.6,6.7
1289.3,0.8,29,Road,65.4,9.6,5.08
947.5,79.1,3,Road,29.7,1.9,5.64
2434.6,63.7,11,Road,21.1,2.3,7.09
2077.5,7.1,26,Sea,71.4,3.6,10.39
1489.7,80.6,6,Road,62.4,6.8,7.06
3538.1,44.1,35,Rail,21.8,4.3,7.69
427.4,58.9,24,Multimodal,61.2,3.1,7.79
4387.2,79.4,39,Road,0.5,2.7,11.5
528.9,79.4,34,Rail,17.7,1.3,6.39
3480.0,37.1,24,Multimodal,72.8,5.5,12.99
1660.2,21.8,19,Multimodal,41.0,2.7,7.4
3894.4,23.5,13,Road,20.4,3.3,7.76
338.4,69.1,9,Road,50.6,0.1,5.03
1689.4,83.7,19,Road,46.5,5.3,7.92
1512.8,7.0,32,Sea,63.4,7.0,10.43
4469.2,1.8,21,Sea,7.3,9.3,15.56
4435.0,74.2,32,Rail,81.9,2.0,10.8
858.2,35.1,12,Road,5.8,9.2,3.57
2836.6,25.2,29,Road,45.4,3.6,7.64
2412.2,17.4,33,Rail,71.0,8.0,6.73
698.9,31.5,1,Rail,34.5,9.0,3.33
759.2,87.4,4,Sea,91.0,9.6,12.0
4451.7,87.9,13,Road,75.5,3.3,12.24
2040.0,30.2,23,Road,42.6,2.6,6.36
570.5,86.8,28,Road,18.4,4.4,6.62
970.5,27.3,12,Road,4.3,5.5,3.65
1211.2,77.0,19,Road,80.2,6.9,7.64
2301.6,19.5,33,Road,19.4,6.9,6.24
1513.3,74.5,18,Road,27.0,1.2,6.93
2050.3,32.2,34,Road,1.0,6.1,6.37
753.4,18.0,30,Road,1.8,1.7,3.48
1473.6,84.2,6,Sea,23.0,7.1,11.21
321.1,19.7,4,Road,87.3,9.8,3.82
4004.2,89.3,12,Rail,78.1,7.7,9.96
898.4,10.2,23,Sea,77.0,6.9,8.95
3407.3,1.4,28,Rail,82.7,0.8,7.06
1576.2,78.4,11,Multimodal,18.7,1.8,8.33
2137.4,53.0,28,Road,97.9,3.6,9.16
1314.2,38.2,34,Sea,23.2,9.3,10.94
3135.5,7.8,34,Multimodal,15.0,3.3,9.65
3801.2,52.0,21,Air,29.5,8.1,5.1
1291.8,35.7,36,Road,53.0,1.0,6.41
1093.8,43.8,28,Road,12.4,6.6,5.08
3068.1,56.9,34,Road,73.9,7.8,10.49
882.2,57.8,29,Rail,37.2,5.4,5.94
2881.1,86.5,26,Sea,56.8,7.7,16.22
429.5,59.1,13,Road,73.4,7.2,5.49
2792.5,30.9,34,Rail,90.2,4.8,8.16
2312.8,30.0,19,Rail,81.9,8.7,6.77
517.0,43.2,8,Road,53.7,3.4,4.25
2922.7,23.7,29,Air,99.1,4.3,5.6
2012.3,34.2,16,Sea,53.0,5.4,11.05
980.9,75.9,28,Road,53.6,1.3,7.4
1593.5,77.4,30,Rail,15.8,5.2,6.83
2217.0,56.7,23,Road,14.9,3.2,6.86
416.5,52.7,29,Rail,16.9,2.6,4.65
4309.5,38.7,20,Multimodal,59.2,5.8,14.21
2996.7,57.4,17,Air,41.5,3.3,4.95
465.9,72.6,26,Road,38.6,8.6,6.12
3703.8,66.5,39,Road,12.8,4.1,10.43
1454.9,3.7,33,Road,38.1,4.1,4.87
2687.6,65.9,14,Rail,37.8,9.8,7.06
1250.8,64.9,31,Road,62.1,3.4,7.47
3301.7,9.4,16,Rail,38.8,1.3,5.44
3254.9,13.9,21,Road,41.9,8.8,7.12
2486.4,71.0,35,Road,27.3,9.2,8.95
1088.0,50.5,19,Road,13.2,2.3,5.0
1145.4,74.0,6,Multimodal,30.0,8.8,9.2
1726.0,17.0,23,Sea,4.3,4.9,9.04
656.8,3.2,26,Road,20.4,0.4,3.19
1522.8,15.0,9,Road,32.5,5.5,4.11
3081.2,41.0,13,Rail,14.6,8.5,5.79
3739.6,47.3,15,Road,66.5,4.0,9.62
1500.0,77.3,32,Rail,28.1,5.5,7.32
1055.0,64.6,39,Sea,61.6,1.4,10.48
3747.7,89.1,17,Rail,64.4,8.4,9.6
4008.7,7.5,29,Rail,44.7,1.1,6.68
1848.0,12.2,18,Rail,44.9,0.9,4.61
125.9,8.0,34,Air,58.1,9.3,3.4
3128.9,48.7,25,Multimodal,26.2,8.7,12.44
3529.2,24.4,12,Rail,2.1,5.7,5.18
86.0,61.7,15,Road,64.5,1.1,5.16
2679.7,12.4,24,Rail,60.9,5.5,5.97
2649.7,9.7,9,Road,47.6,9.2,5.8
1707.3,41.7,20,Rail,87.6,6.1,6.72
3375.2,34.1,25,Rail,50.9,2.0,7.43
1929.7,74.7,24,Road,30.3,9.1,7.96
3047.1,75.5,26,Road,71.4,8.7,10.49
2329.4,11.0,14,Rail,96.2,5.5,6.11
1121.8,73.2,5,Air,73.7,8.5,5.43
2731.2,51.0,29,Rail,90.9,0.6,8.46
3317.4,45.6,8,Rail,11.3,4.6,6.11
4382.7,9.0,17,Road,12.1,1.8,8.01
1713.6,66.7,22,Rail,15.5,8.4,6.07
294.8,5.8,18,Road,70.3,9.7,3.63
4445.9,25.4,27,Rail,39.0,9.3,7.98
2809.0,9.0,2,Road,47.8,5.0,5.92
4259.3,48.0,1,Rail,26.2,5.1,6.97
471.7,58.2,8,Road,73.6,9.1,5.45
1542.4,80.2,21,Road,84.5,7.2,8.53
607.0,66.2,24,Multimodal,16.0,0.7,6.64
3760.6,86.5,2,Road,19.3,1.3,9.36
3962.1,68.6,38,Road,33.9,9.5,11.19
2258.4,27.2,28,Rail,28.0,3.7,5.26
843.8,49.5,34,Air,53.2,1.9,5.26
576.4,41.5,12,Road,75.3,7.4,5.18
2648.8,51.2,5,Sea,79.3,8.8,14.32
2281.2,51.7,36,Air,20.8,2.1,5.08
3128.1,63.3,8,Road,17.6,2.5,8.03
1376.9,7.9,30,Road,36.4,9.0,4.84
1813.6,67.3,10,Road,14.8,0.1,6.63
101.0,13.4,21,Sea,9.2,9.1,6.33
2747.6,2.8,34,Road,24.3,0.4,6.77
1907.0,46.9,34,Road,39.4,1.0,7.6
4139.3,52.5,4,Rail,58.8,8.6,7.93
2889.8,3.6,11,Rail,72.3,2.5,5.3
1797.1,46.6,22,Road,22.3,2.2,6.11
1189.8,48.3,23,Rail,81.9,8.4,6.47
4074.3,5.2,34,Road,3.4,5.4,8.0
78.1,64.2,30,Road,44.4,3.5,5.28
1474.5,19.3,25,Rail,63.3,7.1,5.41
4246.1,71.6,24,Air,29.1,8.1,6.11
2944.9,28.3,25,Road,68.4,8.6,8.4
2399.6,43.3,30,Air,86.7,1.2,6.21
919.9,80.3,39,Rail,8.9,5.8,6.57
3751.0,72.7,16,Road,51.3,6.8,10.07
922.9,70.5,10,Sea,1.9,1.2,7.59
1120.9,14.9,31,Road,28.0,6.1,4.89
867.4,4.8,11,Multimodal,13.7,0.3,3.69
715.9,54.7,9,Air,62.4,3.4,4.3
4290.1,37.3,36,Road,24.9,1.7,10.07
2711.1,81.9,19,Road,28.2,5.6,8.94
2872.1,31.8,5,Road,20.6,1.9,6.21
4294.7,37.2,12,Road,24.4,7.9,8.86
1041.4,47.6,10,Road,22.5,1.2,4.81
31.6,71.8,14,Road,69.8,7.6,5.84
2697.0,24.5,20,Rail,95.6,1.0,6.88
2287.8,84.8,20,Road,49.0,4.4,8.89
2152.0,48.8,36,Sea,60.0,7.0,13.47
283.2,75.8,25,Sea,81.8,1.6,9.35
2047.7,47.5,5,Rail,47.6,7.5,5.66
1297.6,69.6,27,Air,30.2,9.5,5.25
1239.2,5.1,2,Road,95.1,3.7,4.36
1004.6,72.0,12,Road,90.6,0.0,7.42
1499.7,47.4,28,Rail,22.0,4.8,5.64
1592.3,40.7,13,Rail,70.3,9.0,5.75
1392.9,10.5,21,Rail,64.7,6.7,4.32
4404.5,66.9,8,Air,65.0,7.0,6.04
4197.6,12.2,12,Multimodal,83.1,7.9,13.45
2587.4,17.7,11,Rail,67.4,9.1,5.59
4414.8,11.8,19,Sea,51.8,1.2,14.6
4460.4,1.1,8,Road,84.6,5.9,8.99
1604.9,59.7,27,Road,26.5,8.9,6.53
2006.1,24.7,7,Sea,67.9,7.8,11.01
4316.0,13.9,21,Road,70.2,2.5,9.78
2740.8,29.1,27,Road,87.0,8.7,8.38
962.1,45.2,14,Road,99.8,2.9,6.24
3103.8,45.6,32,Rail,55.8,4.1,8.13
929.8,33.4,29,Road,48.4,1.9,5.46
1530.4,44.8,24,Rail,60.1,8.9,6.2
1027.9,38.7,28,Road,65.9,0.9,6.38
1106.2,74.1,24,Road,71.3,9.9,7.5
25.9,3.2,2,Road,28.1,3.3,1.1
3963.8,78.2,31,Road,48.7,7.1,11.71
1335.5,22.3,12,Air,37.1,1.3,2.83
393.3,65.1,1,Road,3.9,4.9,3.74
396.0,36.8,21,Road,61.0,0.4,4.62
2504.3,26.8,29,Rail,87.5,8.8,7.23
4468.2,55.6,30,Rail,92.1,4.5,10.26
656.9,69.3,1,Road,51.7,7.4,5.12
452.8,40.8,22,Road,76.6,8.9,5.16
1975.2,42.3,8,Multimodal,71.2,0.7,8.32
2537.2,5.8,13,Rail,22.9,5.1,4.09
1328.2,83.2,14,Road,6.3,1.9,6.51
1364.8,76.3,1,Rail,74.8,0.7,6.56
1913.0,36.1,32,Road,28.3,6.2,6.71
1417.1,69.0,38,Road,54.9,1.1,8.12
4119.4,28.5,12,Rail,52.4,4.9,6.97
193.6,65.9,16,Air,81.8,2.0,5.43
1059.4,46.7,24,Road,64.5,2.0,6.48
3639.4,41.7,20,Sea,84.7,5.2,15.72
3753.6,5.6,32,Road,75.2,5.6,9.1
506.4,86.9,27,Road,100.0,0.0,7.97
4382.1,75.4,34,Road,86.4,5.0,13.05
3121.6,71.5,22,Road,21.1,6.7,9.07
1230.3,27.8,3,Air,96.1,6.8,3.91
2054.9,26.4,17,Rail,34.0,8.5,4.98
1340.6,51.8,14,Road,60.8,9.0,6.21
679.4,76.2,27,Multimodal,94.1,6.2,10.01
1313.8,84.1,39,Air,21.4,4.8,6.31
2612.5,24.6,20,Sea,85.7,2.0,12.22
3717.7,54.9,31,Multimodal,95.3,1.3,13.86
1639.1,65.3,31,Road,85.4,6.1,8.62
1568.8,20.8,29,Sea,81.9,9.5,12.12
2108.7,37.0,32,Rail,26.5,2.8,6.3
2902.3,17.3,30,Air,40.7,1.0,4.22
3383.5,63.1,27,Sea,76.0,4.2,16.1
1474.0,77.8,19,Road,11.8,0.0,6.7
2640.7,79.0,28,Sea,88.8,5.5,15.55
1755.2,60.5,10,Road,21.0,0.5,5.85
3225.2,31.6,16,Road,56.5,9.3,8.33
745.2,59.7,31,Road,10.5,8.7,5.53
1159.9,77.9,10,Multimodal,18.5,1.1,7.91
1920.1,56.5,10,Road,58.6,1.5,6.95
4002.9,37.5,28,Rail,63.5,9.5,8.46
2582.1,82.8,12,Road,27.0,8.1,8.57
4344.5,75.3,33,Multimodal,11.9,9.4,16.0
469.2,79.5,28,Road,55.0,3.3,6.7
2073.5,81.3,18,Sea,84.1,1.1,12.81
1888.8,35.7,28,Air,20.1,6.2,3.88
2702.9,77.4,28,Road,69.2,9.7,10.16
3654.8,51.5,39,Road,38.6,1.3,10.29
3787.3,3.9,14,Sea,94.3,8.2,15.01
3017.5,57.4,8,Air,8.3,3.6,3.9
2888.7,42.6,30,Sea,4.0,1.2,11.99
4270.9,25.1,36,Road,12.4,4.6,9.35
1729.7,87.3,3,Air,78.2,4.9,6.23
3748.4,5.4,10,Road,92.3,0.1,8.35
4147.2,85.2,9,Rail,82.2,4.7,9.9
2214.5,14.8,13,Sea,71.8,6.5,11.45
3282.3,34.2,22,Road,5.8,7.6,7.83
1699.7,37.8,24,Sea,21.4,1.0,9.15
719.2,65.9,7,Rail,93.5,8.8,6.35
2641.3,19.8,13,Air,62.3,1.7,3.98
888.1,88.8,6,Road,46.8,6.6,6.39
2061.9,67.5,10,Road,65.2,5.5,7.65
3928.6,71.2,11,Sea,17.9,8.8,16.7
391.7,10.0,29,Road,89.3,0.4,4.87
141.8,43.1,16,Road,65.6,1.9,4.42
2731.1,85.1,20,Multimodal,47.1,1.2,11.83
1493.1,24.7,21,Road,45.7,3.3,5.3
1883.6,13.5,29,Multimodal,82.2,3.4,9.0
1828.7,43.9,14,Road,30.8,0.9,5.98
394.4,83.8,16,Road,13.7,5.1,5.28
21.0,44.1,9,Sea,18.6,1.2,4.83
4043.4,36.7,6,Rail,8.1,0.7,6.04
984.0,58.7,38,Rail,50.8,0.3,6.46
1920.2,84.4,29,Rail,67.7,9.3,8.65
4373.8,4.9,18,Sea,93.4,4.0,15.77
3721.3,14.2,24,Road,75.1,2.8,9.1
490.1,12.4,17,Road,58.3,4.8,3.6
2290.8,8.1,36,Road,86.4,1.6,7.26
3286.7,27.5,21,Rail,89.2,4.1,7.62
3144.3,21.0,19,Road,71.2,1.9,7.96
3425.0,49.6,23,Road,5.6,3.0,8.51
2061.3,29.8,27,Rail,29.2,9.2,5.51
795.8,36.8,11,Road,33.6,1.5,4.48
2094.6,84.8,26,Road,99.7,4.7,9.98
2917.3,14.4,11,Rail,46.4,6.6,5.31
2740.6,35.3,22,Road,76.2,9.2,8.41
322.0,23.5,19,Air,81.4,9.2,3.83
297.0,49.7,8,Rail,65.3,2.5,4.39
4343.8,66.4,23,Road,1.8,9.4,10.2
687.4,73.6,23,Rail,1.9,3.3,4.98
1328.6,46.6,9,Road,81.9,8.9,6.17
3455.5,77.0,24,Sea,73.9,0.9,15.72
1846.5,70.8,12,Multimodal,53.6,2.0,9.58
820.7,14.6,12,Rail,24.9,0.8,3.01
2105.2,22.5,32,Rail,8.7,3.0,5.02
2562.4,60.6,2,Road,16.4,8.7,6.7
2040.2,87.7,6,Road,58.0,1.6,8.16
4135.7,34.2,4,Air,54.6,2.2,4.25
1284.7,21.1,13,Road,94.1,2.2,5.44
2977.7,78.3,36,Road,95.7,2.7,11.38
509.8,18.4,39,Road,57.6,0.2,4.74
1768.3,62.9,38,Sea,84.1,4.2,13.31
3335.8,3.6,18,Road,81.2,9.8,8.03
1015.6,2.2,15,Air,75.2,4.5,2.98
2656.0,40.9,33,Road,43.7,8.1,8.36
694.7,59.3,30,Road,38.9,5.7,5.92
466.6,13.2,36,Sea,26.4,0.1,6.05
2356.9,68.9,25,Road,93.7,5.9,9.55
3039.2,12.0,4,Rail,83.4,9.5,5.67
514.6,48.3,18,Road,17.7,5.5,4.24
4130.4,28.1,33,Road,25.2,5.3,9.42
1019.8,67.8,20,Road,58.1,6.7,6.99
544.3,72.5,21,Air,41.4,8.7,5.25
916.1,6.4,1,Rail,21.4,5.6,2.12
767.2,17.7,34,Sea,79.1,4.1,9.11
412.6,80.4,9,Road,0.2,0.4,4.91
3591.3,37.7,1,Rail,34.3,1.1,6.05
2232.4,43.2,27,Rail,92.9,6.5,7.69
1751.4,15.5,15,Multimodal,76.1,6.2,8.56
4278.1,89.5,24,Sea,40.1,2.4,17.7
1672.7,83.1,25,Sea,92.9,7.2,13.99
755.5,0.7,34,Road,90.1,2.8,4.78
1236.8,49.8,10,Rail,5.3,3.0,4.37
1079.2,78.6,30,Rail,12.8,0.6,6.41
2246.8,39.0,25,Air,38.7,5.5,4.31
1315.3,39.6,3,Road,92.9,2.9,5.65
2324.7,34.5,22,Road,84.4,8.2,7.8
3013.5,3.1,24,Road,4.8,8.0,5.85
3499.0,71.2,27,Road,51.2,1.3,10.51
3197.2,41.4,26,Road,72.0,1.6,9.05
929.1,48.0,16,Air,27.6,3.2,3.77
526.0,23.4,38,Rail,72.3,5.8,5.49
2443.3,70.7,4,Air,37.0,3.4,4.48
899.1,71.5,23,Sea,27.4,3.5,9.21
386.8,50.0,19,Road,39.3,1.4,4.81
2374.3,81.5,15,Rail,95.1,3.4,8.71
1473.9,10.9,31,Road,90.5,4.7,6.44
3403.9,70.9,24,Air,91.4,9.8,7.18
1417.3,50.5,11,Road,91.7,8.4,6.86
4404.3,21.2,10,Road,17.8,7.9,8.36
3414.6,12.3,8,Road,89.6,5.6,8.07
264.3,27.4,3,Rail,21.2,3.6,2.51
2292.4,77.1,19,Road,83.8,8.6,9.46
2534.0,71.0,4,Road,54.2,3.5,8.01
3130.4,58.2,29,Sea,24.0,5.9,14.76
2242.6,8.6,21,Sea,39.9,2.6,10.08
2178.1,86.0,9,Road,43.3,7.8,8.34
1658.9,27.8,18,Rail,73.3,5.1,5.34
1225.2,54.8,19,Air,60.6,9.0,5.01
4258.2,72.4,17,Road,81.7,5.7,11.88
1432.6,12.4,24,Air,39.7,1.6,3.27
290.1,58.9,6,Road,74.4,9.9,5.18
756.9,3.4,31,Rail,79.3,5.0,4.69
3858.5,9.6,27,Rail,6.3,2.5,5.66
2641.9,65.2,34,Rail,37.6,3.3,8.0
3505.6,14.4,27,Air,88.6,1.2,4.91
3640.5,40.2,27,Road,70.5,0.7,9.73
3705.4,22.7,35,Road,41.8,4.5,9.28
2480.0,38.2,12,Rail,18.3,9.5,5.19
801.2,7.4,29,Sea,9.7,1.2,6.33
671.3,68.1,6,Road,22.9,9.0,4.71
2585.1,7.6,37,Sea,24.5,8.0,12.26
1652.5,75.5,7,Road,37.1,8.1,6.89
2513.4,59.8,6,Road,17.7,7.1,6.89
2245.7,37.8,19,Sea,14.6,5.9,11.24
2711.9,78.1,14,Road,84.4,1.2,9.69
149.3,17.2,21,Rail,25.0,5.8,2.84
152.6,24.2,14,Road,56.2,3.5,3.34
3248.6,12.8,14,Road,19.9,1.1,6.34
873.1,34.7,32,Rail,49.2,8.0,5.5
2936.6,88.8,26,Rail,27.7,5.5,8.64
2461.9,14.9,3,Road,8.7,7.4,4.71
4418.2,74.9,15,Road,98.2,4.8,12.49
3760.1,58.8,21,Road,45.8,5.5,10.03
1862.0,1.9,30,Rail,39.3,7.1,4.96
2775.8,85.1,14,Multimodal,19.9,2.5,11.22
532.2,87.4,39,Air,49.5,8.5,6.49
1741.8,83.3,37,Road,63.5,4.2,9.24
3303.8,45.4,28,Road,30.5,7.1,8.67
2803.9,20.2,2,Multimodal,48.0,3.3,8.9
2182.7,35.5,22,Rail,23.7,7.0,5.44
798.5,55.5,7,Rail,52.8,0.4,5.02
3615.1,34.4,32,Sea,78.7,9.3,16.88
1232.9,63.9,16,Road,6.0,7.9,5.54
3693.1,71.7,36,Rail,51.8,6.6,9.55
2754.2,19.2,2,Multimodal,39.9,3.2,8.46
1680.4,36.7,17,Rail,7.4,8.4,4.53
187.5,86.2,3,Road,94.1,7.7,6.3
1049.7,22.9,23,Road,26.0,4.5,4.62
4001.4,31.5,37,Road,56.5,2.0,10.42
3681.8,3.7,39,Sea,37.3,1.8,13.6
2589.0,30.2,28,Road,27.1,4.9,7.2
2101.1,33.7,8,Road,52.7,7.8,6.08
2913.9,9.4,33,Multimodal,68.9,7.1,11.67
2100.8,0.6,4,Road,78.6,4.9,5.37
2901.2,52.0,7,Road,63.4,2.0,8.37
1386.8,27.5,11,Road,52.6,2.4,5.05
3774.0,2.1,8,Road,77.7,0.6,7.73
3160.1,77.5,20,Road,51.7,1.8,10.08
1488.2,52.8,39,Air,97.4,0.1,6.39
3738.8,15.8,28,Air,52.7,6.7,4.65
2195.6,77.9,11,Rail,31.7,5.9,7.03
790.0,23.2,22,Road,44.6,9.9,4.37
354.3,20.9,36,Rail,49.0,7.6,4.48
3149.7,80.6,6,Road,28.3,2.5,9.17
3893.7,16.6,7,Road,15.9,7.1,6.96
3634.5,79.2,10,Multimodal,43.1,0.1,12.15
2952.2,72.4,4,Road,89.7,9.9,9.76
640.5,28.2,9,Road,25.6,6.1,3.18
427.7,3.6,38,Rail,36.2,1.2,3.75
1555.9,7.9,19,Rail,75.8,5.0,4.8
3847.8,10.3,33,Road,8.2,9.4,8.24
4328.0,80.2,38,Road,82.5,8.5,13.2
1089.9,36.7,22,Road,72.0,3.0,5.77
3430.6,3.4,39,Rail,55.0,4.0,6.92
2584.5,50.3,1,Road,20.9,8.5,6.36
148.0,19.1,21,Road,9.3,9.0,2.62
2445.4,21.5,7,Rail,23.2,9.1,4.49
3627.7,14.9,7,Air,76.1,9.5,3.63
1246.2,68.7,22,Road,93.3,5.0,8.22
4038.6,0.6,13,Road,73.8,8.6,8.16
1067.0,39.8,23,Rail,52.8,3.5,5.29
348.7,8.3,22,Sea,95.1,8.4,8.47
723.9,49.9,26,Road,82.9,3.5,6.68
3767.3,31.5,18,Road,65.6,6.1,8.98
1880.8,3.0,7,Road,3.8,4.7,3.42
3587.3,41.8,2,Road,28.8,8.9,7.87
2392.9,51.6,19,Rail,30.8,0.7,6.26
2165.1,22.7,14,Road,34.7,9.5,5.73
3632.1,69.0,25,Sea,38.9,4.6,15.95
1908.6,33.7,33,Rail,93.9,4.8,7.36
3610.1,67.6,39,Rail,74.2,8.3,9.85
457.5,52.3,20,Road,69.2,6.7,5.6
2865.2,78.3,5,Rail,42.7,9.5,7.47
3163.1,49.4,21,Road,33.8,5.5,8.6
4046.4,17.1,13,Air,12.0,5.6,2.83
1013.3,74.1,14,Multimodal,45.3,9.7,10.13
2721.0,70.6,16,Road,20.5,9.3,7.87
1952.5,87.5,28,Road,39.1,2.1,8.7
1725.6,8.9,1,Road,15.6,3.1,3.83
484.7,53.4,2,Rail,34.4,6.3,3.93
608.4,44.5,8,Rail,4.3,9.4,3.49
3767.3,60.5,13,Sea,0.6,5.6,14.81
3375.1,88.2,38,Sea,87.0,7.3,18.86
1723.6,48.1,19,Road,64.1,0.9,6.97
3729.0,61.9,2,Rail,58.8,5.2,7.76
368.0,31.6,31,Rail,51.4,1.5,4.91
2813.4,27.3,10,Rail,72.7,2.6,6.45
3907.5,30.5,5,Rail,73.6,1.7,6.83
3775.7,4.0,23,Rail,93.5,1.7,7.34
1680.7,26.0,30,Rail,24.4,9.9,4.96
3354.8,16.0,32,Rail,78.5,3.0,7.48
1926.5,41.4,1,Rail,99.1,5.7,6.04
3781.4,41.7,3,Sea,2.9,0.2,11.92
2390.8,69.0,30,Rail,37.4,8.1,7.89
3443.0,45.5,37,Rail,43.6,6.8,8.03
358.2,41.9,28,Rail,82.2,2.3,5.7
2657.2,21.2,21,Road,1.4,0.4,5.93
2478.5,76.8,13,Road,59.9,2.7,8.69
2746.8,8.6,26,Road,89.3,6.3,7.85
3131.9,88.4,30,Rail,14.8,0.2,8.63
4131.9,43.1,24,Rail,11.6,0.8,7.29
3536.6,17.1,38,Multimodal,100.0,4.1,12.96
992.3,32.2,5,Road,82.6,1.8,4.91
3717.4,1.9,16,Road,69.7,6.3,7.98
553.7,15.4,16,Road,39.9,1.7,3.07
2801.8,30.5,10,Road,85.4,9.9,8.07
3973.0,50.1,18,Sea,92.3,4.4,16.74
459.5,12.1,38,Road,73.2,1.5,4.81
3824.4,61.0,17,Rail,39.8,0.7,8.2
3594.8,76.1,31,Rail,58.4,4.2,9.55
2269.5,51.7,26,Rail,9.9,8.1,6.26
1393.5,27.1,26,Air,15.8,4.4,3.09
1827.4,11.4,12,Road,78.3,1.4,5.49
4359.1,1.9,18,Road,2.9,4.9,7.53
911.6,66.0,34,Air,4.9,3.4,5.0
2610.3,56.7,35,Air,50.8,5.0,6.05
379.2,43.1,11,Road,17.1,3.9,3.52
984.4,9.6,30,Road,29.4,6.5,4.08
3436.1,19.0,11,Road,39.9,8.0,7.22
1365.2,73.5,4,Road,52.2,8.9,6.4
4436.0,43.4,36,Multimodal,28.4,7.4,15.19
2256.2,86.7,10,Rail,48.4,3.6,7.77
2326.8,90.0,34,Road,37.1,4.5,9.75
168.2,72.2,31,Air,8.1,6.4,5.07
4304.6,23.6,32,Rail,86.7,2.2,8.92
788.2,21.2,28,Road,28.1,7.0,4.45
2424.8,23.2,37,Multimodal,60.9,6.5,11.07
1783.6,88.8,32,Sea,57.0,6.6,13.95
1873.1,30.5,32,Sea,19.9,3.3,10.19
2896.6,63.7,17,Rail,3.0,6.0,6.43
2981.1,86.3,34,Sea,85.7,2.0,16.03
698.5,73.9,35,Road,49.8,1.9,7.13
2250.6,54.0,39,Rail,41.4,7.7,7.46
3558.2,15.6,21,Multimodal,76.3,3.8,11.79
1997.6,16.2,32,Road,3.3,5.4,5.3
750.3,44.6,34,Sea,76.5,2.9,9.43
1412.9,85.7,34,Rail,40.9,2.4,7.8
959.6,81.5,8,Road,55.2,7.8,6.21
570.5,15.4,16,Sea,75.2,7.9,8.47
1702.2,26.3,35,Road,54.7,8.4,6.79
2436.5,53.2,23,Rail,6.2,8.5,6.23
332.0,43.2,22,Road,72.9,4.1,5.31
2719.2,11.2,31,Multimodal,78.6,8.1,11.63
4468.6,33.6,29,Road,46.2,3.5,10.4
4338.7,85.9,38,Road,43.9,0.5,12.74
3732.1,85.7,19,Road,25.2,6.9,10.24
1202.2,50.6,36,Multimodal,64.4,2.0,8.93
105.7,57.4,9,Sea,88.2,4.5,7.99
3751.8,20.4,35,Sea,65.6,1.6,14.95
255.5,66.9,1,Rail,77.1,3.9,5.12
929.3,5.2,33,Rail,83.7,8.8,5.02
2452.3,20.3,17,Road,22.6,6.1,5.71
806.8,1.0,26,Rail,40.2,1.5,3.39
3752.9,35.0,13,Road,43.6,7.3,8.25
3498.3,76.6,5,Multimodal,55.9,8.5,14.24
3402.2,88.4,19,Sea,4.9,1.7,14.58
3673.5,60.3,9,Road,58.8,7.4,9.54
992.6,67.2,6,Road,8.9,5.5,4.95
3281.4,24.0,21,Sea,80.7,6.0,14.37
1602.0,47.1,22,Road,96.3,9.4,7.62
3002.5,66.4,39,Road,29.0,0.4,9.58
553.5,45.0,5,Road,50.7,6.4,4.01
3176.6,8.4,22,Rail,82.3,0.8,6.72
4374.6,66.8,7,Sea,31.5,7.9,17.3
201.0,20.2,26,Road,15.8,9.0,2.78
426.8,9.2,25,Road,73.9,0.9,4.02
560.7,43.3,5,Rail,69.8,0.3,4.72
1940.4,7.2,32,Sea,57.0,9.6,11.69
1312.1,56.8,8,Road,94.4,9.3,6.98
3632.1,57.8,9,Road,95.5,9.2,10.14
2134.7,23.5,28,Multimodal,86.2,9.4,11.46
2183.0,86.8,20,Multimodal,29.3,5.0,11.38
3228.1,74.3,4,Multimodal,22.5,9.8,12.82
1632.1,10.3,3,Sea,83.6,8.9,10.2
1592.7,67.5,11,Road,65.1,1.0,7.26
3407.4,32.1,29,Road,39.6,8.1,8.59
3511.3,67.7,22,Road,41.0,7.1,9.89
69.7,72.2,8,Road,85.3,1.3,5.42
651.3,14.0,34,Multimodal,16.3,7.4,6.65
962.9,59.7,31,Sea,94.4,4.8,11.51
1585.4,77.7,4,Sea,63.3,8.5,12.15
1315.1,29.4,15,Road,79.1,8.2,5.7
3010.0,7.7,18,Air,37.1,9.4,2.72
3727.5,2.9,11,Sea,58.7,0.8,12.42
868.4,10.3,27,Road,75.0,7.1,4.69
2535.6,0.9,19,Air,43.5,3.8,2.88
1658.3,29.8,9,Road,48.8,7.8,5.42
2278.5,27.3,25,Road,58.2,6.0,7.25
2795.3,10.4,22,Rail,6.3,5.0,4.73
4021.7,58.8,23,Rail,86.3,0.0,9.29
869.4,89.3,37,Road,86.7,6.1,8.82
396.1,81.1,10,Road,28.1,4.2,5.25
2824.3,23.1,17,Multimodal,88.0,3.3,10.71
1776.6,69.4,13,Rail,74.5,9.9,7.25
737.2,84.3,4,Sea,48.3,7.0,9.95
531.3,81.6,32,Road,34.8,5.4,6.66
2517.3,79.7,28,Road,39.9,8.7,9.27
1355.6,70.9,30,Road,53.4,2.3,7.52
4488.4,26.7,21,Road,41.3,6.2,9.47
1829.5,8.0,15,Road,42.0,8.6,4.84
959.2,44.2,3,Road,20.3,1.2,3.88
2831.7,5.4,17,Rail,70.8,2.4,5.45
1102.9,89.9,15,Road,61.0,0.8,7.3
2225.9,32.6,33,Sea,99.2,9.9,14.62
2174.2,86.3,5,Road,14.1,5.8,7.41
2043.7,69.7,8,Rail,11.4,4.9,5.8
3583.4,37.3,9,Road,51.6,3.4,8.35
978.7,11.1,26,Rail,15.2,4.5,3.37
4069.9,21.7,2,Road,61.1,7.8,8.01
3562.1,60.7,37,Multimodal,19.6,9.2,14.5
1502.4,74.8,36,Sea,48.3,1.0,11.36
816.8,88.2,12,Rail,61.1,3.0,6.8
1261.5,12.3,19,Road,45.8,1.9,4.38
1500.2,14.5,27,Rail,32.0,4.4,4.73
2508.4,4.3,24,Sea,78.2,5.3,11.97
213.4,23.8,2,Road,85.5,7.2,3.51
4115.0,74.0,16,Rail,27.8,8.8,8.42
448.5,18.2,2,Sea,81.3,5.4,6.99
1260.3,49.5,21,Sea,39.2,4.9,9.98
496.2,40.5,10,Sea,48.8,5.8,7.39
1158.7,29.7,17,Air,23.2,8.9,2.97
3770.3,55.8,12,Multimodal,62.6,6.5,13.6
2770.2,45.5,7,Road,10.1,7.9,6.64
1026.8,30.5,9,Rail,59.2,7.2,4.14
3923.6,62.2,10,Sea,99.0,9.2,18.22
3604.2,25.6,16,Rail,75.3,8.2,7.33
3392.7,58.1,1,Multimodal,89.5,3.4,12.42
3815.1,86.2,9,Road,46.4,8.5,10.46
2790.3,65.7,13,Road,14.2,4.7,7.97
2259.0,37.9,16,Road,28.8,8.5,6.29
1685.8,67.4,34,Road,4.9,9.1,6.85
1010.8,72.9,30,Road,50.2,6.9,7.28
2510.6,29.7,13,Sea,65.0,7.2,12.58
4003.3,63.6,8,Road,42.4,1.4,9.97
2674.9,39.4,11,Sea,56.3,3.2,11.9
4138.6,73.8,31,Rail,32.1,5.6,9.38
1609.3,26.9,11,Road,8.6,0.0,4.3
3129.6,84.4,7,Road,43.2,8.5,9.48
2920.8,51.9,1,Rail,54.8,3.7,6.3
3018.6,32.1,23,Sea,98.3,7.2,15.24
2904.5,38.0,32,Air,34.7,7.7,4.75
1001.3,31.6,15,Air,67.8,5.5,3.84
650.4,13.6,18,Multimodal,82.3,7.9,7.41
4403.9,6.6,28,Rail,33.5,6.8,6.71
208.6,29.3,14,Air,93.0,3.6,4.14
2107.5,41.6,13,Sea,33.9,8.2,11.77
1915.7,32.9,34,Air,97.0,6.4,5.73
1623.3,1.7,20,Road,0.2,1.6,3.69
3520.0,52.3,24,Multimodal,63.4,7.7,14.0
3355.3,13.5,28,Rail,79.0,6.8,7.28
4074.0,19.4,11,Sea,28.0,2.8,13.78
1782.7,11.3,28,Road,11.7,8.4,4.97
2541.0,47.1,22,Road,2.4,3.7,6.97
4015.9,9.0,30,Road,7.4,5.5,7.78
4472.3,23.4,38,Road,54.3,3.4,10.36
4362.0,40.9,17,Road,83.9,7.2,10.66
3231.7,15.5,22,Sea,6.3,5.8,12.47
648.8,40.4,1,Road,11.3,4.7,3.19
109.2,31.2,20,Road,0.5,0.2,2.33
3714.4,77.5,5,Road,28.2,6.1,9.49
3785.0,71.6,33,Rail,92.1,6.2,10.62
3359.9,89.4,1,Road,27.6,1.8,9.58
1263.3,47.8,9,Road,44.1,3.3,5.62
2881.0,52.0,32,Rail,17.9,8.8,7.09
1426.5,85.2,26,Rail,11.6,5.5,6.66
2030.7,36.3,6,Road,18.2,4.4,5.37
1724.0,50.2,30,Road,21.0,9.4,6.81
4111.8,34.4,23,Road,13.0,8.1,9.04
1057.5,49.4,39,Multimodal,79.2,1.0,8.9
2601.4,7.7,25,Road,47.7,8.6,6.37
1627.6,70.6,25,Rail,54.0,1.5,7.02
2985.5,88.7,13,Road,37.5,1.7,9.72
2542.7,6.4,25,Rail,21.1,0.8,4.73
4158.3,72.2,17,Road,9.4,4.8,9.92
461.7,22.1,27,Road,7.6,6.4,3.18
996.8,18.2,11,Rail,18.5,7.5,3.0
3449.7,62.6,6,Road,85.0,0.3,10.04
1662.7,4.4,15,Road,21.7,1.8,4.0
750.2,42.0,37,Rail,35.5,6.2,5.59
2267.4,0.6,32,Multimodal,57.3,5.3,9.33
2936.4,50.1,24,Road,51.1,0.5,8.73
206.5,41.9,11,Rail,66.6,9.4,4.08
1315.8,82.4,29,Multimodal,19.4,7.6,10.57
3643.4,65.0,8,Sea,52.4,3.6,14.95
2343.5,11.8,37,Rail,76.8,5.4,6.37
164.0,32.2,10,Sea,38.8,3.7,5.66
1272.4,83.9,10,Road,97.2,4.6,8.16
2877.9,65.4,1,Rail,57.8,6.0,7.15
901.1,53.7,23,Road,67.5,4.0,6.0
3724.1,50.5,18,Road,45.9,6.2,9.37
3046.2,36.1,23,Road,85.8,4.7,9.1
2123.8,52.9,5,Road,45.1,6.6,6.65
4120.7,69.6,38,Rail,94.2,2.6,10.89
1766.1,11.9,31,Rail,30.7,1.7,4.78
1061.7,87.3,39,Rail,86.6,0.1,8.94
2978.0,21.9,20,Road,63.9,6.0,7.82
2582.0,40.6,29,Road,79.9,9.8,8.84
1511.9,2.5,33,Rail,3.8,4.2,3.63
1549.8,49.8,39,Multimodal,27.7,2.1,8.68
1795.0,34.7,32,Road,84.7,0.1,7.7
1313.7,22.9,25,Road,31.8,5.1,5.12
3197.5,88.7,27,Air,71.3,9.9,7.42
2932.9,38.8,23,Road,99.2,9.8,9.33
1986.3,37.6,2,Air,17.7,1.0,2.69
1793.4,41.9,4,Rail,41.8,8.2,4.66
1645.9,10.9,25,Road,16.5,1.7,4.63
1279.2,35.7,23,Road,15.4,8.1,5.03
390.2,30.6,36,Road,63.3,8.5,5.19
1210.6,42.1,23,Road,19.1,0.1,5.41
1448.8,77.2,33,Air,48.3,2.4,6.15
2466.8,17.8,28,Sea,97.8,0.6,12.15
3483.2,54.9,8,Rail,33.3,5.0,6.96
1783.7,3.9,33,Sea,87.4,0.3,9.69
4251.7,28.9,29,Road,39.6,6.3,9.87
3723.9,42.8,15,Rail,26.3,5.6,6.67
4431.7,7.1,15,Rail,33.6,3.8,6.61
3943.5,49.2,37,Sea,12.8,4.6,15.83
2777.2,28.3,19,Road,67.9,9.9,7.9
2695.2,89.4,21,Rail,50.9,1.7,8.67
587.2,57.0,35,Air,61.4,7.3,5.5
3252.2,22.4,26,Road,30.3,6.5,7.87
2702.9,9.7,28,Road,65.3,6.6,7.39
2283.7,4.1,22,Rail,16.5,3.5,4.64
3121.3,8.6,36,Road,65.2,2.2,8.31
2001.0,61.4,16,Rail,8.1,6.5,5.64
2359.7,77.0,12,Multimodal,40.0,9.1,11.81
1795.6,14.5,28,Rail,61.0,9.8,5.33
3229.6,36.5,7,Rail,85.5,4.8,7.14
3945.4,32.2,33,Rail,81.2,4.3,8.72
3784.6,58.2,24,Road,52.7,3.5,10.4
3538.2,16.8,11,Road,88.3,8.1,8.48
67.0,85.8,15,Air,50.6,2.6,5.23
4103.9,65.7,19,Rail,51.7,5.1,8.85
1240.6,86.0,15,Road,72.1,3.5,7.68
3996.4,25.3,9,Road,87.8,8.8,9.34
890.4,53.1,13,Rail,60.3,2.8,5.47
1981.2,66.0,29,Sea,94.4,6.9,14.15
3373.5,64.1,26,Sea,23.3,5.9,15.02
2883.1,2.4,23,Road,92.4,3.3,8.04
1874.6,89.8,17,Multimodal,22.2,2.5,9.99
3055.4,83.6,5,Rail,52.6,8.0,8.05
2472.5,11.2,16,Rail,79.6,5.1,5.44
1244.4,49.1,39,Rail,80.2,6.1,7.41
2910.3,28.7,30,Road,27.8,9.6,7.79
923.1,79.2,21,Multimodal,98.6,4.0,10.09
3124.5,62.9,5,Road,8.1,8.1,7.64
19.0,20.5,26,Road,3.5,6.4,2.54
2471.7,3.5,30,Sea,84.2,5.9,12.28
1807.8,26.6,22,Rail,81.9,0.5,5.99
1367.5,3.9,2,Sea,71.3,9.1,9.08
2323.1,13.1,12,Rail,85.1,2.3,5.75
2905.7,57.4,27,Road,13.8,4.7,8.36
4344.1,67.2,26,Air,9.6,7.5,5.49
3749.6,42.4,25,Road,96.9,5.2,10.53
3228.6,54.2,19,Air,62.4,0.0,5.24
2158.0,14.5,27,Road,92.0,9.5,7.34
1767.7,28.9,17,Sea,90.6,0.2,9.91
151.2,64.3,6,Road,65.3,0.9,4.85
1619.1,33.2,23,Rail,62.8,2.2,6.27
3818.5,31.7,18,Air,36.0,6.0,4.14
1731.2,17.9,2,Rail,14.9,9.7,3.23
2079.8,53.7,19,Sea,68.7,9.2,13.4
1226.9,73.0,4,Sea,81.8,6.5,11.22
1237.2,42.5,33,Sea,54.5,7.4,10.98
283.1,10.8,34,Air,5.1,7.1,2.27
2764.0,75.5,32,Road,14.5,6.9,8.84
2019.1,6.9,18,Road,10.2,8.1,4.36
2728.8,42.7,9,Road,65.8,3.4,7.76
2463.3,23.9,37,Road,56.5,2.2,7.75
3595.8,84.3,36,Road,46.7,3.5,11.5
3380.8,66.5,3,Rail,54.3,0.5,7.48
3472.7,51.2,18,Road,27.6,9.7,8.74
2249.1,60.3,25,Road,80.5,7.4,8.89
1595.7,48.2,2,Road,32.9,2.1,5.29
4200.8,13.7,1,Sea,64.4,2.6,13.85
248.9,64.0,24,Rail,39.1,9.9,5.45
691.0,44.6,24,Road,7.2,7.7,4.11
1891.1,57.3,4,Air,25.7,4.3,3.61
2764.7,4.5,35,Road,96.5,2.1,8.11
41.9,13.2,35,Multimodal,19.1,0.4,3.97
3238.4,53.2,12,Rail,10.5,6.7,6.29
2516.5,41.6,23,Road,29.1,7.8,7.13
2183.7,20.8,22,Rail,87.8,1.1,6.35
1908.6,22.0,26,Sea,30.6,0.0,9.18
2340.1,57.0,4,Road,41.7,3.6,7.09
732.2,5.8,7,Air,31.0,6.7,1.72
493.7,39.4,23,Road,98.9,9.2,5.91
1306.9,47.3,31,Road,100.0,8.8,7.81
3194.2,28.1,7,Road,48.3,6.9,7.27
2649.4,73.9,22,Road,78.5,8.1,9.74
2163.2,5.6,39,Road,22.0,3.6,5.84
2574.0,78.0,19,Air,37.4,2.5,5.87
2518.9,65.2,30,Road,67.9,1.2,9.16
1385.2,40.4,26,Road,28.6,1.8,5.59
443.1,83.2,22,Rail,22.5,9.6,6.1
4036.0,63.4,9,Air,92.2,9.3,6.31
2701.6,83.8,29,Multimodal,24.4,0.5,11.34
3141.4,42.8,32,Sea,5.9,4.7,13.35
2090.7,41.0,18,Multimodal,75.1,3.7,9.96
3405.4,48.0,31,Sea,24.3,6.5,15.33
2632.3,6.4,32,Multimodal,45.0,3.3,9.62
246.8,81.8,9,Sea,11.2,2.8,6.98
4006.0,60.3,30,Road,6.9,8.1,10.14
1378.4,55.8,37,Road,46.0,9.5,7.33
624.8,83.4,32,Rail,33.7,2.0,6.36
400.7,89.4,8,Road,50.6,2.4,5.72
3243.4,15.1,24,Road,96.6,4.2,8.49
3169.3,67.5,4,Rail,40.7,7.1,7.24
3152.2,52.4,17,Multimodal,60.3,1.7,11.34
4121.3,41.8,21,Road,9.8,4.7,8.91
1573.5,88.0,9,Sea,88.6,8.4,13.47
2527.3,76.6,5,Sea,80.6,2.3,13.5
2789.6,62.9,5,Multimodal,52.2,0.5,10.01
4407.8,34.7,30,Multimodal,18.3,9.1,14.54
1409.0,60.1,6,Sea,42.6,7.9,10.8
4303.7,48.1,38,Rail,29.7,7.0,8.67
673.6,22.8,8,Road,99.5,0.9,4.83
3439.2,40.8,33,Rail,49.1,9.0,8.1
2849.8,19.5,15,Sea,42.2,3.1,11.64
3676.9,45.3,37,Air,16.9,2.1,5.21
133.9,65.0,9,Sea,23.9,4.9,7.23
356.2,3.8,3,Road,71.2,9.2,2.74
318.3,69.0,31,Rail,53.5,9.9,6.28
2670.4,2.3,39,Road,35.8,6.1,7.01
2715.2,46.8,7,Road,29.7,9.6,7.24
4077.9,51.8,16,Road,20.1,4.5,9.46
2106.9,68.6,28,Road,3.4,0.3,7.46
310.9,68.6,35,Sea,97.7,2.8,9.94
946.8,37.9,15,Road,75.3,3.0,5.63
41.3,6.4,7,Road,92.8,7.8,3.03
3496.3,62.6,35,Multimodal,41.3,1.2,12.93
3671.1,46.2,31,Road,86.9,1.7,10.61
4490.7,30.3,38,Road,25.6,6.1,10.42
1857.8,21.5,8,Road,51.0,1.3,5.07
91.7,11.2,38,Road,20.2,5.0,3.2
1060.1,26.9,16,Road,77.0,0.4,5.44
2647.0,41.5,34,Road,49.8,6.7,8.45
4328.9,43.2,1,Rail,53.6,9.1,7.42
470.6,52.7,19,Road,85.9,8.7,6.11
551.5,32.9,14,Road,73.9,0.7,4.63
3159.4,82.8,19,Air,96.6,5.9,7.23
3004.1,44.9,23,Road,40.5,1.0,8.17
1131.0,38.4,4,Air,46.1,0.5,3.18
3660.1,4.8,34,Rail,61.5,6.1,7.23
583.9,54.1,2,Road,45.3,5.7,4.33
4166.2,54.5,12,Sea,42.0,0.9,15.43
908.6,52.7,23,Road,34.1,3.6,5.39
370.7,79.9,18,Road,83.2,3.2,6.48
1531.2,68.8,32,Rail,53.3,3.4,7.44
849.3,78.1,17,Rail,60.7,3.3,6.49
2373.6,5.8,31,Sea,20.4,8.2,11.4
3092.4,29.0,36,Air,25.2,3.5,4.54
2211.7,29.0,26,Road,34.0,3.3,6.42
2974.4,59.3,12,Rail,46.5,0.3,7.25
1645.3,40.7,35,Rail,4.4,7.9,5.48
130.5,70.1,16,Multimodal,88.8,6.6,8.39
4383.4,34.9,4,Sea,90.4,3.4,16.11
3688.3,20.3,28,Air,66.2,4.5,5.16
335.0,26.5,38,Road,31.6,7.9,4.39
2024.0,16.8,33,Sea,38.5,3.4,10.41
2859.4,18.2,37,Road,73.4,4.7,8.6
861.7,19.9,10,Road,28.6,0.2,3.33
2603.1,1.9,31,Multimodal,60.9,9.2,11.02
2403.8,64.6,14,Road,90.6,3.7,9.07
941.2,36.3,5,Multimodal,41.0,3.0,6.25
639.7,2.5,10,Road,58.7,6.1,3.04
3416.5,33.6,25,Sea,92.9,5.3,15.27
1455.0,81.5,17,Road,34.1,4.0,7.16
1102.0,46.3,20,Road,76.0,9.2,6.39
3321.8,88.8,33,Road,75.5,3.6,11.72
3313.6,48.8,9,Rail,92.8,10.0,7.95
1247.4,86.7,31,Road,85.9,7.9,9.21
3927.2,18.6,5,Rail,74.9,9.0,6.59
3098.7,26.4,29,Road,63.7,2.8,8.43
1559.2,63.1,4,Road,24.1,0.7,5.88
1926.6,88.8,31,Road,67.1,4.2,9.39
3271.6,74.4,4,Road,27.6,3.1,8.66
956.1,50.1,18,Sea,44.0,0.6,8.05
2112.1,8.1,18,Air,71.0,0.7,3.27
2942.7,33.1,34,Road,67.5,1.7,8.91
2430.0,8.2,14,Rail,40.1,3.8,4.5
2739.4,28.4,26,Sea,18.3,9.4,13.28
2460.2,23.7,23,Road,48.4,6.6,6.94
900.5,35.3,33,Road,27.0,4.0,5.24
1848.9,75.4,17,Rail,25.5,8.0,6.45
2396.3,14.0,32,Road,32.7,5.7,6.45
3511.4,27.9,35,Road,70.6,4.2,9.67
2944.3,23.9,30,Road,49.7,1.4,7.84
1922.5,27.0,15,Rail,37.3,9.3,4.88
4384.9,32.8,7,Road,90.1,6.2,10.13
489.5,22.4,6,Road,70.7,4.4,3.85
934.6,84.9,9,Road,49.5,4.4,6.46
1539.2,38.1,13,Road,42.1,7.7,5.5
1032.4,10.7,18,Road,81.9,1.8,4.9
2816.4,42.4,35,Air,17.3,4.2,4.66
182.8,17.0,1,Road,66.4,0.6,2.54
802.6,19.8,24,Rail,2.1,0.8,3.32
1323.6,26.0,36,Road,0.7,5.3,4.97
3076.6,11.7,16,Rail,93.2,3.8,6.67
3942.0,65.0,18,Rail,51.4,7.2,8.59
3594.2,71.4,3,Road,31.5,9.9,9.04
823.5,35.8,37,Sea,79.5,8.6,10.72
2546.5,62.2,8,Rail,98.5,4.4,7.94
140.0,35.3,18,Sea,3.4,3.8,5.56
1400.9,15.2,29,Road,3.8,5.9,4.38
3627.9,36.0,37,Multimodal,85.5,0.9,12.91
2057.7,50.4,27,Sea,55.7,9.9,13.53
679.0,4.2,29,Multimodal,88.3,9.8,8.24
1976.3,59.1,4,Rail,69.5,9.2,6.37
895.2,67.0,12,Rail,47.1,6.6,5.65
1772.4,77.5,13,Sea,16.1,5.0,11.07
2197.8,9.7,14,Air,39.0,7.1,2.82
1576.3,0.5,14,Multimodal,78.7,3.1,7.06
4216.7,7.1,10,Road,23.4,8.5,7.55
2533.6,83.2,22,Sea,71.2,1.3,13.89
3793.8,69.0,9,Road,24.7,8.0,9.21
3424.5,75.3,24,Rail,46.4,8.7,9.19
2976.9,46.8,17,Road,8.5,1.7,7.4
2238.5,47.6,24,Road,45.5,4.8,7.3
14.8,27.2,5,Multimodal,61.3,8.9,5.93
2762.5,75.9,34,Road,56.3,9.6,10.09
1605.0,74.8,1,Rail,40.6,8.1,5.85
534.3,35.6,27,Rail,37.0,9.4,4.32
2003.6,30.0,8,Road,27.5,9.4,5.31
3311.3,66.6,6,Road,76.7,9.8,9.46
4327.7,2.8,5,Rail,78.3,4.1,6.7
1686.6,77.5,18,Road,48.3,2.9,7.71
2444.5,40.4,7,Sea,38.3,6.3,11.88
3831.3,40.0,36,Multimodal,63.7,1.9,13.3
1506.3,60.4,33,Road,55.8,5.6,7.77
644.4,58.3,34,Road,66.7,5.8,6.73
1272.1,24.3,32,Rail,30.6,8.1,5.05
4046.6,84.9,3,Sea,78.8,3.6,16.99
721.5,88.8,1,Road,31.7,6.0,5.72
1484.8,47.6,21,Road,41.9,9.0,6.19
2093.6,50.7,13,Rail,13.2,4.2,5.37
3812.8,50.1,8,Multimodal,85.5,5.7,13.4
4220.0,44.0,30,Road,64.4,7.9,10.69
1919.0,85.1,8,Road,23.5,2.5,7.3
4194.1,22.4,27,Multimodal,85.2,1.0,13.09
730.8,10.2,39,Rail,70.5,6.8,5.03
710.1,83.7,23,Sea,44.2,3.7,10.21
4271.9,19.6,8,Rail,99.0,3.8,7.76
2296.0,67.5,15,Multimodal,33.7,9.3,11.63
840.7,18.7,7,Rail,10.0,4.1,2.8
2198.5,86.4,12,Air,73.3,9.5,6.63
3525.5,71.3,36,Rail,75.7,1.1,9.79
3722.0,82.7,38,Sea,5.9,3.4,16.38
3888.5,85.6,30,Road,81.9,6.9,12.55
2565.2,8.1,10,Road,77.6,1.3,6.53
3901.9,39.3,19,Sea,93.0,3.9,16.21
2297.6,58.5,18,Road,11.9,8.5,6.99
2733.7,72.3,20,Rail,60.1,7.6,8.13
3415.4,22.1,2,Road,21.9,2.8,6.53
1917.3,82.4,30,Sea,39.9,3.6,12.67
335.7,20.3,11,Road,26.5,5.1,2.51
1579.0,78.0,22,Sea,44.9,7.3,12.59
2809.6,46.4,19,Rail,11.3,1.5,6.17
869.5,46.6,3,Road,30.4,5.3,4.46
672.0,34.0,4,Rail,7.1,0.7,2.73
1322.4,9.8,35,Road,49.2,4.0,5.43
149.3,31.6,38,Road,29.7,1.9,4.29
3346.7,38.7,9,Road,59.0,3.1,8.26
1167.9,43.4,8,Road,45.6,3.3,4.98
563.5,66.6,34,Multimodal,24.4,7.7,8.85
3147.6,32.0,31,Road,10.3,2.7,7.97
3794.0,36.9,19,Rail,75.3,6.6,7.93
94.3,81.6,37,Road,63.3,5.3,7.0
1055.0,67.9,32,Rail,3.3,8.0,5.75
4253.8,2.5,28,Road,98.9,3.2,9.71
1736.7,73.2,18,Rail,64.2,9.9,7.28
4224.0,89.1,25,Sea,20.7,3.0,17.59
1237.6,84.6,10,Rail,84.0,5.8,7.22
985.2,75.3,5,Road,88.2,6.3,6.74
967.4,56.8,15,Rail,57.4,5.4,5.52
388.1,25.4,25,Road,88.6,8.6,5.33
4034.5,59.1,20,Road,2.9,1.1,9.54
4409.4,62.8,10,Road,94.5,6.0,11.66
4295.5,25.7,38,Road,5.7,5.1,9.57
3834.9,23.4,28,Rail,64.2,4.2,7.83
3811.8,36.0,6,Sea,34.6,3.5,13.74
2976.6,57.9,11,Road,3.9,1.5,7.35
3718.8,26.7,19,Road,92.9,6.5,9.72
941.5,50.2,16,Road,13.5,1.2,4.74
1748.7,81.0,32,Rail,85.4,8.3,8.65
2885.6,26.9,2,Rail,33.0,4.5,5.08
3937.1,87.0,39,Road,74.1,6.1,12.82
2973.8,42.9,26,Sea,25.4,0.8,12.48
3776.4,9.5,21,Rail,58.3,0.9,6.47
2135.4,5.4,38,Rail,80.0,2.4,6.38
3229.3,30.8,15,Rail,56.6,7.8,6.66
4410.0,23.7,13,Rail,30.7,4.9,6.77
694.9,76.0,7,Rail,23.3,3.1,5.07
4171.5,66.5,3,Road,17.5,8.5,9.31
2353.0,79.7,15,Road,83.9,1.9,9.45
2896.3,53.2,20,Road,61.1,2.6,8.87
3951.0,39.5,3,Rail,50.9,7.8,6.92
1846.4,24.7,27,Air,25.0,0.3,3.72
1887.0,52.7,15,Road,43.4,2.2,6.55
2374.7,55.8,3,Road,62.0,5.2,7.46
90.9,35.7,28,Sea,7.2,9.2,7.51
2237.5,84.3,1,Sea,36.1,2.7,11.88
1313.4,57.8,20,Air,24.0,2.1,4.42
4176.2,75.5,11,Rail,64.7,9.7,9.35
399.4,56.0,25,Air,60.6,5.2,4.99
2069.6,28.8,4,Road,29.9,0.6,5.11
4263.9,66.4,19,Road,4.2,2.8,10.04
4055.2,21.1,28,Road,18.3,5.3,8.85
3157.6,53.9,10,Sea,16.0,0.7,12.1
2654.2,36.5,21,Road,56.8,6.9,7.62
1266.9,13.9,36,Rail,16.9,5.2,4.49
1654.5,37.5,16,Rail,48.2,7.1,5.22
410.2,28.3,33,Road,61.5,3.4,5.05
3538.6,10.5,13,Air,88.0,4.2,4.02
1460.8,74.2,29,Road,24.5,9.3,7.26
3006.7,45.1,4,Road,18.6,2.1,6.92
1612.4,31.5,27,Sea,17.3,0.4,8.59
2092.2,45.7,8,Road,36.0,9.8,6.28
2499.7,68.0,8,Rail,64.9,0.1,7.35
3609.3,2.1,25,Sea,67.2,8.9,14.9
954.1,49.4,26,Multimodal,21.1,8.3,8.44
1797.5,43.4,1,Air,13.1,4.9,2.9
589.7,80.4,33,Road,44.9,7.1,6.94
345.5,50.3,19,Rail,14.1,1.1,4.13
2723.0,12.8,20,Road,81.3,7.6,7.21
855.0,35.3,18,Road,8.4,7.8,4.26
273.8,56.1,26,Road,75.2,0.5,5.95
4037.5,4.6,39,Road,4.3,5.0,7.88
2406.7,79.7,9,Air,80.7,9.5,6.08
610.2,6.6,27,Road,62.7,9.5,4.04
245.2,3.2,6,Rail,32.2,9.8,2.12
543.8,0.7,20,Road,40.6,6.6,3.36
2123.7,61.7,38,Rail,67.4,1.4,8.34
3009.8,41.3,1,Multimodal,18.6,4.1,9.72
2887.6,9.7,38,Road,89.0,7.3,8.78
654.2,77.1,16,Rail,48.3,2.8,5.87
2852.5,18.6,4,Road,76.0,8.1,6.9
1824.9,29.7,3,Road,50.7,8.6,5.29
2094.0,16.4,22,Rail,45.2,7.6,5.34
3607.4,83.4,9,Sea,47.0,3.4,15.93
1499.6,68.3,8,Road,36.3,7.4,6.66
665.8,65.3,7,Road,73.3,0.7,5.88
3931.2,4.4,12,Road,84.6,3.4,8.5
958.5,47.3,1,Sea,85.4,7.7,9.78
1326.7,52.0,12,Sea,12.1,7.9,9.86
3181.1,34.7,16,Rail,76.1,3.2,7.39
3077.6,29.3,14,Rail,20.0,9.6,5.72
3602.8,76.7,30,Air,1.2,2.7,5.86
831.5,2.6,19,Sea,27.5,6.6,7.01
1588.5,56.5,19,Sea,29.3,8.8,11.84
570.8,35.8,13,Sea,81.0,5.5,8.57
2437.0,60.1,10,Rail,74.2,4.1,7.26
1320.1,18.2,29,Rail,8.5,2.1,4.19
3101.8,21.9,28,Air,32.6,2.0,3.93
6.5,53.0,13,Air,25.1,1.6,3.32
273.3,88.2,15,Road,59.5,4.4,6.22
1949.4,87.7,17,Road,54.2,5.5,8.43
4312.0,22.8,23,Multimodal,67.9,8.4,14.43
4009.4,9.7,10,Road,91.1,2.2,8.5
4473.1,53.3,36,Air,42.1,7.6,6.23
1878.7,38.1,14,Road,65.6,6.9,6.3
214.3,68.7,32,Road,91.8,6.3,6.93
1380.3,47.8,34,Road,54.2,3.4,7.0
3042.6,46.2,31,Road,30.8,3.2,8.81
612.6,58.4,39,Road,40.3,7.6,6.37
1353.4,11.8,32,Rail,75.5,2.7,5.33
257.5,61.1,16,Sea,72.0,3.3,8.16
2140.0,44.2,26,Multimodal,74.8,9.7,12.2
944.1,73.9,17,Road,74.3,10.0,6.9
415.2,12.9,22,Rail,92.0,0.0,4.84
1853.4,27.4,36,Rail,76.4,6.9,6.81
1583.8,85.5,35,Rail,85.5,5.4,8.78
2421.1,50.0,23,Rail,57.4,4.6,6.94
3371.9,83.7,25,Road,64.4,2.8,11.16
511.0,62.2,5,Road,96.8,5.1,5.99
3561.1,83.4,6,Road,87.0,4.6,10.9
123.2,28.9,26,Road,77.7,4.0,4.66
1996.7,8.6,38,Sea,68.6,8.5,12.25
2645.5,72.3,6,Road,35.9,2.7,7.87
4306.7,72.5,19,Air,54.8,6.0,6.51
2584.8,55.9,19,Air,5.5,8.6,4.42
718.6,52.4,31,Multimodal,41.6,9.8,9.3
2331.4,82.4,37,Multimodal,11.2,6.0,12.13
1784.0,16.3,23,Road,72.9,5.2,6.36
2159.7,55.7,12,Rail,89.2,8.4,7.16
891.0,5.0,13,Road,17.4,1.9,2.84
2256.2,13.1,22,Sea,24.6,6.3,10.82
679.4,39.6,3,Air,85.7,0.6,3.81
3349.5,74.0,12,Air,58.6,6.6,5.76
2674.6,66.1,37,Road,58.8,8.0,9.8
358.0,87.7,31,Sea,56.3,0.6,9.37
4003.8,4.5,13,Road,21.8,8.5,7.0
2775.6,34.6,23,Road,24.3,1.2,7.29
1425.9,14.7,13,Sea,95.0,1.8,8.88
210.2,3.8,6,Road,72.3,8.4,2.6
2846.9,24.2,3,Multimodal,9.0,1.2,7.8
1683.6,22.4,7,Road,22.3,6.7,4.14
4084.7,38.1,10,Air,62.7,2.9,4.91
161.8,13.0,31,Rail,28.3,2.5,3.21
180.8,44.2,4,Sea,25.2,6.5,6.6
4272.1,82.8,6,Sea,20.2,1.1,15.83
4342.1,67.5,18,Air,18.6,5.7,5.63
129.7,75.9,7,Road,61.3,9.2,5.21
3223.6,72.5,34,Multimodal,90.6,8.5,15.31
1000.6,35.4,23,Road,36.1,8.5,4.82
3157.8,64.0,8,Road,12.2,3.0,8.14
3910.0,68.0,24,Road,12.4,7.0,9.88
458.2,18.9,28,Sea,93.4,7.8,9.11
1078.3,77.5,3,Rail,52.9,9.0,5.71
113.2,41.5,13,Sea,46.6,2.6,6.19
202.0,2.0,39,Sea,89.1,7.6,8.6
138.1,58.1,33,Road,50.7,2.3,5.59
3604.1,61.1,16,Multimodal,48.1,0.3,11.74
1345.8,49.9,11,Road,92.7,4.8,6.93
2222.0,19.5,29,Air,47.4,7.7,3.67
3546.4,43.7,25,Road,39.1,2.1,9.12
2229.8,36.3,17,Rail,58.2,0.5,6.04
1934.2,87.7,37,Road,97.7,3.7,10.48
57.0,74.3,6,Road,96.4,2.0,5.56
2558.3,68.7,14,Road,77.6,3.8,9.01
565.7,16.7,19,Road,49.9,9.2,3.75
3442.1,30.1,37,Road,88.1,7.4,9.97
1163.5,34.5,12,Road,41.9,3.7,4.77
3035.5,44.6,19,Rail,64.0,3.3,7.08
2909.8,3.2,21,Sea,17.9,9.2,12.6
2777.0,53.6,29,Rail,66.1,8.9,7.53
1204.9,32.5,28,Air,27.6,6.0,3.75
1205.6,50.8,17,Rail,77.2,3.6,6.14
3884.4,1.3,2,Rail,41.4,7.9,4.97
62.6,29.3,6,Rail,39.8,6.6,2.87
820.9,69.3,25,Road,74.7,5.6,7.21
2747.7,45.3,19,Rail,42.5,7.4,6.48
3677.6,71.1,6,Road,71.4,1.3,9.9
1615.8,63.1,1,Air,85.5,9.3,4.96
2942.2,77.0,34,Sea,13.7,9.7,15.58
2509.4,1.2,21,Road,47.9,3.5,5.83
295.1,23.9,21,Sea,94.5,9.5,9.02
2799.8,49.6,27,Road,81.2,8.0,9.35
3663.5,84.7,23,Road,97.4,9.4,12.3
4466.1,61.3,36,Road,86.0,9.2,12.74
138.2,41.4,36,Sea,31.0,2.0,6.99
2972.0,12.1,32,Sea,17.9,2.6,11.56
1868.4,44.6,39,Sea,21.1,2.6,10.87
49.0,40.0,17,Road,21.7,0.9,3.21
2766.6,70.2,14,Rail,7.6,4.0,6.64
555.3,37.5,22,Sea,90.7,3.6,8.66
1706.7,29.0,17,Road,50.3,3.4,5.85
1179.8,8.5,29,Rail,10.1,3.5,3.67
1628.4,4.7,38,Road,76.3,0.6,6.54
2219.7,39.8,26,Road,32.6,1.9,7.06
1619.6,31.5,31,Rail,7.1,3.0,4.97
2489.5,50.2,34,Rail,19.0,8.9,7.04
1077.7,64.2,27,Road,65.8,9.3,7.28
2861.0,4.1,17,Road,79.4,2.9,7.01
3842.7,44.9,23,Road,25.4,6.9,9.03
1012.2,77.6,34,Road,57.7,8.5,7.72
2287.9,41.2,18,Road,0.1,5.1,5.93
2920.9,47.2,21,Road,27.8,7.6,7.96
2543.0,44.1,20,Rail,18.2,9.8,6.02
1648.6,35.4,32,Road,7.7,1.6,5.73
2891.7,10.4,12,Sea,48.4,0.7,10.56
132.0,11.8,4,Sea,63.1,6.4,5.55
1667.7,16.5,9,Road,4.6,5.1,3.76
2399.1,71.4,11,Road,13.8,3.0,7.84
97.7,25.1,30,Air,93.2,9.2,4.85
2286.9,85.4,26,Road,22.3,8.5,8.91
2945.9,73.0,32,Road,76.0,2.6,10.69
3417.6,61.8,28,Road,74.8,7.7,10.74
514.6,65.0,37,Rail,32.2,8.3,6.07
4457.6,4.8,16,Rail,20.4,3.3,5.83
2729.7,51.4,8,Multimodal,24.4,1.0,9.38
1637.6,84.7,3,Air,56.6,8.5,5.21
1124.7,4.0,3,Road,38.1,1.0,3.1
2580.2,26.5,10,Road,49.6,4.8,6.83
3968.3,5.1,12,Road,81.2,1.9,8.59
2344.9,51.5,15,Road,50.2,9.3,7.46
2978.3,10.9,27,Road,99.5,1.1,8.64
1612.8,43.4,11,Road,66.6,1.2,6.34
1749.7,64.9,6,Road,20.7,7.0,6.08
1291.4,15.2,12,Road,50.0,2.1,4.53
3176.8,68.1,18,Road,81.3,1.3,10.03
1619.5,5.9,25,Multimodal,21.8,1.7,6.09
862.3,13.9,34,Rail,72.9,6.0,5.1
1665.5,25.6,26,Multimodal,3.3,2.2,6.85
3843.0,71.8,24,Road,94.3,3.8,11.61
3323.4,76.6,16,Rail,66.3,8.5,8.82
1509.2,20.2,36,Road,16.3,1.8,5.3
4081.1,9.1,36,Road,87.4,8.3,9.96
341.4,76.4,21,Road,8.2,7.8,5.06
228.6,58.6,30,Multimodal,40.6,8.3,8.09
578.0,14.6,20,Multimodal,73.7,3.5,6.29
528.5,50.4,19,Road,93.7,4.7,6.34
399.8,78.6,11,Road,34.9,7.1,5.43
2977.7,6.7,14,Road,83.1,0.4,7.2
2705.8,8.0,36,Road,19.7,6.6,6.7
2916.0,25.0,16,Road,3.5,1.2,6.16
3099.2,58.9,3,Road,2.9,2.9,7.31
3407.2,16.4,22,Rail,65.8,8.1,6.88
936.3,73.6,5,Road,15.4,6.4,5.26
2802.3,67.7,2,Road,5.0,6.2,7.09
2612.3,50.7,12,Road,97.7,2.3,8.84
4246.8,10.9,2,Road,24.2,6.7,7.39
1049.5,88.9,37,Multimodal,46.3,1.3,9.68
269.0,44.4,19,Road,61.3,9.6,4.76
2942.5,41.0,24,Air,14.4,2.5,3.98
3332.1,89.6,5,Sea,35.7,8.3,16.08
1278.0,77.8,26,Multimodal,64.8,9.2,11.4
2571.0,41.3,28,Sea,64.0,1.7,12.35
272.6,38.0,35,Rail,84.2,0.1,5.76
4320.4,9.1,19,Air,43.7,8.7,3.74
499.1,83.4,31,Road,89.0,7.6,7.77
308.7,76.0,19,Rail,68.2,1.5,6.18
203.3,28.2,19,Multimodal,56.2,8.3,6.45
1925.6,67.9,20,Sea,11.7,8.1,12.4
441.7,68.8,17,Multimodal,57.5,4.6,7.65
3352.2,20.9,12,Sea,59.5,9.5,14.5
4045.4,55.4,35,Air,75.9,5.8,6.88
1174.7,23.3,26,Sea,71.9,4.4,9.55
2831.3,71.2,8,Sea,53.0,0.1,12.71
195.3,14.3,25,Rail,59.3,9.5,3.77
1742.6,60.4,25,Air,77.2,1.3,6.03
1321.8,29.7,22,Sea,35.1,3.0,8.71
1032.6,3.7,13,Sea,13.5,7.3,6.99
2903.0,11.6,15,Rail,87.4,0.1,6.43
590.4,59.1,23,Road,96.5,5.4,6.99
3873.9,22.0,28,Road,42.9,1.6,8.81
2993.4,57.0,13,Multimodal,99.0,0.2,11.32
3199.8,37.6,32,Rail,32.3,6.4,7.38
4209.4,62.5,11,Road,6.7,6.0,9.23
4241.0,44.6,14,Road,57.2,7.3,10.18
2484.7,28.1,35,Sea,86.8,6.2,13.97
2231.7,13.6,35,Sea,61.7,4.4,11.64
1512.5,31.0,23,Sea,0.9,4.8,8.91
3221.5,57.3,13,Rail,1.2,2.2,6.22
2424.2,66.8,6,Road,72.4,0.8,8.27
4198.3,14.9,29,Road,84.5,8.6,10.15
1077.6,60.0,15,Road,25.3,6.9,5.57
1399.6,16.5,5,Sea,47.0,1.2,7.42
1425.8,20.4,33,Road,96.1,2.6,7.03
3628.0,48.1,2,Rail,46.1,8.6,6.79
450.2,26.4,33,Rail,13.6,9.6,4.33
2053.1,59.7,25,Rail,91.2,7.9,8.06
1927.0,86.0,27,Air,49.5,5.7,6.62
333.8,13.8,25,Road,34.4,8.7,3.39
1851.5,51.6,5,Sea,9.7,6.3,10.23
2312.6,83.1,4,Road,45.8,7.0,8.13
297.6,16.3,14,Road,77.0,8.3,3.92
2296.8,33.3,17,Road,71.7,3.5,6.9
4316.8,11.6,27,Road,49.7,7.8,9.21
4405.2,58.0,36,Sea,72.0,2.1,17.66
2394.9,60.4,34,Rail,35.1,1.9,7.75
2320.4,59.9,10,Road,73.5,8.1,7.85
1288.4,49.0,22,Road,8.6,5.6,5.23
4487.0,67.3,22,Rail,19.9,4.1,8.67
1237.7,3.7,28,Sea,87.8,5.2,9.33
2040.8,86.2,20,Road,29.4,9.8,8.21
18.2,20.4,2,Rail,20.6,8.9,1.57
1574.8,11.4,23,Sea,8.9,5.1,8.76
326.1,84.7,34,Rail,39.3,5.5,6.81
3348.5,74.8,16,Road,6.7,6.1,8.81
2526.8,69.0,28,Rail,49.7,7.9,8.11
2576.9,9.9,14,Rail,91.9,8.7,5.99
1292.9,72.8,1,Sea,78.7,1.5,9.76
3668.0,55.0,15,Rail,4.1,6.3,6.95
19.7,66.0,15,Multimodal,30.0,2.3,5.62
1504.5,88.0,25,Road,18.8,6.2,7.76
2969.4,17.9,5,Multimodal,6.7,1.7,7.81
4086.1,45.6,8,Rail,10.9,8.1,6.44
1059.6,67.9,22,Rail,90.8,6.6,7.42
2437.2,39.3,39,Road,31.0,8.7,7.88
2423.3,5.4,38,Road,39.2,9.4,6.67
3934.4,10.5,39,Sea,48.6,9.3,16.47
232.1,54.4,14,Sea,74.5,1.5,7.24
1913.0,26.0,19,Road,79.8,3.8,6.68
825.2,12.8,26,Rail,96.4,4.8,5.1
101.8,30.9,38,Road,21.1,7.9,3.98
665.9,18.5,33,Multimodal,30.1,0.1,5.47
4394.2,2.6,12,Air,31.3,9.3,2.7
970.7,14.1,29,Road,44.5,4.1,4.53
4208.0,79.5,12,Air,80.7,6.3,7.13
927.6,1.6,29,Air,23.9,9.8,2.27
4191.2,69.8,20,Road,78.3,8.8,11.69
2947.5,67.9,34,Sea,20.4,3.6,14.36
513.9,51.0,30,Road,71.0,4.8,6.22
2620.7,19.2,29,Rail,79.9,7.7,6.62
1436.7,79.1,39,Road,85.4,7.4,9.2
1727.3,43.0,2,Road,51.0,7.0,5.4
1983.6,16.0,26,Road,32.9,0.1,5.87
1905.1,38.9,1,Road,77.2,2.0,6.43
2990.2,17.9,28,Sea,32.1,2.2,12.11
3458.8,34.2,8,Road,14.8,2.5,7.23
1484.7,45.0,31,Road,83.5,1.0,7.53
4160.0,32.7,39,Air,41.1,8.1,5.43
4223.4,59.3,19,Rail,57.1,3.4,8.65
187.9,84.3,13,Rail,91.8,7.8,6.79
72.0,31.7,16,Multimodal,13.6,9.3,5.68
1915.7,32.3,23,Air,55.7,3.1,4.04
2660.0,66.6,11,Road,55.9,4.5,8.66
1254.2,48.0,24,Rail,86.2,0.9,6.55
1171.1,38.9,10,Multimodal,34.1,2.9,6.69
3054.1,73.3,5,Road,40.1,5.5,8.62
2709.7,80.2,12,Road,51.9,1.8,9.22
756.3,53.4,36,Road,16.7,5.4,5.44
3980.8,17.1,26,Road,47.1,3.1,9.01
3061.5,42.2,28,Sea,43.6,9.9,15.25
1634.8,45.6,16,Sea,19.7,3.8,9.66
3077.9,39.2,2,Multimodal,83.3,0.4,10.08
511.4,24.0,26,Sea,43.1,4.7,7.46
2109.8,42.8,4,Road,30.6,3.3,5.98
764.6,40.5,29,Road,13.0,3.7,4.61
191.2,19.2,16,Multimodal,9.0,3.7,3.96
1525.8,81.4,22,Road,96.0,8.8,8.87
682.6,79.7,6,Road,99.5,5.0,6.72
2852.7,68.5,28,Air,89.8,2.5,7.03
3034.9,36.4,11,Rail,45.9,7.9,6.21
673.4,33.6,21,Road,80.8,4.4,5.52
115.6,64.6,26,Air,83.4,1.5,5.78
3568.7,54.9,39,Multimodal,30.0,10.0,14.44
14.2,54.3,22,Road,58.6,0.3,4.88
1550.9,11.6,30,Air,95.7,7.1,4.56
2228.2,55.8,30,Road,28.0,8.5,7.59
3684.8,81.2,33,Rail,66.3,3.5,10.22
3774.3,8.2,30,Air,66.3,1.6,4.57
3263.6,30.9,37,Multimodal,45.3,4.4,12.14
1116.2,46.1,30,Road,49.0,4.8,6.34
3242.2,61.9,26,Road,45.6,10.0,9.73
1113.2,8.5,6,Road,52.1,0.2,3.7
969.7,78.6,4,Rail,14.9,6.6,5.35
2464.3,4.1,15,Road,79.5,8.0,6.63
3056.5,77.3,36,Road,66.1,6.2,10.96
243.5,3.0,3,Road,97.4,6.3,2.79
274.8,14.2,16,Road,24.6,8.8,2.88
3529.8,72.1,16,Road,14.6,5.7,9.21
3868.4,77.5,27,Sea,34.3,8.8,18.01
2722.0,88.4,6,Road,51.0,2.1,9.14
1932.6,10.9,21,Road,20.5,5.2,4.92
3804.7,47.6,13,Air,46.1,0.3,4.74
3281.0,7.4,9,Sea,64.3,8.0,13.34
2610.3,14.5,8,Road,5.6,7.8,4.66
1442.3,16.1,28,Road,75.8,5.4,5.86
895.0,6.2,19,Sea,94.0,4.0,8.15
1886.9,80.4,29,Road,26.8,3.7,8.21
1294.3,11.8,31,Sea,77.6,2.0,9.17
1530.0,56.8,33,Road,41.8,4.3,7.2
2322.8,56.5,6,Road,66.4,3.0,7.68
765.1,18.3,4,Rail,74.3,5.8,3.72
3628.8,89.9,16,Sea,29.5,7.9,16.94
659.2,31.6,3,Air,78.7,6.9,3.45
2167.1,81.5,25,Road,10.5,5.1,8.19
3358.1,85.4,17,Rail,98.7,9.5,9.92
2185.2,85.4,22,Road,33.7,2.0,8.67
1627.8,67.9,18,Rail,22.4,6.4,6.18
2139.6,23.2,32,Air,13.9,0.9,3.66
3819.8,11.3,18,Road,81.2,6.7,8.69
4457.0,51.5,26,Multimodal,58.6,7.3,15.41
2842.0,32.7,25,Rail,95.2,7.8,7.8
3571.5,74.9,28,Multimodal,64.8,6.6,14.89
70.1,67.2,23,Sea,34.1,1.2,6.93
3962.2,25.2,8,Road,83.6,0.4,9.1
4293.5,2.0,13,Road,28.1,7.1,7.78
2590.4,21.7,10,Road,29.1,8.0,6.07
3393.4,51.3,3,Road,2.8,0.3,7.47
2309.8,7.6,10,Rail,25.2,1.5,3.94
1291.5,59.4,15,Rail,26.1,7.9,5.42
3835.9,60.6,24,Multimodal,29.8,9.7,14.77
2687.8,15.7,10,Road,36.9,5.2,5.9
2609.3,53.9,21,Sea,57.7,1.5,12.74
2967.8,54.8,38,Multimodal,21.6,3.2,11.82
3852.7,43.3,39,Air,63.7,7.8,6.44
3294.9,85.8,28,Road,13.3,5.4,9.79
954.0,10.2,2,Rail,93.1,0.6,3.83
2103.4,36.9,4,Road,2.6,3.1,4.89
4411.4,79.5,3,Road,90.8,7.5,12.02
2497.8,35.1,32,Road,54.7,3.3,7.87
4222.4,38.5,34,Sea,71.0,4.3,17.01
3661.1,60.3,16,Rail,29.8,9.1,7.48
2998.8,60.1,4,Rail,17.4,9.8,6.13
1575.4,2.5,18,Multimodal,94.7,7.6,8.88
1372.9,41.3,28,Road,44.1,2.4,6.52
2897.2,30.3,6,Rail,48.1,2.4,5.62
1949.4,56.7,1,Sea,98.6,3.0,11.42
3595.4,50.2,16,Road,33.6,1.6,9.12
3423.3,58.8,37,Rail,10.0,1.8,8.26
1408.0,59.0,9,Road,58.7,2.6,6.11
3163.8,23.3,17,Air,55.5,6.6,3.97
2228.0,22.6,36,Road,77.3,6.1,7.85
1458.2,33.6,34,Road,95.5,3.4,7.52
1861.3,22.2,31,Rail,30.8,2.0,5.62
4029.6,61.6,34,Road,72.2,6.2,11.61
1621.0,54.5,37,Road,43.5,1.3,7.38
1296.9,19.9,34,Road,78.4,1.5,6.22
1586.4,79.6,37,Road,16.4,3.8,8.08
969.7,41.7,1,Rail,50.1,5.7,4.19
2453.1,11.9,15,Rail,7.7,7.3,4.34
667.7,19.6,31,Rail,56.1,6.9,4.76
3679.4,48.8,14,Rail,16.9,3.8,6.73
1019.0,30.8,34,Road,96.0,6.5,6.9
2693.3,76.7,1,Road,55.4,2.1,8.59
567.0,44.8,35,Sea,52.9,4.9,9.41
4403.1,82.4,11,Air,97.2,6.2,7.2
2048.3,9.6,17,Road,49.8,7.4,5.54
3700.7,60.3,5,Road,67.7,0.8,9.47
3460.1,79.8,17,Rail,4.7,1.0,7.71
3213.1,26.7,18,Rail,70.8,0.7,6.88
3724.0,12.6,25,Rail,10.4,5.5,5.88
456.6,41.4,35,Road,78.0,5.7,6.13
3054.8,86.5,16,Sea,87.7,0.1,14.85
1199.9,57.2,23,Road,31.5,6.6,6.29
3537.5,58.1,21,Rail,87.8,7.6,9.19
4306.1,60.6,29,Sea,48.3,1.2,16.73
4057.2,4.1,36,Rail,57.2,3.4,7.63
521.7,40.4,10,Road,41.1,8.5,4.04
1666.1,7.4,20,Multimodal,47.7,6.9,7.79
1642.6,28.8,7,Air,90.8,3.0,3.95
554.7,74.0,30,Sea,94.7,7.4,11.55
446.1,59.2,29,Road,44.6,8.9,5.86
1735.1,89.6,1,Road,51.4,3.1,7.35
4464.4,15.9,21,Multimodal,11.6,6.8,12.68
2562.4,36.0,7,Rail,32.6,0.9,5.69
2799.9,73.0,4,Air,51.3,0.6,5.22
2122.2,19.8,39,Road,20.3,5.9,6.7
2982.2,14.3,15,Road,57.7,4.9,6.88
4305.2,38.8,34,Multimodal,68.5,8.1,15.23
2651.2,34.8,2,Rail,65.0,7.8,5.57
297.3,88.2,37,Road,44.3,2.9,7.23
2220.5,41.3,3,Road,76.9,5.1,6.87
4467.4,77.6,4,Rail,32.0,7.6,8.48
1746.4,80.0,36,Road,46.9,2.7,9.03
2674.5,14.6,27,Rail,27.0,3.6,5.6
484.3,64.5,4,Road,60.4,0.6,5.16
639.6,25.3,36,Sea,44.1,1.3,7.7
3936.7,9.0,19,Road,21.7,6.1,7.58
1355.0,78.8,34,Multimodal,30.8,5.0,10.26
1378.0,26.7,16,Road,27.9,1.7,4.53
1745.5,31.4,22,Rail,91.1,0.1,6.32
4349.3,29.5,32,Road,52.2,1.7,10.28
384.3,18.4,2,Sea,65.3,7.5,6.99
3685.3,39.4,17,Multimodal,93.5,0.9,12.5
1540.3,38.8,23,Sea,18.2,4.0,9.68
3823.4,37.1,12,Rail,93.7,2.4,8.51
4462.9,82.5,13,Rail,54.0,5.5,10.0
1572.3,30.9,10,Sea,85.6,5.1,10.53
586.5,3.2,4,Multimodal,16.8,9.8,4.99
654.0,16.5,7,Multimodal,27.3,7.7,5.93
3415.5,65.1,2,Road,19.4,9.4,8.5
656.4,53.4,15,Multimodal,65.3,5.8,7.97
1175.6,85.7,36,Road,14.1,7.4,7.23
923.8,62.7,9,Road,79.3,9.0,6.32
1603.8,17.9,24,Road,25.0,0.4,5.15
339.3,11.3,6,Road,25.5,9.2,2.13
3856.1,47.1,7,Sea,28.1,2.1,13.8
3871.4,60.0,16,Air,74.6,7.1,6.09
1861.1,15.3,17,Sea,92.4,7.7,11.72
2756.3,54.4,30,Rail,90.8,1.1,8.72
2890.6,77.9,8,Rail,10.1,9.5,7.06
3372.9,65.6,3,Sea,26.2,9.3,15.25
2345.5,59.9,25,Road,67.2,6.5,8.68
2299.0,71.1,29,Sea,61.9,1.6,13.23
2842.7,9.8,21,Rail,35.0,5.7,5.5
3165.2,18.7,6,Rail,86.3,3.4,6.32
1563.4,3.9,23,Rail,13.0,9.3,3.6
1490.0,13.5,11,Air,63.9,4.1,2.81
1217.4,82.2,6,Road,27.3,6.9,6.13
2472.1,20.4,27,Road,52.7,6.4,7.06
1623.9,59.8,27,Sea,38.7,2.7,10.69
2433.7,62.4,13,Rail,98.0,5.4,8.01
1829.9,58.3,9,Air,48.7,4.1,4.75
3766.1,50.1,8,Road,97.6,3.7,10.17
333.7,44.0,27,Road,25.5,8.6,4.64
2577.1,38.1,32,Air,76.8,1.4,5.79
2592.4,82.6,29,Rail,71.7,4.1,9.42
1729.8,1.4,33,Rail,84.8,0.1,5.62
1897.5,5.3,5,Road,69.4,2.6,4.84
3601.6,44.6,38,Road,68.2,6.2,10.64
1266.6,30.1,9,Rail,66.1,0.9,4.51
3922.0,37.0,13,Road,98.5,2.7,10.18
4034.1,89.8,33,Air,22.8,8.8,6.72
2929.5,69.9,30,Sea,3.0,6.9,14.4
3479.0,79.0,25,Road,67.8,0.7,11.13
2760.2,33.5,6,Rail,17.2,9.9,4.81
2366.0,21.9,39,Rail,67.9,9.5,6.89
4350.2,69.2,10,Road,32.0,1.4,10.17
1275.5,72.8,36,Road,4.3,9.2,7.0
697.9,49.7,19,Road,77.0,5.5,6.08
1297.2,80.7,11,Rail,5.2,9.3,5.56
2767.7,87.1,17,Rail,22.4,9.7,8.15
837.4,42.7,2,Rail,33.6,6.9,3.76
4090.1,20.4,7,Sea,13.3,2.9,12.99
1852.6,46.8,31,Sea,91.4,9.2,13.6
3825.6,89.1,31,Rail,62.2,5.7,10.4
1125.3,26.7,17,Sea,87.5,3.4,9.22
1412.7,55.8,15,Road,68.2,4.6,7.13
271.2,62.6,7,Air,99.2,4.1,5.06
1163.7,19.6,30,Rail,52.5,9.4,4.89
2209.0,53.2,39,Sea,5.4,8.2,13.18
4257.9,28.6,14,Rail,16.1,0.3,6.55
1753.1,77.0,31,Road,58.8,0.1,8.59
2880.6,64.5,9,Rail,34.8,0.7,6.88
1927.6,74.5,9,Road,11.3,6.1,6.5
215.3,18.4,2,Rail,23.8,8.1,1.99
2268.4,3.6,22,Rail,47.5,5.1,4.66
301.3,76.6,16,Sea,51.8,5.3,9.16
3977.2,35.1,2,Rail,93.5,2.4,7.75
3389.9,16.6,15,Rail,9.1,4.6,5.16
1707.0,8.7,6,Road,35.8,2.6,4.13
2882.8,46.7,23,Multimodal,50.6,2.7,11.04
508.6,13.9,28,Sea,11.3,3.9,6.24
3163.0,51.2,17,Sea,68.8,0.5,13.24
3703.2,65.6,36,Road,51.5,9.5,10.99
3698.7,48.4,19,Rail,46.0,9.1,7.8
1282.8,81.4,5,Road,65.6,8.0,7.19
1190.5,14.4,23,Rail,28.8,5.7,3.94
2348.7,44.7,19,Road,33.9,8.1,6.98
4355.1,15.1,1,Rail,16.3,9.7,5.52
4142.8,78.9,27,Rail,52.4,2.8,9.91
1621.6,83.9,25,Road,37.2,3.6,7.84
3510.3,36.3,6,Rail,26.0,7.3,5.71
4146.3,27.9,36,Air,12.5,6.4,4.45
1177.9,25.5,17,Road,2.3,8.2,4.1
3737.2,77.4,12,Sea,19.3,3.5,15.3
1209.2,61.6,25,Road,24.7,3.1,6.47
1548.1,79.3,10,Road,48.5,5.9,7.2
898.7,11.0,39,Road,24.1,1.5,4.47
2284.3,43.1,24,Sea,81.8,0.4,11.44
3795.7,61.0,11,Road,47.4,2.4,9.36
2378.6,80.8,24,Air,62.4,1.6,6.69
559.9,34.7,3,Rail,20.8,0.1,3.03
1136.7,28.5,20,Road,41.6,7.8,4.61
2535.1,82.2,23,Sea,60.3,5.4,14.72
2626.4,4.8,5,Road,31.1,6.7,5.25
2598.2,43.4,36,Sea,33.6,1.6,12.45
351.1,41.5,13,Road,80.7,2.6,4.8
3392.9,13.6,36,Road,83.7,0.6,8.86
4092.9,35.8,6,Sea,53.3,10.0,16.47
2299.8,65.2,2,Multimodal,89.6,1.0,9.94
3236.1,33.3,29,Road,73.7,0.9,9.31
4113.5,28.2,5,Sea,5.5,6.1,14.19
2893.6,70.5,15,Road,55.9,3.3,9.29
3036.1,89.0,8,Sea,69.8,8.9,16.45
3247.7,70.3,34,Rail,54.1,8.3,9.07
1176.0,76.2,37,Road,83.2,8.7,8.76
2624.1,84.6,26,Road,30.1,7.4,9.17
3790.6,72.3,9,Road,6.5,1.3,9.29
1336.3,88.2,8,Road,63.4,0.6,7.39
4037.8,67.4,14,Road,73.1,0.6,11.23
2793.6,59.7,25,Rail,76.5,8.0,8.3
1907.2,62.6,34,Multimodal,1.1,6.6,10.38
2806.2,81.1,3,Road,67.3,9.8,9.12
1811.4,61.6,32,Rail,2.1,6.4,5.97
3772.0,68.6,36,Rail,77.5,2.5,10.22
2173.0,19.8,5,Air,70.3,0.9,3.23
4056.0,82.2,15,Rail,56.7,3.7,9.42
2296.6,40.5,28,Rail,50.6,2.0,6.71
2973.4,14.9,18,Rail,71.5,6.3,6.09
4489.9,72.1,11,Road,5.7,1.0,10.05
665.6,32.4,10,Road,83.2,7.7,5.05
3316.6,17.0,4,Road,20.1,7.0,6.07
629.2,23.4,20,Road,47.8,7.4,4.26
3775.7,3.6,5,Rail,48.7,9.7,5.31
2686.1,8.6,1,Road,77.7,6.5,6.31
4222.0,53.5,13,Rail,19.3,7.9,7.62
3897.5,78.0,22,Road,30.0,0.9,10.53
341.5,40.6,13,Multimodal,66.3,9.4,7.81
622.2,56.5,15,Air,41.3,2.2,4.12
2707.3,73.0,9,Road,29.9,4.9,8.37
2334.8,32.4,3,Road,62.1,9.6,6.4
762.7,59.1,2,Rail,8.7,1.8,3.79
586.5,31.9,12,Road,79.0,0.4,4.67
2540.1,58.0,24,Road,52.5,3.0,8.48
224.9,20.0,18,Road,20.6,1.6,2.72
3932.4,88.0,36,Air,40.9,6.7,7.61
3632.8,7.3,25,Air,13.1,2.8,2.95
3535.2,45.7,15,Rail,61.7,0.6,7.49
76.9,26.1,1,Rail,66.9,8.9,3.3
219.1,54.3,8,Multimodal,40.5,0.5,5.18
2476.5,38.8,37,Multimodal,34.0,2.7,10.17
4474.9,27.9,7,Multimodal,85.0,2.4,12.95
1543.7,22.9,35,Road,57.6,0.2,6.58
1553.0,16.8,38,Road,66.7,1.7,6.58
608.6,70.6,16,Rail,12.8,8.1,5.19
3036.1,20.4,17,Rail,71.3,0.4,6.57
2911.8,69.7,38,Road,44.5,0.2,10.12
460.4,43.9,30,Road,36.7,6.3,4.95
2106.0,7.0,37,Air,92.9,0.9,4.76
3003.5,15.3,18,Air,5.4,3.7,2.45
2223.4,80.4,36,Road,19.6,0.0,8.86
3036.3,54.5,12,Air,37.5,3.6,4.83
3674.1,17.0,28,Rail,32.4,3.2,6.44
3087.7,63.5,11,Sea,51.1,6.1,14.52
2774.4,74.2,6,Road,40.1,5.0,8.08
3841.9,30.1,26,Road,78.8,6.8,10.12
4053.1,50.3,16,Road,76.8,9.4,10.36
1753.0,26.8,38,Rail,77.2,8.0,7.09
783.8,7.7,9,Rail,36.9,9.3,2.84
3681.3,36.3,18,Road,40.7,0.5,8.93
965.8,67.8,33,Multimodal,72.0,9.9,10.9
4180.6,41.6,19,Road,12.4,3.2,8.67
107.8,36.8,9,Road,85.2,2.8,4.19
4146.1,33.3,9,Rail,54.1,4.0,7.21
2653.4,41.6,5,Rail,84.9,7.8,6.76
3487.5,29.0,23,Road,79.4,9.5,9.47
1796.2,55.3,34,Sea,37.4,5.5,12.03
4462.8,6.2,38,Rail,10.2,1.5,6.82
1027.8,72.8,22,Rail,92.1,2.1,7.43
1193.2,16.0,5,Sea,34.5,4.1,7.34
236.2,57.2,1,Road,37.4,3.7,3.6
4232.4,40.8,26,Rail,90.9,2.4,8.97
2054.9,69.7,18,Air,91.7,8.5,6.47
3038.5,74.4,26,Road,26.3,2.8,9.21
3095.0,18.8,15,Road,8.9,5.9,6.5
3935.9,61.1,2,Air,0.1,4.8,3.5
2993.8,17.5,15,Road,43.8,9.2,6.79
2531.3,11.6,11,Rail,56.9,6.3,4.84
3197.9,83.8,20,Multimodal,27.0,3.3,12.43
3380.6,15.2,17,Road,26.0,6.4,6.93
840.7,20.9,5,Road,35.7,3.2,3.52
498.0,12.2,33,Air,26.3,0.9,3.39
341.4,42.6,25,Air,85.8,4.9,4.86
1686.4,82.8,7,Rail,64.3,8.6,6.99
2243.5,24.1,34,Rail,82.9,9.1,6.99
2772.3,49.0,15,Sea,86.0,5.4,13.9
4311.4,37.3,13,Sea,43.5,7.0,16.42
1491.9,30.6,32,Road,47.8,6.1,6.05
3425.1,51.7,39,Road,97.8,8.1,11.36
2393.5,50.5,14,Rail,81.7,1.0,7.19
994.3,32.7,20,Air,79.8,4.0,4.57
2770.8,76.6,16,Air,58.4,2.5,6.08
4352.5,5.3,30,Multimodal,46.1,0.1,11.69
563.8,8.1,19,Air,89.5,8.3,3.59
2285.2,89.2,22,Rail,80.5,1.3,8.97
237.0,67.4,37,Road,51.7,3.2,6.4
1448.9,72.5,10,Sea,27.0,8.7,11.56
2794.6,54.4,8,Sea,14.7,7.2,12.59
3785.6,38.1,29,Rail,55.3,5.7,7.79
3287.8,56.8,14,Road,29.6,3.1,8.72
2085.5,8.8,11,Air,26.4,5.2,2.34
4092.0,68.3,30,Rail,10.6,0.6,8.86
1365.7,48.9,33,Road,3.4,7.3,5.88
3394.2,86.1,34,Rail,78.3,2.4,10.69
2135.7,57.6,39,Rail,10.8,4.8,7.35
4044.4,14.1,37,Road,88.9,0.9,10.5
3589.5,43.2,37,Sea,21.4,7.1,15.81
4057.1,5.7,5,Road,76.0,9.0,8.24
968.0,67.2,5,Road,82.3,4.6,6.43
3008.3,45.4,17,Road,79.3,0.8,8.97
3324.4,33.6,19,Sea,87.3,9.5,15.96
3342.2,87.2,26,Multimodal,34.0,4.5,14.01
2270.5,84.7,2,Sea,98.6,0.8,12.74
55.6,85.8,14,Multimodal,28.0,1.9,6.28
1180.1,20.3,28,Road,93.4,1.2,6.22
1458.2,65.7,4,Road,43.7,2.0,6.23
3834.9,85.1,3,Rail,5.7,1.6,7.67
3784.8,51.6,15,Road,78.5,9.2,9.95
475.5,19.7,22,Sea,78.7,2.1,7.2
4274.5,73.7,19,Rail,19.7,4.4,8.66
825.1,79.3,34,Multimodal,82.4,7.3,10.99
1867.5,63.4,10,Road,15.8,6.8,6.42
972.1,26.8,34,Rail,15.1,9.6,4.66
3872.2,17.6,16,Rail,80.9,9.7,7.14
3373.6,56.4,37,Road,29.0,5.7,10.06
1594.1,43.7,36,Rail,7.7,7.5,5.43
3070.0,60.4,22,Road,95.6,3.9,10.11
833.7,10.5,32,Road,55.7,4.3,4.68
1723.4,12.7,17,Road,44.8,1.0,5.16
1700.1,33.0,9,Road,50.4,6.7,5.3
1074.5,23.7,33,Rail,67.0,2.7,5.87
3944.0,55.9,33,Road,86.2,0.8,11.34
3056.4,33.4,2,Road,67.3,1.0,7.73
1263.3,61.7,14,Road,74.0,7.2,6.8
1093.3,69.3,37,Road,18.0,2.3,6.86
85.7,17.3,33,Road,38.4,7.7,3.27
1562.9,82.8,1,Road,58.5,9.1,7.25
2372.8,71.0,22,Rail,61.9,3.4,7.91
1253.3,56.6,30,Rail,27.1,7.9,6.16
3153.6,81.8,27,Rail,97.5,4.3,9.9
1855.8,24.3,33,Sea,11.8,7.7,11.11
1426.8,38.2,16,Rail,11.2,3.1,4.1
4226.1,8.2,10,Rail,22.9,9.3,5.67
1186.3,41.3,27,Sea,75.4,9.9,11.52
1795.2,45.8,37,Road,3.7,3.9,6.87
1723.4,55.6,2,Sea,98.8,2.0,10.93
1089.2,6.2,30,Road,98.8,6.9,5.99
982.6,3.4,19,Road,16.0,5.8,3.07
1364.2,38.1,19,Sea,40.1,9.9,10.79
3889.7,17.4,35,Road,20.4,8.1,8.64
3453.0,68.4,11,Road,40.8,8.4,9.3
3066.1,60.4,32,Road,53.3,7.3,9.72
2059.7,29.7,16,Road,82.3,3.5,6.95
2287.4,4.6,17,Road,3.6,9.4,4.79
1205.8,16.8,29,Rail,98.7,4.7,6.02
339.1,62.4,20,Sea,94.1,4.0,9.13
1493.0,89.1,36,Sea,57.0,1.9,12.5
2232.6,29.7,24,Road,48.1,3.0,6.66
262.6,72.3,4,Multimodal,55.1,0.0,6.0
401.6,78.1,5,Rail,1.8,6.6,4.13
1187.3,4.8,19,Road,73.8,6.1,4.85
1655.0,82.5,24,Sea,49.6,4.0,12.34
1773.0,42.2,1,Sea,28.6,9.7,10.64
534.9,86.8,35,Sea,46.2,6.9,11.09
1020.1,48.7,2,Road,29.3,2.4,4.39
1181.1,21.5,10,Rail,70.0,3.8,4.54
309.0,87.7,6,Air,61.4,5.2,5.48
1470.8,22.3,38,Rail,38.8,5.5,5.8
329.6,79.5,20,Rail,31.4,2.8,5.93
3167.0,16.0,19,Rail,87.8,2.5,6.96
1740.3,60.9,36,Sea,68.2,3.0,12.35
1473.8,37.3,29,Road,71.6,9.6,6.8
573.7,87.5,24,Rail,61.9,3.6,7.17
1023.1,17.0,9,Road,7.5,3.7,3.24
1051.0,37.1,32,Rail,5.9,7.2,4.83
4433.5,57.8,5,Sea,42.9,1.6,15.71
3759.9,88.0,21,Road,93.0,6.4,12.09
73.6,27.7,17,Rail,52.5,6.7,3.7
2777.7,36.0,24,Road,87.6,0.6,8.87
1155.3,41.8,27,Road,9.7,1.9,5.33
474.2,23.1,18,Road,72.4,4.7,4.42
3176.7,73.7,22,Road,24.5,8.4,9.48
596.6,8.7,6,Road,52.4,7.3,3.1
1999.6,63.6,28,Road,29.3,8.7,7.64
2846.6,48.3,20,Sea,71.2,8.5,14.8
2497.5,22.2,16,Sea,40.1,5.1,11.6
4399.4,44.6,19,Rail,46.2,6.2,8.32
3536.9,74.8,8,Road,24.5,9.2,9.27
3485.0,40.4,18,Multimodal,28.1,7.4,12.18
1603.4,11.4,37,Rail,17.9,3.6,4.34
42.7,4.2,31,Road,55.4,3.5,3.37
3306.2,70.1,38,Sea,14.5,3.7,15.29
4498.8,30.1,2,Road,26.8,5.0,8.59
1829.4,83.8,32,Rail,53.0,3.6,8.27
4434.9,55.7,15,Rail,27.5,1.9,7.99
642.0,39.5,11,Road,58.8,5.9,4.67
1337.8,51.0,5,Air,1.4,8.7,3.01
772.4,41.4,29,Road,97.3,4.9,6.71
2140.9,81.6,20,Road,73.0,2.2,8.96
3587.4,41.5,20,Multimodal,50.4,8.1,13.23
1536.3,9.8,18,Air,92.1,7.6,3.78
4078.5,53.9,12,Rail,87.0,7.0,9.08
2454.0,56.3,17,Rail,36.7,6.7,6.58
2097.1,69.0,4,Road,11.6,7.8,6.68
3542.7,84.0,19,Sea,25.2,8.3,16.77
461.0,40.2,23,Road,20.9,9.0,4.1
3483.0,32.0,27,Road,75.0,6.1,9.31
1097.1,44.4,14,Rail,54.8,3.9,5.12
1267.3,81.1,4,Road,85.0,0.9,7.39
2699.5,88.2,4,Road,49.0,7.2,8.72
4059.2,87.4,24,Road,77.0,1.4,12.47
2604.9,21.1,23,Road,32.3,8.7,6.52
2922.0,45.0,36,Road,60.2,4.1,9.1
3495.8,23.7,11,Road,63.9,8.8,7.9
1170.7,33.4,33,Road,75.9,5.2,6.52
3723.4,3.3,38,Sea,79.9,4.5,15.2
1883.7,14.9,5,Sea,27.7,3.6,8.75
794.6,36.0,27,Rail,38.5,0.6,4.82
1578.8,33.1,37,Rail,20.7,0.1,5.6
1111.4,25.5,27,Road,74.8,5.1,5.86
1033.1,21.1,31,Road,27.1,9.0,4.42
1275.1,67.5,12,Road,39.1,5.9,6.3
818.3,26.9,6,Rail,80.3,8.6,4.37
3006.3,63.7,12,Sea,34.0,10.0,14.77
2612.1,33.5,14,Rail,29.2,1.8,5.79
2919.7,72.3,22,Road,65.1,6.6,9.9
1550.0,15.5,11,Road,97.5,4.2,5.53
3465.0,14.6,39,Sea,6.3,2.1,12.9
587.6,61.3,38,Road,83.5,2.4,7.77
2572.3,82.4,13,Sea,12.2,2.4,12.48
1243.2,13.3,6,Rail,34.5,7.3,3.31
2376.6,7.1,20,Sea,41.7,3.6,10.23
1459.7,84.2,2,Air,71.9,2.6,5.52
3558.4,11.0,11,Air,92.7,8.9,4.43
4011.3,22.9,8,Rail,10.2,0.3,5.75
3342.9,83.7,30,Rail,74.5,7.4,10.16
794.2,72.4,27,Road,32.2,9.6,6.33
1240.5,31.2,4,Multimodal,90.2,6.3,8.3
4137.5,85.9,7,Rail,27.8,5.5,8.61
1970.3,51.3,24,Road,69.4,0.6,7.93
4235.6,7.0,32,Road,16.5,5.0,8.45
1769.1,63.4,19,Road,95.8,3.6,8.64
4283.2,48.6,35,Rail,0.4,7.8,8.02
4166.2,51.7,3,Rail,23.3,8.1,7.05
2974.1,89.5,18,Road,67.6,1.7,10.16
44.7,14.2,37,Road,85.4,5.2,4.83
1804.5,59.3,22,Multimodal,99.4,8.6,11.88
4101.0,41.6,33,Sea,17.3,6.2,16.18
3983.6,24.8,38,Sea,30.7,4.8,15.35
847.3,62.6,39,Road,89.2,9.0,7.69
1799.3,60.3,34,Sea,3.2,9.7,12.7
3760.6,77.2,23,Rail,73.3,2.4,9.62
2602.6,79.2,35,Road,42.3,1.8,9.57
3813.6,50.8,29,Road,68.9,8.6,10.41
3720.4,29.6,2,Road,52.5,2.4,8.12
4084.1,47.9,14,Road,62.7,8.5,9.96
531.9,32.7,8,Multimodal,66.7,3.0,5.88
657.7,25.3,1,Road,63.1,0.2,3.81
377.2,49.9,28,Road,66.5,4.2,5.77
4209.0,59.4,3,Rail,56.8,0.4,8.09
2140.9,53.4,7,Road,71.4,2.1,7.54
294.1,85.9,34,Rail,77.6,4.8,7.42
1450.3,27.2,32,Road,78.8,0.4,6.71
1584.6,33.8,9,Sea,85.4,0.3,9.39
3644.0,60.3,35,Road,31.6,1.6,10.53
3311.0,54.2,19,Rail,74.6,4.6,8.53
3103.8,0.7,15,Sea,94.7,9.7,13.94
103.3,28.4,31,Air,36.7,0.9,3.64
4098.6,23.2,16,Sea,77.8,6.2,16.08
973.9,75.7,37,Rail,29.1,5.0,6.87
2832.6,78.0,7,Road,17.6,0.6,8.23
282.9,25.9,35,Rail,44.6,0.3,4.86
371.5,9.6,29,Sea,80.7,2.2,6.85
48.0,18.9,2,Air,30.7,6.8,1.46
2548.8,16.3,34,Road,29.5,9.6,6.96
2834.1,21.8,35,Road,27.8,5.6,7.43
231.8,21.5,31,Sea,21.8,0.5,5.62
1310.7,43.4,12,Road,61.1,2.6,5.85
3832.3,29.1,1,Road,24.3,9.4,7.39
460.4,50.6,29,Road,93.5,0.1,6.37
978.4,31.3,1,Rail,34.6,6.0,3.46
1912.6,73.4,1,Multimodal,54.2,1.8,9.01
3791.0,85.6,15,Rail,40.9,0.7,9.15
1150.5,36.7,3,Road,96.3,2.5,5.66
4487.1,4.9,14,Road,42.4,9.4,8.22
1601.9,21.9,10,Road,56.4,7.6,5.37
1742.1,9.6,3,Rail,76.3,1.7,4.26
553.9,31.4,20,Rail,17.1,0.7,3.94
3062.5,58.2,36,Road,3.3,4.9,8.75
1099.4,46.9,27,Rail,45.5,0.5,5.6
2831.8,22.2,36,Sea,55.1,4.0,13.1
1008.1,69.2,11,Road,28.7,8.0,5.64
1748.5,12.3,3,Road,46.3,5.0,4.37
3855.7,20.9,24,Multimodal,61.5,9.0,13.48
3326.4,61.0,39,Road,97.3,7.9,11.42
699.9,18.2,10,Sea,60.2,5.6,7.73
2736.6,61.2,26,Rail,44.9,7.9,7.66
2830.7,87.9,32,Sea,2.3,0.9,13.95
412.1,74.9,8,Sea,31.1,2.0,7.65
2098.8,14.8,13,Rail,35.8,7.0,4.41
1176.7,47.1,3,Air,47.7,0.1,3.63
2104.7,38.3,15,Multimodal,78.2,0.0,8.72
3497.9,89.3,21,Rail,77.6,3.8,10.14
716.4,86.8,29,Road,84.5,8.7,8.28
559.3,11.9,27,Road,29.0,9.8,3.64
1215.6,81.8,30,Sea,34.6,6.5,11.76
4285.5,17.8,14,Rail,15.0,9.5,6.19
3366.5,29.1,15,Road,85.7,8.5,8.71
92.5,32.1,14,Road,65.2,2.0,3.64
1807.5,26.2,25,Rail,7.8,4.0,4.63
1162.0,76.9,27,Road,30.4,6.2,6.77
