geopolitical_risk_score,weather_risk_score,port_congestion_index,port_dwell_time_hours,supplier_reliability_rating,supplier_dependency_ratio,route_distance_km,transport_mode,risk_score,disruption_event,disruption_risk_level
68.5,25.4,4.5,120.9,0.33,0.8,564.9,Road,65.9,1,2
37.6,58.0,0.5,32.1,0.28,0.55,1303.3,Rail,51.74,0,1
81.3,13.5,3.6,63.3,0.17,0.19,226.5,Rail,58.15,0,1
94.1,37.5,1.6,25.3,0.91,0.13,3133.9,Rail,41.79,0,1
92.6,50.4,5.4,81.2,0.55,0.47,1624.6,Rail,70.37,1,2
2.5,89.1,6.9,131.3,0.44,0.41,1523.1,Road,63.55,1,1
1.8,38.3,3.9,136.6,0.99,0.68,241.1,Air,32.15,0,0
76.2,4.4,8.4,16.0,0.17,0.62,3272.3,Road,75.47,1,2
62.5,81.9,7.4,60.7,0.81,0.44,1915.6,Rail,69.81,1,2
30.7,61.6,3.1,55.0,0.88,0.76,4593.1,Road,46.79,0,1
91.5,68.0,0.6,95.6,0.82,0.43,4232.9,Air,52.74,0,1
4.8,9.0,3.7,105.5,0.88,0.24,877.7,Air,21.1,0,0
25.5,17.7,7.1,36.8,0.38,0.31,3085.5,Air,52.3,0,1
26.7,54.8,8.6,36.3,0.96,0.75,3029.4,Rail,58.61,0,1
10.4,20.2,5.8,49.5,0.89,0.77,1761.2,Rail,39.38,0,0
56.4,81.8,2.9,15.4,0.69,0.73,769.7,Sea,64.39,1,1
15.4,2.4,2.4,87.7,0.92,0.12,2181.7,Road,15.56,0,0
66.0,81.8,0.7,104.1,0.85,0.86,2660.7,Road,55.97,0,1
68.4,46.5,1.3,12.7,0.84,0.47,3031.4,Road,43.67,0,1
64.8,59.0,9.0,69.1,0.18,0.89,694.2,Rail,91.75,1,2
74.5,19.9,1.2,72.3,0.57,0.44,2869.4,Sea,55.37,0,1
99.4,38.8,4.8,92.5,0.41,0.98,4756.4,Rail,78.42,1,2
80.6,57.5,0.6,111.3,0.27,0.6,1088.3,Road,63.73,1,1
45.9,16.0,0.7,126.4,0.66,0.28,2629.4,Road,30.14,0,0
29.0,39.0,4.0,32.7,0.69,0.6,4698.7,Road,45.78,0,1
21.8,67.6,0.9,64.3,0.4,0.22,4401.5,Road,43.34,0,1
84.3,90.3,8.9,91.0,0.63,0.15,1872.7,Road,81.77,1,2
78.3,25.7,0.9,76.6,0.83,0.19,599.7,Sea,47.21,0,1
11.1,75.9,7.4,99.8,0.74,0.36,290.4,Sea,70.79,1,2
94.3,12.8,8.4,86.9,0.36,0.43,4741.8,Rail,74.38,1,2
53.1,18.8,4.1,55.2,1.0,0.7,1224.9,Sea,49.05,0,1
11.8,81.1,0.9,133.2,0.89,0.34,1344.9,Air,33.88,0,0
96.7,86.2,1.1,120.6,0.79,0.95,791.1,Rail,68.46,1,2
41.7,54.2,9.5,108.2,0.99,0.23,4911.8,Rail,56.2,0,1
47.5,16.7,6.2,63.1,0.86,0.66,3755.6,Sea,57.68,0,1
69.2,18.5,0.7,18.8,0.79,0.27,3417.5,Rail,33.25,0,0
34.5,94.6,6.1,140.7,0.86,0.12,4201.1,Road,55.82,0,1
4.2,55.5,0.6,101.5,0.19,0.69,3246.5,Road,47.32,0,1
66.6,31.2,4.8,49.9,0.62,0.36,2384.1,Sea,61.23,1,1
35.9,58.9,8.9,72.0,0.38,0.19,1342.9,Sea,79.42,1,2
63.1,27.7,5.1,44.7,0.54,0.78,3616.8,Air,61.29,1,1
76.8,74.0,3.6,109.8,0.88,0.63,4626.9,Sea,77.33,1,2
3.3,17.3,2.2,97.1,0.39,0.12,627.1,Road,28.98,0,0
64.7,27.2,3.5,80.6,0.18,0.14,115.4,Air,55.92,0,1
82.7,71.9,8.9,61.6,0.15,0.12,1419.3,Road,88.37,1,2
1.3,5.0,3.0,52.5,0.38,0.19,1232.8,Rail,28.92,0,0
32.3,99.5,3.7,119.3,0.33,0.83,923.4,Road,73.15,1,2
69.0,33.3,7.9,63.8,0.11,0.37,1354.1,Road,77.0,1,2
84.1,69.7,0.4,74.9,0.41,0.67,325.0,Rail,64.64,1,1
69.5,8.3,5.9,34.9,0.62,0.11,4280.5,Road,48.37,0,1
83.0,56.7,0.3,126.2,0.51,0.27,3190.7,Road,52.23,0,1
85.1,53.6,0.0,44.5,0.13,0.81,2023.1,Road,68.78,1,2
79.3,26.4,3.6,34.4,0.24,0.75,2962.0,Rail,67.24,1,2
31.9,34.8,1.9,94.4,0.44,0.5,161.2,Road,43.71,0,1
24.1,84.9,0.9,29.7,0.83,0.84,187.6,Road,46.61,0,1
48.0,23.3,7.6,141.1,0.58,0.11,1286.3,Road,52.97,0,1
57.4,69.0,6.9,85.9,0.61,0.41,4628.1,Road,68.24,1,2
3.0,45.0,8.7,18.0,0.53,0.2,3791.4,Sea,55.7,0,1
90.8,51.0,2.2,30.4,0.89,0.9,3788.0,Air,58.23,0,1
37.3,36.9,4.8,135.2,0.8,0.89,2199.5,Rail,51.34,0,1
16.2,78.5,9.9,84.3,0.77,0.13,4446.3,Road,60.9,1,1
21.0,0.5,4.8,58.9,0.98,0.78,2015.5,Sea,40.86,0,1
31.0,17.8,5.1,103.8,0.12,0.4,3628.9,Sea,71.06,1,2
36.1,35.8,0.8,61.2,0.61,0.41,3093.7,Road,36.04,0,0
91.4,20.8,8.2,30.9,0.28,0.7,3355.0,Rail,81.05,1,2
35.4,54.6,4.7,110.3,0.99,0.46,1815.5,Road,43.57,0,1
23.3,69.0,3.1,60.1,0.34,0.72,2119.0,Air,59.64,0,1
38.7,58.8,7.0,141.5,0.21,0.63,1370.3,Sea,95.86,1,2
17.8,49.3,5.4,47.3,0.13,0.85,2352.9,Road,67.5,1,2
48.6,69.1,9.8,22.3,0.68,0.2,149.9,Rail,69.64,1,2
92.9,88.8,4.7,88.7,0.12,0.61,4497.4,Rail,90.51,1,2
74.8,68.7,9.1,25.2,0.13,0.21,4921.5,Rail,88.03,1,2
88.9,66.8,4.9,117.0,0.34,0.25,1025.4,Sea,91.39,1,2
97.8,92.6,4.6,60.9,0.75,0.82,1852.8,Sea,88.95,1,2
38.4,95.8,0.6,140.5,0.68,0.76,879.9,Air,54.83,0,1
18.1,20.7,8.7,130.8,0.4,0.24,2249.4,Rail,54.48,0,1
65.3,32.8,9.1,80.0,0.33,0.49,2325.9,Rail,75.73,1,2
66.9,1.2,0.0,58.8,0.89,0.62,3847.8,Sea,37.81,0,0
64.5,35.5,0.6,142.6,0.49,0.41,2668.5,Rail,45.71,0,1
76.7,72.4,3.6,59.2,0.25,0.41,2355.1,Sea,81.98,1,2
20.2,97.6,2.2,27.2,0.39,0.42,2615.5,Road,57.49,0,1
1.3,1.3,3.3,109.3,0.41,0.71,2325.2,Rail,36.1,0,0
50.1,11.5,2.0,121.4,0.57,0.23,298.7,Road,35.58,0,0
14.7,52.5,7.4,54.8,0.67,0.52,2698.5,Road,55.07,0,1
2.8,10.9,0.0,48.6,0.55,0.73,4295.3,Sea,32.87,0,0
45.9,5.0,8.6,68.6,0.23,0.75,4932.4,Sea,79.33,1,2
67.9,44.4,1.8,38.2,0.73,0.27,2923.9,Rail,44.09,0,1
53.8,71.9,5.7,129.9,0.16,0.22,2366.6,Road,72.64,1,2
3.2,33.5,6.3,124.7,0.6,0.89,2057.2,Road,51.28,0,1
19.4,20.5,3.2,105.1,0.47,0.42,408.8,Road,39.13,0,0
42.9,34.6,5.5,121.0,0.27,0.38,868.3,Road,59.58,0,1
81.6,13.0,5.3,45.2,0.76,0.78,3573.7,Road,57.37,0,1
29.6,35.5,1.1,75.1,0.43,0.57,4629.1,Road,42.22,0,1
85.5,49.3,4.4,60.3,0.54,0.64,685.4,Rail,67.92,1,2
83.7,7.4,8.4,120.8,0.73,0.58,4737.9,Sea,81.41,1,2
62.5,54.9,9.5,31.6,0.85,0.72,2282.8,Rail,72.46,1,2
84.6,50.9,0.7,37.0,0.25,0.18,1576.4,Rail,57.61,0,1
65.6,41.1,2.1,93.3,0.45,0.55,837.3,Sea,68.84,1,2
18.9,62.2,6.1,62.8,0.17,0.43,3880.2,Air,65.63,1,2
1.2,93.4,3.8,31.6,0.16,0.33,1577.5,Road,61.09,1,1
59.6,32.6,1.1,26.4,0.58,0.15,2519.6,Sea,43.05,0,1
20.6,13.3,0.7,74.5,0.63,0.86,3922.3,Sea,43.82,0,1
61.0,74.0,8.5,109.5,0.25,0.48,4318.2,Road,85.28,1,2
21.8,25.0,5.5,19.0,0.24,0.96,254.6,Road,61.53,1,1
12.7,72.5,3.4,109.9,0.69,0.42,1065.5,Air,45.63,0,1
42.1,27.7,7.1,93.1,0.85,0.8,2309.0,Air,54.56,0,1
74.9,11.5,7.8,55.5,0.99,0.42,326.1,Rail,51.55,0,1
23.6,100.0,4.8,16.0,0.36,0.85,1442.0,Road,74.21,1,2
83.9,53.0,2.4,140.0,0.92,0.77,1784.2,Rail,55.06,0,1
89.3,74.4,2.7,61.7,0.76,0.14,695.7,Road,57.16,0,1
25.6,39.2,2.0,135.3,0.12,0.57,4890.4,Sea,72.88,1,2
25.9,90.8,5.2,81.3,0.36,0.24,926.2,Road,64.23,1,1
35.7,82.7,4.3,87.0,0.5,0.82,532.0,Road,67.23,1,2
71.2,83.0,4.3,55.5,0.41,0.92,711.1,Air,80.17,1,2
12.3,79.8,5.3,65.5,0.91,0.36,2851.0,Rail,46.59,0,1
79.4,58.3,6.0,99.1,0.93,0.57,3031.1,Rail,62.67,1,1
51.7,48.2,1.7,73.7,0.41,0.71,2591.7,Rail,55.43,0,1
59.8,65.2,3.8,64.1,0.46,0.88,4906.7,Air,69.5,1,2
81.4,27.5,0.2,15.8,0.8,0.5,2070.5,Road,40.22,0,1
10.1,53.9,8.1,60.7,0.24,0.93,1637.9,Road,73.18,1,2
86.6,68.0,2.1,37.2,0.21,0.86,2541.2,Sea,83.11,1,2
94.3,9.2,9.7,134.9,0.77,0.8,4868.8,Sea,92.96,1,2
68.6,75.6,8.7,45.9,0.57,0.23,210.6,Air,76.4,1,2
76.9,47.3,6.4,20.1,0.27,0.59,174.1,Sea,80.67,1,2
12.8,95.1,2.5,34.0,0.87,0.74,987.8,Rail,48.52,0,1
51.8,95.0,0.0,28.8,0.48,0.11,1187.7,Sea,55.85,0,1
24.9,84.3,4.6,35.6,0.65,0.75,492.8,Rail,61.13,1,1
79.3,42.4,5.1,43.9,0.99,0.5,241.5,Rail,53.56,0,1
79.4,72.0,7.4,137.8,0.95,0.85,3716.5,Road,73.96,1,2
38.1,22.2,0.3,113.1,0.2,0.67,4217.1,Rail,46.13,0,1
71.3,28.9,5.2,41.7,0.77,0.14,131.9,Road,48.26,0,1
52.1,57.7,7.6,101.5,0.79,0.4,802.7,Rail,61.32,1,1
51.3,73.9,4.3,97.1,0.85,0.13,182.5,Road,49.96,0,1
66.8,43.7,4.6,55.2,0.92,0.11,2095.9,Rail,44.95,0,1
58.6,78.9,8.1,60.9,0.81,0.98,2430.3,Rail,78.24,1,2
16.6,63.7,4.6,131.0,0.55,0.34,4881.6,Road,50.19,0,1
62.2,31.7,6.5,75.5,0.54,0.24,3793.3,Road,58.09,0,1
42.9,28.0,7.7,136.5,0.79,0.89,1073.4,Road,59.27,0,1
45.1,78.9,8.6,36.1,0.6,0.38,3671.3,Rail,72.4,1,2
79.8,30.0,7.2,16.9,0.14,0.36,1033.5,Rail,76.0,1,2
75.2,21.3,1.3,76.9,0.26,0.9,881.7,Road,60.02,1,1
71.8,72.9,7.2,89.8,0.21,0.62,4188.7,Rail,86.88,1,2
83.7,6.5,0.4,80.6,0.2,0.29,2331.4,Air,47.9,0,1
19.9,21.2,7.5,97.9,0.47,0.36,2271.6,Rail,51.48,0,1
49.9,84.9,3.5,58.7,0.21,0.19,1302.9,Road,66.7,1,2
96.1,54.3,2.5,29.8,0.5,0.69,2791.6,Sea,72.59,1,2
10.1,54.3,9.2,49.0,0.93,0.26,1804.2,Rail,49.38,0,1
93.7,85.8,9.2,21.6,0.47,0.49,2950.3,Rail,93.14,1,2
14.5,81.2,2.8,21.3,0.55,0.69,1475.0,Sea,57.23,0,1
4.1,78.6,5.5,61.6,0.18,0.5,465.3,Rail,65.13,1,2
19.3,35.5,3.7,130.4,0.91,0.51,3068.2,Sea,54.12,0,1
45.1,19.8,1.3,77.2,0.83,0.92,3499.9,Rail,38.25,0,0
27.1,54.6,3.9,34.4,0.51,0.83,3514.7,Sea,61.91,1,1
45.3,55.5,7.0,59.7,0.57,0.44,1672.0,Rail,63.3,1,1
47.2,4.6,1.1,141.1,0.94,0.64,331.8,Air,27.37,0,0
99.2,42.0,2.9,16.1,0.48,0.48,259.3,Rail,64.27,1,1
55.3,53.7,1.3,91.4,0.21,0.67,798.9,Rail,60.89,1,1
76.9,48.6,1.0,92.6,0.63,0.92,3307.7,Road,57.34,0,1
9.3,98.3,0.7,128.4,0.4,0.61,1854.3,Rail,53.31,0,1
60.2,21.2,4.1,66.9,0.41,0.23,3803.4,Rail,50.95,0,1
27.7,15.7,6.8,67.6,0.92,0.86,2510.9,Sea,56.16,0,1
26.4,88.2,4.4,139.9,0.7,0.76,2370.5,Sea,81.66,1,2
99.5,93.6,2.6,15.2,0.75,0.26,3967.9,Rail,66.4,1,2
31.3,86.0,7.4,92.2,0.74,0.66,2611.6,Sea,81.66,1,2
87.1,90.0,3.2,104.6,0.66,0.92,1252.6,Sea,91.87,1,2
46.1,49.8,0.5,24.0,0.96,0.91,2116.1,Rail,40.08,0,1
38.1,88.6,0.4,106.2,0.32,0.99,526.2,Air,64.87,1,1
14.1,49.7,8.7,99.1,0.52,0.71,3547.0,Sea,79.68,1,2
66.3,38.8,0.4,14.2,0.71,0.98,3092.2,Road,49.48,0,1
53.4,18.0,2.6,124.2,0.23,0.18,2926.5,Road,47.57,0,1
61.9,76.4,3.4,96.1,0.32,0.29,2485.6,Road,66.01,1,2
83.3,59.2,3.3,134.3,0.38,0.57,1806.5,Rail,69.79,1,2
79.6,36.5,8.3,94.7,0.44,0.44,1006.1,Road,74.52,1,2
10.1,2.9,4.0,68.1,0.41,0.15,1696.8,Sea,42.65,0,1
4.7,67.1,7.6,93.3,0.15,0.21,3588.4,Sea,79.24,1,2
52.6,70.1,0.8,126.0,0.43,0.39,2879.6,Rail,53.12,0,1
12.5,7.8,8.0,67.6,0.27,0.84,4286.5,Rail,59.96,0,1
97.3,57.2,4.2,67.8,0.18,0.91,3992.8,Sea,95.49,1,2
66.6,38.3,3.8,25.7,0.33,0.9,2057.4,Rail,67.66,1,2
87.6,65.7,4.9,86.4,0.31,0.35,1122.7,Air,75.54,1,2
2.7,35.2,4.9,70.6,0.23,0.78,192.6,Sea,65.75,1,2
45.8,72.8,9.5,61.9,0.22,0.38,3374.4,Rail,83.39,1,2
46.1,13.1,4.9,17.2,0.75,0.66,696.3,Air,45.71,0,1
24.4,26.7,1.6,91.7,1.0,0.85,4837.8,Sea,44.17,0,1
8.6,65.8,0.9,19.3,0.13,0.31,3526.6,Air,47.44,0,1
27.9,81.2,5.6,23.7,0.55,0.49,2841.0,Road,62.44,1,1
68.2,76.6,8.5,18.9,0.25,0.54,113.5,Rail,88.56,1,2
3.4,44.9,3.2,49.5,0.21,0.44,2113.4,Air,47.8,0,1
49.9,30.2,8.3,80.2,0.24,0.87,2979.1,Road,76.92,1,2
44.3,41.9,3.2,90.6,0.7,0.17,3692.2,Road,41.21,0,1
26.3,44.5,5.5,57.6,0.21,0.96,2495.0,Road,68.42,1,2
29.7,11.5,8.1,103.8,0.62,0.92,715.7,Rail,58.15,0,1
21.8,21.0,3.8,115.1,0.3,0.43,2356.3,Sea,63.15,1,1
64.8,21.6,3.3,91.6,0.96,0.85,347.8,Rail,45.3,0,1
47.1,27.1,0.8,57.1,0.55,0.19,1386.8,Road,34.93,0,0
77.5,50.0,9.3,18.0,0.84,0.92,3911.9,Road,77.55,1,2
70.4,24.4,9.9,135.6,0.95,0.77,440.8,Road,66.1,1,2
55.2,88.2,5.9,141.1,0.39,0.68,2846.8,Sea,100.3,1,2
97.1,91.5,8.2,24.9,0.11,0.5,3209.1,Road,101.38,1,2
39.2,98.7,6.2,67.2,0.98,0.1,4466.6,Sea,65.16,1,2
87.5,16.6,3.2,41.0,0.26,0.77,4031.5,Sea,71.95,1,2
47.7,72.5,3.3,84.0,0.49,0.78,3251.4,Rail,64.52,1,1
22.2,88.1,7.1,76.3,0.49,0.65,813.0,Rail,71.27,1,2
63.7,6.3,6.8,40.3,0.23,0.37,2315.1,Rail,62.83,1,1
49.4,82.2,9.9,132.0,0.53,0.19,3461.2,Sea,96.89,1,2
33.9,58.9,0.4,129.9,0.78,0.14,4271.2,Rail,31.87,0,0
84.8,30.2,7.4,103.9,0.46,0.22,3162.6,Air,67.61,1,2
6.7,58.6,5.5,107.0,0.21,0.23,229.4,Sea,72.35,1,2
32.3,53.7,8.2,58.1,0.62,0.35,3492.4,Sea,69.48,1,2
73.1,75.9,0.1,63.1,0.95,0.79,524.8,Road,50.76,0,1
18.0,20.0,7.3,76.4,0.17,0.38,2557.0,Rail,57.72,0,1
49.6,21.0,2.3,96.4,0.34,1.0,315.6,Road,55.84,0,1
36.2,8.6,5.1,69.3,0.94,0.27,4086.5,Road,32.05,0,0
32.9,58.5,7.1,47.9,0.64,0.87,1340.5,Rail,66.08,1,2
41.5,72.6,8.1,126.7,0.55,0.3,651.0,Road,68.48,1,2
54.0,49.6,7.4,48.9,0.38,0.39,3927.3,Road,69.24,1,2
30.7,54.8,8.1,94.4,0.62,0.32,1100.8,Road,59.91,0,1
40.3,30.1,0.1,105.8,0.53,0.65,2656.4,Air,39.25,0,0
62.3,45.0,4.2,94.3,0.62,0.78,2063.6,Rail,60.36,1,1
33.1,86.5,0.6,111.3,0.29,0.13,1213.7,Road,51.53,0,1
86.9,86.0,6.4,38.6,0.56,0.5,1258.2,Sea,86.67,1,2
80.3,82.8,2.4,63.8,0.18,0.7,1540.2,Air,79.12,1,2
14.2,12.3,0.1,85.7,0.49,0.23,2319.1,Rail,23.2,0,0
84.8,97.3,0.4,127.0,0.24,0.65,1159.9,Rail,75.56,1,2
18.1,8.3,1.6,139.8,0.29,0.42,831.6,Road,35.48,0,0
11.6,97.0,3.8,125.5,0.59,0.13,1840.9,Road,50.79,0,1
97.7,69.0,5.7,28.5,0.87,0.97,4528.4,Road,76.66,1,2
55.0,89.8,5.5,15.8,0.53,0.83,2532.3,Road,76.87,1,2
86.9,72.0,8.1,49.3,0.74,0.16,802.8,Rail,72.93,1,2
24.7,78.5,3.4,65.8,0.45,0.52,458.0,Road,57.43,0,1
94.5,91.3,2.4,28.5,0.1,0.82,3398.2,Air,88.56,1,2
90.0,92.2,7.6,101.7,0.82,0.97,1679.6,Rail,87.49,1,2
53.8,26.2,4.2,130.9,0.91,0.51,3495.1,Road,42.6,0,1
84.2,100.0,9.2,64.7,0.38,0.91,4872.7,Rail,103.02,1,2
38.4,58.1,3.6,142.6,0.99,0.7,2559.0,Air,45.71,0,1
60.2,91.0,5.9,50.6,0.16,0.21,1429.9,Road,79.44,1,2
66.5,31.2,7.6,65.3,0.27,0.85,3488.4,Road,78.12,1,2
84.7,37.1,6.1,19.3,0.72,0.79,3752.1,Rail,67.76,1,2
65.2,25.0,9.9,105.9,0.71,0.4,4468.7,Road,65.51,1,2
97.9,88.9,3.6,13.7,0.94,0.92,3684.7,Rail,72.7,1,2
1.2,67.4,0.7,68.7,0.83,0.3,351.6,Road,27.85,0,0
83.5,5.3,3.9,41.9,0.27,0.73,3592.9,Road,62.96,1,1
29.9,31.7,1.4,95.2,0.32,0.77,1253.3,Road,48.04,0,1
11.2,10.4,1.0,40.3,0.19,0.37,946.9,Air,34.11,0,0
21.5,39.8,8.2,85.8,0.35,0.4,879.5,Road,62.08,1,1
79.6,86.5,3.3,22.9,0.56,0.93,139.5,Air,76.38,1,2
39.9,42.0,3.0,22.3,0.32,0.62,826.0,Rail,55.83,0,1
66.4,4.3,2.0,129.0,0.73,0.24,3889.9,Rail,34.06,0,0
65.8,32.5,9.8,115.5,0.92,0.28,4463.5,Road,60.1,1,1
34.7,71.7,1.5,139.7,0.27,0.2,1652.4,Air,52.37,0,1
53.1,47.8,7.1,42.0,0.97,0.19,2180.7,Rail,49.85,0,1
50.8,74.2,1.6,50.6,0.95,0.54,324.5,Sea,53.0,0,1
43.4,74.5,5.0,143.8,0.4,0.71,2974.7,Rail,70.24,1,2
24.7,80.9,5.3,101.8,0.59,0.94,169.4,Rail,66.8,1,2
46.1,79.9,8.4,51.8,0.75,0.18,2400.2,Rail,65.65,1,2
7.4,67.3,4.6,46.0,0.85,0.42,1061.6,Road,42.4,0,1
71.0,58.6,8.2,123.1,0.3,0.52,2661.7,Road,82.37,1,2
49.2,8.6,2.8,64.8,0.68,0.69,4901.2,Road,41.42,0,1
79.8,19.0,2.0,17.4,0.8,0.66,1146.4,Road,45.45,0,1
22.0,85.7,8.8,59.8,0.42,0.43,423.7,Sea,83.35,1,2
40.0,83.5,2.1,35.4,0.85,0.41,1691.7,Road,46.96,0,1
91.9,53.4,7.5,24.4,0.68,0.75,350.8,Rail,77.97,1,2
52.4,80.5,0.9,129.0,0.56,0.1,899.3,Air,48.45,0,1
91.3,28.3,2.9,103.7,0.25,0.6,318.3,Road,66.31,1,2
39.7,2.3,1.2,100.5,0.96,0.64,3417.2,Sea,39.95,0,0
92.9,38.1,4.1,91.3,0.24,0.63,2005.7,Road,73.37,1,2
49.3,85.2,7.6,106.9,0.72,0.27,2629.7,Sea,83.54,1,2
19.6,4.7,6.9,137.1,0.14,0.23,3350.4,Air,51.88,0,1
51.0,10.4,2.3,20.9,0.26,0.65,859.9,Road,50.51,0,1
66.8,35.9,5.2,16.7,0.73,0.7,3803.0,Road,58.68,0,1
70.4,35.0,4.6,86.1,0.5,0.7,2134.1,Rail,63.36,1,1
51.4,52.7,7.5,65.6,0.94,0.65,3222.0,Air,59.6,0,1
50.4,51.6,0.7,22.9,0.54,0.3,4603.5,Road,43.62,0,1
23.7,3.7,7.4,138.2,0.38,0.4,496.2,Road,50.44,0,1
7.7,54.4,2.0,113.1,1.0,0.19,4292.6,Rail,24.57,0,0
5.7,11.7,6.6,76.2,0.25,0.89,2940.5,Sea,67.75,1,2
38.2,70.5,1.0,138.1,0.38,0.96,2097.1,Rail,59.92,0,1
27.9,94.2,7.4,113.6,0.9,0.26,3583.2,Road,59.23,0,1
89.5,99.6,7.0,22.1,0.88,0.24,703.3,Air,75.0,1,2
3.9,44.3,2.7,99.7,0.66,0.7,3303.3,Rail,39.15,0,0
81.9,64.8,9.0,74.3,0.25,0.75,1455.0,Air,93.74,1,2
51.1,53.4,4.7,90.1,0.57,0.67,946.2,Rail,61.04,1,1
79.4,17.7,6.0,43.8,0.69,0.85,657.4,Road,62.79,1,1
15.2,47.4,2.7,73.6,0.41,0.22,4725.8,Road,41.56,0,1
90.0,94.3,5.2,55.4,0.94,0.89,2895.3,Rail,76.46,1,2
34.9,51.8,0.4,70.5,0.33,0.84,3616.2,Road,52.36,0,1
97.8,80.3,2.2,25.7,0.28,0.48,3956.4,Rail,76.26,1,2
76.5,58.2,1.4,29.0,0.45,0.41,1254.5,Road,57.85,0,1
84.8,48.9,2.0,72.5,0.23,0.63,704.8,Sea,78.9,1,2
3.4,6.9,0.9,44.0,0.63,0.55,4243.8,Air,22.81,0,0
0.8,94.2,3.0,47.9,0.16,0.89,1611.7,Rail,67.37,1,2
18.7,13.4,8.3,97.3,0.15,0.17,677.6,Sea,71.19,1,2
70.0,72.7,5.4,13.7,0.26,0.59,2782.5,Road,79.37,1,2
61.1,29.9,5.6,72.6,0.21,0.77,2732.1,Road,70.69,1,2
79.3,31.3,4.4,87.6,0.1,0.42,3702.3,Road,69.55,1,2
79.9,51.5,7.2,57.8,0.63,0.64,1596.7,Road,73.36,1,2
82.6,46.5,9.1,82.1,0.66,0.28,4923.7,Road,72.45,1,2
99.4,8.6,7.4,121.4,0.93,0.8,1502.4,Sea,80.92,1,2
64.4,16.3,2.0,70.4,0.12,0.34,3659.4,Sea,63.84,1,1
50.6,92.6,0.8,76.1,0.17,0.98,3797.2,Rail,73.71,1,2
37.7,42.7,0.6,125.4,0.47,0.17,3757.0,Sea,56.59,0,1
96.7,38.4,8.7,72.5,0.41,0.31,1839.4,Road,79.07,1,2
65.0,51.0,3.9,136.5,0.58,0.16,3451.8,Rail,53.6,0,1
71.0,23.1,0.8,130.9,0.32,0.99,503.8,Sea,77.57,1,2
73.3,9.0,9.1,16.9,0.6,0.17,4329.4,Air,60.65,1,1
28.3,89.7,4.0,36.0,0.89,0.43,4297.3,Road,50.82,0,1
72.2,13.7,8.3,77.4,0.61,0.38,122.4,Sea,73.47,1,2
23.1,63.3,2.6,29.7,0.77,0.36,3237.3,Road,40.5,0,1
52.2,69.9,2.5,127.5,0.68,0.97,1172.7,Rail,60.36,1,1
13.6,0.9,9.7,70.7,0.86,0.89,4001.0,Road,49.57,0,1
52.7,73.5,2.4,33.3,0.22,0.39,1763.7,Air,64.18,1,1
89.7,98.3,9.0,101.5,0.22,0.71,2415.7,Air,104.18,1,2
37.0,84.8,4.0,104.4,0.91,0.23,3325.8,Air,48.3,0,1
44.8,39.8,2.5,79.5,0.85,0.6,783.7,Road,41.52,0,1
61.6,1.4,4.8,31.3,0.23,0.88,1572.8,Road,62.8,1,1
99.9,91.0,3.0,119.3,0.21,0.94,4682.1,Road,90.42,1,2
92.2,83.2,0.4,129.6,0.85,0.46,2158.0,Air,55.54,0,1
41.0,94.0,1.6,133.7,0.97,0.32,3575.1,Sea,64.08,1,1
98.3,98.4,1.3,40.3,0.57,0.3,2413.3,Rail,68.45,1,2
74.6,22.9,4.9,91.1,0.53,0.67,3075.1,Road,61.01,1,1
10.6,27.4,2.3,104.6,0.26,0.45,4144.8,Air,41.68,0,1
98.5,38.7,1.1,22.3,0.13,0.31,1602.2,Sea,67.34,1,2
70.2,8.5,0.2,85.9,0.35,0.65,2521.7,Rail,46.41,0,1
64.0,96.3,2.0,18.3,0.96,0.67,2305.7,Rail,57.02,0,1
96.7,74.6,7.8,118.0,0.71,0.16,3930.2,Road,75.92,1,2
50.9,4.6,7.7,128.6,0.2,0.98,2172.6,Road,71.58,1,2
18.8,68.2,9.4,95.5,0.15,0.51,4415.5,Road,78.84,1,2
28.4,13.5,6.4,134.4,0.77,0.82,2409.6,Sea,67.89,1,2
58.3,78.5,2.9,47.9,0.4,0.4,1659.3,Sea,71.26,1,2
22.4,65.9,5.5,105.4,0.98,0.73,1378.4,Air,50.04,0,1
27.8,55.6,3.9,35.4,0.54,0.41,3093.5,Air,50.41,0,1
91.8,33.5,1.1,20.7,0.4,0.28,810.0,Road,53.62,0,1
40.7,70.0,1.6,68.0,0.31,0.56,569.5,Rail,58.16,0,1
78.9,28.8,7.1,137.4,0.77,0.18,3400.5,Sea,77.22,1,2
45.7,2.2,9.7,121.2,0.52,0.58,4618.1,Rail,61.84,1,1
61.1,91.5,6.7,104.5,0.74,0.25,2096.9,Air,68.33,1,2
97.4,11.1,6.7,100.0,0.64,0.13,1175.9,Road,58.44,0,1
1.7,78.2,8.0,46.1,0.95,0.79,2658.2,Rail,57.16,0,1
7.2,37.1,7.9,16.0,0.12,0.64,745.0,Road,66.41,1,2
27.7,45.5,7.1,72.3,0.67,0.72,3117.0,Rail,58.44,0,1
50.5,25.3,8.1,52.7,0.49,0.99,2110.4,Road,70.88,1,2
96.3,13.7,5.1,59.5,0.81,0.61,3975.6,Sea,65.88,1,2
38.0,4.8,1.4,21.5,0.72,0.37,574.3,Rail,27.53,0,0
42.4,1.6,7.5,46.6,0.44,0.17,1390.4,Road,50.22,0,1
65.0,58.0,2.2,88.4,0.43,0.52,3984.1,Road,59.54,0,1
98.2,89.6,9.1,131.5,0.13,0.11,4357.5,Rail,97.86,1,2
26.6,22.7,0.7,120.0,0.99,0.27,4165.7,Sea,36.75,0,0
63.1,7.8,1.5,51.3,0.77,0.62,1381.7,Road,37.05,0,0
77.3,53.0,4.5,113.9,0.24,0.89,1076.2,Road,78.42,1,2
20.2,49.8,5.9,102.7,0.6,0.91,1718.6,Road,58.74,0,1
20.7,73.3,5.5,30.9,0.93,0.7,4457.9,Road,52.21,0,1
61.2,19.7,2.5,89.6,0.23,0.64,3693.7,Rail,56.49,0,1
77.9,86.2,2.8,116.6,0.88,0.57,2314.6,Road,60.78,1,1
36.8,6.7,3.7,30.0,0.75,0.45,2058.8,Road,35.15,0,0
85.6,52.1,4.1,20.4,0.39,0.63,3564.0,Rail,71.36,1,2
44.9,64.4,8.3,20.7,0.27,0.49,3992.6,Rail,77.92,1,2
48.2,23.5,0.5,80.8,0.67,0.85,2169.7,Road,40.33,0,1
35.3,5.3,8.0,16.4,0.49,0.29,3036.2,Road,51.2,0,1
23.1,9.0,9.1,74.9,0.35,0.42,3389.6,Road,57.82,0,1
24.5,88.0,7.7,81.8,0.85,0.43,1826.9,Sea,73.65,1,2
70.2,0.1,8.8,38.9,0.99,0.68,4471.6,Rail,54.39,0,1
42.3,27.0,6.5,140.0,0.58,0.88,1914.3,Road,60.57,1,1
28.0,97.9,1.3,110.4,0.18,0.56,1001.2,Road,64.26,1,1
50.7,37.9,6.7,64.1,0.22,0.93,1334.1,Sea,85.16,1,2
3.4,12.1,2.3,126.5,0.81,0.1,4574.7,Sea,35.95,0,0
51.2,5.7,6.2,70.7,0.95,0.97,2571.3,Air,48.82,0,1
59.5,93.7,8.0,107.1,0.2,0.99,1702.7,Sea,113.26,1,2
93.8,88.0,2.0,90.9,0.25,0.2,784.9,Sea,86.6,1,2
69.0,8.5,8.7,73.0,0.91,0.66,529.0,Rail,57.68,0,1
45.6,58.7,9.3,46.7,0.55,0.18,2927.1,Sea,74.95,1,2
55.4,62.1,0.5,14.5,0.97,0.34,2716.0,Rail,36.68,0,0
98.2,70.1,6.5,16.2,0.46,0.17,3217.0,Sea,80.11,1,2
15.7,14.0,5.5,96.9,0.27,0.86,722.1,Sea,69.72,1,2
66.1,17.8,0.7,126.9,0.2,0.82,3608.2,Rail,55.09,0,1
73.4,94.0,6.2,121.8,0.58,0.38,758.5,Rail,76.68,1,2
39.1,63.3,4.5,84.3,0.65,0.63,1877.2,Rail,57.36,0,1
26.9,35.2,0.4,17.2,0.56,0.22,1873.6,Sea,33.49,0,0
29.7,85.4,7.3,20.6,0.64,0.35,4599.3,Rail,64.73,1,1
37.0,52.7,9.9,35.9,0.75,0.72,1709.7,Road,69.23,1,2
22.2,11.0,7.3,40.7,0.63,0.14,1971.8,Sea,47.78,0,1
39.0,76.2,6.5,62.2,0.78,0.39,2202.5,Road,59.7,0,1
75.8,84.2,9.1,38.5,0.63,0.33,2180.0,Air,81.46,1,2
59.7,4.8,7.6,51.9,0.98,0.66,4099.6,Rail,49.3,0,1
74.9,11.6,8.1,20.3,0.71,0.64,2329.1,Road,62.91,1,1
95.2,22.5,1.4,66.2,0.79,0.75,609.1,Rail,49.96,0,1
24.6,14.5,1.0,81.7,0.41,0.99,1792.2,Rail,42.29,0,1
33.1,70.6,9.0,107.5,0.3,0.93,1985.1,Road,84.38,1,2
32.1,9.1,9.1,20.9,0.54,0.45,2243.8,Sea,59.01,0,1
67.5,9.6,2.2,133.8,0.73,0.33,4197.9,Air,37.41,0,0
40.7,99.6,8.3,70.6,0.19,0.81,4405.0,Sea,103.29,1,2
28.0,54.4,9.6,66.7,0.72,0.7,4526.4,Road,67.01,1,2
63.0,38.8,2.6,138.6,0.66,0.32,382.2,Road,46.66,0,1
90.9,33.9,1.7,81.2,0.82,0.28,2958.7,Rail,44.89,0,1
30.5,45.8,2.8,46.4,0.97,0.29,430.3,Sea,39.81,0,0
70.6,26.1,6.4,15.5,0.53,0.84,4256.2,Rail,67.82,1,2
41.3,93.0,9.1,127.6,0.13,0.79,2253.0,Road,94.52,1,2
89.0,93.5,6.6,112.7,0.77,0.3,4322.2,Sea,92.66,1,2
57.8,96.4,2.1,97.4,0.18,0.63,1896.6,Sea,89.38,1,2
39.4,91.3,3.3,70.7,0.34,0.56,3875.4,Road,67.66,1,2
79.8,93.3,5.0,116.3,0.67,0.41,235.9,Road,72.86,1,2
51.8,44.6,1.7,47.9,0.28,0.45,1240.1,Rail,53.87,0,1
67.0,27.8,7.1,41.0,0.93,0.74,330.6,Sea,64.02,1,1
69.8,35.5,7.5,134.8,0.19,0.46,3771.4,Road,75.72,1,2
93.5,76.1,5.3,21.2,0.65,0.86,1336.7,Rail,80.05,1,2
6.9,13.6,6.0,131.8,0.83,0.83,1536.3,Rail,39.65,0,0
47.1,0.5,2.6,42.2,0.58,0.26,4087.5,Road,34.02,0,0
56.6,70.9,2.9,136.5,0.14,0.75,3444.9,Rail,73.29,1,2
91.3,51.4,1.7,62.7,0.7,0.87,4802.3,Rail,61.42,1,1
10.8,73.9,5.3,62.7,0.99,0.82,3893.4,Sea,59.02,0,1
23.7,63.4,3.6,18.1,0.91,0.15,3263.1,Road,36.97,0,0
93.6,15.8,2.5,120.9,0.83,0.14,403.7,Rail,41.14,0,1
48.2,65.2,0.5,126.4,0.26,0.55,4167.3,Air,56.71,0,1
66.2,97.5,5.4,106.1,0.92,0.89,2157.6,Rail,72.58,1,2
55.4,58.7,0.8,109.2,0.61,0.35,3926.3,Air,45.76,0,1
89.9,20.6,7.2,52.7,0.72,0.23,695.6,Rail,59.67,0,1
9.1,18.1,5.9,100.7,0.51,0.11,2378.1,Rail,38.62,0,0
5.1,18.7,3.7,13.8,0.37,0.95,4262.8,Sea,49.05,0,1
45.8,70.3,6.6,108.0,0.63,0.36,1672.0,Sea,79.77,1,2
89.9,81.5,6.0,133.1,0.46,0.63,525.0,Rail,83.94,1,2
60.1,15.7,5.1,43.3,0.92,0.8,4881.1,Rail,48.2,0,1
70.0,98.1,9.3,21.6,0.29,0.5,2338.3,Rail,95.42,1,2
88.9,66.4,9.6,105.1,0.95,0.76,4489.8,Road,80.39,1,2
14.5,37.6,7.9,135.3,0.55,0.53,2785.7,Road,56.16,0,1
62.5,30.1,8.6,129.6,0.18,0.67,1056.1,Sea,98.73,1,2
18.0,74.8,4.1,134.7,0.71,0.81,2230.0,Road,54.9,0,1
78.6,52.4,9.6,100.0,0.17,0.85,4282.6,Rail,94.95,1,2
76.8,35.5,4.4,64.2,0.83,0.57,1851.6,Road,54.0,0,1
7.9,12.0,8.4,69.6,0.43,0.25,3327.1,Sea,58.45,0,1
94.4,60.9,9.4,133.2,0.71,0.53,3589.9,Rail,82.32,1,2
39.6,48.7,7.4,100.2,0.64,0.69,2277.3,Rail,63.72,1,1
12.1,71.7,1.4,93.2,0.38,0.94,3302.1,Sea,68.58,1,2
23.7,98.3,8.7,99.4,0.39,0.83,3188.6,Sea,99.13,1,2
90.6,45.0,1.2,122.8,0.98,0.75,3511.0,Road,49.17,0,1
48.9,97.2,9.1,19.2,0.64,0.38,1873.7,Air,78.6,1,2
67.5,4.1,9.7,34.1,0.89,0.91,2537.8,Air,63.25,1,1
45.0,57.7,7.3,41.9,0.35,0.54,2142.7,Road,71.97,1,2
9.9,82.7,8.5,40.0,0.75,0.19,180.7,Road,57.71,0,1
65.0,20.4,0.7,81.3,0.38,0.22,2408.9,Road,42.21,0,1
99.9,51.6,2.7,51.9,0.2,0.14,906.4,Sea,75.76,1,2
51.8,81.8,6.6,60.7,0.66,0.44,4845.2,Road,68.26,1,2
22.2,49.5,8.6,77.6,0.44,0.46,1867.3,Rail,64.74,1,1
27.3,58.6,9.0,82.4,0.21,0.44,2110.0,Rail,74.95,1,2
24.7,6.3,4.8,71.6,0.55,0.23,696.5,Rail,36.86,0,0
94.5,87.0,3.1,86.0,0.47,0.64,4110.6,Rail,77.42,1,2
95.2,0.8,3.7,49.8,0.34,0.68,4628.5,Road,61.67,1,1
28.6,51.2,4.1,93.6,0.21,0.26,2474.7,Road,56.06,0,1
0.7,47.5,5.9,60.8,0.65,0.94,590.6,Road,52.55,0,1
31.6,8.5,7.2,138.7,0.22,0.91,284.7,Rail,64.86,1,1
56.8,23.0,0.4,132.6,0.83,0.34,1109.3,Rail,30.62,0,0
81.9,72.7,6.8,114.0,0.12,0.67,2114.1,Road,91.26,1,2
41.8,89.7,7.2,121.2,0.86,0.23,1073.0,Sea,79.6,1,2
48.4,16.8,6.8,140.3,0.32,0.35,559.0,Road,58.88,0,1
12.7,96.0,8.3,36.7,0.65,0.62,3552.9,Air,70.05,1,2
57.3,17.9,9.9,96.8,0.64,0.79,2901.8,Sea,83.81,1,2
61.5,61.5,3.6,31.9,0.39,0.88,140.2,Air,70.09,1,2
13.8,65.1,1.6,44.7,0.64,0.87,2619.2,Rail,46.49,0,1
31.7,67.3,8.4,68.3,0.52,0.88,4590.5,Air,75.0,1,2
28.5,75.9,0.4,28.7,0.71,0.69,4218.2,Air,45.0,0,1
88.4,55.6,1.8,57.1,0.4,0.46,903.5,Rail,63.41,1,1
57.2,2.7,9.6,89.8,0.46,0.3,906.5,Sea,75.3,1,2
70.8,53.0,9.0,27.9,0.77,0.85,3505.0,Rail,76.33,1,2
41.1,83.3,3.8,93.5,0.15,0.15,2786.2,Road,65.79,1,2
39.2,57.7,8.5,62.1,0.96,0.56,496.3,Rail,58.96,0,1
31.2,15.7,1.7,60.9,0.43,0.38,2109.8,Sea,45.8,0,1
25.0,20.6,9.0,129.9,0.94,0.25,4337.6,Road,43.68,0,1
96.4,49.6,4.2,63.6,0.38,0.48,3848.1,Road,71.86,1,2
43.5,12.2,2.6,105.2,0.82,0.65,3587.1,Road,36.0,0,0
34.4,12.9,8.4,132.9,0.23,0.22,1574.3,Rail,59.65,0,1
35.9,57.6,2.5,109.7,0.78,0.87,3444.3,Road,49.45,0,1
36.3,95.3,2.8,99.2,0.6,0.19,3494.9,Road,54.29,0,1
17.8,24.3,5.4,47.9,0.65,0.48,3572.6,Road,42.63,0,1
20.4,46.7,5.3,108.0,0.85,0.9,339.7,Air,49.9,0,1
66.6,32.3,3.5,39.4,0.51,0.47,3751.3,Sea,60.42,1,1
1.4,73.5,6.0,21.9,0.74,0.82,1515.3,Rail,55.47,0,1
73.0,53.6,2.2,84.8,0.18,0.89,4577.2,Road,71.83,1,2
17.3,59.7,2.6,133.7,0.97,0.13,4708.2,Air,29.67,0,0
78.7,53.2,3.5,50.5,0.56,0.85,1449.3,Road,67.11,1,2
34.3,81.2,4.8,53.0,0.85,0.34,863.1,Sea,60.11,1,1
13.6,18.1,6.6,86.8,0.14,0.16,3493.8,Road,51.55,0,1
76.1,85.1,4.0,32.6,0.23,0.77,228.9,Rail,83.07,1,2
45.7,11.9,5.4,101.6,0.69,0.89,4151.1,Rail,51.84,0,1
17.5,60.4,9.5,74.9,0.38,0.99,3653.9,Rail,78.38,1,2
61.0,49.6,1.9,34.7,0.79,0.82,1697.3,Road,50.82,0,1
60.3,38.9,1.6,73.8,0.81,0.66,2347.8,Sea,55.58,0,1
62.5,52.9,5.9,26.7,0.72,0.89,4851.9,Rail,66.94,1,2
27.8,26.1,9.6,94.6,0.64,0.82,4689.7,Rail,63.4,1,1
0.4,40.1,7.5,25.5,0.66,0.46,2569.7,Road,48.03,0,1
75.4,3.6,2.6,111.8,0.92,0.88,4197.6,Road,42.56,0,1
1.4,99.7,7.9,102.2,0.91,0.1,564.3,Road,52.59,0,1
30.6,9.0,3.2,20.4,0.69,0.55,964.1,Road,35.8,0,0
31.3,82.9,3.3,22.3,0.43,0.43,2592.3,Sea,62.42,1,1
23.2,35.4,2.7,54.1,0.25,0.57,3279.4,Road,50.22,0,1
36.6,73.6,5.9,29.0,0.69,0.69,2907.8,Rail,63.43,1,1
76.7,34.2,0.0,55.3,0.46,0.9,888.0,Rail,54.78,0,1
77.5,94.8,0.2,39.1,0.49,0.14,4829.6,Rail,58.48,0,1
12.7,14.7,7.4,101.5,0.5,0.39,4192.3,Rail,47.31,0,1
80.1,35.4,0.6,28.8,0.46,0.64,2900.1,Sea,58.1,0,1
12.7,97.9,7.5,16.7,0.85,0.64,798.3,Rail,63.51,1,1
79.7,16.7,2.9,41.3,0.19,0.62,4682.5,Road,62.41,1,1
32.2,55.0,8.0,61.3,0.55,0.64,2892.1,Rail,66.61,1,2
5.9,3.2,6.3,14.7,0.4,0.96,1446.9,Road,50.56,0,1
93.9,88.5,7.7,109.9,0.8,0.59,2353.3,Sea,99.14,1,2
67.4,25.5,4.6,110.3,0.31,0.17,1325.6,Road,56.82,0,1
44.0,41.1,8.5,74.6,0.5,0.18,924.4,Road,61.87,1,1
12.9,39.4,3.0,77.5,0.8,0.75,3213.3,Road,38.36,0,0
5.7,23.2,2.8,107.5,0.47,0.89,943.1,Sea,58.55,0,1
73.1,69.7,0.2,110.4,0.38,0.69,1301.8,Sea,78.64,1,2
94.1,54.8,2.1,98.4,0.73,0.23,1789.8,Sea,68.48,1,2
88.4,23.8,3.3,25.1,0.52,0.99,4455.8,Air,64.83,1,1
48.4,90.5,8.2,89.7,0.62,0.36,4483.5,Rail,74.21,1,2
29.6,41.4,1.3,89.4,0.41,0.91,1483.2,Road,50.06,0,1
14.2,47.7,5.3,63.6,0.67,0.2,1267.1,Rail,42.71,0,1
32.4,46.5,2.7,34.1,0.7,0.76,3561.3,Sea,51.96,0,1
81.3,6.9,5.9,135.3,0.5,0.49,2867.3,Road,59.78,0,1
72.4,8.3,10.0,115.8,0.26,0.82,3049.6,Rail,80.94,1,2
93.8,81.3,8.1,70.3,0.35,0.33,4837.7,Road,89.21,1,2
19.2,80.2,2.1,49.9,0.4,0.64,4376.9,Road,55.9,0,1
16.6,74.3,9.3,66.8,0.53,0.28,2382.0,Rail,66.42,1,2
59.0,80.8,3.4,75.3,0.94,0.44,3706.0,Air,53.48,0,1
70.0,25.9,6.5,114.6,0.12,0.18,3006.4,Road,68.14,1,2
35.5,94.0,9.4,18.1,0.28,0.71,4685.3,Rail,89.23,1,2
62.8,4.6,8.6,102.4,0.11,0.75,1942.8,Sea,91.45,1,2
76.8,54.6,4.5,95.9,0.67,0.7,3310.2,Road,65.26,1,2
71.3,55.8,1.2,99.8,0.31,0.87,2780.1,Road,65.57,1,2
21.2,44.3,4.7,106.1,0.99,0.17,3439.3,Sea,49.27,0,1
58.0,71.5,6.3,138.2,0.28,0.29,335.7,Road,73.83,1,2
54.8,32.1,2.3,117.6,0.51,0.75,2788.0,Road,52.17,0,1
60.8,33.6,1.2,87.7,0.38,0.21,3240.9,Rail,45.97,0,1
44.6,8.2,9.7,69.2,0.34,0.63,4452.7,Road,68.11,1,2
57.3,99.5,8.1,124.5,0.96,0.38,4069.0,Road,70.16,1,2
40.5,64.1,5.8,142.9,0.89,0.36,3271.0,Sea,73.14,1,2
84.8,53.4,5.7,140.4,0.11,0.18,4027.6,Rail,76.81,1,2
25.9,7.9,7.5,84.7,0.43,0.35,2977.6,Road,50.66,0,1
9.4,28.5,7.5,98.1,0.69,0.96,3070.4,Air,54.04,0,1
19.0,56.1,1.8,120.3,0.53,0.88,1770.7,Air,49.15,0,1
69.0,72.8,3.1,66.1,0.99,0.45,2592.8,Road,51.95,0,1
30.4,57.0,6.5,104.6,0.74,0.14,751.4,Road,49.7,0,1
25.9,96.4,7.5,61.7,0.65,0.64,2548.4,Road,71.6,1,2
26.6,26.0,0.5,93.9,0.46,0.66,1861.7,Road,38.21,0,0
7.0,83.5,7.1,31.5,0.25,0.42,1365.2,Rail,68.79,1,2
95.2,71.6,0.1,114.0,0.74,0.83,3842.8,Rail,61.13,1,1
34.5,6.1,2.9,24.2,0.13,0.76,2039.6,Road,51.76,0,1
64.5,35.1,9.5,29.8,0.93,0.39,3027.4,Air,61.01,1,1
72.7,99.8,4.3,121.1,0.45,0.43,1630.9,Rail,76.44,1,2
37.7,14.6,4.9,85.7,0.6,0.27,2191.2,Rail,41.96,0,1
87.4,14.3,7.4,78.5,0.46,0.38,1182.8,Road,66.71,1,2
71.3,58.0,5.8,128.3,0.43,0.9,2368.6,Rail,77.58,1,2
6.0,76.4,3.0,55.8,0.98,0.14,3331.3,Rail,32.23,0,0
82.0,2.7,5.9,55.8,0.61,0.97,2102.9,Sea,71.63,1,2
22.0,26.1,5.4,82.3,0.89,0.37,2337.1,Road,36.53,0,0
39.7,46.1,1.3,123.3,0.28,0.79,2137.0,Road,55.33,0,1
99.0,68.3,7.4,39.3,0.59,0.34,2845.3,Road,79.55,1,2
26.0,32.2,6.1,50.7,0.54,0.49,1845.3,Road,51.77,0,1
93.2,52.7,0.6,108.1,0.45,0.47,354.6,Rail,59.09,0,1
77.7,41.1,1.4,142.5,0.54,0.56,3842.5,Road,53.87,0,1
72.5,52.2,1.3,104.0,0.32,0.69,1396.0,Road,62.48,1,1
99.1,67.8,0.7,86.4,0.81,0.3,3093.8,Road,52.98,0,1
89.6,69.5,2.1,127.6,0.65,0.38,4253.9,Road,60.57,1,1
85.1,19.6,5.7,65.9,0.21,0.91,3587.8,Road,76.8,1,2
5.4,37.7,1.2,101.6,0.54,0.28,1665.5,Sea,45.43,0,1
37.9,27.9,2.2,43.7,0.95,0.35,2669.2,Road,29.6,0,0
33.6,35.4,9.2,64.2,0.95,0.76,2338.2,Rail,57.64,0,1
6.9,35.3,6.2,106.9,0.99,0.29,791.3,Sea,49.9,0,1
11.6,4.1,5.7,92.2,0.3,0.59,1698.5,Road,47.39,0,1
68.5,82.9,2.4,131.3,0.82,0.36,2051.6,Rail,54.76,0,1
80.9,41.7,5.2,39.3,0.63,0.46,656.7,Rail,62.33,1,1
61.7,90.0,2.1,76.7,0.79,0.84,891.2,Road,62.07,1,1
78.1,65.6,5.3,18.9,0.68,0.33,2631.3,Road,64.49,1,1
60.3,92.0,7.7,139.9,0.31,0.11,4512.0,Road,79.85,1,2
71.4,92.7,6.2,91.8,0.18,0.68,3376.3,Road,90.17,1,2
72.4,3.2,3.0,36.0,0.54,0.91,3155.3,Rail,52.96,0,1
81.0,44.9,7.0,124.5,0.45,0.63,1986.6,Rail,75.83,1,2
31.2,23.3,3.5,26.6,0.47,0.59,2355.2,Road,46.3,0,1
79.0,33.1,2.4,128.7,0.62,0.16,1013.5,Sea,66.46,1,2
50.0,16.4,3.5,17.3,0.79,0.22,4870.1,Air,35.66,0,0
96.2,3.1,5.0,136.1,0.75,0.31,3821.2,Rail,50.52,0,1
16.5,36.7,7.3,51.2,0.53,0.1,386.3,Sea,56.34,0,1
98.7,75.8,9.9,60.5,0.58,0.47,1041.5,Air,90.71,1,2
9.2,91.9,9.8,94.9,0.62,0.59,3018.8,Road,73.02,1,2
59.8,54.1,7.1,136.4,0.78,0.55,4853.3,Road,63.55,1,1
68.2,11.4,0.7,37.5,0.89,0.36,2692.3,Sea,35.65,0,0
90.0,43.5,5.5,59.3,0.57,0.24,4514.0,Road,64.2,1,1
76.0,70.8,1.9,101.5,0.88,0.98,1954.0,Road,60.18,1,1
9.6,45.2,3.4,21.2,0.94,0.61,1467.2,Rail,34.34,0,0
61.7,21.6,5.4,57.0,0.28,0.3,4767.4,Rail,59.41,0,1
70.1,74.3,3.3,95.5,0.52,0.81,942.1,Road,70.04,1,2
20.3,79.7,7.9,69.7,0.4,0.52,3708.4,Road,71.52,1,2
65.8,75.1,0.4,141.2,0.23,0.29,2181.3,Sea,81.2,1,2
9.1,55.9,3.9,140.8,0.34,0.76,948.9,Rail,56.03,0,1
14.1,63.2,7.2,134.4,0.47,0.76,2026.2,Sea,85.79,1,2
36.2,66.9,9.8,138.1,0.57,0.87,4879.8,Road,79.11,1,2
19.6,92.2,5.5,137.7,0.56,0.13,1180.5,Road,57.44,0,1
0.3,15.8,8.4,123.0,0.4,0.54,4917.4,Sea,70.94,1,2
62.1,56.8,4.9,137.3,0.96,0.49,4395.6,Air,52.94,0,1
46.3,49.4,10.0,13.2,0.15,0.93,2406.6,Sea,91.13,1,2
22.3,22.5,8.9,115.3,0.79,0.46,3032.4,Road,50.04,0,1
21.2,99.2,6.4,82.8,0.93,0.92,756.4,Air,64.92,1,1
59.3,79.3,5.4,73.9,0.79,0.98,4329.4,Sea,81.68,1,2
10.8,28.1,9.3,28.7,0.21,0.97,1296.6,Rail,71.75,1,2
24.8,79.5,6.8,59.0,0.88,0.93,2349.0,Rail,63.45,1,1
4.1,24.8,8.9,62.8,0.37,0.3,4591.7,Rail,54.31,0,1
76.6,28.0,4.6,40.8,0.32,0.77,825.8,Road,68.5,1,2
97.6,88.9,4.4,136.8,0.95,0.51,4798.4,Rail,68.94,1,2
26.6,90.3,9.7,92.6,0.55,0.83,2524.0,Road,82.21,1,2
46.5,81.4,8.4,139.6,0.5,0.94,2965.0,Rail,83.76,1,2
43.7,99.5,5.4,89.5,0.33,0.68,4567.4,Rail,79.12,1,2
54.2,11.0,8.9,81.8,0.57,0.86,452.5,Road,66.68,1,2
37.5,53.7,0.9,63.2,0.55,0.48,3244.1,Road,43.92,0,1
13.2,46.4,3.9,37.9,0.42,0.83,2292.4,Road,53.53,0,1
24.8,60.2,3.3,35.9,0.4,0.26,697.1,Air,49.84,0,1
79.7,61.0,8.8,108.0,0.34,0.11,2459.9,Road,79.73,1,2
59.8,63.0,4.7,119.2,0.76,0.61,737.9,Sea,77.92,1,2
6.9,31.0,4.7,16.7,0.89,0.66,2289.7,Air,36.01,0,0
21.6,5.1,1.1,25.8,0.64,0.5,117.1,Sea,30.3,0,0
40.0,34.3,6.1,109.2,0.58,0.35,4392.9,Rail,52.37,0,1
64.6,71.6,4.7,34.6,0.77,0.47,2760.6,Road,61.01,1,1
78.5,37.7,1.5,62.2,0.62,0.17,4782.4,Rail,45.69,0,1
58.4,52.6,8.2,116.5,0.38,0.39,2132.3,Road,73.72,1,2
89.9,98.6,6.0,127.1,0.49,0.77,4642.5,Rail,89.45,1,2
80.5,72.6,9.4,132.7,0.47,0.79,2756.2,Rail,91.68,1,2
47.6,92.2,5.1,56.8,0.48,0.56,145.4,Rail,71.71,1,2
72.9,38.2,6.3,91.2,0.64,0.31,2825.8,Air,60.14,1,1
16.2,55.7,3.5,75.5,0.58,0.36,1958.7,Road,44.37,0,1
34.8,21.6,5.3,105.8,0.14,0.42,4595.3,Rail,57.87,0,1
2.1,41.8,3.4,109.7,0.18,0.53,4423.0,Rail,49.69,0,1
74.2,23.7,1.0,41.6,0.1,0.37,3253.3,Road,55.4,0,1
93.1,54.2,0.8,136.4,0.91,0.35,2105.8,Rail,46.81,0,1
37.8,58.4,3.4,76.2,0.45,0.53,4529.8,Road,55.92,0,1
30.9,17.7,0.9,41.8,0.52,0.42,843.9,Rail,33.23,0,0
26.5,86.6,1.9,48.9,0.12,0.75,424.8,Road,67.4,1,2
0.0,19.8,1.7,30.4,0.47,1.0,2894.6,Road,38.34,0,0
30.7,43.3,7.4,34.6,0.71,0.13,2611.3,Rail,50.02,0,1
1.7,16.3,4.6,124.8,0.33,0.61,4526.5,Sea,62.91,1,1
56.1,18.7,0.6,122.7,0.68,0.3,1196.7,Rail,32.95,0,0
68.4,48.8,2.2,69.9,0.17,0.54,486.5,Rail,64.84,1,1
35.8,60.8,0.7,77.5,0.58,0.53,3444.1,Road,44.51,0,1
40.3,7.4,2.2,20.7,0.98,0.71,524.0,Rail,29.63,0,0
31.7,12.9,6.6,43.7,0.96,0.78,2190.2,Sea,50.43,0,1
26.6,33.9,7.9,43.3,0.83,0.73,3772.3,Air,54.08,0,1
32.4,7.9,8.3,122.9,0.52,0.41,4518.4,Air,53.14,0,1
56.2,69.3,1.6,69.4,0.12,0.14,3241.5,Sea,70.8,1,2
56.2,90.3,7.0,17.2,0.62,0.36,327.2,Road,72.41,1,2
73.6,71.0,1.2,47.4,0.18,0.83,1596.8,Road,72.51,1,2
13.3,59.4,9.6,71.6,0.29,0.49,444.8,Rail,72.11,1,2
95.9,94.6,4.1,34.4,0.64,0.73,131.1,Rail,79.75,1,2
52.3,38.8,0.4,21.0,0.45,0.66,4987.3,Road,47.44,0,1
84.7,1.7,1.4,33.2,0.21,0.71,745.1,Road,56.09,0,1
6.2,8.4,8.4,43.3,0.29,0.78,3313.0,Rail,58.22,0,1
36.1,91.1,3.4,77.0,0.39,0.88,1452.6,Road,70.56,1,2
72.9,97.2,0.2,113.2,0.88,0.29,3550.4,Rail,50.57,0,1
9.7,6.0,6.3,43.0,0.94,0.14,1011.8,Road,26.37,0,0
16.8,91.9,9.7,120.1,0.99,0.56,1472.4,Road,64.92,1,1
57.5,16.4,0.3,122.2,0.87,0.92,4533.8,Road,36.44,0,0
48.9,36.6,7.0,100.2,0.97,0.22,4034.9,Rail,46.64,0,1
39.6,75.4,6.0,80.9,0.57,0.94,3326.7,Road,71.52,1,2
16.5,39.7,0.1,30.0,0.56,0.88,2373.5,Road,38.43,0,0
1.1,77.6,5.5,85.0,0.45,0.97,3221.3,Road,64.26,1,1
0.6,67.8,1.6,69.2,0.37,0.36,2946.0,Sea,53.44,0,1
61.0,93.2,8.0,31.6,0.69,0.47,1026.3,Road,77.4,1,2
42.9,44.0,3.3,27.1,0.82,0.85,4886.0,Road,48.87,0,1
78.3,51.4,2.2,46.6,0.97,0.35,1459.6,Rail,44.83,0,1
34.0,77.0,3.9,108.3,0.67,0.98,327.3,Rail,62.29,1,1
0.0,97.2,7.9,93.9,0.8,0.22,1802.4,Sea,70.31,1,2
50.8,36.1,2.6,32.2,0.38,0.4,2779.2,Road,51.06,0,1
44.9,93.7,5.4,71.2,0.39,0.51,440.6,Air,73.69,1,2
19.6,68.7,6.9,48.1,0.13,0.28,2987.7,Road,68.79,1,2
99.5,90.2,3.0,131.1,0.57,0.15,1501.9,Rail,69.55,1,2
11.4,26.9,6.4,20.8,0.68,0.89,497.2,Sea,53.41,0,1
38.5,71.7,9.5,51.8,0.51,0.39,2408.4,Sea,82.06,1,2
52.9,42.5,5.4,43.4,0.38,0.61,3365.8,Rail,64.72,1,1
34.3,41.5,1.8,65.1,0.82,0.26,3271.0,Air,32.81,0,0
36.2,16.2,6.4,24.4,0.68,0.76,1514.0,Rail,51.69,0,1
90.0,28.9,9.8,42.8,0.97,0.19,1778.4,Rail,62.79,1,1
40.8,79.7,7.6,132.4,0.45,0.74,4241.0,Road,77.66,1,2
45.8,62.4,2.2,37.2,0.93,0.68,810.8,Road,45.82,0,1
49.8,24.4,3.7,50.4,0.95,0.63,4080.0,Road,40.46,0,1
60.0,81.0,1.0,64.4,0.81,0.71,678.4,Rail,53.69,0,1
37.6,95.1,5.0,45.6,0.65,0.33,1204.0,Sea,68.57,1,2
93.1,42.4,3.3,95.9,0.64,0.64,1417.1,Road,62.28,1,1
8.0,96.1,5.5,140.4,0.97,0.13,3490.0,Rail,45.34,0,1
24.1,21.2,1.5,82.3,0.5,0.33,3215.8,Road,33.38,0,0
96.0,5.3,9.8,120.8,0.53,0.67,1564.5,Rail,76.54,1,2
24.1,4.2,3.6,22.8,0.94,0.5,1687.1,Road,27.05,0,0
85.7,64.6,5.1,67.2,0.92,0.12,517.5,Road,56.75,0,1
70.3,68.7,10.0,47.2,0.37,0.63,2854.7,Air,89.92,1,2
81.8,62.8,3.4,53.2,0.8,0.85,1965.6,Sea,72.16,1,2
67.0,83.8,3.7,123.8,0.58,0.1,3385.1,Rail,60.78,1,1
41.7,68.1,8.0,82.6,0.73,0.72,4883.3,Road,68.99,1,2
97.9,75.3,0.7,60.4,0.59,0.3,4769.1,Sea,69.42,1,2
0.7,55.3,2.6,54.3,0.44,0.2,996.2,Road,38.87,0,0
54.9,23.8,4.9,20.6,0.27,0.58,2479.9,Rail,61.4,1,1
33.9,13.5,5.7,129.9,0.39,0.67,1974.2,Sea,73.89,1,2
57.2,95.7,8.3,57.8,0.17,0.15,390.3,Rail,85.88,1,2
93.6,25.4,7.5,92.2,0.34,0.13,2339.2,Sea,84.56,1,2
96.6,25.4,7.2,89.1,0.51,0.86,1910.5,Road,77.35,1,2
31.6,91.2,3.9,72.3,0.55,0.16,453.7,Road,56.0,0,1
93.8,90.9,9.7,118.0,0.86,0.12,1975.8,Rail,80.74,1,2
98.7,48.0,8.3,53.1,0.16,0.37,231.2,Sea,96.05,1,2
47.9,99.7,4.7,80.4,0.15,0.82,3280.5,Road,84.5,1,2
13.2,17.7,3.4,46.5,0.36,0.64,4737.7,Sea,50.43,0,1
97.1,44.2,0.0,123.2,0.15,0.82,1242.9,Road,69.06,1,2
89.7,15.4,3.9,93.8,0.12,0.16,2623.9,Rail,62.42,1,1
65.8,45.3,0.5,60.3,0.53,0.5,3058.0,Air,48.5,0,1
2.8,99.5,3.1,13.6,0.6,0.75,1285.3,Rail,55.96,0,1
35.7,34.2,2.0,95.2,0.32,0.74,1573.7,Road,51.38,0,1
15.4,45.0,3.3,107.1,0.95,0.72,1482.6,Sea,53.05,0,1
19.0,98.5,0.6,91.7,0.73,0.9,3455.3,Sea,65.16,1,2
68.7,20.0,7.8,142.2,0.17,0.35,3652.8,Road,71.49,1,2
39.1,68.9,0.9,27.4,0.96,0.24,3065.8,Road,34.21,0,0
33.9,55.9,7.2,51.0,0.66,0.29,3475.6,Road,56.94,0,1
46.7,84.4,9.4,67.6,0.23,0.46,4962.0,Road,86.94,1,2
16.0,49.4,4.9,63.5,0.18,0.25,3902.0,Road,55.37,0,1
43.8,52.3,7.8,110.0,0.21,0.89,3590.5,Rail,80.87,1,2
93.6,40.7,9.4,29.0,0.56,0.47,4237.4,Rail,79.82,1,2
79.6,70.0,5.4,21.4,0.54,0.97,3960.8,Road,79.78,1,2
4.2,65.7,2.6,16.1,0.89,0.84,3157.1,Rail,40.82,0,1
43.1,82.3,0.2,103.0,0.24,0.59,2137.1,Rail,59.91,0,1
85.9,44.8,4.3,116.5,0.33,0.53,2202.5,Road,70.39,1,2
25.1,22.5,1.5,75.0,0.8,0.35,3208.3,Air,26.69,0,0
83.9,41.5,8.5,62.1,0.54,0.87,4492.0,Air,81.66,1,2
59.1,88.5,7.9,35.4,0.66,0.44,2973.9,Rail,75.7,1,2
0.9,67.8,7.3,75.0,0.47,0.55,3530.7,Road,60.61,1,1
88.3,81.4,0.9,26.0,0.47,0.24,2955.2,Air,62.04,1,1
89.7,64.8,6.5,27.0,0.98,0.16,3529.8,Sea,64.97,1,1
82.6,81.3,3.1,70.5,0.94,0.45,4279.9,Rail,58.43,0,1
52.7,53.0,4.9,14.6,0.7,0.42,4909.9,Sea,57.01,0,1
72.9,10.0,9.7,106.5,0.34,0.97,3124.9,Road,80.96,1,2
12.9,51.9,0.9,134.1,0.81,0.34,3562.7,Rail,28.83,0,0
86.1,99.5,6.6,55.2,0.6,0.36,3883.7,Road,81.54,1,2
94.9,9.1,9.3,97.1,0.67,0.56,3695.6,Rail,70.59,1,2
32.9,90.3,0.5,132.6,0.65,0.25,4763.6,Road,44.88,0,1
26.1,36.7,6.2,42.1,0.13,0.95,3924.4,Rail,70.26,1,2
24.7,9.1,5.9,83.7,0.25,0.96,567.7,Rail,59.27,0,1
33.8,53.5,5.9,88.9,0.46,0.23,207.9,Rail,56.68,0,1
7.8,95.7,2.8,121.3,0.16,0.59,2195.2,Road,64.05,1,1
79.2,53.9,7.2,92.5,0.73,0.36,4439.8,Road,67.08,1,2
32.2,42.9,8.5,115.5,0.3,0.7,184.4,Sea,89.63,1,2
8.0,2.0,3.1,48.6,0.94,0.75,1145.3,Road,24.41,0,0
98.9,98.7,1.8,104.1,0.9,0.23,4736.9,Rail,60.73,1,1
21.4,21.8,9.5,78.7,0.65,0.71,2220.5,Road,58.89,0,1
81.8,97.7,8.3,85.6,0.31,0.71,1428.8,Rail,97.72,1,2
49.2,26.4,9.3,104.1,0.68,0.41,3452.8,Sea,76.81,1,2
37.6,43.5,1.3,119.7,0.24,0.59,4563.6,Sea,70.14,1,2
66.8,4.5,8.8,42.4,0.52,0.23,3508.5,Sea,66.07,1,2
86.2,50.1,8.4,45.1,0.38,0.51,4046.6,Sea,89.32,1,2
5.6,2.9,4.5,143.9,0.4,0.41,323.3,Road,36.88,0,0
4.4,74.8,4.1,19.6,0.36,0.57,4432.5,Rail,56.52,0,1
98.5,57.9,4.2,26.5,0.35,0.26,2286.9,Road,72.06,1,2
26.8,10.1,6.0,79.6,0.54,0.36,3433.6,Road,44.05,0,1
5.5,59.2,6.1,84.2,0.41,0.61,1878.8,Rail,58.09,0,1
32.9,77.7,8.1,106.4,0.33,0.99,2502.9,Road,83.51,1,2
18.1,44.1,3.6,132.6,0.3,0.51,3503.5,Road,51.49,0,1
45.2,19.7,0.3,133.1,0.81,0.41,568.9,Rail,28.33,0,0
88.2,84.6,3.2,96.3,0.2,0.26,2001.9,Sea,91.06,1,2
89.6,21.9,6.8,111.7,0.44,0.7,4664.4,Rail,72.63,1,2
31.2,55.3,8.6,98.4,0.78,0.64,4583.6,Rail,62.43,1,1
47.6,32.6,2.8,33.6,0.27,0.62,718.7,Road,56.07,0,1
54.1,30.5,7.2,136.7,0.41,0.13,3290.5,Sea,80.07,1,2
25.2,18.3,4.3,123.5,0.12,0.75,2239.7,Air,57.19,0,1
16.8,63.6,0.9,24.9,0.78,0.6,1747.4,Rail,37.14,0,0
47.5,86.9,0.9,142.1,0.81,0.15,2279.0,Road,43.32,0,1
40.5,1.3,1.7,123.3,0.6,0.59,4215.2,Road,34.43,0,0
89.9,31.8,7.1,130.0,0.68,0.71,382.1,Sea,89.93,1,2
84.7,82.1,8.4,80.9,0.29,0.21,2989.3,Rail,87.86,1,2
66.4,67.9,0.7,131.5,0.7,0.95,1979.9,Road,57.29,0,1
28.4,13.1,2.8,56.2,0.86,0.86,3811.6,Rail,35.26,0,0
37.2,39.7,9.0,32.7,0.27,0.12,4127.4,Sea,71.05,1,2
17.7,89.5,6.5,17.6,0.78,0.26,1837.1,Sea,58.27,0,1
27.0,62.4,3.4,46.6,0.69,0.7,2353.3,Sea,57.74,0,1
98.4,82.2,6.2,127.0,0.48,0.27,2111.3,Rail,80.52,1,2
55.1,51.6,3.3,97.1,0.1,0.8,2265.8,Rail,71.05,1,2
81.8,24.2,1.6,58.0,0.84,0.38,4200.1,Road,40.77,0,1
27.4,9.3,0.0,42.0,0.41,0.87,2487.6,Rail,37.06,0,0
41.1,71.9,7.5,45.8,0.15,0.17,497.5,Sea,81.22,1,2
59.8,4.6,4.5,101.2,0.77,0.47,4237.0,Rail,42.37,0,1
5.0,31.6,8.5,33.4,0.92,0.95,2716.7,Rail,50.73,0,1
89.9,27.8,8.0,29.8,0.43,0.29,702.4,Road,72.28,1,2
84.6,17.6,0.4,95.8,0.61,0.59,1545.1,Air,45.12,0,1
98.1,55.4,5.2,128.1,0.48,0.32,3119.6,Sea,91.17,1,2
38.6,99.1,3.4,114.6,0.38,0.41,3406.3,Sea,83.42,1,2
12.3,87.9,9.1,23.3,0.86,0.17,4605.2,Road,58.33,0,1
68.0,22.1,9.8,115.2,0.17,0.12,3803.9,Rail,74.37,1,2
13.2,8.6,2.4,131.2,0.29,0.22,2134.0,Sea,53.45,0,1
31.0,81.1,2.1,103.8,0.25,0.36,3898.0,Rail,58.3,0,1
21.5,69.0,1.5,113.3,0.92,0.71,3830.7,Road,39.71,0,0
63.6,64.2,9.0,127.9,0.82,0.69,4259.5,Rail,73.78,1,2
64.7,53.3,4.5,81.8,0.78,0.56,2291.9,Rail,56.83,0,1
33.2,73.4,2.3,83.5,0.98,0.49,2392.4,Road,41.23,0,1
74.3,51.6,3.1,91.9,0.23,0.53,1612.3,Road,67.75,1,2
78.3,51.7,4.0,39.3,0.51,0.58,769.6,Rail,65.73,1,2
68.7,38.8,9.8,68.9,0.77,0.72,1261.3,Road,72.73,1,2
5.8,81.2,9.0,82.0,0.72,0.75,3940.7,Air,66.77,1,2
14.6,15.2,4.9,17.8,0.26,0.9,1390.7,Air,54.26,0,1
37.9,88.1,8.7,75.2,0.77,0.43,2281.6,Air,69.59,1,2
43.6,64.9,2.4,95.8,0.5,0.28,306.2,Sea,65.3,1,2
32.8,60.4,5.3,111.0,0.85,0.43,2556.1,Sea,65.95,1,2
55.6,92.1,7.8,18.2,0.24,0.55,2973.0,Sea,90.34,1,2
30.1,64.7,1.7,84.3,0.69,0.59,812.0,Road,45.32,0,1
41.8,21.1,5.2,112.4,0.16,0.85,1403.3,Road,65.06,1,2
2.0,81.6,3.5,36.4,0.24,0.24,759.9,Sea,59.45,0,1
35.4,94.1,7.8,57.0,0.57,0.75,960.3,Rail,77.72,1,2
69.4,33.3,8.6,22.6,0.29,0.6,4897.9,Sea,81.53,1,2
50.3,26.7,1.3,64.5,0.58,0.51,3423.6,Road,41.47,0,1
72.3,67.0,8.0,46.7,0.74,0.89,2627.4,Road,78.75,1,2
60.9,93.6,6.5,58.9,0.68,0.59,3515.2,Road,74.91,1,2
98.1,29.4,10.0,35.8,0.81,0.84,3170.0,Road,79.25,1,2
27.0,34.6,3.6,48.3,0.34,0.8,2433.7,Sea,61.86,1,1
10.7,7.0,4.4,64.1,0.95,0.39,1374.4,Air,24.56,0,0
13.4,74.1,5.4,13.9,0.48,0.68,2064.0,Rail,61.37,1,1
26.9,82.0,7.9,54.4,0.19,0.44,1507.4,Road,78.03,1,2
57.5,23.3,4.8,32.3,0.76,0.47,2258.0,Road,47.57,0,1
77.3,88.5,1.9,135.4,0.69,0.9,2241.4,Sea,88.69,1,2
3.8,48.9,8.3,60.7,0.43,0.4,4904.4,Sea,67.58,1,2
96.6,26.4,2.2,64.0,0.54,0.92,760.9,Air,62.57,1,1
35.3,59.0,1.4,129.1,0.83,0.85,3872.2,Sea,64.15,1,1
82.4,57.6,4.1,119.4,0.76,0.97,3836.5,Road,67.74,1,2
67.1,33.3,5.7,21.4,0.2,0.24,2710.0,Rail,65.83,1,2
59.2,65.5,8.3,19.8,0.26,0.19,3849.8,Rail,77.4,1,2
8.6,79.4,1.7,123.8,0.48,0.13,3586.2,Road,41.83,0,1
89.5,71.5,1.2,27.2,0.56,0.94,3684.7,Air,68.8,1,2
37.8,37.4,9.6,72.5,0.95,0.1,3014.0,Sea,61.24,1,1
89.2,81.7,7.8,31.4,0.19,0.11,1083.6,Road,87.76,1,2
19.1,66.5,4.2,69.7,0.37,0.31,4827.0,Rail,54.35,0,1
96.7,28.4,7.4,39.2,0.52,0.66,3270.4,Sea,81.31,1,2
62.2,86.5,1.6,96.0,1.0,0.17,4868.5,Sea,58.95,0,1
83.6,2.7,0.8,23.2,0.78,0.52,402.9,Sea,40.96,0,1
50.3,64.6,3.9,100.8,0.89,0.56,2537.5,Sea,66.72,1,2
59.7,53.2,8.2,81.6,0.42,0.66,4020.5,Rail,77.36,1,2
31.9,67.7,2.3,92.1,0.6,0.56,2363.4,Road,50.16,0,1
74.2,52.5,1.2,58.3,0.92,1.0,2403.5,Road,52.33,0,1
90.3,96.1,5.8,135.2,0.62,0.8,357.0,Rail,85.29,1,2
71.7,33.9,9.6,25.4,0.81,0.29,2419.0,Road,64.46,1,1
47.1,27.8,2.6,130.2,0.65,0.23,4501.6,Sea,58.19,0,1
83.5,27.7,5.4,84.4,0.74,0.17,4771.1,Road,53.22,0,1
49.9,49.3,7.4,123.8,0.22,0.29,1865.0,Air,70.85,1,2
43.9,66.4,3.5,118.1,0.67,0.1,1481.8,Road,47.93,0,1
66.5,8.0,3.4,44.4,0.49,0.25,3152.9,Rail,45.08,0,1
23.0,91.4,6.6,40.4,0.32,0.66,4407.9,Road,75.3,1,2
47.6,26.4,4.5,77.4,0.2,0.24,4955.3,Sea,67.19,1,2
4.1,1.3,9.2,105.8,0.29,0.48,2930.1,Road,54.02,0,1
98.4,92.6,1.5,56.9,0.78,0.83,4443.7,Road,70.04,1,2
96.1,23.9,3.8,129.8,0.67,0.89,2980.6,Rail,63.19,1,1
98.6,66.2,0.3,56.8,0.45,0.2,1325.1,Road,58.82,0,1
87.9,3.5,1.9,17.5,0.66,0.69,2464.3,Rail,47.57,0,1
90.1,61.7,4.2,109.4,0.82,0.37,4401.2,Rail,60.68,1,1
8.6,26.9,3.7,33.6,0.88,0.58,3940.7,Air,31.69,0,0
21.3,20.0,3.3,133.1,0.41,0.15,4329.2,Air,37.27,0,0
66.8,6.3,0.3,98.7,0.45,0.57,3311.9,Road,41.59,0,1
20.2,89.3,5.8,51.8,0.45,0.77,3812.3,Rail,70.2,1,2
4.9,92.9,8.9,68.9,0.46,0.13,1110.3,Road,66.55,1,2
40.8,82.7,2.9,67.0,0.26,0.88,2262.6,Sea,81.33,1,2
92.8,29.4,3.0,84.4,0.99,0.73,3714.5,Road,50.91,0,1
99.6,0.0,6.8,41.5,0.23,0.77,1268.3,Road,75.98,1,2
48.8,24.1,7.7,26.4,0.22,0.44,4600.3,Road,67.51,1,2
61.0,58.8,9.2,92.1,0.77,0.52,170.1,Rail,71.18,1,2
34.7,33.0,3.2,89.0,0.26,0.47,1279.2,Road,52.11,0,1
28.2,13.3,3.3,60.9,0.26,0.74,3417.9,Rail,49.79,0,1
92.9,20.0,5.8,127.7,0.46,0.25,1692.0,Rail,62.89,1,1
71.9,80.5,2.6,112.9,0.94,0.18,681.8,Rail,49.83,0,1
22.1,31.4,2.1,40.1,0.26,0.69,612.5,Road,48.7,0,1
24.8,13.5,3.5,83.9,0.9,0.85,307.7,Road,35.42,0,0
71.9,59.7,2.0,26.7,0.91,0.27,2046.2,Sea,49.24,0,1
39.8,57.1,1.5,49.9,0.11,0.75,3841.1,Air,62.24,1,1
49.5,40.1,7.7,132.8,0.31,0.38,3351.4,Road,68.48,1,2
80.9,50.8,8.2,129.8,0.49,0.39,1921.6,Road,76.23,1,2
68.8,25.8,9.9,48.6,0.31,0.26,356.8,Sea,81.48,1,2
94.6,69.6,3.4,49.6,0.21,0.71,1523.0,Road,81.42,1,2
83.0,22.2,8.4,138.0,0.52,0.6,897.8,Road,72.62,1,2
26.5,58.4,0.7,80.9,0.36,0.59,1402.0,Road,48.01,0,1
55.3,48.0,5.0,136.4,0.18,0.21,1313.2,Road,64.32,1,1
26.5,13.9,1.1,63.1,0.48,0.34,4534.4,Rail,31.55,0,0
31.3,39.9,2.5,97.0,0.87,0.47,1431.1,Rail,35.76,0,0
74.5,51.6,1.8,117.8,0.59,0.67,1300.1,Sea,74.65,1,2
38.5,3.2,4.5,47.4,0.54,0.61,3712.3,Rail,44.7,0,1
47.9,80.1,4.2,103.5,0.69,0.56,3587.6,Road,60.94,1,1
67.1,72.4,4.3,16.1,0.31,0.73,2781.9,Road,75.85,1,2
41.4,25.6,2.2,21.4,0.34,0.94,187.0,Road,54.13,0,1
43.5,24.6,8.2,46.2,0.37,0.93,2342.3,Road,71.28,1,2
34.7,31.5,1.6,66.5,0.59,0.6,4868.0,Road,40.65,0,1
45.4,80.1,7.7,61.4,0.42,0.67,2704.8,Sea,88.14,1,2
78.9,90.1,9.0,75.3,0.74,0.37,159.2,Road,81.4,1,2
59.5,17.3,3.5,116.8,0.35,0.4,1740.7,Rail,51.92,0,1
6.7,0.6,6.8,113.5,0.67,0.37,4158.8,Rail,36.07,0,0
10.1,74.3,7.6,84.4,0.12,0.46,4002.5,Rail,72.99,1,2
1.3,43.8,3.6,30.5,0.7,0.19,2295.9,Road,32.36,0,0
20.3,65.4,4.6,97.4,0.68,0.49,4050.7,Sea,65.37,1,2
22.3,87.4,0.2,128.8,0.84,0.22,3233.9,Road,35.1,0,0
7.2,92.9,2.1,74.1,0.73,0.85,4475.2,Rail,50.85,0,1
69.0,40.6,5.3,34.7,0.14,0.59,2855.3,Rail,73.5,1,2
69.9,24.6,2.4,48.2,0.87,0.77,4825.4,Rail,45.5,0,1
52.9,80.0,2.6,94.8,0.27,0.3,4837.3,Road,63.75,1,1
64.6,37.7,3.6,97.9,0.58,0.41,2644.5,Road,52.93,0,1
89.1,9.8,6.5,28.0,0.35,0.17,3038.1,Sea,67.22,1,2
23.3,72.6,5.3,105.5,0.12,0.88,1702.6,Sea,91.12,1,2
45.3,74.2,1.2,139.9,0.21,0.67,1353.2,Rail,63.41,1,1
41.0,20.3,4.7,45.2,0.23,0.46,1621.8,Air,55.71,0,1
82.2,2.6,1.5,13.7,0.6,0.98,4802.4,Road,50.42,0,1
30.7,12.0,4.3,76.3,0.86,0.28,3787.0,Road,31.13,0,0
37.4,31.4,9.0,140.8,0.97,0.4,4994.4,Air,50.72,0,1
19.2,36.1,5.1,17.9,0.91,0.57,1533.7,Sea,42.61,0,1
3.2,88.7,10.0,82.4,0.5,0.71,3052.8,Road,76.06,1,2
89.1,51.3,3.8,55.8,0.97,0.6,1235.8,Road,56.18,0,1
80.7,88.2,1.7,74.3,0.15,0.85,4704.2,Rail,81.39,1,2
79.8,18.8,8.6,128.3,0.84,0.3,2520.5,Rail,59.08,0,1
26.2,77.6,1.9,72.0,0.37,0.94,712.7,Rail,61.42,1,1
13.6,9.2,5.6,108.5,0.93,0.64,789.3,Road,33.97,0,0
60.1,81.9,4.2,116.1,0.74,0.46,2453.5,Rail,61.44,1,1
47.3,37.3,9.5,99.8,0.77,0.65,2782.0,Rail,65.09,1,2
24.5,67.0,9.2,31.1,0.42,0.24,3468.1,Road,68.64,1,2
77.6,94.3,6.5,138.4,0.17,0.56,4443.3,Road,91.72,1,2
14.7,80.2,8.6,36.2,0.37,0.53,1920.2,Rail,73.26,1,2
82.2,20.9,2.3,91.5,0.59,0.16,3166.6,Road,45.22,0,1
93.8,71.2,4.7,30.0,0.92,0.68,2365.0,Road,67.47,1,2
74.3,35.6,9.6,14.8,0.88,0.53,1654.6,Sea,69.6,1,2
67.2,65.6,3.8,17.2,0.5,0.9,627.1,Rail,70.6,1,2
35.1,8.7,6.4,63.0,0.15,0.9,2207.0,Sea,74.29,1,2
16.9,0.8,2.6,69.4,0.8,0.34,3458.3,Rail,22.35,0,0
22.1,93.2,5.7,88.5,0.94,0.73,530.2,Road,58.34,0,1
34.9,94.5,4.3,57.5,0.7,0.98,1221.6,Rail,67.52,1,2
45.7,14.7,0.5,66.4,0.17,0.3,4339.1,Rail,41.87,0,1
90.9,94.0,7.2,131.0,0.12,0.3,263.3,Sea,114.06,1,2
43.4,56.8,2.0,57.5,0.95,0.15,2932.1,Rail,34.62,0,0
90.9,57.0,6.1,53.6,0.92,0.71,1205.7,Sea,76.02,1,2
24.1,73.4,6.3,107.0,0.18,0.77,3645.3,Rail,75.45,1,2
81.3,76.2,7.4,141.1,0.52,0.75,4026.7,Rail,84.82,1,2
63.7,23.8,4.8,15.2,0.22,0.89,1821.0,Road,69.17,1,2
19.7,80.6,8.3,21.0,0.5,0.19,2565.2,Sea,68.45,1,2
12.7,81.7,4.0,113.3,0.37,0.57,878.8,Road,59.9,0,1
0.4,18.6,3.8,19.7,0.79,0.77,3718.4,Sea,35.85,0,0
33.9,63.2,4.4,110.7,0.97,0.26,2915.5,Rail,42.29,0,1
25.0,74.4,8.8,61.7,0.21,0.56,730.0,Sea,88.54,1,2
94.5,58.6,7.3,79.3,0.51,0.93,852.9,Road,86.39,1,2
74.3,30.6,6.2,15.7,0.85,0.19,1457.2,Air,51.69,0,1
8.5,28.3,7.0,51.9,0.86,0.41,2312.5,Sea,47.8,0,1
72.2,97.4,7.6,122.5,0.42,0.55,4169.6,Rail,87.99,1,2
26.3,83.8,6.3,137.9,0.59,0.77,736.2,Air,68.24,1,2
79.5,26.2,4.7,84.7,0.74,0.97,4493.3,Rail,61.41,1,1
45.6,81.2,2.3,142.0,0.98,0.26,4333.0,Road,42.96,0,1
21.7,30.3,9.2,24.9,0.79,0.66,1576.7,Rail,55.96,0,1
84.0,94.7,7.2,126.8,0.76,0.53,4758.4,Road,80.22,1,2
96.1,80.6,2.4,111.6,0.9,0.42,2081.8,Rail,60.2,1,1
48.9,81.2,8.9,27.1,0.89,0.25,2327.4,Sea,69.71,1,2
40.9,4.8,7.3,104.1,0.34,0.54,2337.2,Rail,57.98,0,1
64.9,6.6,6.1,97.6,0.85,0.49,2170.5,Rail,47.1,0,1
24.4,81.3,4.2,137.0,0.26,0.57,665.9,Road,66.09,1,2
93.6,45.1,4.8,42.1,0.26,0.57,1761.9,Rail,76.17,1,2
64.2,93.6,4.8,55.5,0.19,0.66,3150.3,Road,84.15,1,2
73.7,69.0,5.8,37.2,0.67,0.97,3277.6,Sea,81.59,1,2
78.6,33.5,3.5,134.9,0.4,0.29,1613.9,Rail,58.03,0,1
80.0,26.5,4.3,125.5,0.28,0.39,1456.2,Air,63.16,1,1
74.7,93.3,3.5,48.7,0.37,0.35,1580.9,Air,73.29,1,2
28.2,16.2,9.7,125.6,0.66,0.14,2320.2,Road,50.81,0,1
66.2,55.5,4.8,138.8,0.97,0.43,2625.6,Sea,72.65,1,2
60.8,33.0,7.5,28.9,0.22,0.81,4185.6,Road,77.49,1,2
91.7,90.2,4.3,137.7,0.33,0.27,3138.8,Road,79.17,1,2
74.4,99.1,8.5,129.0,0.72,0.41,251.8,Sea,101.17,1,2
55.9,55.3,3.2,131.1,0.27,0.72,1828.0,Road,66.25,1,2
92.3,6.2,2.9,19.7,0.92,0.92,3245.4,Rail,49.05,0,1
86.2,97.1,0.4,136.0,0.61,0.89,4475.6,Sea,90.53,1,2
29.3,43.3,4.7,143.3,0.64,0.4,1575.5,Sea,68.76,1,2
92.4,44.3,7.5,106.0,0.96,0.21,4911.1,Sea,76.84,1,2
46.4,41.0,2.6,122.5,0.75,0.16,210.0,Road,38.3,0,0
27.5,30.6,3.5,76.3,0.47,0.16,496.1,Road,40.45,0,1
16.9,9.9,1.9,24.8,0.69,0.61,2375.0,Sea,32.94,0,0
68.5,83.0,1.1,74.5,0.2,0.92,2355.8,Rail,74.95,1,2
64.4,25.5,8.8,130.8,0.69,0.88,996.4,Road,69.94,1,2
59.9,46.5,5.7,70.7,0.74,0.82,3245.7,Air,62.55,1,1
82.5,21.8,8.8,56.7,0.25,0.72,4291.1,Road,81.84,1,2
98.3,1.5,0.2,95.8,0.76,0.51,4439.0,Rail,39.28,0,0
13.2,52.3,0.1,139.9,0.18,0.39,4592.5,Road,43.04,0,1
82.7,18.8,5.7,87.0,0.28,0.63,3550.0,Sea,82.93,1,2
71.9,34.3,5.1,82.3,0.52,0.49,3096.7,Rail,61.09,1,1
46.1,22.6,3.3,73.9,0.74,0.66,158.9,Rail,43.55,0,1
34.6,59.4,3.9,66.7,0.65,0.28,737.3,Sea,58.05,0,1
62.3,83.6,0.3,67.3,0.26,0.83,2889.4,Road,68.24,1,2
72.3,6.4,7.7,140.1,0.14,0.56,647.5,Road,72.79,1,2
49.6,12.9,4.1,49.0,0.48,0.64,2395.5,Road,50.61,0,1
25.4,51.7,7.3,75.0,0.7,0.82,459.1,Road,61.02,1,1
72.0,24.2,9.4,27.9,0.41,0.32,1395.9,Road,71.77,1,2
12.8,85.4,0.1,74.3,0.41,0.42,3934.3,Air,46.06,0,1
19.3,65.9,7.4,56.4,0.65,0.21,1142.9,Road,55.48,0,1
60.0,77.1,8.8,75.9,0.55,0.5,2705.6,Rail,79.55,1,2
45.1,83.1,8.6,69.2,0.91,0.69,3758.2,Sea,80.98,1,2
60.8,2.1,9.2,129.5,0.48,0.49,1445.8,Sea,83.12,1,2
80.9,91.3,1.7,92.3,0.26,0.74,1340.9,Road,78.05,1,2
79.5,91.3,0.9,65.9,0.25,0.77,2767.3,Rail,75.66,1,2
58.2,1.4,0.1,63.8,0.11,0.1,539.2,Road,38.96,0,0
86.5,3.5,5.7,19.0,0.31,0.63,3453.9,Road,66.14,1,2
32.7,16.3,8.3,42.6,0.66,0.97,815.3,Road,60.0,1,1
52.6,97.1,7.2,129.2,0.31,0.73,336.2,Road,87.22,1,2
64.5,55.2,7.6,60.9,0.51,0.53,2055.4,Road,72.71,1,2
44.5,44.0,2.8,138.5,0.14,0.5,1721.0,Road,59.54,0,1
92.0,89.9,9.0,33.6,0.41,0.27,4011.1,Rail,91.24,1,2
98.2,74.5,8.5,30.9,0.66,0.9,1428.1,Road,90.6,1,2
0.5,4.9,0.8,127.7,0.87,0.99,1845.8,Road,21.92,0,0
81.3,93.2,8.5,80.4,0.27,0.26,155.0,Sea,103.49,1,2
99.7,86.6,8.2,124.6,0.27,0.2,491.9,Sea,111.18,1,2
86.7,41.8,4.9,52.7,0.56,0.37,2602.3,Road,63.49,1,1
88.5,7.4,6.9,43.5,0.78,0.39,2828.6,Road,56.06,0,1
87.7,76.9,1.9,95.2,0.51,0.77,2340.5,Air,70.7,1,2
8.0,7.2,8.5,53.6,0.15,0.3,4192.7,Road,55.05,0,1
17.1,36.1,8.2,16.5,0.62,0.6,1104.8,Road,56.56,0,1
34.3,4.4,9.0,130.9,0.8,0.34,776.8,Road,46.68,0,1
20.9,56.7,0.2,120.3,0.25,0.79,851.0,Sea,68.88,1,2
53.6,37.3,8.4,81.4,0.98,0.43,262.5,Air,54.87,0,1
26.1,85.4,1.1,46.0,0.38,0.42,4981.5,Sea,59.86,0,1
16.2,57.0,2.3,55.2,0.77,0.13,2108.5,Road,32.91,0,0
18.8,66.5,0.5,16.5,0.16,0.16,1875.0,Air,46.24,0,1
74.3,17.0,1.3,28.6,0.67,0.75,374.7,Road,46.39,0,1
18.2,81.6,6.1,56.3,0.67,0.62,4011.7,Road,61.0,1,1
49.8,91.9,1.7,121.2,0.72,0.24,2462.5,Road,51.12,0,1
89.5,74.7,8.2,114.8,0.47,0.96,423.4,Rail,93.4,1,2
54.2,7.3,3.2,66.3,0.92,0.57,4954.0,Road,35.46,0,0
19.6,80.9,4.5,126.2,0.51,0.26,4259.4,Rail,54.97,0,1
42.5,72.9,8.6,86.1,0.79,0.46,3705.4,Rail,66.66,1,2
70.2,19.0,4.0,134.0,0.69,0.56,1972.3,Rail,50.31,0,1
52.5,18.9,5.3,15.0,0.63,0.22,3077.2,Road,46.28,0,1
76.6,87.9,0.3,126.0,0.66,0.55,4197.8,Sea,77.72,1,2
9.6,12.9,3.6,105.5,0.87,0.18,1919.8,Air,22.5,0,0
34.0,2.1,3.7,56.7,0.94,0.41,122.0,Road,27.93,0,0
15.9,26.0,8.2,104.2,0.83,0.68,764.6,Road,49.63,0,1
93.7,45.7,1.0,104.7,0.66,0.8,1521.8,Air,58.23,0,1
22.0,50.5,1.2,91.6,0.41,0.36,1977.6,Road,41.9,0,1
79.8,65.5,7.2,132.2,0.47,0.58,3384.3,Rail,80.1,1,2
19.2,88.9,7.5,130.6,0.32,0.41,1475.1,Rail,72.82,1,2
89.8,83.8,5.2,42.3,0.37,1.0,2371.2,Road,89.82,1,2
9.2,85.6,3.5,43.1,0.96,0.81,4092.8,Sea,53.81,0,1
29.9,7.8,5.8,72.6,0.42,0.83,4693.0,Rail,53.85,0,1
13.2,2.9,7.0,101.5,0.63,0.92,4112.1,Sea,63.32,1,1
32.4,46.7,1.4,111.9,0.12,0.66,2221.3,Road,55.88,0,1
52.1,26.4,4.7,142.6,0.48,0.76,4890.2,Road,58.14,0,1
97.0,81.4,7.3,46.6,0.86,0.82,587.7,Air,82.28,1,2
31.7,87.3,2.6,83.0,0.93,0.35,3006.3,Road,44.48,0,1
25.0,46.7,5.2,39.4,0.6,0.98,2397.9,Road,58.14,0,1
64.2,64.7,4.2,124.7,0.55,0.51,1926.5,Road,63.63,1,1
32.7,23.2,1.0,61.3,0.13,0.6,3538.3,Road,47.93,0,1
31.9,57.8,8.0,138.3,0.5,0.65,3322.8,Sea,89.17,1,2
96.0,68.3,0.9,107.2,0.49,0.56,156.9,Road,65.07,1,2
21.7,36.7,5.5,110.2,0.67,0.46,1817.9,Sea,62.65,1,1
12.4,62.4,0.4,20.7,0.64,0.9,1372.8,Road,42.2,0,1
90.6,3.5,3.0,88.9,0.85,0.14,955.6,Rail,38.42,0,0
63.4,78.7,0.0,17.8,0.11,0.32,2021.0,Rail,62.78,1,1
64.4,55.5,9.6,22.0,0.46,1.0,119.3,Road,87.15,1,2
69.8,5.0,3.3,137.4,0.34,0.29,3393.3,Sea,70.07,1,2
40.5,45.6,9.8,20.7,0.84,0.43,2743.9,Rail,61.17,1,1
52.0,60.3,4.8,135.5,0.95,0.82,3504.7,Air,55.85,0,1
76.1,7.8,9.1,45.6,0.58,0.32,3398.6,Road,63.58,1,1
55.7,98.5,1.9,14.6,0.78,0.79,4881.3,Road,61.48,1,1
59.2,74.3,0.5,140.2,0.92,0.91,4758.5,Road,50.56,0,1
94.8,25.9,1.8,73.2,0.52,0.15,3178.4,Rail,49.72,0,1
40.8,79.9,6.0,54.0,0.57,0.95,2039.8,Rail,73.37,1,2
30.8,76.4,9.6,64.8,0.75,0.55,1062.2,Rail,70.03,1,2
10.6,23.0,0.4,134.3,1.0,0.64,1113.5,Sea,39.39,0,0
9.6,78.9,6.5,45.3,0.75,0.35,3648.5,Road,53.15,0,1
44.0,8.2,1.0,134.6,0.58,0.55,3891.6,Road,35.01,0,0
31.3,67.8,5.4,22.8,0.24,0.83,4047.9,Rail,72.39,1,2
51.9,62.1,6.5,24.3,0.72,0.82,3673.5,Rail,67.47,1,2
5.6,95.4,5.6,77.3,0.69,0.38,4327.3,Rail,55.5,0,1
68.2,63.8,5.5,56.2,0.57,0.72,2347.4,Road,70.95,1,2
0.4,34.9,8.2,14.7,0.45,0.85,4989.0,Rail,59.97,0,1
1.1,52.9,4.5,83.7,0.33,0.94,4093.1,Road,57.78,0,1
9.9,98.3,0.6,48.3,0.87,0.23,3338.1,Sea,42.89,0,1
2.6,14.0,5.1,82.4,0.59,0.3,3155.6,Rail,34.31,0,0
28.9,67.0,5.0,89.9,0.77,0.76,1667.9,Air,56.14,0,1
85.7,74.3,8.3,39.0,0.61,0.92,3133.7,Rail,88.47,1,2
15.0,79.7,9.4,120.1,0.98,0.17,1247.2,Road,55.08,0,1
82.8,87.1,9.2,76.5,0.66,0.31,578.8,Road,83.17,1,2
55.5,66.1,8.6,108.2,0.13,0.91,4615.7,Road,91.79,1,2
13.0,51.0,4.3,90.6,0.49,0.23,4956.2,Road,44.94,0,1
89.7,44.9,2.0,85.6,0.78,0.64,4672.0,Air,54.78,0,1
51.6,29.7,1.7,118.2,0.87,0.12,3366.3,Rail,30.56,0,0
57.0,91.7,7.7,55.1,0.81,0.33,4749.3,Sea,78.31,1,2
54.5,22.1,9.5,103.8,0.67,0.34,2097.7,Rail,61.07,1,1
85.1,85.0,7.6,38.9,0.29,0.11,795.3,Sea,90.5,1,2
80.5,51.1,7.9,101.1,0.19,0.8,2809.9,Rail,89.0,1,2
10.4,12.1,9.6,60.5,0.41,0.75,4440.5,Road,60.65,1,1
62.1,70.5,9.4,14.1,0.61,0.11,4492.9,Road,72.62,1,2
97.1,59.2,1.2,128.4,0.66,0.18,2035.3,Rail,53.86,0,1
67.4,9.6,8.7,24.1,0.44,0.8,1772.8,Rail,71.27,1,2
85.8,1.5,9.0,77.7,0.59,0.3,4840.4,Sea,75.34,1,2
21.3,12.2,1.1,110.4,0.2,0.62,355.0,Sea,57.45,0,1
67.0,66.0,8.8,24.3,0.87,0.95,971.0,Sea,81.03,1,2
67.4,47.3,7.0,73.5,0.64,0.27,551.4,Road,62.82,1,1
9.3,8.6,7.2,31.1,0.19,0.15,2045.1,Sea,53.14,0,1
38.4,63.7,9.6,132.3,0.21,0.63,2190.4,Road,83.74,1,2
39.7,42.5,3.8,77.9,0.83,0.38,242.6,Sea,53.55,0,1
74.8,64.8,7.5,73.1,0.31,0.7,3714.4,Sea,96.01,1,2
55.9,78.1,7.3,90.6,0.34,0.97,3554.9,Rail,86.35,1,2
16.8,2.4,7.7,70.9,0.27,0.61,3082.4,Air,55.16,0,1
34.3,5.6,5.1,138.6,0.3,0.71,854.0,Rail,53.57,0,1
3.8,74.9,5.3,107.3,0.22,0.3,343.0,Road,59.41,0,1
34.2,5.2,8.7,123.8,0.46,0.78,4009.1,Rail,60.97,1,1
3.3,56.0,2.2,26.9,0.17,0.15,991.8,Road,44.41,0,1
98.5,80.0,6.2,128.2,0.88,0.89,2932.0,Sea,98.62,1,2
79.7,6.0,5.1,76.9,0.64,0.5,3614.7,Sea,64.84,1,1
95.9,68.2,4.1,97.0,0.39,0.36,2357.7,Rail,74.16,1,2
44.7,11.2,8.9,93.3,0.4,0.64,596.0,Rail,65.4,1,2
36.5,70.6,0.5,95.2,0.59,0.85,1767.0,Air,51.3,0,1
97.9,79.3,3.6,103.2,0.19,0.46,1453.6,Sea,97.54,1,2
85.7,10.9,7.3,39.3,0.99,0.7,616.2,Rail,56.83,0,1
69.4,88.2,4.5,80.0,0.75,0.93,4142.9,Rail,73.22,1,2
36.2,74.3,7.9,42.4,0.29,0.8,2017.5,Sea,87.28,1,2
24.3,33.9,4.9,26.0,0.85,0.96,2380.8,Rail,47.41,0,1
49.2,2.8,1.5,105.4,0.63,0.86,1335.0,Rail,39.63,0,0
23.5,14.0,6.4,82.4,0.81,0.42,4829.4,Sea,51.9,0,1
17.7,39.1,3.4,20.1,0.88,0.65,1423.2,Road,37.17,0,0
32.0,52.2,1.6,106.9,0.68,0.26,2559.1,Air,37.79,0,0
11.2,75.6,6.1,40.0,0.71,0.92,3598.4,Road,61.2,1,1
49.8,67.1,8.5,82.1,0.84,0.39,4983.1,Sea,76.77,1,2
80.6,94.5,4.3,36.5,0.61,0.56,4838.2,Rail,75.09,1,2
94.8,61.0,3.0,101.6,0.52,0.57,1949.4,Road,68.56,1,2
42.0,46.8,9.6,25.0,0.74,0.33,3407.7,Sea,66.09,1,2
96.2,52.4,6.9,87.5,0.45,0.94,4666.6,Sea,98.79,1,2
70.8,18.8,3.8,134.6,0.52,0.84,3869.8,Sea,78.5,1,2
5.9,70.2,3.0,109.5,0.42,0.43,2969.8,Air,48.92,0,1
42.1,40.9,1.4,111.3,0.88,0.35,2202.4,Road,33.29,0,0
96.0,84.0,4.6,117.9,0.49,0.53,4096.9,Road,79.51,1,2
24.6,25.4,3.4,142.1,0.82,0.96,3309.4,Air,41.55,0,1
8.9,55.9,10.0,12.3,0.8,0.81,2255.1,Rail,63.23,1,1
28.9,25.6,4.2,84.2,0.11,0.44,366.5,Road,54.84,0,1
60.3,66.2,1.7,131.1,0.9,0.2,1760.9,Road,42.27,0,1
82.3,82.2,2.8,122.4,0.6,0.18,3322.3,Air,62.31,1,1
48.7,41.4,0.0,24.0,0.6,0.71,4019.5,Sea,46.92,0,1
62.8,33.5,5.6,52.2,0.41,0.33,2923.4,Road,60.73,1,1
88.9,90.1,8.9,32.7,0.85,0.73,4195.2,Road,86.18,1,2
62.5,46.6,5.9,125.8,0.22,0.33,2031.1,Road,69.54,1,2
53.1,21.1,0.8,89.7,0.53,0.8,3955.8,Sea,58.35,0,1
5.8,18.8,7.8,120.4,0.32,0.14,1206.6,Road,48.38,0,1
66.7,19.5,1.7,100.1,0.79,0.79,1702.7,Air,43.8,0,1
54.6,30.7,2.7,74.5,0.27,0.34,2250.6,Air,52.75,0,1
83.0,12.9,2.0,139.6,0.22,0.4,3157.5,Rail,55.55,0,1
52.5,69.3,9.5,122.1,0.28,0.22,3839.1,Rail,80.24,1,2
28.2,47.5,5.0,123.7,0.89,0.25,745.9,Rail,40.54,0,1
17.8,68.9,7.4,140.7,0.47,0.53,412.1,Rail,65.08,1,2
68.7,31.6,8.0,31.7,0.12,0.75,3957.6,Road,82.27,1,2
45.2,41.8,5.2,126.0,0.78,0.53,3791.7,Air,50.8,0,1
65.5,54.4,6.6,109.6,0.7,0.69,3066.6,Road,67.65,1,2
82.9,44.4,2.9,18.3,0.52,0.37,4581.2,Air,57.82,0,1
32.3,8.2,9.8,25.0,1.0,0.11,452.5,Sea,44.87,0,1
62.9,22.1,1.6,136.5,0.4,0.2,1980.5,Road,44.23,0,1
93.0,52.7,0.7,53.0,0.55,0.59,2344.8,Road,58.61,0,1
21.1,92.4,3.4,32.1,0.4,0.43,3126.2,Road,59.94,0,1
85.7,28.9,9.5,132.4,0.58,0.54,2677.9,Road,75.97,1,2
18.2,48.9,4.8,116.6,0.96,0.68,672.9,Rail,42.32,0,1
36.0,21.5,0.7,79.6,0.13,0.32,4045.1,Road,43.16,0,1
42.9,41.1,6.9,103.8,0.75,0.53,4738.2,Air,55.76,0,1
60.2,10.9,9.9,143.8,0.59,0.63,4562.0,Road,67.07,1,2
17.7,32.3,0.0,42.6,0.34,0.34,2783.6,Road,34.16,0,0
48.8,13.3,4.8,48.7,0.39,0.81,3677.7,Road,57.16,0,1
94.3,14.0,7.9,37.5,0.26,0.78,1644.6,Road,81.1,1,2
33.8,10.4,4.5,48.5,0.58,0.21,2037.5,Rail,38.32,0,0
22.2,73.3,3.4,26.2,0.11,0.13,2359.3,Road,58.23,0,1
4.7,44.5,2.1,123.1,0.81,0.24,2081.0,Road,26.75,0,0
70.6,15.8,1.3,33.5,0.72,0.69,3744.1,Sea,48.01,0,1
50.4,94.3,1.0,62.5,0.44,0.34,4542.8,Road,58.18,0,1
52.8,54.0,7.7,87.6,0.31,0.54,2737.7,Road,75.26,1,2
97.6,54.0,3.1,125.2,0.55,0.83,1401.5,Road,70.99,1,2
24.7,53.1,4.5,29.0,0.4,0.48,3032.8,Road,55.26,0,1
83.8,38.6,8.5,97.3,0.8,0.55,2487.9,Road,69.11,1,2
17.3,14.3,4.0,120.5,0.42,0.15,1820.4,Sea,54.64,0,1
45.7,40.6,0.7,127.2,0.75,0.88,2356.8,Air,43.28,0,1
65.4,47.2,4.2,133.4,0.66,0.12,3082.0,Road,51.03,0,1
85.0,79.2,5.7,21.8,0.61,0.46,3747.3,Rail,74.92,1,2
72.3,73.1,0.1,73.5,0.89,0.69,2181.0,Road,49.89,0,1
62.6,71.0,5.8,69.6,0.68,0.36,3916.3,Rail,64.35,1,1
1.7,30.7,1.5,12.4,0.95,0.63,2671.1,Air,23.4,0,0
56.0,88.9,1.1,108.0,0.53,0.38,3265.5,Air,57.07,0,1
36.8,63.6,7.1,112.7,0.44,0.75,3739.4,Rail,71.6,1,2
96.8,3.4,1.5,40.8,0.66,0.52,871.9,Road,45.74,0,1
32.7,63.1,1.0,125.3,0.49,0.62,1605.3,Rail,48.95,0,1
10.3,68.3,4.5,53.8,0.52,0.69,1086.7,Sea,63.67,1,1
14.5,86.2,4.1,53.1,0.41,0.61,2114.6,Rail,61.16,1,1
69.1,86.8,6.5,85.8,0.75,0.79,1190.8,Sea,89.56,1,2
41.2,33.7,9.5,40.7,0.66,0.52,1769.4,Sea,69.48,1,2
39.7,3.6,0.9,111.4,0.6,0.72,4368.3,Rail,34.58,0,0
38.0,41.2,9.4,46.4,0.5,0.69,4069.1,Rail,70.74,1,2
96.0,62.7,7.4,88.5,0.68,0.9,3950.8,Road,83.23,1,2
14.4,42.8,2.7,44.3,0.91,0.26,722.5,Road,28.63,0,0
84.3,34.4,8.9,57.3,0.78,0.77,3696.8,Rail,73.48,1,2
85.6,44.4,0.5,135.2,0.34,0.56,2029.8,Sea,79.07,1,2
65.9,59.9,9.8,73.5,0.7,0.13,620.1,Rail,70.43,1,2
26.4,76.3,7.8,101.7,0.15,0.96,647.1,Air,84.54,1,2
62.1,1.4,3.3,41.0,0.89,0.6,471.0,Road,37.47,0,0
6.9,62.4,6.8,104.3,0.59,0.21,3146.0,Road,51.41,0,1
93.3,12.6,9.7,141.1,0.72,0.72,3270.7,Road,73.62,1,2
66.7,85.0,3.5,105.3,0.55,0.58,1180.7,Road,68.36,1,2
14.3,55.5,4.4,76.5,0.61,0.17,3593.8,Rail,42.95,0,1
77.9,39.8,8.4,27.7,0.75,0.47,4128.0,Road,67.91,1,2
31.3,80.5,4.5,82.9,0.89,0.55,2469.5,Sea,64.89,1,1
4.0,73.2,1.2,43.8,0.26,0.96,4479.1,Sea,62.34,1,1
23.1,91.6,6.5,110.2,0.37,0.68,2596.8,Road,74.1,1,2
65.0,72.5,3.5,55.2,0.94,0.67,4708.8,Sea,64.74,1,1
65.2,17.2,9.4,32.4,0.13,0.92,265.9,Rail,84.38,1,2
95.5,87.1,1.1,30.7,0.34,0.12,1437.4,Rail,67.02,1,2
37.7,9.4,4.9,31.5,0.56,0.46,1553.1,Air,44.44,0,1
78.1,80.3,7.4,103.7,0.85,0.52,1696.8,Road,73.29,1,2
48.3,94.0,9.0,18.5,0.47,0.67,2059.5,Air,85.79,1,2
74.8,95.1,7.5,139.1,0.3,0.93,2280.4,Sea,117.29,1,2
50.2,67.8,9.4,38.1,0.38,0.13,532.5,Road,75.11,1,2
46.8,90.6,7.5,55.6,0.34,0.14,475.1,Air,75.44,1,2
38.4,96.4,3.0,34.5,0.24,0.44,2532.0,Rail,68.41,1,2
3.5,77.5,8.4,128.6,0.47,0.69,1379.5,Road,69.07,1,2
84.4,36.3,5.4,16.8,0.53,0.28,2273.9,Road,62.4,1,1
63.1,30.3,7.1,106.6,0.67,0.61,2006.9,Sea,77.93,1,2
48.0,24.8,2.9,26.8,0.64,0.23,4242.5,Air,39.54,0,0
54.9,46.5,9.8,144.0,0.45,0.4,1395.1,Road,74.66,1,2
19.8,66.8,6.1,63.2,0.28,0.99,2491.6,Air,73.0,1,2
95.2,4.3,8.6,54.6,0.78,0.34,3256.1,Road,61.27,1,1
26.9,69.2,9.1,63.6,0.65,0.77,4546.9,Road,71.74,1,2
0.1,32.7,5.3,60.3,0.44,0.74,636.9,Road,49.25,0,1
59.8,35.0,7.6,35.1,0.3,0.44,1957.9,Rail,70.69,1,2
82.3,22.7,9.3,127.0,0.72,0.5,901.5,Rail,68.56,1,2
63.0,13.3,2.6,95.6,0.71,0.82,3276.9,Road,46.41,0,1
28.2,68.2,3.1,58.0,0.5,0.15,3399.3,Road,48.16,0,1
41.7,14.5,8.6,61.5,0.39,0.78,3243.6,Rail,66.48,1,2
70.7,62.5,3.2,21.8,0.93,0.6,3272.9,Rail,53.58,0,1
68.3,87.4,2.3,63.3,0.74,0.93,838.8,Rail,66.34,1,2
45.8,84.3,0.5,113.2,0.26,0.56,245.8,Road,60.83,1,1
0.5,36.1,3.9,65.8,0.36,0.54,1591.2,Air,44.94,0,1
55.9,73.5,8.8,71.5,0.9,0.9,1753.2,Rail,74.56,1,2
44.0,59.3,2.7,36.5,0.32,0.49,2130.8,Air,58.12,0,1
31.3,19.8,9.9,32.3,0.31,0.57,1315.5,Road,68.23,1,2
71.9,26.6,0.3,105.2,0.15,0.73,4933.3,Rail,57.6,0,1
39.8,49.1,2.3,101.9,0.47,0.38,449.5,Rail,48.03,0,1
54.7,92.6,5.8,94.3,0.47,0.82,4490.5,Road,79.6,1,2
17.5,62.9,8.0,114.0,0.74,0.8,1631.7,Rail,62.56,1,1
14.1,51.3,5.4,73.8,0.94,0.84,574.4,Road,46.58,0,1
46.9,64.6,0.6,28.4,0.93,0.98,2922.4,Road,46.02,0,1
14.6,15.1,4.0,84.1,0.4,0.89,886.9,Sea,60.48,1,1
92.5,12.4,8.6,45.5,0.42,0.7,3820.0,Road,76.97,1,2
53.2,97.1,0.9,104.6,0.94,0.29,2812.5,Sea,61.74,1,1
55.2,83.7,5.2,98.6,0.17,0.59,3915.7,Air,79.88,1,2
69.4,54.9,6.5,45.3,0.44,0.25,3229.4,Road,68.36,1,2
51.1,46.7,10.0,126.2,0.68,0.68,4618.9,Road,72.64,1,2
63.1,34.2,2.2,130.0,0.13,0.8,1602.8,Sea,84.1,1,2
24.9,53.4,9.4,102.7,0.41,0.28,762.7,Rail,66.85,1,2
21.9,95.7,4.6,67.4,0.57,0.16,3372.0,Sea,66.44,1,2
6.5,6.6,0.6,91.0,0.9,0.1,4652.0,Road,8.93,0,0
45.6,58.6,8.5,56.0,0.32,0.97,3118.9,Rail,83.26,1,2
43.2,95.0,0.9,57.3,0.8,0.3,4453.3,Sea,55.51,0,1
90.4,77.1,1.0,76.7,0.51,0.62,338.4,Road,66.45,1,2
13.4,78.7,0.0,53.2,0.55,0.35,4137.8,Road,39.68,0,0
62.2,64.3,4.0,107.1,0.11,0.55,4391.2,Air,74.02,1,2
24.7,92.9,2.1,30.6,0.38,0.22,3254.6,Road,54.52,0,1
80.6,93.2,1.6,23.7,0.9,0.52,2246.1,Rail,58.65,0,1
15.3,51.7,8.6,82.0,0.54,0.94,1534.1,Rail,68.32,1,2
7.3,74.6,4.8,72.6,0.66,0.96,696.8,Sea,68.68,1,2
34.9,98.8,4.5,58.7,0.26,0.48,4818.2,Road,72.49,1,2
78.7,44.9,8.0,129.2,0.98,0.69,1048.4,Road,65.68,1,2
20.6,35.8,4.3,80.8,0.45,0.68,3362.6,Sea,62.86,1,1
28.5,11.0,1.3,122.1,0.43,0.67,204.2,Sea,56.47,0,1
64.9,66.7,1.0,112.6,0.88,0.58,1219.0,Rail,47.66,0,1
35.4,14.0,3.3,81.5,0.27,0.49,4863.4,Road,47.97,0,1
64.4,55.3,7.4,123.2,0.78,0.26,3173.6,Rail,61.46,1,1
73.1,6.0,6.0,91.5,0.41,0.62,3128.9,Sea,75.47,1,2
24.3,99.5,8.7,40.5,0.67,0.13,1903.6,Rail,67.3,1,2
44.7,66.2,1.5,63.3,0.9,0.94,226.1,Rail,48.81,0,1
25.9,5.5,4.8,130.0,0.79,0.95,3545.1,Air,41.63,0,1
72.5,71.7,8.3,54.5,0.7,0.96,3530.3,Road,82.92,1,2
51.0,60.9,7.3,18.8,0.59,0.16,4408.1,Road,62.44,1,1
7.0,69.6,2.9,133.1,0.13,0.44,3576.6,Sea,76.05,1,2
75.0,81.2,2.7,80.7,0.63,0.73,1913.2,Rail,67.55,1,2
79.0,70.6,4.1,114.1,0.51,0.31,2619.2,Rail,66.65,1,2
28.1,17.0,0.2,72.5,0.4,0.83,1448.1,Rail,39.27,0,0
62.7,26.7,1.6,95.4,0.51,0.31,3274.8,Air,44.06,0,1
94.8,18.7,3.6,89.4,0.25,0.13,2135.2,Air,60.04,1,1
34.8,70.9,7.3,24.8,0.27,0.39,766.4,Road,72.25,1,2
87.0,40.2,6.3,32.3,0.99,0.47,4685.8,Sea,62.76,1,1
95.8,6.3,9.9,122.1,0.83,0.33,1310.4,Air,64.44,1,1
48.9,48.7,3.4,28.6,0.79,0.58,4689.4,Road,48.59,0,1
23.7,44.9,8.6,51.3,0.81,0.52,4093.7,Road,55.34,0,1
15.3,56.3,3.5,91.5,0.67,1.0,1029.9,Road,51.46,0,1
50.2,91.4,2.5,133.0,1.0,0.92,1163.9,Rail,56.78,0,1
90.1,80.8,5.0,63.4,0.5,0.89,1246.4,Sea,92.99,1,2
65.6,75.9,4.9,80.6,0.92,0.17,110.8,Rail,54.49,0,1
77.2,20.6,3.1,139.6,0.43,0.38,2845.1,Road,53.87,0,1
44.2,90.7,8.9,111.3,0.57,0.48,3094.1,Rail,78.2,1,2
31.6,36.7,9.3,55.1,0.77,0.72,4252.9,Road,61.5,1,1
97.5,44.2,5.4,110.4,0.51,0.96,3191.1,Rail,78.21,1,2
20.8,3.3,6.5,57.4,0.47,0.89,2099.9,Rail,52.33,0,1
93.6,65.1,6.8,100.2,0.73,0.49,3381.0,Air,74.33,1,2
88.6,94.3,2.9,35.9,0.13,0.11,4122.9,Rail,78.0,1,2
11.9,25.9,6.8,24.4,0.42,0.73,955.9,Rail,55.09,0,1
29.2,22.0,4.0,63.9,0.58,0.8,210.7,Road,47.53,0,1
83.7,19.4,4.2,38.2,0.29,0.91,2826.9,Road,69.85,1,2
30.7,30.7,8.8,121.0,0.84,0.16,2132.9,Air,47.9,0,1
55.8,74.4,5.6,92.8,0.12,0.8,4361.5,Rail,83.41,1,2
56.9,84.3,9.3,21.1,0.27,0.35,3272.3,Road,86.81,1,2
72.8,73.2,7.3,62.5,0.43,0.91,1880.8,Road,86.21,1,2
94.3,30.9,5.5,68.9,0.64,0.59,2941.7,Rail,65.63,1,2
1.8,65.4,7.1,121.3,0.38,0.32,2853.8,Road,58.12,0,1
93.3,60.4,3.3,129.4,0.99,0.96,2428.3,Road,62.99,1,1
83.3,49.0,4.6,66.3,0.23,0.98,3456.7,Road,80.79,1,2
11.9,51.9,4.5,118.0,0.61,0.93,1579.8,Rail,53.03,0,1
67.7,52.5,8.3,113.0,0.35,0.55,2360.6,Rail,79.36,1,2
67.2,18.2,3.2,22.0,0.37,0.17,4867.5,Sea,52.59,0,1
27.8,92.8,5.5,27.8,0.11,0.72,1575.7,Road,79.68,1,2
77.2,66.9,4.3,49.2,0.37,0.9,849.0,Sea,85.48,1,2
87.2,89.6,9.4,104.0,0.84,0.79,171.9,Road,88.24,1,2
24.8,30.6,8.5,25.3,0.34,0.69,1255.2,Road,66.31,1,2
83.1,41.2,9.3,95.1,0.62,0.61,376.4,Rail,77.78,1,2
76.0,34.2,4.4,12.0,0.79,0.96,3224.8,Road,60.33,1,1
7.7,85.0,4.0,100.1,0.81,0.98,783.6,Rail,54.54,0,1
68.5,58.9,2.7,138.3,0.96,0.68,2987.3,Air,51.31,0,1
15.9,23.2,2.4,127.3,0.67,0.34,1394.1,Sea,49.28,0,1
20.1,50.8,4.4,114.2,0.97,0.49,804.0,Rail,39.14,0,0
11.3,55.3,1.7,49.5,0.23,0.27,3562.2,Sea,52.37,0,1
72.8,85.6,10.0,18.6,0.24,0.29,4935.1,Rail,92.75,1,2
93.9,26.5,1.7,128.9,0.57,0.29,4341.1,Road,50.54,0,1
29.0,26.9,7.5,28.2,0.84,0.11,4063.4,Sea,46.44,0,1
50.5,14.3,8.3,17.4,0.87,0.1,3893.4,Sea,48.63,0,1
49.6,14.0,9.6,87.9,0.5,0.82,1859.1,Air,69.43,1,2
0.7,10.2,3.0,82.5,0.97,0.51,968.5,Road,20.24,0,0
31.1,2.5,8.8,35.8,0.94,0.13,699.0,Sea,43.5,0,1
21.6,22.3,2.9,80.8,0.44,0.85,3040.8,Sea,58.44,0,1
0.7,25.8,5.0,45.6,0.56,0.51,3880.5,Road,40.55,0,1
13.8,57.0,5.8,113.3,0.52,0.45,4940.4,Rail,53.64,0,1
56.3,26.3,5.1,122.5,0.97,0.13,2571.8,Rail,38.57,0,0
69.4,92.6,1.6,54.6,0.82,0.42,2254.5,Road,55.97,0,1
99.9,4.5,9.9,137.9,0.57,0.11,1622.8,Rail,68.33,1,2
70.8,42.6,1.7,63.7,0.12,0.23,2058.8,Rail,58.82,0,1
9.0,17.3,0.7,134.8,0.13,0.55,1691.8,Rail,38.59,0,0
44.4,4.4,0.0,87.4,0.32,0.48,1954.8,Rail,36.71,0,0
66.5,38.2,7.5,33.2,0.74,0.16,3741.1,Rail,57.49,0,1
49.4,67.3,0.5,68.6,0.36,0.14,2283.3,Road,48.68,0,1
31.2,90.5,2.2,56.8,0.13,0.68,3081.9,Road,69.08,1,2
5.5,3.3,5.2,117.0,0.72,0.27,4325.6,Rail,28.9,0,0
40.5,80.6,2.2,117.3,0.61,0.94,3595.4,Rail,60.72,1,1
33.9,15.1,8.3,122.5,0.91,0.62,521.6,Sea,67.08,1,2
86.0,37.8,4.8,23.8,0.92,0.23,3831.7,Rail,50.82,0,1
17.1,64.8,8.9,18.5,1.0,0.76,4870.8,Rail,58.75,0,1
96.6,28.0,8.9,132.4,0.37,0.8,3825.0,Road,85.57,1,2
83.6,91.0,4.7,41.3,0.37,0.66,3378.1,Air,83.53,1,2
25.9,53.7,2.2,61.5,0.98,0.75,1819.9,Road,38.1,0,0
3.5,62.5,3.6,78.5,0.98,0.96,2270.8,Road,42.42,0,1
46.9,18.2,8.9,137.4,0.28,0.27,2915.9,Sea,85.53,1,2
64.6,44.5,8.2,100.6,0.52,0.82,3092.3,Road,76.29,1,2
30.6,0.2,2.4,54.1,0.6,0.47,558.5,Sea,40.11,0,1
1.3,50.4,4.9,96.9,0.92,0.5,647.9,Rail,37.15,0,0
95.4,49.6,7.3,139.8,0.21,0.66,268.6,Sea,108.91,1,2
34.0,39.0,3.1,14.9,0.35,0.47,2562.9,Rail,50.84,0,1
93.2,59.4,7.0,38.9,0.34,0.14,1053.4,Road,77.89,1,2
32.1,74.9,1.0,94.1,0.94,0.19,1196.2,Rail,34.03,0,0
64.0,5.5,5.3,14.8,0.24,0.77,2319.3,Sea,65.9,1,2
59.0,27.4,4.0,126.5,0.6,0.27,1343.9,Road,47.6,0,1
81.3,15.1,0.6,65.0,0.67,0.42,4971.4,Road,40.55,0,1
91.0,26.3,8.4,115.5,0.48,0.22,3032.8,Road,70.65,1,2
46.1,16.0,2.9,108.8,0.11,0.53,818.7,Sea,70.48,1,2
42.6,80.2,1.9,93.6,0.19,0.23,2276.9,Sea,74.3,1,2
80.2,5.9,5.8,91.0,0.41,0.96,4434.7,Road,67.81,1,2
13.4,12.5,8.9,143.2,0.86,0.98,2592.6,Road,51.44,0,1
26.0,60.2,8.3,19.7,0.34,0.22,4017.3,Rail,66.3,1,2
11.9,99.4,1.3,67.2,0.32,0.67,1811.6,Road,58.53,0,1
30.0,92.0,4.1,121.5,0.99,0.88,358.5,Road,56.23,0,1
54.4,61.5,9.5,69.4,0.85,0.52,3666.2,Rail,68.85,1,2
68.8,39.9,1.8,110.3,0.29,0.11,4041.7,Rail,52.02,0,1
27.4,38.7,5.4,112.7,0.26,0.16,4345.1,Road,53.47,0,1
70.1,86.6,0.1,28.8,0.7,0.69,3509.0,Sea,61.37,1,1
41.7,3.4,0.9,133.7,0.58,0.69,1905.9,Sea,54.93,0,1
74.4,29.0,2.7,76.6,0.19,0.68,4370.9,Road,64.37,1,1
53.7,14.1,2.4,110.5,0.21,0.58,3868.1,Rail,52.56,0,1
86.8,20.4,5.6,137.7,0.59,0.95,1471.3,Road,68.1,1,2
84.9,7.9,2.0,88.9,0.59,0.71,3668.7,Rail,50.15,0,1
42.6,25.8,6.2,96.8,0.77,0.1,1634.2,Road,43.18,0,1
80.6,24.1,8.8,54.9,0.35,0.63,4287.7,Road,78.18,1,2
57.8,26.0,8.2,99.2,0.47,0.73,2891.1,Sea,84.45,1,2
24.1,22.4,7.2,24.9,0.98,0.37,254.7,Road,39.29,0,0
11.6,22.5,1.1,45.5,0.93,0.77,4111.1,Sea,32.03,0,0
4.7,81.7,2.4,120.7,0.66,0.76,419.2,Sea,66.85,1,2
24.9,73.0,3.3,76.1,0.78,0.31,133.0,Road,44.69,0,1
8.3,68.5,6.6,24.0,0.9,1.0,1973.5,Rail,56.4,0,1
18.8,23.8,3.0,117.0,0.61,0.52,913.6,Road,37.28,0,0
42.2,59.9,0.2,114.1,0.98,0.45,1244.3,Rail,33.54,0,0
15.8,74.9,7.7,28.9,0.34,0.36,2001.8,Sea,72.14,1,2
72.9,21.0,9.0,87.4,0.25,0.78,449.3,Sea,93.83,1,2
1.3,41.8,7.0,102.3,0.57,0.16,1883.5,Rail,44.71,0,1
92.7,57.3,3.3,44.8,0.48,0.94,1356.4,Road,74.51,1,2
38.5,25.1,6.5,131.5,0.53,0.43,874.3,Air,53.57,0,1
10.7,73.0,7.2,83.4,0.19,0.95,3267.4,Air,77.04,1,2
0.9,58.0,1.6,141.2,0.97,0.71,3692.5,Road,30.79,0,0
91.8,30.5,8.4,134.9,0.6,0.62,2822.4,Road,74.99,1,2
46.0,36.3,7.4,134.9,0.87,0.89,2124.4,Air,59.46,0,1
87.1,36.6,5.2,36.9,0.71,0.9,2965.9,Air,67.14,1,2
54.4,47.0,1.3,63.7,0.26,0.72,737.3,Air,58.5,0,1
11.9,54.4,8.2,14.4,0.47,0.29,2952.7,Road,58.88,0,1
65.2,47.9,3.5,121.3,0.14,0.17,2607.2,Rail,62.93,1,1
73.7,15.2,1.8,85.7,0.55,0.72,805.3,Road,49.74,0,1
52.6,66.5,9.9,44.2,0.26,0.71,3539.8,Rail,88.76,1,2
28.0,10.4,6.1,112.0,0.11,0.88,3646.0,Air,63.44,1,1
83.4,16.7,7.9,134.6,0.75,0.7,2772.9,Sea,85.79,1,2
9.5,65.5,1.4,88.0,0.89,0.15,1309.6,Road,27.86,0,0
53.6,44.8,6.2,84.7,0.67,0.75,4786.0,Rail,62.78,1,1
83.6,57.0,7.3,80.9,0.25,0.38,4049.2,Road,81.53,1,2
39.7,27.7,2.8,142.5,0.42,0.18,1315.4,Road,42.26,0,1
40.0,6.8,1.5,107.6,0.24,0.98,2315.2,Road,49.94,0,1
28.8,94.0,7.6,107.7,0.37,0.97,1407.7,Road,83.8,1,2
36.3,52.0,2.7,40.5,0.54,0.98,3067.4,Road,56.58,0,1
34.0,45.9,5.9,103.4,0.42,0.28,4602.2,Air,56.33,0,1
36.4,93.4,7.8,119.7,0.79,0.37,2471.3,Road,66.72,1,2
7.7,98.4,1.2,26.9,0.48,0.99,504.5,Sea,61.91,1,1
32.0,5.5,5.3,117.8,0.21,0.69,3855.4,Road,55.49,0,1
94.2,32.0,7.6,140.5,0.62,0.43,3930.0,Rail,70.53,1,2
37.9,63.7,1.5,92.2,0.52,0.64,4287.5,Rail,51.38,0,1
93.4,89.4,0.6,122.6,0.32,0.88,2995.7,Air,77.69,1,2
3.6,58.5,3.4,91.3,0.64,0.75,4476.1,Road,45.77,0,1
63.6,98.4,8.3,12.2,0.35,0.37,3705.5,Sea,89.04,1,2
39.3,68.2,2.2,86.3,0.68,0.2,3784.2,Sea,57.56,0,1
34.6,1.1,2.6,137.0,0.32,0.66,1890.2,Rail,43.75,0,1
57.3,49.1,0.5,95.4,0.11,0.13,2861.7,Road,52.3,0,1
11.3,95.5,2.6,94.9,0.84,0.13,4087.3,Road,40.49,0,1
73.0,18.0,5.4,114.3,0.61,0.5,1566.2,Rail,56.34,0,1
82.3,93.6,8.1,76.8,0.61,0.76,3239.6,Rail,89.34,1,2
3.9,26.8,1.8,125.7,0.1,0.42,4697.7,Sea,60.57,1,1
15.5,91.3,2.9,58.9,0.24,0.11,4102.6,Road,55.92,0,1
11.6,61.0,2.8,77.8,0.47,0.98,3626.7,Road,54.36,0,1
93.9,36.8,5.7,134.0,0.97,0.36,1182.0,Air,55.95,0,1
69.1,91.1,5.4,125.0,0.75,0.85,2464.3,Sea,94.09,1,2
28.7,8.8,3.7,33.4,0.23,0.64,2455.3,Road,49.51,0,1
9.7,73.8,8.9,94.3,0.51,0.49,3351.0,Sea,81.45,1,2
66.7,59.3,7.6,126.0,0.59,0.46,1714.2,Road,71.52,1,2
8.9,37.9,5.2,142.9,0.46,0.8,2624.3,Road,52.86,0,1
92.2,53.6,6.0,143.6,0.25,0.48,359.0,Road,80.35,1,2
26.5,76.3,3.0,64.6,0.69,0.67,465.8,Road,52.43,0,1
26.6,11.7,9.7,115.5,0.54,0.68,1127.4,Rail,60.5,1,1
45.9,26.5,3.0,141.9,0.95,0.45,3689.4,Rail,35.02,0,0
94.4,38.1,6.3,112.4,0.73,0.16,1680.1,Air,61.12,1,1
39.0,73.2,8.3,61.7,0.22,0.18,364.2,Rail,75.07,1,2
34.4,90.2,9.8,88.7,0.35,0.87,3089.9,Road,89.82,1,2
58.5,93.3,7.5,122.9,0.51,0.29,2945.9,Sea,95.36,1,2
97.7,38.0,0.5,123.4,0.6,0.79,4443.2,Road,57.27,0,1
24.5,45.8,2.0,102.3,0.61,0.22,3601.5,Road,36.41,0,0
86.8,90.7,6.3,54.9,0.51,0.95,664.5,Rail,89.86,1,2
49.6,5.6,1.6,122.5,0.89,0.2,3804.1,Rail,24.49,0,0
78.8,73.4,5.5,35.4,0.45,0.11,3038.7,Road,70.01,1,2
36.8,59.6,7.2,108.6,0.8,0.78,1970.5,Road,62.53,1,1
45.1,18.2,7.5,143.2,0.41,0.9,3962.0,Road,66.25,1,2
38.9,80.1,4.6,141.5,0.36,0.45,4384.0,Rail,66.57,1,2
51.3,7.5,0.9,44.1,0.41,0.13,1704.5,Air,33.88,0,0
16.1,12.6,4.0,125.9,0.71,0.87,3509.6,Sea,58.31,0,1
82.8,54.9,2.5,19.3,0.44,0.41,2831.1,Road,61.84,1,1
38.9,30.8,8.4,82.5,0.27,0.96,517.2,Air,75.19,1,2
33.0,10.7,9.3,28.2,0.61,0.82,3840.7,Rail,60.67,1,1
83.8,70.0,9.0,111.9,0.24,0.63,4152.8,Sea,110.66,1,2
21.6,15.9,4.7,51.0,0.63,0.73,3662.8,Air,43.75,0,1
72.7,98.0,3.2,16.6,0.6,0.67,3356.2,Sea,74.64,1,2
34.1,93.8,8.2,75.0,0.98,0.74,2902.9,Sea,79.4,1,2
57.1,40.5,4.7,87.5,0.26,0.57,2470.6,Air,65.47,1,2
51.7,74.7,7.5,131.6,1.0,0.63,3620.7,Road,63.51,1,1
58.0,80.7,3.2,124.8,0.23,0.53,716.4,Sea,90.22,1,2
58.3,55.9,9.1,112.8,0.86,0.44,121.6,Road,65.75,1,2
68.8,81.0,9.3,17.4,0.86,0.13,1280.9,Rail,70.8,1,2
46.8,79.5,2.2,80.6,0.31,0.2,130.1,Road,58.28,0,1
49.2,98.8,5.4,114.2,0.17,0.19,2300.2,Road,76.76,1,2
75.9,28.9,6.9,131.0,0.29,0.53,2852.7,Road,72.64,1,2
20.9,87.7,2.6,90.9,0.43,0.81,2973.6,Sea,75.2,1,2
77.9,66.9,1.7,109.6,0.49,0.72,4009.6,Rail,64.86,1,1
0.8,17.3,2.2,57.2,0.68,0.29,4447.4,Road,23.53,0,0
57.7,15.9,8.4,56.0,0.64,0.78,4529.0,Sea,72.63,1,2
43.6,78.7,3.2,79.8,0.78,0.89,149.6,Rail,59.09,0,1
63.3,40.8,5.0,92.2,0.73,0.45,2356.0,Road,54.5,0,1
48.9,87.7,0.2,140.3,0.12,0.66,1892.2,Road,66.62,1,2
79.0,51.4,2.5,24.4,0.79,0.61,471.5,Road,54.51,0,1
19.8,30.7,5.2,127.8,0.6,0.93,1550.8,Road,52.33,0,1
27.0,85.4,3.5,81.4,0.95,0.84,904.4,Rail,52.32,0,1
57.8,91.4,8.8,13.1,0.36,0.2,4255.7,Road,82.76,1,2
23.6,47.6,5.4,89.2,0.41,1.0,4503.2,Road,63.78,1,1
94.5,49.0,7.4,100.9,0.43,0.91,4363.2,Sea,101.15,1,2
86.0,91.5,6.2,57.9,0.68,0.17,209.6,Air,73.57,1,2
76.0,34.1,9.7,61.2,0.4,0.97,4123.9,Road,86.22,1,2
75.2,63.5,4.7,112.8,0.38,0.14,4709.4,Air,66.52,1,2
64.7,4.3,2.6,70.0,0.26,0.82,4232.7,Road,55.53,0,1
73.5,99.9,1.1,19.1,0.41,0.66,3260.0,Road,71.22,1,2
3.4,13.5,9.5,16.9,0.74,0.5,4835.8,Rail,46.88,0,1
58.1,17.8,0.6,19.5,0.38,0.21,3432.5,Sea,42.34,0,1
26.2,15.3,3.7,36.6,0.75,0.48,4497.2,Air,34.79,0,0
9.8,4.7,0.6,118.8,0.48,0.38,2516.5,Sea,41.94,0,1
97.2,77.6,5.0,132.1,0.74,0.93,3660.2,Rail,78.88,1,2
94.6,45.1,1.0,55.0,0.9,0.54,1717.1,Road,48.55,0,1
90.6,46.5,1.8,111.5,0.13,0.43,3381.2,Rail,67.68,1,2
64.7,97.3,7.4,142.9,0.42,0.54,3995.2,Sea,106.62,1,2
0.3,21.9,0.7,123.8,0.44,0.64,248.1,Sea,49.86,0,1
29.7,5.6,6.4,94.0,0.62,0.79,1288.8,Sea,63.75,1,1
1.8,60.8,9.3,24.5,0.55,0.34,1888.5,Sea,63.49,1,1
33.0,44.0,8.3,124.6,0.72,0.35,2584.9,Road,56.6,0,1
29.7,20.1,5.5,25.0,0.11,0.93,3552.5,Road,65.19,1,2
57.2,47.5,0.2,41.4,0.93,0.49,388.2,Rail,35.97,0,0
14.2,18.8,9.5,77.0,0.62,0.49,682.9,Road,53.61,0,1
32.4,95.6,2.0,25.4,0.7,0.8,2055.5,Road,57.54,0,1
89.8,89.5,7.9,69.3,0.42,0.32,1734.6,Sea,98.14,1,2
23.1,52.3,3.1,57.0,0.31,0.26,841.6,Road,49.15,0,1
49.3,44.9,4.6,43.6,0.72,0.84,3971.8,Road,57.05,0,1
11.9,28.2,4.1,74.8,0.9,0.48,1270.4,Sea,43.42,0,1
75.3,72.4,8.1,34.3,0.27,0.63,1883.6,Air,88.82,1,2
8.1,13.8,3.0,21.6,0.96,0.17,3313.3,Road,18.01,0,0
16.8,73.8,1.7,113.6,0.27,0.54,3198.6,Rail,54.02,0,1
98.6,45.6,0.0,67.7,0.55,0.39,213.9,Sea,63.46,1,1
29.7,56.5,0.6,30.5,0.36,0.54,3401.3,Sea,51.93,0,1
1.1,68.8,6.0,128.2,0.67,0.69,4986.1,Sea,73.16,1,2
23.8,73.0,9.3,131.1,0.2,0.27,512.8,Road,76.12,1,2
43.1,68.0,3.6,33.2,0.1,0.52,3388.3,Road,68.84,1,2
47.1,30.8,3.7,17.5,0.8,0.85,3197.2,Sea,51.09,0,1
40.7,14.9,3.7,131.7,0.84,0.4,902.9,Rail,34.77,0,0
13.6,29.8,7.3,97.3,0.56,0.23,4210.2,Sea,61.95,1,1
18.7,17.5,8.6,129.5,0.53,0.53,2267.3,Sea,73.93,1,2
66.7,85.9,2.3,22.2,0.16,0.16,1859.8,Road,68.54,1,2
97.3,6.5,3.4,23.9,0.86,0.22,4817.9,Sea,46.72,0,1
74.9,57.2,2.4,127.9,0.82,0.28,2287.6,Air,49.0,0,1
77.0,92.3,7.3,111.5,0.85,0.92,2024.1,Road,81.93,1,2
43.7,97.4,3.0,72.5,0.31,0.7,210.6,Rail,72.11,1,2
35.8,88.5,3.5,114.4,0.6,0.17,3928.3,Rail,54.26,0,1
80.1,50.0,9.8,98.9,0.84,0.34,4950.8,Road,70.84,1,2
69.4,61.4,5.9,112.1,0.36,0.97,3341.4,Road,80.75,1,2
44.8,14.8,4.7,13.8,0.88,0.91,1939.3,Road,45.72,0,1
75.8,21.2,2.6,64.7,0.67,0.11,196.4,Sea,51.55,0,1
7.2,22.1,3.6,133.2,0.49,0.37,2566.1,Rail,36.55,0,0
6.5,53.5,1.9,101.4,0.45,0.74,3190.6,Road,45.38,0,1
70.9,55.4,2.0,18.0,0.82,0.52,1982.9,Rail,50.09,0,1
98.1,21.6,9.0,143.5,0.94,0.76,4874.7,Rail,69.74,1,2
16.0,19.0,9.2,143.1,0.12,0.97,559.2,Rail,72.88,1,2
94.9,75.5,9.0,72.9,0.17,0.28,2668.7,Rail,94.51,1,2
97.1,24.7,4.0,129.7,0.94,0.33,1676.8,Rail,49.06,0,1
9.7,58.4,5.8,67.1,0.92,0.89,2392.4,Air,49.95,0,1
45.5,20.7,6.0,48.9,0.91,0.1,324.2,Sea,45.54,0,1
43.5,50.9,5.1,140.9,0.99,0.5,4816.1,Sea,67.81,1,2
21.5,62.1,3.2,115.4,0.87,0.37,2168.0,Sea,56.86,0,1
44.1,97.6,3.4,76.8,0.17,0.88,382.8,Rail,79.51,1,2
83.7,11.7,9.7,70.5,0.55,0.47,4933.2,Sea,81.82,1,2
91.6,70.6,8.3,23.1,0.59,0.53,4919.7,Sea,86.98,1,2
33.2,73.4,5.8,121.9,0.87,0.73,2708.8,Sea,76.56,1,2
22.1,22.2,0.9,44.8,0.77,0.48,3503.0,Sea,33.57,0,0
52.2,40.6,4.4,26.9,0.95,0.37,277.3,Rail,43.29,0,1
29.5,70.9,4.3,105.5,0.14,0.42,1128.9,Road,65.64,1,2
53.6,71.2,5.0,86.1,0.14,0.88,705.5,Sea,93.95,1,2
62.4,50.1,3.5,101.5,0.94,0.42,3165.3,Sea,61.83,1,1
79.6,69.7,8.2,30.1,0.84,0.9,4439.2,Sea,83.93,1,2
65.3,54.3,5.1,28.2,0.89,0.27,1456.5,Road,52.1,0,1
53.4,11.6,9.1,33.6,0.93,0.98,3847.2,Sea,65.05,1,2
67.4,77.7,9.4,86.5,0.76,0.9,411.6,Sea,97.11,1,2
22.4,26.2,4.3,46.3,0.71,0.88,2212.0,Road,45.74,0,1
93.4,97.4,2.5,91.9,0.28,0.7,598.6,Rail,83.78,1,2
64.9,80.5,7.9,78.8,0.52,0.61,2324.4,Air,81.25,1,2
84.6,75.8,8.8,64.2,0.94,0.13,3914.8,Road,69.84,1,2
21.7,79.4,1.6,15.7,0.4,0.42,1295.9,Road,51.29,0,1
68.2,38.7,5.4,119.7,0.44,0.13,2956.5,Sea,76.76,1,2
2.4,6.9,0.1,20.8,0.23,0.47,678.2,Rail,29.1,0,0
14.7,39.8,2.6,98.1,0.61,0.26,1755.4,Road,34.99,0,0
13.6,32.5,8.5,59.7,0.28,0.23,3645.6,Rail,58.63,0,1
88.6,21.8,6.0,108.1,0.74,0.83,3853.8,Road,64.57,1,1
46.4,33.8,4.6,48.4,0.91,0.39,4818.5,Rail,42.26,0,1
68.0,66.3,3.9,58.8,0.96,0.48,1388.2,Road,53.47,0,1
97.5,6.3,0.6,141.5,0.63,0.95,3836.7,Road,51.59,0,1
87.5,31.2,5.2,63.2,0.28,0.27,4369.8,Rail,67.21,1,2
61.0,29.3,9.2,92.8,0.81,0.59,2099.0,Rail,63.72,1,1
25.7,21.0,6.4,137.4,0.17,0.98,2853.3,Road,66.49,1,2
15.7,89.8,3.7,105.6,0.73,1.0,2424.8,Rail,58.9,0,1
68.2,85.6,7.2,62.8,0.67,0.16,3273.2,Rail,70.57,1,2
34.0,65.5,6.0,63.4,0.37,0.23,2520.7,Rail,62.1,1,1
42.5,80.8,3.9,68.4,0.86,0.94,2775.6,Rail,60.14,1,1
67.6,70.8,2.3,67.2,0.25,0.9,3690.9,Road,73.56,1,2
80.3,6.9,3.7,58.5,0.93,0.31,3173.2,Road,39.22,0,0
55.7,81.6,5.9,86.2,0.28,0.83,1341.8,Air,82.74,1,2
85.7,45.9,6.3,117.6,0.53,0.68,2575.1,Air,73.53,1,2
84.2,50.7,4.4,89.6,0.86,0.43,685.8,Air,56.71,0,1
55.3,97.9,4.9,44.9,0.41,0.24,149.9,Rail,71.37,1,2
8.3,95.3,10.0,104.7,0.97,0.41,2088.4,Road,62.88,1,1
68.7,28.8,7.4,80.0,0.56,0.63,364.6,Road,66.84,1,2
37.7,37.2,3.6,93.8,0.45,0.4,2028.5,Rail,49.38,0,1
78.0,2.5,5.6,105.3,0.48,0.79,1378.6,Sea,77.66,1,2
7.4,42.3,9.1,73.1,0.18,0.52,940.3,Rail,68.07,1,2
45.6,29.1,3.9,64.7,0.4,0.32,1633.3,Road,50.04,0,1
41.7,4.6,6.2,126.4,0.34,0.91,3277.8,Sea,79.18,1,2
18.8,32.3,1.1,125.7,0.14,0.41,4525.6,Rail,43.71,0,1
55.2,59.0,6.8,105.7,0.96,0.11,4660.7,Sea,67.43,1,2
52.9,39.3,5.1,55.9,0.4,0.81,3317.2,Rail,65.5,1,2
47.8,23.2,6.3,107.3,0.32,0.21,2293.0,Rail,56.82,0,1
33.0,7.5,0.5,69.1,0.84,0.94,4617.3,Road,29.92,0,0
91.8,80.5,1.0,103.9,0.22,0.14,1935.8,Road,67.71,1,2
78.7,22.1,4.5,39.7,0.78,0.46,1357.3,Road,51.05,0,1
84.5,85.6,2.3,12.8,0.9,0.7,1810.9,Air,62.45,1,1
28.2,37.0,6.7,28.4,0.38,0.19,1048.9,Rail,54.7,0,1
95.9,93.0,2.1,91.3,0.68,0.87,4247.9,Air,74.45,1,2
32.6,99.2,1.8,68.5,0.38,0.85,1752.4,Road,66.65,1,2
10.3,55.6,7.1,58.6,0.57,0.87,4028.8,Road,61.74,1,1
82.0,53.2,0.9,128.8,0.36,0.36,3973.3,Sea,77.22,1,2
3.7,36.0,1.7,34.9,0.47,0.17,2548.0,Rail,30.81,0,0
97.2,89.8,1.2,126.7,0.69,0.83,2424.9,Sea,89.37,1,2
11.5,29.1,3.8,77.6,0.64,0.89,4655.3,Rail,43.79,0,1
13.9,59.1,0.9,140.8,0.15,0.39,4989.6,Road,48.34,0,1
2.6,62.3,6.2,53.1,0.52,0.62,4885.7,Road,56.24,0,1
11.1,94.5,9.4,120.2,0.21,0.79,4432.2,Road,86.21,1,2
23.2,42.5,2.9,80.2,0.41,0.78,3220.8,Road,51.63,0,1
79.5,26.5,0.4,43.8,0.91,0.25,1330.4,Rail,33.7,0,0
1.1,36.7,6.4,125.3,0.11,0.49,2424.9,Sea,77.11,1,2
85.4,70.1,3.3,85.6,0.34,0.11,2566.3,Sea,79.84,1,2
30.3,23.1,5.3,117.7,0.6,0.64,1327.5,Rail,48.76,0,1
89.0,49.5,0.8,94.5,0.39,0.24,4384.4,Rail,56.08,0,1
41.7,4.6,3.8,21.4,0.64,0.94,2116.0,Road,45.76,0,1
70.6,61.0,8.6,92.0,0.53,0.35,3135.2,Air,75.81,1,2
14.6,49.7,3.0,14.1,0.5,0.52,3843.8,Road,45.42,0,1
54.3,46.6,6.6,109.9,0.8,0.33,3633.7,Rail,54.92,0,1
32.9,22.4,7.4,49.5,0.25,0.56,3009.9,Rail,63.21,1,1
26.1,70.8,2.9,71.5,0.72,0.4,2196.4,Sea,56.53,0,1
67.8,90.4,7.6,29.3,0.69,0.65,2095.9,Air,79.78,1,2
90.5,30.9,5.3,29.1,0.86,0.9,1644.4,Rail,63.02,1,1
63.4,98.7,3.3,103.5,0.39,0.83,1780.1,Road,78.12,1,2
88.4,10.9,2.2,23.2,0.72,0.41,4645.5,Road,44.74,0,1
37.6,28.0,2.6,76.7,0.73,0.24,1380.2,Sea,46.17,0,1
66.5,28.5,2.8,95.4,0.53,0.62,4557.2,Road,53.21,0,1
9.9,68.2,3.7,64.8,0.5,0.15,3592.9,Rail,45.3,0,1
95.1,8.9,8.1,79.3,0.74,0.64,1605.7,Air,66.59,1,2
71.0,58.9,7.3,132.4,0.52,0.52,4743.2,Air,74.09,1,2
53.1,93.0,8.8,109.6,0.26,0.43,4935.9,Rail,87.97,1,2
86.7,92.4,1.5,112.4,0.83,0.25,3143.5,Road,57.19,0,1
71.3,99.1,6.2,124.7,0.28,0.78,1257.2,Rail,90.73,1,2
44.6,83.6,3.3,62.6,0.27,0.97,2064.2,Air,74.75,1,2
56.9,26.4,8.8,39.7,0.76,0.25,4786.8,Rail,56.95,0,1
56.0,16.5,3.2,22.4,0.31,0.44,2203.8,Air,51.54,0,1
66.2,6.0,8.0,110.8,0.31,0.3,1656.1,Road,63.99,1,1
76.3,33.0,9.6,46.9,0.71,1.0,3773.7,Rail,78.38,1,2
38.5,94.5,9.0,70.8,0.15,0.97,2745.4,Road,95.92,1,2
76.6,56.4,9.2,43.5,0.3,0.26,3057.6,Sea,88.82,1,2
28.0,34.4,6.5,89.9,0.49,0.34,3209.4,Air,52.78,0,1
38.0,0.6,4.0,40.1,0.36,0.21,4599.9,Road,40.94,0,1
37.3,57.5,3.4,96.5,0.68,0.67,2602.5,Rail,51.99,0,1
8.1,96.5,1.4,107.5,0.18,0.47,2180.0,Road,57.94,0,1
19.3,99.5,1.8,25.7,0.46,0.94,4768.1,Road,62.51,1,1
98.2,54.8,1.5,131.8,0.72,0.4,330.8,Road,55.66,0,1
50.5,82.7,3.3,126.0,0.79,0.53,4133.0,Rail,56.19,0,1
22.1,11.9,5.4,138.7,0.8,0.79,2242.0,Sea,62.39,1,1
38.4,99.1,8.1,35.3,0.49,0.35,4260.5,Air,76.85,1,2
44.6,53.7,2.6,136.4,0.38,0.17,2491.7,Road,50.47,0,1
47.1,38.6,2.8,143.0,0.71,0.56,462.4,Road,45.37,0,1
43.8,37.1,4.3,63.4,0.32,0.58,910.1,Road,58.8,0,1
78.9,81.1,0.1,24.6,0.92,0.76,1600.0,Road,53.8,0,1
35.9,93.3,1.6,130.1,0.28,0.62,657.7,Rail,64.33,1,1
59.3,97.2,7.3,35.6,0.41,0.79,4354.3,Rail,87.58,1,2
45.4,59.8,3.3,62.4,0.14,0.91,1236.7,Road,71.53,1,2
46.4,53.9,1.5,78.7,0.12,0.76,4969.7,Road,62.8,1,1
94.2,29.9,8.6,78.8,0.75,0.83,1562.3,Road,75.38,1,2
32.6,69.3,6.7,96.3,0.82,0.27,2290.8,Road,54.1,0,1
13.1,14.6,2.7,42.2,0.23,0.26,4490.0,Road,38.44,0,0
38.0,99.1,9.2,55.7,0.35,0.45,3139.1,Rail,85.01,1,2
13.1,88.5,9.5,58.3,0.25,0.21,4454.2,Sea,84.73,1,2
82.0,61.8,2.2,49.2,0.32,0.58,3162.5,Rail,68.03,1,2
23.4,43.1,8.6,143.1,0.34,0.64,1550.6,Road,68.59,1,2
56.3,85.3,2.6,125.5,0.81,0.37,2060.8,Rail,53.37,0,1
19.6,61.0,6.9,123.7,0.21,1.0,2216.9,Road,75.4,1,2
5.6,90.1,2.8,62.7,0.64,0.81,1095.9,Road,53.33,0,1
32.2,36.3,8.4,84.7,0.34,0.79,1808.1,Road,70.55,1,2
99.2,85.3,2.2,20.6,0.54,0.68,4839.7,Sea,77.64,1,2
97.5,0.4,0.3,36.3,0.36,0.31,591.5,Road,45.96,0,1
47.3,18.5,1.6,141.6,0.71,0.28,4332.6,Rail,32.65,0,0
38.1,78.7,4.6,67.9,0.68,0.25,3813.0,Road,54.73,0,1
97.5,77.7,1.8,75.6,0.35,0.81,4610.0,Sea,88.82,1,2
43.3,44.9,4.2,85.6,0.62,0.42,4035.3,Rail,50.41,0,1
1.7,17.4,2.1,129.5,0.22,0.29,4516.9,Rail,35.05,0,0
95.6,5.1,3.2,129.6,0.93,0.91,534.5,Rail,50.26,0,1
84.4,33.0,9.5,112.1,0.96,0.84,2077.1,Air,71.6,1,2
68.8,63.8,0.8,87.1,0.97,0.12,4650.9,Road,38.3,0,0
86.6,39.2,4.9,84.0,0.73,0.35,1143.1,Road,58.24,0,1
14.6,86.1,8.6,85.5,0.53,0.48,1099.3,Sea,82.86,1,2
22.9,11.1,3.9,118.8,0.95,0.29,4818.0,Rail,25.84,0,0
8.2,22.3,9.8,143.1,0.14,0.52,1745.0,Road,66.29,1,2
92.5,73.4,1.8,36.2,0.53,0.59,1707.4,Air,67.56,1,2
33.0,66.7,0.4,128.0,0.84,0.57,3109.1,Rail,38.82,0,0
92.9,45.1,0.4,107.2,0.51,0.54,3199.2,Road,56.19,0,1
48.2,92.9,6.3,62.0,0.85,0.86,4507.4,Rail,70.9,1,2
72.3,4.6,3.8,48.1,0.97,0.11,274.0,Road,32.96,0,0
75.3,9.5,6.4,25.7,0.32,0.14,3779.8,Road,59.32,0,1
30.4,2.6,9.3,33.0,0.26,0.89,2637.3,Road,67.93,1,2
45.5,61.2,7.0,87.0,0.95,0.8,3367.2,Sea,73.99,1,2
90.1,11.5,8.1,26.4,0.3,0.76,2594.6,Road,78.63,1,2
78.4,84.6,2.5,101.1,0.67,0.34,3900.7,Road,61.67,1,1
56.6,55.6,2.9,85.2,0.5,0.19,3856.0,Air,52.1,0,1
41.0,17.2,4.6,80.0,0.42,0.33,4510.1,Sea,59.68,0,1
97.7,66.5,0.3,55.4,0.22,0.93,4704.1,Air,75.32,1,2
4.1,70.9,4.6,93.6,0.61,0.39,1186.4,Road,47.95,0,1
76.8,93.8,7.4,25.4,0.38,0.63,4927.4,Road,89.9,1,2
58.5,15.4,3.8,104.6,0.5,0.59,2993.9,Air,51.01,0,1
92.5,27.1,6.4,130.2,0.68,0.14,3545.8,Road,59.23,0,1
74.3,7.9,2.4,101.8,0.99,0.81,3371.6,Sea,55.45,0,1
14.5,71.9,5.3,120.1,0.41,0.43,4320.6,Air,58.62,0,1
78.8,97.9,5.2,39.3,0.45,0.14,3380.1,Sea,81.6,1,2
32.6,19.8,4.7,60.1,0.45,0.29,4115.4,Road,45.31,0,1
34.1,89.7,6.6,126.9,0.51,0.49,1877.8,Rail,70.45,1,2
48.8,78.5,8.8,47.5,0.58,0.86,4367.0,Rail,81.57,1,2
63.5,15.3,8.6,92.2,0.13,0.42,2642.5,Road,73.64,1,2
1.2,66.4,0.4,89.0,0.86,0.66,1384.2,Sea,44.86,0,1
95.6,12.2,0.5,81.8,0.63,0.57,3720.4,Air,46.44,0,1
63.3,38.3,1.1,105.9,0.48,0.42,907.0,Rail,47.95,0,1
41.2,76.6,9.0,101.8,0.1,0.2,4824.0,Rail,81.97,1,2
65.6,93.7,0.7,76.2,0.36,0.89,4422.6,Rail,71.17,1,2
68.1,72.0,5.9,106.1,0.36,0.91,1052.2,Air,82.3,1,2
2.0,22.7,6.4,89.1,0.72,0.27,1999.3,Sea,49.55,0,1
10.4,78.3,6.0,132.0,0.24,0.17,1983.8,Rail,61.45,1,1
55.9,57.8,7.3,103.9,0.19,0.99,659.4,Sea,101.11,1,2
40.7,43.7,3.5,81.7,0.76,0.56,3488.7,Road,45.92,0,1
47.1,21.8,7.2,55.3,0.53,0.35,3806.3,Road,55.64,0,1
21.2,73.7,6.7,89.4,0.79,0.18,1616.4,Rail,51.89,0,1
93.7,43.2,1.6,136.2,0.29,0.66,2628.8,Rail,66.7,1,2
35.0,28.3,4.9,141.1,0.23,0.7,3450.6,Road,60.11,1,1
5.9,14.5,8.2,45.1,0.16,0.88,3677.1,Road,63.71,1,1
63.9,63.0,4.9,37.2,0.46,0.23,4773.0,Air,63.27,1,1
58.2,60.0,5.1,109.6,0.55,0.98,3501.5,Road,70.59,1,2
58.2,97.7,9.7,128.6,0.51,0.82,3296.9,Road,92.42,1,2
7.3,71.6,2.4,132.3,0.78,0.95,2825.7,Road,46.68,0,1
77.1,52.5,7.1,80.7,0.67,0.23,1356.8,Air,65.38,1,2
33.4,34.7,6.4,70.8,0.4,0.85,3273.4,Road,63.83,1,1
95.3,71.4,9.7,91.5,0.55,0.7,3453.4,Road,92.51,1,2
62.2,31.9,5.7,69.6,0.33,0.29,3127.5,Road,61.67,1,1
67.5,27.0,1.1,95.7,0.62,0.84,4934.6,Sea,63.35,1,1
58.4,80.5,9.8,80.4,0.2,0.77,851.3,Sea,107.73,1,2
45.2,28.4,2.4,70.0,0.16,0.67,3982.7,Sea,67.26,1,2
33.9,14.4,2.9,30.0,0.75,0.99,2714.6,Sea,46.43,0,1
15.9,18.3,4.0,110.7,0.73,0.65,4344.3,Air,36.79,0,0
61.8,54.7,7.8,72.3,0.63,0.64,1448.9,Sea,82.34,1,2
99.6,80.0,0.1,81.1,0.37,0.66,2642.1,Rail,70.72,1,2
41.1,23.1,8.4,15.4,0.25,0.59,4187.1,Sea,71.32,1,2
24.6,60.0,9.6,118.6,0.5,0.96,193.4,Air,76.84,1,2
79.8,3.2,7.4,48.5,0.2,0.91,4707.4,Sea,83.98,1,2
93.5,45.1,0.1,99.4,0.68,0.74,398.5,Sea,69.15,1,2
98.6,12.1,9.6,54.5,0.58,0.85,1342.7,Road,79.58,1,2
85.5,98.2,0.1,102.2,0.49,0.46,3906.5,Rail,65.75,1,2
50.9,42.4,6.8,141.1,0.13,0.97,107.4,Air,80.04,1,2
85.3,18.1,0.0,134.0,0.73,0.71,2636.3,Sea,63.42,1,1
7.4,75.9,3.0,59.0,0.89,0.95,1332.4,Road,47.01,0,1
80.9,20.1,7.5,14.7,0.73,0.54,3448.2,Road,62.72,1,1
9.5,1.5,9.4,42.0,0.59,0.11,1260.4,Rail,42.92,0,1
60.8,38.2,0.3,52.4,0.77,0.27,627.9,Road,35.31,0,0
33.5,61.6,8.3,37.9,0.76,0.73,567.0,Air,65.54,1,2
56.1,29.2,4.7,129.0,0.77,0.56,4276.2,Sea,69.11,1,2
30.5,42.6,5.8,52.7,0.3,0.82,3330.8,Sea,73.48,1,2
5.7,29.4,4.1,61.5,0.22,0.38,1856.0,Rail,46.23,0,1
79.3,88.5,3.4,46.7,0.21,0.94,1201.2,Sea,92.82,1,2
12.2,24.5,1.8,80.4,0.18,0.17,2592.8,Road,37.79,0,0
61.7,12.6,3.6,89.6,0.89,0.88,4750.1,Air,45.32,0,1
30.2,37.3,8.9,129.2,0.55,0.66,4150.4,Rail,64.64,1,1
63.0,32.6,0.9,103.7,0.27,0.85,2674.1,Road,57.67,0,1
42.6,59.0,9.6,74.6,0.48,0.71,1888.2,Air,78.07,1,2
87.5,73.9,1.5,56.2,0.17,0.87,4653.3,Road,78.67,1,2
72.7,84.3,0.5,12.0,0.27,0.54,1738.0,Rail,67.03,1,2
24.8,64.5,5.5,90.8,0.77,0.6,727.6,Sea,66.93,1,2
96.4,99.1,10.0,28.3,0.63,0.11,3592.9,Road,89.81,1,2
25.5,59.7,7.9,100.5,0.24,0.8,3238.0,Sea,91.03,1,2
15.7,1.6,4.2,130.0,0.63,0.2,1688.4,Sea,48.71,0,1
97.5,15.7,8.0,66.1,0.59,0.65,1287.7,Road,72.12,1,2
8.3,35.4,8.3,52.6,0.7,0.5,2572.8,Road,51.07,0,1
35.8,32.7,2.4,81.4,0.95,0.97,2610.7,Sea,52.21,0,1
63.3,30.4,0.5,49.5,0.23,0.41,3607.0,Air,50.1,0,1
95.4,65.9,9.1,26.7,0.9,0.75,1913.4,Rail,81.18,1,2
29.0,28.5,2.1,115.6,0.35,0.8,1565.4,Rail,49.19,0,1
65.7,33.9,4.9,46.7,0.4,0.98,1204.1,Rail,69.45,1,2
2.4,91.1,2.2,23.4,0.52,0.25,3058.6,Sea,49.23,0,1
71.5,94.3,3.6,39.5,0.79,0.8,1572.0,Sea,75.28,1,2
91.6,0.3,6.4,56.1,0.74,0.43,1007.0,Rail,55.05,0,1
16.2,47.3,5.5,110.7,0.53,0.45,4992.4,Rail,50.84,0,1
77.9,39.5,9.3,139.0,0.83,0.59,794.7,Sea,91.21,1,2
50.0,49.2,3.8,50.0,0.65,0.45,4868.9,Rail,51.6,0,1
59.9,95.8,4.4,114.3,0.95,0.58,2506.4,Rail,62.27,1,1
70.6,71.8,0.1,31.3,0.52,0.54,1383.7,Rail,55.92,0,1
70.5,95.7,2.9,141.1,0.78,0.2,2548.7,Road,58.6,0,1
47.6,35.0,7.3,37.8,0.16,0.12,4328.8,Road,65.31,1,2
45.9,15.0,7.2,98.9,0.39,0.17,4621.9,Road,54.5,0,1
29.1,65.6,1.8,12.6,0.92,0.72,2806.7,Road,41.71,0,1
16.3,56.2,9.9,118.5,0.56,0.74,4377.0,Road,69.62,1,2
85.2,85.2,4.5,110.8,0.96,0.4,3227.4,Sea,79.86,1,2
82.6,87.4,2.6,49.5,0.11,0.26,1632.7,Road,76.63,1,2
85.8,39.9,7.3,22.6,0.52,0.72,4601.1,Sea,79.34,1,2
97.5,84.8,6.0,69.7,0.75,0.25,2891.4,Road,73.59,1,2
35.8,32.0,4.5,18.2,0.4,0.82,128.2,Air,57.95,0,1
44.5,20.5,8.1,18.6,0.52,0.57,1256.7,Sea,63.84,1,1
91.9,46.2,6.2,121.8,0.25,0.13,866.4,Road,73.85,1,2
19.1,83.6,9.7,83.4,0.49,0.42,2203.7,Sea,86.22,1,2
60.2,47.1,8.3,24.9,0.56,0.93,2975.5,Road,76.78,1,2
68.7,46.5,5.5,136.8,0.64,0.67,519.5,Air,64.37,1,1
75.0,5.6,6.4,93.2,0.52,0.88,4615.2,Rail,64.75,1,1
84.0,10.9,5.2,120.9,0.29,0.77,4807.9,Sea,86.83,1,2
26.3,45.6,4.5,98.1,0.97,0.73,879.6,Road,43.33,0,1
59.9,48.4,6.7,123.9,0.8,0.15,1280.9,Road,54.48,0,1
93.7,9.7,2.3,46.7,0.83,0.58,2343.8,Road,45.63,0,1
90.0,8.7,2.8,52.8,0.67,0.44,2171.2,Road,48.03,0,1
59.2,60.7,2.1,69.8,0.86,0.58,3953.1,Rail,48.57,0,1
27.2,54.1,5.9,87.8,0.63,0.41,4807.4,Sea,66.58,1,2
52.8,73.2,9.1,34.0,0.83,0.98,3748.9,Road,77.54,1,2
35.5,71.1,9.6,97.0,0.94,0.94,957.1,Road,71.15,1,2
68.2,28.4,1.9,138.0,0.18,0.89,4032.0,Rail,63.59,1,1
58.1,66.5,2.2,127.1,0.74,0.29,4254.3,Rail,48.84,0,1
15.2,57.2,4.8,47.9,0.42,0.73,3633.0,Rail,57.93,0,1
40.0,0.9,6.0,75.2,0.4,0.87,4182.7,Road,56.04,0,1
95.1,42.3,4.9,84.6,0.23,0.65,2215.2,Sea,90.87,1,2
79.1,69.5,3.0,95.4,0.97,0.81,894.0,Road,59.0,0,1
41.6,91.0,7.1,103.5,0.77,0.58,4639.0,Rail,68.94,1,2
86.4,12.7,1.8,110.6,0.16,0.54,2600.4,Road,59.23,0,1
48.1,21.5,0.9,119.5,0.51,0.71,1769.6,Rail,43.01,0,1
49.0,76.0,2.1,24.5,0.49,0.36,1022.6,Road,55.61,0,1
81.7,9.2,8.9,124.8,0.19,0.9,1756.8,Sea,102.15,1,2
73.2,2.6,2.0,47.6,0.71,0.39,4729.2,Rail,38.25,0,0
1.2,32.6,4.6,55.0,0.25,0.15,2060.5,Rail,43.38,0,1
39.2,31.5,2.5,44.3,0.23,0.73,3375.6,Sea,62.04,1,1
0.7,48.2,9.2,75.4,0.45,0.92,2317.7,Road,67.46,1,2
55.0,25.0,8.0,46.5,0.29,0.44,4499.0,Rail,68.32,1,2
44.3,0.9,3.8,98.7,0.9,0.31,4296.1,Rail,29.94,0,0
25.0,91.4,8.1,57.3,0.79,0.52,1578.5,Rail,66.44,1,2
98.7,97.7,9.8,105.4,0.78,0.87,2461.6,Sea,112.73,1,2
13.0,99.3,5.9,119.0,0.59,0.65,2626.5,Sea,83.73,1,2
88.8,97.0,2.2,77.2,0.55,0.59,4869.6,Road,73.01,1,2
93.8,81.7,3.5,101.3,0.79,0.96,4822.7,Road,74.09,1,2
88.5,58.1,5.2,132.9,0.78,0.54,1357.5,Road,65.95,1,2
45.2,52.4,5.9,126.7,0.39,0.29,2058.0,Sea,80.69,1,2
97.2,6.2,8.2,61.6,0.35,0.37,348.5,Road,72.23,1,2
1.2,88.1,4.7,118.8,0.32,0.54,3251.1,Rail,61.54,1,1
29.9,22.9,0.4,80.2,0.85,0.47,1489.0,Road,25.29,0,0
14.1,74.2,0.6,48.8,0.43,0.48,2968.6,Rail,45.37,0,1
15.5,69.7,9.1,62.7,0.76,0.43,4134.3,Rail,61.06,1,1
74.3,75.2,6.3,88.1,0.47,0.95,340.3,Rail,83.83,1,2
27.0,12.5,8.0,93.7,0.48,0.1,1899.4,Road,48.53,0,1
39.4,44.3,6.9,130.0,0.62,0.64,1061.2,Rail,60.61,1,1
60.3,70.8,9.0,21.5,0.75,0.78,2057.3,Sea,81.07,1,2
78.4,1.4,0.2,57.8,0.35,0.6,2311.1,Rail,45.69,0,1
28.8,41.4,4.5,43.0,0.88,0.88,4619.7,Air,47.45,0,1
83.0,32.0,1.3,25.5,0.49,0.96,1539.3,Rail,60.05,1,1
53.6,80.7,5.0,34.3,0.42,0.24,789.2,Rail,66.64,1,2
70.8,52.0,9.0,56.1,0.33,0.42,777.9,Road,80.83,1,2
69.3,56.9,4.0,92.9,0.39,0.45,3832.2,Rail,65.58,1,2
89.4,8.2,1.1,108.6,0.81,0.92,2380.2,Rail,46.29,0,1
82.1,16.9,2.2,77.6,0.17,0.75,4813.8,Sea,74.94,1,2
87.5,74.9,5.1,23.8,0.24,0.86,2225.2,Sea,91.25,1,2
67.4,49.5,6.5,114.0,0.43,0.91,4876.4,Rail,76.55,1,2
12.2,16.2,0.0,80.1,0.25,0.11,3041.6,Air,27.55,0,0
15.6,0.5,3.9,114.0,0.63,0.38,4296.4,Road,30.59,0,0
82.3,35.7,6.5,45.4,0.79,0.27,3254.1,Sea,64.95,1,1
62.7,33.0,6.5,48.0,0.24,0.99,1835.4,Rail,77.29,1,2
3.1,38.2,6.1,39.5,0.42,0.42,365.5,Road,49.47,0,1
16.0,2.2,0.2,38.4,0.97,0.61,470.5,Road,14.86,0,0
87.7,91.9,8.3,76.7,0.33,0.18,1285.4,Air,89.4,1,2
56.4,40.6,7.5,83.1,0.33,0.6,2420.3,Air,72.48,1,2
11.4,73.8,2.4,33.0,0.22,0.79,2517.7,Air,59.74,0,1
5.6,19.9,4.6,143.3,0.13,0.7,3199.1,Rail,52.39,0,1
99.9,2.0,9.4,75.7,0.23,0.61,1295.7,Rail,81.97,1,2
29.5,73.2,6.1,58.6,0.36,0.29,3432.3,Rail,64.29,1,1
66.0,90.2,7.4,124.2,0.76,0.71,4721.2,Road,77.97,1,2
32.9,56.7,7.3,119.5,0.66,0.16,3875.4,Road,55.34,0,1
76.2,16.9,5.6,42.9,0.23,0.21,4434.9,Rail,62.35,1,1
90.9,69.7,5.2,123.3,0.61,0.36,2557.2,Sea,89.56,1,2
47.4,94.3,9.3,49.4,0.73,0.32,3475.1,Air,74.98,1,2
90.6,96.6,5.0,20.9,0.87,0.34,3375.2,Road,70.18,1,2
29.6,52.0,1.3,16.4,0.97,0.44,3790.5,Sea,34.33,0,0
68.0,84.9,6.2,80.7,0.73,0.16,854.7,Road,66.03,1,2
16.2,75.6,3.5,56.8,0.91,0.49,1729.0,Road,43.26,0,1
25.4,36.7,0.5,112.8,0.37,0.68,1798.6,Air,42.75,0,1
81.9,40.7,3.5,82.7,0.69,0.66,289.6,Air,58.61,0,1
93.6,41.2,9.7,114.8,0.63,0.16,2007.6,Road,74.41,1,2
72.2,4.7,7.2,102.7,0.4,0.42,281.4,Air,61.95,1,1
15.6,65.2,4.5,142.1,0.31,0.52,1773.7,Rail,58.87,0,1
2.4,56.1,8.9,75.6,0.11,0.2,716.3,Sea,77.95,1,2
8.3,75.8,4.1,56.7,0.19,0.66,264.7,Road,63.76,1,1
32.8,33.3,7.2,36.1,0.34,0.76,3397.4,Sea,71.33,1,2
33.3,5.0,9.4,98.8,0.94,0.11,512.5,Sea,55.62,0,1
4.3,55.0,0.4,83.2,0.37,0.85,3595.2,Sea,56.94,0,1
98.6,82.1,8.7,105.4,0.65,0.65,3928.2,Road,89.75,1,2
55.1,83.7,2.9,115.3,0.1,0.1,4839.7,Road,67.41,1,2
5.1,80.0,5.1,98.0,0.67,0.7,195.4,Sea,69.89,1,2
67.6,55.9,6.1,120.0,0.79,0.83,1354.6,Road,66.98,1,2
86.7,73.2,4.0,40.0,0.88,0.89,3026.3,Rail,68.56,1,2
25.7,12.1,4.5,130.9,0.28,0.55,335.1,Road,49.28,0,1
80.0,19.4,2.8,43.6,0.2,0.42,2410.8,Air,59.59,0,1
88.6,97.2,7.9,55.9,0.53,0.41,4626.1,Road,88.03,1,2
13.7,41.4,2.0,28.6,0.66,0.17,4997.2,Rail,30.87,0,0
41.4,40.2,5.6,35.3,0.45,0.33,4430.0,Sea,61.19,1,1
9.2,7.7,4.3,105.0,0.25,0.28,4297.1,Road,40.11,0,1
2.1,44.8,5.8,31.4,0.81,0.67,4166.7,Rail,43.97,0,1
76.4,65.9,5.5,142.4,0.63,0.25,4725.1,Air,65.04,1,2
8.2,74.0,3.7,136.5,0.79,0.73,2263.6,Air,47.66,0,1
55.0,37.3,5.9,21.0,0.83,0.69,4144.4,Road,55.24,0,1
48.8,95.5,3.2,116.2,0.78,0.53,2614.1,Air,59.03,0,1
48.5,46.1,3.4,61.9,0.26,0.11,3120.2,Air,54.1,0,1
89.3,48.7,5.1,118.5,0.12,0.44,412.2,Rail,78.27,1,2
58.5,65.9,4.3,20.8,0.28,0.21,574.9,Road,65.07,1,2
95.7,12.2,8.1,94.4,0.98,0.82,1309.3,Road,64.32,1,1
73.7,66.8,6.9,106.7,0.7,0.87,3968.9,Rail,76.36,1,2
47.8,36.4,0.8,123.8,0.99,0.14,1203.1,Rail,25.79,0,0
12.6,2.8,0.3,129.3,0.22,0.53,3795.4,Road,32.07,0,0
58.8,77.9,4.8,13.5,0.86,0.77,2790.3,Road,63.6,1,1
69.2,93.9,3.9,110.6,0.58,0.38,4657.4,Road,68.69,1,2
95.2,57.5,1.7,31.3,0.9,0.59,2518.3,Road,54.51,0,1
30.1,36.3,2.0,82.6,0.62,0.84,2078.3,Road,44.76,0,1
99.8,69.6,0.9,61.0,0.7,0.47,344.9,Rail,59.61,0,1
6.2,90.5,0.1,41.6,0.7,0.23,2961.8,Sea,41.6,0,1
21.4,31.5,6.2,52.0,0.91,0.93,818.2,Sea,55.92,0,1
97.4,56.1,1.8,46.4,0.36,0.45,3598.8,Road,66.54,1,2
41.3,24.1,9.9,41.9,0.42,0.42,3145.1,Air,66.79,1,2
98.7,64.2,3.5,98.0,0.17,0.65,4214.9,Road,81.74,1,2
98.9,79.0,1.9,57.7,0.58,0.85,778.9,Road,73.29,1,2
29.8,21.4,2.2,130.0,0.45,0.97,3468.8,Road,47.71,0,1
47.4,55.5,6.5,83.3,0.62,0.67,3178.4,Rail,64.78,1,1
20.8,17.9,4.4,80.4,0.95,0.41,4202.1,Road,30.26,0,0
82.4,47.4,0.2,134.0,0.28,0.49,1890.4,Rail,58.33,0,1
13.9,67.5,0.9,127.9,0.64,0.72,3911.8,Road,42.75,0,1
16.5,3.3,3.3,15.8,0.25,0.97,4385.5,Road,48.15,0,1
80.6,74.3,1.3,92.4,0.36,0.99,1301.4,Rail,73.49,1,2
78.0,35.6,0.3,92.1,0.63,0.7,221.8,Sea,62.88,1,1
79.2,56.2,8.9,134.0,0.44,0.43,2124.8,Road,80.85,1,2
20.8,46.5,6.3,106.2,0.41,0.49,2932.6,Road,57.9,0,1
71.5,77.9,3.8,71.1,0.87,0.94,1484.1,Rail,66.0,1,2
39.7,74.3,9.9,19.1,0.88,0.76,773.2,Sea,75.32,1,2
65.4,0.3,10.0,23.3,0.6,0.4,1004.1,Rail,62.39,1,1
20.3,14.6,7.1,73.5,0.89,0.56,3451.0,Rail,41.21,0,1
91.8,23.9,5.4,141.8,0.54,0.54,1085.1,Air,64.5,1,1
59.3,51.4,6.1,142.9,0.84,0.86,3943.8,Sea,84.25,1,2
75.8,30.1,6.0,75.0,0.94,0.11,2226.8,Rail,47.91,0,1
43.8,11.8,2.6,128.7,0.46,0.76,4764.3,Road,46.59,0,1
85.2,8.3,5.6,40.1,0.23,0.26,2148.4,Sea,69.3,1,2
38.5,38.7,1.1,53.4,0.18,0.38,3235.7,Sea,56.86,0,1
29.2,39.3,0.7,62.4,0.46,0.7,156.3,Rail,43.22,0,1
98.2,67.4,3.0,104.3,0.75,0.83,1322.5,Sea,84.67,1,2
48.9,14.1,2.8,120.8,0.13,0.76,3473.6,Sea,75.29,1,2
35.1,38.7,7.9,63.8,0.4,0.35,4463.1,Road,62.38,1,1
56.1,31.5,0.7,73.5,0.78,0.57,4494.2,Road,37.98,0,0
82.4,48.0,0.4,21.8,0.4,0.38,1325.6,Sea,57.99,0,1
51.6,81.7,4.3,48.7,0.48,0.52,3036.8,Rail,66.88,1,2
52.2,33.6,7.1,118.2,0.12,0.65,351.2,Rail,74.35,1,2
52.5,99.4,9.7,17.5,0.84,0.15,3249.8,Road,73.39,1,2
48.9,94.6,3.0,111.7,0.65,0.96,427.4,Sea,84.76,1,2
69.8,22.2,0.4,79.0,0.99,0.59,1734.4,Rail,33.5,0,0
83.4,51.5,8.2,47.7,0.66,0.5,4770.2,Road,74.44,1,2
62.2,91.3,6.3,73.7,0.43,0.53,1581.1,Road,79.62,1,2
32.1,71.4,8.4,71.5,0.99,0.85,4501.4,Air,64.09,1,1
80.6,87.3,0.6,140.8,0.43,0.21,4838.8,Road,61.18,1,1
10.3,80.0,2.1,104.8,0.72,0.91,4710.6,Road,49.39,0,1
38.1,62.0,9.0,66.5,0.31,0.31,877.8,Sea,83.98,1,2
82.5,65.8,8.5,135.3,0.99,0.72,2935.3,Road,73.73,1,2
71.7,25.8,4.5,133.4,0.64,0.6,1908.6,Road,55.83,0,1
96.8,18.6,8.7,79.5,0.92,0.79,313.8,Sea,80.7,1,2
38.1,57.1,7.3,135.9,0.24,0.24,2755.1,Road,68.31,1,2
63.7,8.6,8.1,93.1,0.65,0.84,3941.5,Road,63.76,1,1
79.3,25.3,2.4,108.1,0.67,0.69,4523.0,Road,51.82,0,1
50.9,60.8,2.7,73.6,0.82,0.8,2734.7,Rail,52.46,0,1
29.6,9.4,7.7,94.4,0.15,0.54,3497.9,Road,62.24,1,1
11.7,62.9,8.5,63.9,0.86,0.85,881.5,Sea,69.98,1,2
22.2,53.3,7.9,32.6,0.71,0.8,871.2,Road,61.64,1,1
5.5,13.8,1.9,58.9,0.13,0.25,3880.4,Rail,36.29,0,0
26.7,49.9,9.2,63.9,0.38,0.97,1222.9,Sea,86.36,1,2
11.9,71.3,9.8,114.3,0.48,0.97,3081.2,Rail,77.8,1,2
3.3,56.9,0.6,65.0,0.93,0.98,3591.0,Road,33.31,0,0
37.3,88.5,8.9,74.5,0.39,0.19,2841.1,Road,76.31,1,2
48.0,94.9,7.6,112.4,0.5,0.77,4976.9,Road,82.63,1,2
58.7,36.4,1.9,82.7,0.52,0.68,3403.1,Road,51.63,0,1
82.0,26.0,2.1,57.4,0.15,0.98,4107.1,Rail,69.19,1,2
5.7,40.6,2.4,13.0,0.51,0.65,592.8,Rail,41.01,0,1
10.7,46.1,0.4,110.5,0.44,0.72,2700.3,Sea,56.87,0,1
40.2,18.6,3.1,133.6,0.31,0.15,4641.4,Rail,43.56,0,1
60.5,74.2,8.1,12.7,0.22,0.39,3555.1,Road,83.32,1,2
21.2,91.4,2.1,100.0,0.58,0.67,2224.4,Rail,55.03,0,1
21.0,47.6,2.3,79.7,0.59,0.37,2410.3,Sea,52.01,0,1
3.2,5.5,7.3,121.5,0.7,0.49,1948.5,Road,38.74,0,0
58.0,98.4,7.3,34.1,0.64,0.87,402.4,Road,83.12,1,2
56.3,34.5,4.0,58.6,0.85,0.97,1958.7,Air,53.02,0,1
51.1,21.9,8.4,24.4,0.62,0.98,4133.0,Sea,71.28,1,2
93.7,37.8,3.7,47.8,0.34,0.55,1998.8,Road,68.72,1,2
48.1,46.0,2.2,75.3,0.91,0.52,4206.6,Air,40.32,0,1
80.4,29.9,2.4,133.2,0.28,0.49,1059.2,Air,60.16,1,1
37.4,43.7,2.5,39.5,0.13,0.1,318.2,Rail,51.12,0,1
76.5,92.9,1.7,103.1,0.91,0.66,2191.5,Air,59.48,0,1
82.2,62.9,1.1,105.4,0.34,0.15,2136.7,Road,58.38,0,1
4.2,32.2,1.5,27.9,0.22,0.93,3956.3,Rail,46.81,0,1
12.0,0.7,2.3,140.7,0.51,0.4,4336.8,Rail,28.32,0,0
88.4,61.1,7.7,34.6,0.81,0.56,327.2,Air,73.68,1,2
48.1,40.0,1.4,19.4,0.36,0.91,3369.2,Air,55.95,0,1
74.8,46.7,4.5,139.7,0.31,0.74,133.2,Rail,72.03,1,2
61.4,87.2,1.5,61.7,0.71,0.21,3390.5,Air,51.96,0,1
58.7,44.8,4.1,49.9,0.69,0.72,3595.6,Sea,64.37,1,1
11.8,14.0,1.5,50.5,0.82,0.64,2406.4,Rail,25.08,0,0
2.4,54.1,3.2,13.9,0.87,0.81,585.3,Sea,41.23,0,1
60.2,70.5,1.0,100.7,0.55,0.17,2396.7,Road,49.59,0,1
98.3,30.0,7.8,112.5,0.87,0.96,3211.1,Road,73.02,1,2
63.0,24.9,0.5,70.7,0.96,0.16,3983.4,Rail,26.87,0,0
73.6,37.3,9.1,40.3,0.8,0.52,3857.1,Rail,67.72,1,2
5.8,39.5,7.6,71.5,0.44,0.72,4217.7,Rail,58.91,0,1
90.5,18.4,5.4,136.3,0.52,0.75,1372.3,Sea,87.01,1,2
64.4,63.5,2.5,33.3,0.41,0.34,3206.5,Rail,59.2,0,1
72.9,77.2,0.9,20.9,0.14,0.68,1511.2,Air,72.03,1,2
87.0,61.9,8.1,59.2,0.46,0.15,1659.3,Air,77.44,1,2
66.4,50.3,5.8,131.6,0.83,0.41,2605.4,Road,56.97,0,1
13.2,57.3,4.3,60.9,0.36,0.94,1190.1,Road,60.71,1,1
56.9,51.4,5.0,107.5,0.51,0.51,2250.6,Road,61.83,1,1
17.7,46.4,4.1,17.0,0.84,0.87,1776.7,Rail,45.55,0,1
81.4,2.8,4.5,56.7,0.79,0.23,771.3,Rail,43.29,0,1
36.5,54.1,1.8,89.3,0.52,0.51,1176.8,Sea,61.27,1,1
10.3,7.5,6.8,80.3,0.1,0.65,3363.7,Road,56.85,0,1
47.0,54.7,2.6,85.0,0.56,0.38,1011.1,Rail,49.94,0,1
48.9,49.6,3.2,67.9,0.56,0.98,2010.8,Sea,70.15,1,2
94.3,85.5,4.9,93.1,0.24,0.56,3591.0,Rail,87.03,1,2
8.8,41.1,9.9,121.1,0.61,0.35,1947.1,Rail,56.98,0,1
24.6,95.3,4.5,22.7,0.87,0.7,1084.2,Road,57.03,0,1
81.7,45.8,1.7,63.3,0.91,0.86,2833.6,Road,52.09,0,1
26.4,94.8,6.6,107.2,0.65,0.39,3441.7,Sea,80.98,1,2
92.6,15.7,2.1,116.4,0.36,0.51,3496.2,Road,56.99,0,1
34.8,87.4,8.9,94.3,0.63,0.95,4803.5,Rail,80.78,1,2
83.2,77.9,7.3,63.9,0.64,0.22,162.2,Sea,84.0,1,2
65.7,24.2,0.6,46.9,0.55,0.27,4461.3,Rail,39.8,0,0
26.8,99.6,2.8,77.1,0.9,1.0,1891.0,Air,57.31,0,1
51.1,26.1,3.0,57.5,0.7,0.49,4200.7,Rail,43.25,0,1
38.0,49.7,8.7,101.1,0.41,0.6,4671.1,Road,71.66,1,2
91.2,72.5,8.2,106.3,0.43,0.56,2606.9,Road,88.28,1,2
94.5,0.4,8.6,82.0,0.26,0.67,3784.3,Sea,90.33,1,2
99.7,34.8,10.0,118.6,0.44,0.5,3692.6,Air,85.09,1,2
87.7,57.0,5.6,28.2,0.48,0.42,1279.1,Road,72.38,1,2
92.4,59.5,0.6,129.0,0.42,0.44,237.4,Rail,60.83,1,1
63.7,76.3,5.3,28.7,0.42,0.66,4703.1,Rail,75.22,1,2
48.2,54.3,5.2,102.3,0.15,0.49,1145.4,Road,69.68,1,2
61.2,99.0,4.8,64.9,0.56,0.48,1178.7,Sea,82.4,1,2
84.5,65.2,0.1,70.9,0.49,0.39,4216.2,Road,56.4,0,1
75.1,64.9,1.4,134.1,0.67,0.84,4807.8,Rail,60.21,1,1
8.2,44.3,2.0,82.3,0.65,0.25,3635.2,Road,31.58,0,0
54.7,46.2,8.7,32.7,0.46,0.64,1089.3,Road,74.58,1,2
40.0,49.2,1.2,105.5,0.47,0.97,2014.2,Road,53.9,0,1
27.7,96.0,4.4,128.0,0.74,0.27,4305.5,Road,54.64,0,1
36.0,58.1,6.0,134.1,0.73,0.48,2044.4,Air,55.29,0,1
34.7,5.4,2.5,65.1,0.68,0.75,4089.8,Rail,36.63,0,0
17.5,66.0,2.8,119.3,0.1,0.49,4517.0,Road,58.97,0,1
51.4,17.0,7.4,108.3,0.46,0.11,471.7,Road,54.29,0,1
97.9,41.8,8.1,130.6,0.57,0.74,122.2,Road,80.85,1,2
28.0,9.2,7.1,110.0,0.27,0.75,924.8,Rail,59.94,0,1
20.8,15.6,9.5,123.8,0.51,0.78,606.0,Road,61.47,1,1
65.9,75.6,2.9,67.0,0.33,0.56,2304.1,Rail,68.93,1,2
24.6,36.7,10.0,76.0,0.96,0.37,4121.2,Air,51.94,0,1
71.8,4.8,0.6,39.3,0.7,0.8,1769.8,Sea,46.28,0,1
62.1,72.4,2.7,97.5,0.16,0.34,932.0,Rail,67.97,1,2
92.2,0.6,5.1,27.3,0.38,0.28,1500.2,Rail,58.37,0,1
24.1,80.7,3.5,48.6,0.32,0.34,1800.3,Road,58.71,0,1
85.7,55.8,1.4,106.6,0.46,0.33,2162.9,Road,58.03,0,1
71.2,85.5,7.8,131.4,0.1,0.41,1603.7,Rail,91.12,1,2
44.1,28.0,2.6,117.7,0.79,0.99,1913.7,Road,45.92,0,1
29.4,17.0,6.4,87.6,0.66,0.2,1837.5,Rail,42.24,0,1
24.1,6.7,7.0,135.0,0.62,0.49,526.7,Road,45.77,0,1
44.1,70.0,1.3,96.0,0.69,0.92,3912.8,Sea,68.26,1,2
34.3,91.0,0.5,40.3,0.72,0.11,604.2,Road,41.4,0,1
60.8,70.0,9.7,69.1,0.84,0.92,888.1,Road,79.9,1,2
40.4,61.2,7.9,126.5,0.84,0.19,3216.4,Rail,55.85,0,1
23.0,0.6,3.8,134.1,0.95,0.5,3217.7,Rail,26.0,0,0
79.8,36.2,7.2,132.4,0.16,0.3,3819.3,Rail,76.08,1,2
44.2,94.3,7.4,17.5,0.42,0.7,3685.7,Road,81.96,1,2
51.7,54.6,7.8,97.1,0.71,0.99,4824.3,Road,72.11,1,2
67.8,26.4,8.1,77.8,0.59,0.8,2481.7,Road,70.26,1,2
23.0,12.1,4.6,70.7,0.93,0.78,4624.0,Sea,46.74,0,1
34.3,39.2,3.5,22.0,0.9,0.52,3348.4,Air,39.05,0,0
21.9,14.1,3.8,62.4,0.87,0.62,2882.6,Rail,32.78,0,0
64.7,95.8,4.6,73.4,0.27,0.58,475.5,Air,80.75,1,2
85.7,84.0,3.1,51.9,0.29,0.43,1076.8,Sea,83.77,1,2
40.6,47.5,2.0,114.8,0.73,0.97,3512.9,Road,49.3,0,1
18.3,99.0,7.6,39.1,0.96,0.9,3969.8,Sea,72.28,1,2
75.6,15.1,8.8,61.4,0.4,0.9,2733.6,Sea,86.86,1,2
99.8,16.2,8.8,80.0,0.93,0.33,1918.5,Road,62.16,1,1
20.1,16.0,3.0,82.7,0.94,0.77,4619.5,Road,31.07,0,0
23.1,13.9,1.3,32.1,0.55,0.6,4796.0,Sea,38.19,0,0
78.2,49.3,4.6,21.1,0.79,0.62,610.4,Air,60.18,1,1
36.3,77.3,2.2,127.9,0.25,0.25,3655.1,Road,57.46,0,1
74.9,64.2,4.6,28.4,0.73,0.51,4026.5,Sea,67.18,1,2
33.1,42.1,5.8,97.2,0.79,0.54,1329.0,Sea,64.16,1,1
74.5,2.9,8.2,106.7,0.34,0.72,2432.3,Sea,87.3,1,2
72.0,34.3,7.9,116.2,0.61,0.64,3905.8,Rail,69.72,1,2
80.9,27.3,0.2,24.3,0.8,0.32,4438.8,Road,37.34,0,0
80.6,23.2,0.8,51.4,0.19,0.16,4664.5,Road,50.88,0,1
7.2,39.3,9.7,38.0,0.13,0.86,317.0,Rail,75.52,1,2
67.4,68.8,3.2,18.3,0.25,0.66,367.5,Sea,74.91,1,2
43.5,74.4,8.8,94.4,0.34,0.6,889.4,Sea,95.64,1,2
74.8,18.9,2.0,31.9,0.62,0.27,1680.7,Sea,47.79,0,1
94.0,61.6,8.5,36.9,0.92,0.96,2459.6,Rail,80.91,1,2
43.0,32.3,0.6,69.0,0.49,0.73,1210.6,Sea,54.66,0,1
20.4,23.6,1.5,27.6,0.46,0.7,3723.6,Rail,39.68,0,0
60.8,99.7,8.1,95.1,0.73,0.43,4197.5,Road,77.65,1,2
13.4,6.3,8.8,115.0,0.12,0.55,3396.4,Rail,61.48,1,1
17.2,85.3,5.0,92.1,0.86,0.79,953.3,Sea,69.72,1,2
95.2,39.9,1.9,67.8,0.48,0.42,1092.5,Rail,59.03,0,1
14.1,94.2,7.2,121.7,0.21,0.95,2335.5,Rail,82.63,1,2
60.5,19.7,1.2,119.2,0.56,0.44,2648.5,Sea,59.15,0,1
79.0,99.6,6.7,132.1,0.57,0.42,1575.9,Sea,101.55,1,2
48.9,75.3,6.3,131.5,0.44,0.52,2153.9,Sea,91.48,1,2
72.9,56.3,4.7,118.8,0.79,0.62,2897.9,Road,61.11,1,1
57.4,75.9,6.2,86.6,0.25,0.47,1918.7,Road,77.73,1,2
99.8,73.5,6.7,14.1,0.97,0.25,4831.3,Road,67.84,1,2
8.0,34.1,5.7,107.8,0.91,0.48,4687.2,Air,37.04,0,0
23.2,93.3,0.9,75.7,0.76,0.66,1842.5,Rail,47.84,0,1
57.1,93.8,0.7,23.3,0.29,0.16,3833.8,Sea,63.34,1,1
51.2,27.3,9.9,108.3,0.64,0.91,1242.9,Road,71.93,1,2
9.4,25.7,8.2,66.1,0.63,0.58,3747.3,Sea,61.13,1,1
54.8,85.9,3.8,59.6,0.42,0.6,3635.4,Road,70.15,1,2
10.9,30.6,7.6,118.6,0.51,0.7,1164.3,Air,55.96,0,1
69.1,91.8,0.0,50.6,0.25,0.4,3774.3,Rail,64.96,1,1
65.2,66.1,5.0,47.6,0.34,0.38,183.8,Sea,76.97,1,2
6.6,96.5,0.0,43.3,0.34,0.32,3541.9,Road,47.08,0,1
46.7,81.7,4.6,45.4,0.25,0.87,716.1,Road,77.6,1,2
71.1,84.1,7.4,86.3,0.33,0.65,2003.6,Road,87.28,1,2
80.1,7.8,5.4,119.2,0.69,0.13,972.3,Rail,47.95,0,1
3.6,49.9,3.1,138.7,0.82,0.4,950.1,Rail,33.37,0,0
46.7,40.6,7.8,13.1,0.98,0.18,2399.0,Rail,48.65,0,1
98.8,78.2,7.6,41.6,0.32,0.23,4696.2,Rail,87.21,1,2
38.4,32.3,8.1,73.5,0.11,0.65,2764.2,Road,73.95,1,2
53.4,67.7,5.9,142.5,0.55,0.16,1415.9,Air,61.81,1,1
29.9,69.2,7.4,126.1,0.96,0.94,4432.3,Road,61.93,1,1
5.5,30.6,8.2,53.8,0.66,0.75,1919.8,Sea,61.48,1,1
90.4,56.8,4.1,57.0,0.98,0.89,338.7,Air,62.86,1,1
63.1,70.3,4.8,15.6,0.74,1.0,3729.8,Road,69.41,1,2
52.3,63.8,6.3,108.1,0.57,0.36,936.7,Rail,63.86,1,1
81.1,32.9,4.9,113.5,0.3,0.78,3885.5,Sea,89.29,1,2
14.7,27.4,1.1,42.9,0.22,0.64,3863.0,Sea,49.43,0,1
86.9,30.8,9.9,120.9,0.83,0.95,2746.8,Sea,95.86,1,2
60.9,5.4,8.9,79.7,0.43,0.75,2876.1,Sea,80.76,1,2
70.8,63.9,8.2,73.5,0.37,0.59,1605.8,Road,82.91,1,2
62.1,72.2,9.1,67.2,0.59,0.14,417.2,Air,73.17,1,2
82.3,4.6,2.5,90.4,0.94,0.41,489.8,Rail,36.85,0,0
79.3,97.3,7.9,85.7,0.38,0.31,1396.8,Road,87.96,1,2
57.2,78.7,2.7,107.5,0.11,0.26,1777.7,Road,68.37,1,2
84.0,71.2,8.9,74.9,0.86,0.47,4777.2,Air,75.99,1,2
78.5,83.5,1.6,43.1,0.88,0.56,4962.7,Road,56.84,0,1
50.3,88.7,9.4,30.8,0.17,0.48,479.2,Air,90.78,1,2
9.4,29.3,4.5,38.0,0.67,0.35,1284.9,Road,36.82,0,0
86.7,48.3,3.2,57.5,0.46,0.73,166.5,Air,67.83,1,2
37.5,64.0,9.2,136.0,0.86,0.37,3110.3,Road,61.83,1,1
81.9,88.3,8.2,104.0,0.64,0.56,3593.3,Road,84.58,1,2
77.2,71.9,7.1,67.7,0.23,0.84,1266.3,Road,90.61,1,2
8.5,64.8,4.9,32.7,0.59,0.46,793.5,Road,50.29,0,1
27.2,54.0,3.2,108.8,0.26,0.99,294.9,Air,63.22,1,1
82.8,31.8,1.5,68.1,0.38,0.45,3463.3,Sea,65.59,1,2
58.3,71.5,9.7,113.6,0.61,0.42,2336.1,Sea,94.5,1,2
32.3,45.2,4.6,120.3,0.43,0.5,4087.9,Road,54.94,0,1
15.8,10.5,8.6,89.4,0.61,0.41,3507.0,Road,48.4,0,1
43.3,80.6,4.8,119.4,0.63,0.7,3542.3,Air,65.29,1,2
62.8,67.5,5.6,88.5,0.92,0.79,2648.9,Rail,63.11,1,1
35.2,49.4,4.7,78.8,0.3,0.35,3733.6,Road,57.87,0,1
60.1,88.5,9.5,113.2,0.72,0.22,3243.1,Rail,76.06,1,2
81.3,72.7,2.0,67.0,0.61,0.69,1590.4,Road,64.53,1,1
27.1,58.6,0.4,93.9,0.37,0.29,4838.5,Air,42.61,0,1
9.0,76.3,5.8,62.8,0.6,0.62,3131.5,Sea,67.54,1,2
18.0,86.3,2.9,135.7,0.31,0.62,4628.2,Road,61.25,1,1
23.7,59.0,3.3,105.3,0.52,0.38,4812.9,Rail,48.28,0,1
13.0,87.6,9.4,127.0,0.85,0.7,1767.8,Sea,86.92,1,2
40.6,67.1,9.1,81.5,0.2,0.55,4480.6,Sea,94.66,1,2
32.7,56.4,0.7,129.0,0.13,0.1,2302.3,Road,47.64,0,1
38.4,44.8,9.9,84.9,0.14,0.66,4483.2,Road,81.75,1,2
36.0,14.7,2.8,111.6,0.51,0.39,3232.7,Sea,55.73,0,1
24.9,1.6,0.8,110.4,0.8,0.63,1455.0,Air,23.4,0,0
64.1,21.9,2.1,23.6,0.16,0.53,4469.9,Rail,56.76,0,1
24.2,19.3,8.5,60.6,0.2,0.74,3969.1,Sea,76.64,1,2
93.1,22.6,8.8,142.7,0.26,0.24,1532.8,Rail,77.49,1,2
31.9,35.4,3.4,40.3,0.5,0.46,1433.1,Road,46.58,0,1
95.3,46.2,6.3,59.3,0.88,0.42,4277.4,Rail,63.63,1,1
19.0,83.1,2.1,141.1,0.37,0.68,2794.9,Rail,57.82,0,1
8.6,37.0,1.7,55.7,0.6,0.42,1796.3,Air,32.97,0,0
30.8,23.3,9.6,120.8,0.16,0.18,1756.2,Air,65.97,1,2
32.2,98.9,8.5,69.3,0.3,0.37,3646.6,Rail,81.49,1,2
80.9,99.8,9.1,135.3,0.17,0.93,4069.7,Road,107.07,1,2
77.3,76.3,8.8,91.1,0.22,0.88,3090.2,Sea,111.36,1,2
18.6,36.7,8.7,140.3,0.35,0.15,1723.5,Road,58.45,0,1
92.3,40.5,4.7,26.6,0.19,0.76,2256.1,Rail,79.14,1,2
35.4,18.0,7.7,47.7,0.36,0.48,1883.9,Rail,59.78,0,1
98.7,26.3,5.5,91.0,0.2,0.63,3107.5,Sea,90.6,1,2
96.5,67.5,0.6,26.9,0.62,0.52,4705.3,Road,60.0,1,1
27.3,58.5,1.4,109.9,0.11,0.77,3208.9,Sea,75.84,1,2
45.1,46.0,3.6,135.1,0.73,0.39,4610.9,Rail,46.29,0,1
84.5,62.0,3.2,96.2,0.34,0.74,4869.9,Rail,73.96,1,2
30.2,48.4,5.8,104.5,0.64,0.63,3297.8,Air,55.56,0,1
44.9,95.6,3.5,32.7,0.53,0.89,2459.4,Road,70.78,1,2
19.3,85.6,4.5,96.3,0.22,0.52,4826.5,Road,67.14,1,2
49.7,76.0,4.2,69.4,0.99,0.53,3939.5,Road,52.15,0,1
27.4,10.1,4.0,111.5,0.56,0.2,4776.6,Sea,51.87,0,1
11.4,47.3,4.9,52.4,0.73,0.15,3041.5,Sea,46.37,0,1
69.1,61.3,8.4,99.7,0.9,0.5,4148.5,Rail,67.96,1,2
35.8,8.8,5.4,22.2,0.29,0.58,911.5,Rail,53.81,0,1
53.2,91.1,8.2,53.0,0.38,0.23,1452.0,Road,79.53,1,2
55.4,21.6,1.9,91.1,0.15,0.89,4578.6,Sea,73.4,1,2
59.1,0.5,5.5,87.4,0.35,0.23,1507.0,Rail,50.98,0,1
77.1,41.4,7.1,88.9,0.74,0.66,1849.4,Road,67.31,1,2
71.8,12.4,3.8,73.5,0.83,0.7,3528.8,Sea,58.04,0,1
75.9,72.7,8.1,91.8,0.24,0.44,2131.9,Rail,87.14,1,2
81.2,84.5,6.3,49.0,0.59,0.18,4565.7,Road,72.98,1,2
39.5,43.5,0.1,71.0,0.16,0.47,1131.1,Rail,49.07,0,1
79.4,97.3,8.2,32.9,0.73,0.16,2969.4,Rail,77.9,1,2
35.9,51.4,1.7,58.8,0.13,0.12,2108.1,Sea,59.2,0,1
41.6,52.7,8.5,99.0,0.84,0.69,2531.8,Air,63.44,1,1
90.2,78.1,7.4,86.7,0.33,0.54,3593.4,Air,89.03,1,2
67.5,17.3,7.1,16.7,0.89,0.16,2523.0,Air,47.58,0,1
25.0,19.5,7.0,105.3,0.37,0.64,3916.4,Sea,73.05,1,2
66.6,82.8,2.5,90.8,0.34,0.27,718.5,Road,65.42,1,2
15.3,4.9,9.9,63.5,0.32,0.64,1515.1,Road,61.42,1,1
26.1,26.3,5.9,91.0,0.45,0.82,4383.9,Road,56.56,0,1
5.6,60.0,5.8,19.9,0.64,0.73,1324.4,Sea,56.58,0,1
68.0,62.4,8.0,111.4,0.41,0.53,238.8,Rail,79.41,1,2
94.8,66.0,1.2,92.2,0.16,0.12,2319.2,Rail,66.46,1,2
93.3,92.3,8.6,43.9,0.53,0.69,1754.0,Rail,94.43,1,2
80.8,13.1,6.1,15.0,0.38,0.97,1914.3,Sea,73.89,1,2
16.0,39.4,0.8,96.1,0.56,0.2,1844.4,Rail,30.27,0,0
84.4,22.0,5.3,126.8,0.4,0.2,1314.3,Rail,60.53,1,1
0.3,81.7,8.9,27.1,0.44,0.75,3923.1,Road,72.49,1,2
91.6,20.1,9.1,130.3,0.55,0.76,343.1,Rail,77.95,1,2
70.4,69.5,6.3,122.5,0.24,0.8,2577.5,Road,85.03,1,2
17.5,99.7,5.2,74.7,0.25,0.97,2634.2,Air,78.25,1,2
56.4,39.9,5.0,63.0,0.24,0.19,344.7,Sea,70.48,1,2
62.7,46.8,1.7,43.0,0.4,0.41,132.3,Rail,53.48,0,1
26.8,41.8,1.8,20.0,0.28,0.38,2627.7,Sea,49.39,0,1
85.1,54.4,7.0,48.2,0.66,0.31,4075.3,Road,69.03,1,2
51.3,44.7,7.0,120.2,0.11,0.71,1003.4,Road,77.77,1,2
56.4,73.0,0.0,75.6,0.3,0.4,278.6,Sea,67.37,1,2
88.6,1.0,3.5,17.8,0.82,0.22,1758.1,Road,40.69,0,1
65.5,47.0,7.2,80.6,0.7,0.7,2043.2,Sea,79.79,1,2
59.0,57.5,1.4,108.7,0.95,0.25,1943.6,Sea,54.73,0,1
12.6,3.1,7.5,111.5,0.31,0.89,4778.4,Air,56.83,0,1
54.2,10.8,3.7,124.4,0.26,0.81,497.0,Road,57.88,0,1
91.4,37.6,9.4,107.1,0.34,0.75,2139.9,Road,88.3,1,2
60.7,34.2,9.3,13.0,0.42,0.41,1427.2,Rail,72.34,1,2
28.5,92.0,1.9,67.1,0.12,0.72,2364.9,Road,68.91,1,2
82.9,1.2,8.1,56.3,0.3,0.67,1773.1,Rail,72.93,1,2
43.4,81.7,3.4,72.1,0.12,0.37,662.1,Sea,79.69,1,2
7.9,5.4,3.7,116.6,0.95,0.17,1848.6,Rail,18.22,0,0
48.3,83.9,8.6,17.0,1.0,0.81,4123.9,Road,70.95,1,2
76.2,43.6,5.2,100.7,0.89,0.12,2441.5,Road,50.02,0,1
91.9,64.2,7.2,65.6,0.57,0.29,4167.7,Sea,85.55,1,2
66.5,17.9,3.2,143.8,0.14,0.37,2082.3,Sea,79.41,1,2
83.9,79.8,7.8,50.5,0.88,0.21,899.1,Rail,70.46,1,2
75.0,48.7,7.3,76.7,0.51,0.25,3812.4,Sea,80.36,1,2
18.2,4.7,9.6,137.0,0.35,0.14,4058.7,Road,52.84,0,1
98.4,79.9,1.9,33.8,0.91,0.97,3476.9,Sea,72.12,1,2
5.6,74.1,2.4,88.0,0.1,0.67,2080.2,Road,59.7,0,1
27.4,76.6,9.9,94.4,0.95,0.78,3738.4,Road,68.7,1,2
76.3,47.3,6.4,93.7,0.43,0.43,3075.7,Rail,70.55,1,2
13.4,1.8,1.3,112.7,0.98,0.76,4037.4,Rail,19.72,0,0
56.8,87.5,7.4,29.9,0.49,0.62,2886.6,Road,80.31,1,2
63.1,63.5,1.7,106.2,0.29,0.79,4416.9,Sea,82.33,1,2
68.7,88.9,5.1,33.4,0.91,0.78,1739.3,Rail,68.6,1,2
16.1,21.6,9.5,69.2,0.72,0.69,3666.5,Air,55.25,0,1
20.7,69.5,5.1,132.4,0.99,0.73,2023.8,Air,49.29,0,1
12.4,94.7,6.0,33.1,0.54,0.49,2757.8,Road,63.63,1,1
17.1,99.6,4.3,104.8,0.97,0.59,2268.3,Road,51.74,0,1
83.3,32.2,8.1,96.8,0.51,0.28,4499.1,Sea,84.11,1,2
11.4,65.6,1.9,108.0,0.99,0.4,4560.8,Road,31.22,0,0
40.1,41.2,5.2,131.7,0.87,0.63,2247.8,Road,48.53,0,1
1.5,96.8,3.5,118.5,0.4,0.37,2302.1,Road,55.75,0,1
76.4,36.6,8.5,83.8,0.5,0.52,2763.2,Air,74.16,1,2
95.7,34.3,4.6,39.3,0.84,0.71,843.1,Rail,60.8,1,1
29.9,2.3,2.3,31.7,0.72,0.98,4433.4,Rail,36.68,0,0
30.5,35.4,8.9,20.4,0.35,0.6,3669.7,Road,68.69,1,2
57.4,30.7,5.4,76.2,0.74,0.66,2246.9,Road,54.69,0,1
13.1,12.9,8.4,126.7,0.42,0.17,395.7,Sea,67.54,1,2
60.2,3.4,3.8,40.7,0.56,0.5,2086.3,Sea,51.84,0,1
55.0,1.6,9.6,131.2,0.86,0.71,232.3,Sea,76.7,1,2
39.9,37.9,6.9,32.4,0.6,0.29,694.7,Rail,54.33,0,1
70.1,37.6,9.6,129.4,0.18,0.26,4380.3,Rail,80.04,1,2
54.4,29.2,2.7,104.0,0.16,0.97,1738.0,Rail,64.74,1,1
84.4,46.4,6.0,47.1,0.38,0.13,4769.4,Air,68.2,1,2
72.7,92.3,1.8,141.3,0.62,0.93,1028.3,Rail,70.05,1,2
58.0,29.7,0.5,70.6,0.78,0.94,2770.7,Road,43.1,0,1
31.7,77.8,1.5,36.0,0.32,0.74,3455.3,Sea,65.25,1,2
2.9,4.1,7.4,102.4,0.68,0.16,4002.6,Rail,34.32,0,0
37.1,93.1,8.6,33.7,0.43,0.55,587.7,Rail,81.1,1,2
77.3,31.9,0.6,129.6,0.74,0.21,3133.0,Road,38.95,0,0
89.1,35.3,3.6,133.9,0.64,0.13,1966.4,Rail,52.98,0,1
85.1,44.5,5.2,21.4,0.11,0.77,517.2,Road,81.89,1,2
37.0,27.8,4.6,75.4,0.79,0.8,1627.1,Road,47.04,0,1
3.0,89.9,0.6,20.4,0.69,0.21,3604.6,Sea,39.03,0,0
93.7,4.8,2.8,60.9,0.88,0.64,1824.0,Road,45.63,0,1
68.4,7.0,4.6,105.4,0.76,0.95,1432.8,Sea,68.72,1,2
48.0,38.7,0.3,60.5,0.59,0.27,3324.5,Road,36.76,0,0
77.8,16.5,5.6,135.0,0.47,0.7,4476.9,Rail,64.35,1,1
8.9,75.3,7.4,42.9,0.34,0.99,1154.8,Rail,74.53,1,2
8.7,23.5,2.0,35.8,0.94,0.46,3833.8,Sea,28.04,0,0
70.7,28.4,4.8,98.2,0.77,0.15,4809.6,Sea,62.05,1,1
6.8,25.8,4.3,132.8,0.93,0.41,202.4,Road,28.97,0,0
4.9,89.9,3.3,13.3,0.27,0.94,1669.0,Rail,66.11,1,2
72.0,82.3,7.1,118.9,0.7,0.46,4971.4,Road,74.3,1,2
74.1,54.0,7.6,81.9,0.21,0.62,4610.0,Road,84.05,1,2
41.3,0.2,2.6,21.1,0.49,0.16,2544.9,Road,33.22,0,0
39.2,32.8,9.9,99.3,0.79,0.78,3538.6,Air,64.82,1,1
44.2,47.7,4.8,67.4,0.84,0.78,2117.0,Rail,53.05,0,1
36.9,52.1,9.6,67.6,0.34,0.63,1809.7,Road,77.13,1,2
44.6,24.7,0.9,23.6,0.49,0.19,4460.6,Road,35.61,0,0
18.6,63.3,8.4,102.1,0.59,0.63,2176.5,Road,65.24,1,2
58.4,19.1,5.8,26.4,0.39,0.1,3807.9,Air,53.53,0,1
51.7,47.5,9.6,76.0,0.34,0.98,3931.7,Sea,96.09,1,2
66.6,38.4,6.5,121.7,0.87,0.67,4885.9,Road,58.84,0,1
18.3,35.1,6.9,110.3,0.4,0.21,2568.9,Road,52.07,0,1
8.9,37.6,6.4,39.7,0.49,0.11,932.6,Rail,45.3,0,1
80.6,44.7,1.7,120.3,0.58,0.31,3097.1,Air,51.54,0,1
90.4,24.6,6.1,128.3,0.5,0.81,315.1,Road,71.83,1,2
17.2,24.8,4.0,109.7,0.88,0.41,2433.9,Road,31.8,0,0
41.6,20.6,7.2,143.3,0.3,0.85,4317.7,Sea,89.03,1,2
72.5,66.5,3.4,22.2,0.25,0.27,3938.4,Road,67.71,1,2
52.4,25.6,7.5,21.7,0.72,0.89,424.2,Rail,62.29,1,1
56.7,2.6,9.6,94.8,0.86,0.58,2668.9,Road,55.62,0,1
34.2,43.6,1.2,55.5,1.0,0.83,282.6,Rail,35.53,0,0
12.0,49.5,5.4,70.0,0.81,0.3,3952.1,Road,40.72,0,1
96.1,95.7,6.5,109.1,0.48,0.77,4676.8,Road,92.0,1,2
74.3,63.1,4.1,131.4,0.59,0.95,1405.0,Road,71.28,1,2
32.1,10.6,8.1,43.4,0.14,0.44,3633.4,Road,63.16,1,1
71.5,45.1,8.8,35.3,0.86,0.92,2219.4,Road,73.0,1,2
39.1,74.9,5.4,111.1,0.67,0.19,1602.9,Road,55.83,0,1
19.5,82.8,4.5,124.1,0.33,0.5,2075.3,Rail,63.34,1,1
67.8,62.5,7.3,114.2,0.71,0.33,298.1,Road,66.76,1,2
41.1,89.6,1.2,28.9,0.29,0.33,884.1,Road,58.99,0,1
11.5,53.3,6.0,112.2,0.77,0.44,1189.0,Rail,46.6,0,1
33.4,38.1,2.5,69.9,0.28,0.58,1538.9,Rail,51.85,0,1
39.1,48.6,9.5,92.4,0.39,0.38,1408.7,Road,71.57,1,2
38.7,4.7,5.9,65.1,0.79,0.43,1937.2,Rail,40.09,0,1
57.2,1.0,8.9,13.8,0.93,0.5,4051.3,Road,50.33,0,1
43.7,60.4,2.9,143.5,0.17,0.31,2146.4,Road,60.17,1,1
74.0,22.9,5.2,35.2,0.78,0.82,1538.8,Rail,57.67,0,1
62.3,41.3,2.2,100.9,0.61,0.8,3998.6,Road,54.42,0,1
52.4,68.7,7.8,41.3,0.63,0.42,4603.1,Sea,75.54,1,2
76.2,38.1,4.8,16.9,0.29,0.62,1760.9,Road,69.91,1,2
93.2,66.4,1.4,142.5,0.41,0.22,4143.3,Sea,83.57,1,2
22.4,42.6,1.7,12.9,0.88,0.84,4831.8,Sea,39.17,0,0
79.1,3.0,7.8,93.5,0.29,0.78,1757.4,Rail,73.34,1,2
43.1,84.3,0.9,109.7,0.95,0.94,610.8,Sea,66.39,1,2
56.7,78.6,4.8,86.7,0.47,0.81,2171.7,Sea,86.51,1,2
82.2,61.1,2.6,113.4,0.62,0.6,802.4,Rail,62.03,1,1
55.6,49.5,9.2,34.5,0.45,0.44,1120.1,Road,74.32,1,2
18.2,9.7,2.3,15.1,0.5,0.41,3272.0,Rail,32.59,0,0
97.8,67.3,1.7,82.6,0.6,0.15,2540.9,Rail,58.39,0,1
84.1,0.0,4.5,69.3,0.99,0.68,3601.2,Sea,55.36,0,1
10.5,35.1,6.7,113.2,0.98,0.89,2134.5,Sea,62.36,1,1
17.1,52.7,6.9,20.0,0.92,0.7,4999.6,Road,50.68,0,1
35.2,72.3,6.5,19.1,0.11,0.43,2981.6,Rail,74.92,1,2
47.3,36.6,3.2,56.3,0.64,0.96,1673.1,Rail,53.97,0,1
16.2,60.5,0.3,116.4,0.95,0.59,1155.2,Sea,47.59,0,1
44.9,6.4,6.6,73.9,0.43,0.54,1576.7,Air,54.92,0,1
44.7,71.2,9.0,115.9,0.58,0.23,1282.2,Road,69.92,1,2
25.7,19.9,3.2,96.4,0.55,0.23,2527.4,Sea,50.08,0,1
14.8,0.5,1.5,68.6,0.38,0.44,4211.4,Sea,40.66,0,1
16.0,64.7,3.0,122.2,0.3,0.65,2105.6,Road,56.37,0,1
83.1,6.2,5.6,99.9,0.28,0.27,1670.1,Rail,61.08,1,1
79.5,45.1,7.7,67.5,0.84,0.94,2505.2,Rail,72.36,1,2
2.0,85.8,6.8,26.7,0.63,0.31,1933.5,Road,56.19,0,1
21.7,36.5,5.6,60.3,0.56,0.96,315.4,Road,56.89,0,1
2.8,65.5,8.8,19.8,0.22,0.46,1766.9,Road,69.68,1,2
13.7,89.1,7.7,75.8,0.63,0.32,1713.0,Rail,62.9,1,1
7.8,73.3,2.0,19.2,0.18,0.27,3561.7,Air,50.94,0,1
76.2,52.3,7.3,113.7,0.12,0.94,955.0,Road,90.32,1,2
35.6,38.7,2.6,59.0,0.72,0.61,438.6,Rail,42.46,0,1
70.1,90.1,9.9,92.5,0.92,0.13,335.6,Road,73.57,1,2
53.8,25.2,2.8,52.2,0.38,0.6,647.4,Road,52.7,0,1
24.6,56.6,0.7,128.5,0.65,0.89,210.5,Rail,44.6,0,1
49.7,84.0,6.4,76.9,0.34,0.23,3877.1,Sea,84.06,1,2
23.2,22.7,6.3,110.7,0.32,0.43,4776.9,Rail,53.57,0,1
34.3,45.1,7.6,99.2,0.36,0.76,807.2,Rail,69.97,1,2
88.1,79.6,8.1,104.5,0.81,0.3,581.2,Sea,90.96,1,2
81.6,48.3,9.7,80.2,0.46,0.96,3113.4,Road,89.69,1,2
43.8,51.2,7.6,143.8,0.86,0.74,1766.5,Air,61.32,1,1
16.8,46.9,8.5,25.4,0.87,0.35,3063.6,Sea,53.74,0,1
15.9,46.0,9.4,79.1,0.51,0.28,3643.7,Sea,71.92,1,2
65.1,95.1,2.6,60.3,0.56,0.97,4754.8,Road,73.22,1,2
49.5,79.2,1.9,59.5,0.51,0.62,4471.3,Rail,59.18,0,1
53.4,65.4,5.5,111.6,0.26,0.69,626.5,Rail,75.06,1,2
7.6,59.6,3.6,13.0,0.72,0.84,330.7,Sea,49.23,0,1
37.9,3.4,0.4,62.8,0.89,0.37,404.9,Sea,29.28,0,0
37.1,77.6,8.2,66.2,0.73,0.43,3367.7,Road,66.47,1,2
26.9,50.1,2.2,78.8,0.95,0.42,2294.2,Road,33.61,0,0
75.5,99.7,4.5,64.1,0.62,0.45,1297.7,Road,73.46,1,2
13.4,51.9,7.7,50.8,0.66,0.9,2061.0,Sea,69.07,1,2
78.8,67.9,5.8,84.6,0.97,0.97,3991.5,Road,69.31,1,2
8.7,83.1,9.8,131.8,0.66,0.31,2796.5,Air,65.45,1,2
15.6,18.6,8.4,55.2,0.98,0.73,3803.9,Road,45.02,0,1
52.6,55.2,8.4,25.9,0.69,0.87,4492.0,Air,72.79,1,2
57.8,97.8,8.0,78.0,0.53,0.12,3303.8,Road,76.35,1,2
96.8,25.2,7.5,123.3,0.55,0.47,996.2,Rail,71.18,1,2
60.6,97.0,5.8,30.2,0.5,0.77,1064.2,Road,80.97,1,2
56.4,85.1,7.7,124.0,0.2,0.17,1375.9,Air,81.05,1,2
18.8,80.0,6.1,106.1,0.13,0.67,513.7,Rail,74.81,1,2
8.6,14.8,4.3,85.8,0.87,0.31,4380.4,Sea,39.42,0,0
79.0,13.5,5.3,71.1,0.66,0.18,2224.1,Road,50.2,0,1
77.4,83.5,5.4,67.4,0.88,0.15,1430.2,Road,61.8,1,1
42.4,63.1,9.9,107.8,0.27,0.6,107.8,Sea,99.44,1,2
7.8,54.2,4.9,74.6,0.73,0.52,4983.8,Road,44.5,0,1
48.1,94.4,7.7,98.3,0.92,0.39,4159.4,Sea,81.3,1,2
40.1,14.9,5.9,16.9,0.25,0.79,4956.7,Rail,62.08,1,1
73.5,94.5,4.7,136.1,0.36,0.45,996.2,Sea,99.19,1,2
57.4,55.1,8.8,71.6,0.51,0.74,206.4,Rail,78.06,1,2
14.1,14.5,6.6,132.6,0.31,0.63,1945.2,Sea,73.48,1,2
17.8,43.7,8.4,95.2,0.84,0.83,1400.3,Sea,71.45,1,2
14.8,76.0,9.1,99.3,0.66,0.43,4952.1,Road,65.09,1,2
33.5,9.2,7.0,37.9,0.22,0.69,293.8,Road,61.52,1,1
28.0,92.1,2.0,21.4,0.12,0.43,622.5,Road,64.38,1,1
25.9,23.3,8.6,40.7,0.85,0.62,447.2,Rail,50.91,0,1
44.9,0.2,0.9,82.6,0.15,0.4,4221.6,Road,41.35,0,1
83.0,69.4,1.2,16.7,0.28,0.54,2176.5,Road,67.85,1,2
31.3,44.2,4.3,127.9,0.69,0.54,2543.3,Road,47.54,0,1
29.4,28.3,0.5,67.9,0.8,0.12,1395.7,Road,22.84,0,0
46.5,54.7,0.5,76.0,0.92,0.42,778.8,Rail,35.16,0,0
31.4,24.9,9.9,31.0,0.18,0.81,3499.2,Road,76.47,1,2
61.0,0.6,7.0,125.4,0.99,0.67,4633.5,Road,46.9,0,1
6.8,45.6,7.8,99.1,0.38,0.66,4165.8,Rail,61.93,1,1
22.8,47.1,8.7,23.7,0.21,0.11,3713.6,Road,64.89,1,1
75.1,22.1,0.4,36.5,0.58,0.39,1963.7,Road,41.87,0,1
86.6,40.4,4.3,18.6,0.99,0.73,4649.5,Air,55.78,0,1
42.0,75.5,8.5,93.2,0.52,0.45,4638.7,Sea,87.76,1,2
23.8,93.5,7.5,28.3,0.85,0.44,3296.8,Road,62.26,1,1
35.3,73.4,1.2,76.0,0.33,0.49,2061.0,Road,54.87,0,1
82.4,38.9,9.4,105.4,0.27,0.15,3614.9,Sea,94.74,1,2
62.0,38.7,8.3,81.5,0.13,0.36,2841.3,Road,77.28,1,2
32.0,9.7,4.0,74.0,0.36,0.27,1800.6,Air,42.45,0,1
77.6,11.9,9.4,24.9,0.4,0.34,2800.1,Road,70.44,1,2
41.7,91.5,8.1,80.1,0.34,0.34,1081.1,Rail,79.23,1,2
14.3,93.9,1.4,21.5,0.28,0.61,3373.9,Rail,58.36,0,1
15.9,57.6,3.8,13.8,0.82,0.39,4554.7,Rail,40.15,0,1
98.4,22.0,3.9,124.2,0.63,0.94,2698.7,Sea,83.67,1,2
20.2,63.1,9.4,134.7,0.36,0.41,1676.9,Road,71.17,1,2
90.2,59.2,4.7,12.3,0.81,0.32,4818.3,Rail,60.82,1,1
79.2,86.6,5.1,96.9,0.32,0.87,3222.8,Sea,101.29,1,2
35.6,45.4,1.6,42.6,0.3,0.87,2650.5,Sea,62.19,1,1
35.6,18.3,2.7,73.3,0.81,0.69,2087.9,Road,36.53,0,0
64.1,39.5,2.8,79.3,0.98,0.32,2784.2,Road,39.66,0,0
40.5,32.3,8.4,78.5,0.96,0.29,2529.9,Sea,60.6,1,1
12.0,14.6,4.0,96.6,0.78,0.47,4096.7,Road,31.15,0,0
95.7,5.5,3.7,38.9,0.98,0.79,4494.8,Sea,54.55,0,1
39.2,27.4,5.6,111.2,0.82,0.85,3949.0,Road,50.54,0,1
26.6,36.4,2.6,41.3,0.26,0.82,1702.0,Road,54.27,0,1
8.5,93.0,0.4,130.1,0.98,0.31,3089.3,Rail,31.76,0,0
54.0,29.4,5.5,22.0,0.85,0.31,4639.7,Road,45.74,0,1
42.3,79.7,3.8,21.8,0.38,0.17,4683.1,Sea,63.14,1,1
93.8,73.7,4.7,23.6,0.69,0.13,4554.8,Road,65.62,1,2
2.4,44.1,6.6,99.8,0.11,0.23,1618.0,Air,57.26,0,1
95.4,53.0,8.7,25.8,0.69,0.92,3274.4,Road,84.64,1,2
88.5,47.5,3.3,37.2,0.7,0.46,2820.2,Sea,63.78,1,1
42.9,54.6,8.8,55.1,0.77,0.66,2402.7,Road,66.46,1,2
42.9,50.8,6.3,99.2,0.88,0.34,4959.5,Rail,50.61,0,1
39.5,45.2,9.4,94.0,0.55,0.73,1799.6,Road,71.5,1,2
30.9,80.6,5.6,128.0,0.9,0.61,1227.0,Road,56.28,0,1
71.1,64.2,7.5,30.7,0.96,0.11,2840.2,Rail,59.27,0,1
71.2,38.4,0.4,33.9,0.37,0.39,515.5,Sea,55.31,0,1
25.5,56.6,0.6,43.1,0.81,0.3,3698.6,Sea,37.96,0,0
41.2,27.0,0.9,52.1,0.29,0.94,111.1,Air,51.43,0,1
16.5,0.2,8.7,105.8,0.46,0.13,962.2,Air,45.63,0,1
83.3,85.7,1.7,80.3,0.2,0.73,4920.0,Road,78.22,1,2
26.4,75.2,1.9,82.6,0.64,0.24,791.1,Rail,43.76,0,1
65.8,3.0,0.6,50.1,0.67,0.24,277.2,Rail,30.87,0,0
89.4,9.8,8.6,109.9,0.28,0.18,1232.5,Road,71.39,1,2
32.6,79.9,0.9,73.1,0.62,0.9,1355.0,Sea,64.76,1,1
70.4,72.7,6.8,73.9,0.88,0.97,557.1,Rail,73.68,1,2
63.6,27.8,3.6,43.7,0.42,0.66,1460.2,Rail,57.84,0,1
46.7,13.9,2.9,50.1,0.43,0.98,2493.5,Road,52.89,0,1
79.9,14.9,8.2,82.3,0.94,0.95,2168.5,Road,64.01,1,1
72.6,80.5,3.6,20.1,0.54,0.96,496.0,Rail,74.89,1,2
71.4,93.1,0.3,136.1,0.85,0.53,1671.0,Road,53.63,0,1
63.7,59.8,2.0,83.8,0.92,0.15,3451.8,Road,41.33,0,1
21.9,29.6,4.2,96.0,0.55,0.8,2192.2,Sea,63.26,1,1
92.1,97.8,1.1,15.7,0.9,0.83,1532.5,Rail,65.78,1,2
35.4,31.4,1.1,17.6,0.82,0.28,758.3,Sea,31.15,0,0
82.4,69.6,2.1,139.0,0.37,0.78,1913.9,Road,71.66,1,2
64.9,92.1,5.4,32.8,0.27,0.74,3908.9,Road,84.81,1,2
31.5,73.1,7.1,33.3,0.64,0.89,2115.5,Sea,74.88,1,2
90.3,91.7,6.6,128.6,0.55,0.81,2499.8,Road,88.73,1,2
9.5,24.6,0.0,117.1,0.82,0.25,3755.4,Road,16.85,0,0
59.7,34.3,4.5,98.4,0.92,0.23,797.5,Rail,42.47,0,1
65.4,67.7,4.4,104.4,0.71,0.41,4436.4,Rail,59.73,0,1
72.0,48.9,2.2,14.9,0.99,0.75,4397.6,Road,48.46,0,1
58.3,18.3,6.0,102.2,0.33,0.68,2111.7,Air,64.1,1,1
18.6,75.3,2.6,42.1,0.34,0.24,3603.7,Sea,57.59,0,1
61.0,34.3,9.9,41.9,0.14,0.59,2515.4,Road,83.75,1,2
72.0,89.9,6.9,69.4,0.25,0.32,519.3,Rail,84.73,1,2
85.1,73.5,9.2,67.7,0.73,0.97,710.3,Sea,98.53,1,2
74.4,33.5,0.6,82.0,0.56,0.36,330.7,Air,45.18,0,1
7.2,48.7,3.8,108.2,0.43,0.98,292.0,Sea,70.39,1,2
58.2,94.0,0.8,130.7,0.79,0.24,4843.3,Road,49.41,0,1
68.7,58.5,6.3,71.6,0.74,0.21,837.0,Rail,60.55,1,1
97.2,75.5,1.5,90.6,0.19,0.37,820.8,Rail,73.39,1,2
13.1,95.7,2.9,77.3,0.74,0.56,3752.0,Rail,50.75,0,1
28.4,77.6,5.1,12.3,0.5,0.83,3062.5,Road,66.67,1,2
80.6,4.1,9.5,121.1,0.27,1.0,4317.0,Sea,101.08,1,2
59.5,25.6,9.4,109.1,0.68,0.52,3697.6,Sea,81.68,1,2
31.1,27.9,4.9,138.7,0.22,0.92,3511.7,Road,62.56,1,1
68.5,52.8,3.9,61.2,0.99,0.92,3180.6,Sea,65.13,1,2
28.6,36.1,3.4,120.3,0.89,0.16,847.5,Rail,31.38,0,0
18.3,61.5,9.6,108.1,0.31,0.83,3634.6,Road,78.36,1,2
10.4,92.1,7.4,27.4,0.63,0.49,3173.2,Road,64.47,1,1
59.1,73.9,5.6,140.1,0.96,0.46,2856.5,Air,57.9,0,1
27.2,0.5,0.9,32.2,0.9,0.45,3762.2,Rail,19.0,0,0
65.5,94.7,1.5,121.6,0.44,0.88,713.4,Air,71.84,1,2
72.8,18.4,8.6,74.5,0.66,0.48,3736.8,Air,64.22,1,1
82.2,35.3,9.6,91.3,0.75,0.68,4384.4,Sea,88.37,1,2
47.4,6.7,8.1,80.1,0.22,0.73,987.5,Road,68.41,1,2
17.0,17.4,4.3,20.9,0.56,0.74,3527.8,Road,43.6,0,1
18.0,94.3,2.4,137.0,0.77,0.47,4469.3,Road,48.2,0,1
35.3,59.4,1.4,127.3,0.13,0.34,711.9,Road,54.56,0,1
67.0,23.4,1.5,89.4,0.29,0.68,3609.6,Sea,68.54,1,2
90.6,18.7,3.7,76.7,0.53,0.69,3287.8,Sea,71.95,1,2
93.8,85.6,7.4,55.9,0.7,0.41,1179.8,Sea,89.23,1,2
24.7,12.5,7.2,35.1,0.99,0.12,1541.0,Sea,38.14,0,0
14.9,34.8,4.4,115.3,0.9,0.71,4862.4,Air,38.94,0,0
85.7,39.4,3.8,80.2,0.75,0.41,1964.2,Rail,55.05,0,1
68.9,7.5,3.9,101.6,0.37,0.33,4820.8,Rail,51.45,0,1
41.7,41.3,8.0,51.0,0.97,0.65,1635.5,Rail,55.3,0,1
11.3,78.5,1.4,129.7,0.77,0.89,534.7,Rail,45.8,0,1
37.7,78.1,1.4,141.1,0.71,0.53,4066.8,Rail,48.27,0,1
1.0,19.1,1.0,99.3,0.88,0.88,4392.3,Rail,24.43,0,0
88.1,75.8,9.1,124.8,0.6,0.93,1149.1,Rail,92.41,1,2
76.3,27.5,0.6,42.9,0.53,0.95,2197.0,Road,53.71,0,1
52.6,72.4,6.8,140.3,0.12,0.45,1732.6,Road,80.4,1,2
54.0,70.5,4.8,42.0,0.6,0.6,4536.0,Road,64.53,1,1
13.7,84.0,1.3,42.2,0.78,0.12,1513.3,Sea,41.8,0,1
90.9,98.8,4.4,133.5,0.16,0.78,3479.3,Road,93.35,1,2
24.3,9.6,2.9,49.6,0.92,0.9,3320.3,Sea,40.12,0,1
10.9,25.5,4.5,60.0,0.76,0.32,1656.5,Road,33.47,0,0
81.1,62.0,9.0,124.6,0.68,0.99,1988.5,Rail,85.58,1,2
66.4,54.5,2.0,125.2,0.89,0.17,1836.0,Sea,60.15,1,1
14.9,83.4,2.9,23.0,0.31,0.36,1768.4,Sea,59.53,0,1
0.5,10.1,8.2,54.2,0.61,0.74,1880.1,Sea,56.34,0,1
77.8,48.8,6.1,43.8,0.59,0.63,1558.3,Sea,76.29,1,2
88.0,34.9,1.7,130.6,0.21,0.98,3581.2,Rail,70.49,1,2
65.5,7.3,9.3,51.1,0.47,0.8,2383.3,Sea,78.88,1,2
84.9,74.6,4.9,43.4,0.87,0.35,663.8,Air,63.02,1,1
66.7,47.0,9.5,50.8,0.88,0.61,4357.0,Sea,76.76,1,2
98.2,6.8,0.2,127.6,0.86,0.99,2588.5,Road,45.09,0,1
97.7,0.8,4.2,37.2,0.18,0.72,1215.1,Road,68.48,1,2
85.0,2.4,4.3,36.4,0.36,0.38,4714.8,Road,56.34,0,1
65.1,39.4,3.1,122.6,0.72,0.3,575.7,Road,46.98,0,1
7.9,90.6,2.6,34.7,0.12,0.59,1368.3,Sea,68.46,1,2
79.9,25.3,2.1,78.4,0.34,0.48,1781.4,Rail,56.26,0,1
72.0,13.3,6.0,75.8,0.39,0.63,2185.4,Rail,64.13,1,1
84.6,58.1,9.4,13.4,0.89,0.24,3647.7,Rail,70.4,1,2
95.5,47.3,7.4,92.3,0.99,0.51,4624.4,Rail,65.73,1,2
99.4,70.8,2.7,100.7,0.47,0.11,2175.9,Road,65.55,1,2
10.2,37.1,5.7,38.7,0.67,0.28,1325.5,Sea,47.08,0,1
0.8,23.8,6.9,88.2,0.6,0.47,2195.4,Sea,57.06,0,1
72.6,74.9,5.0,31.0,0.97,1.0,1876.2,Sea,72.17,1,2
88.4,49.4,5.9,109.8,0.91,0.19,3740.6,Road,57.13,0,1
57.0,83.0,5.9,82.7,0.53,0.1,974.6,Road,65.76,1,2
6.0,3.6,7.0,66.2,0.67,0.37,4135.5,Road,37.31,0,0
79.9,10.5,4.4,138.9,0.12,0.47,4887.9,Rail,64.75,1,1
18.6,38.5,7.3,137.8,0.49,0.67,2213.1,Sea,79.6,1,2
48.2,32.9,8.8,17.0,0.53,0.77,3957.7,Rail,69.93,1,2
37.1,4.8,2.8,51.4,0.11,0.44,4354.9,Road,47.71,0,1
49.4,27.1,3.1,43.7,0.23,0.9,1117.9,Rail,61.11,1,1
15.5,48.1,3.8,137.8,0.59,0.28,1867.8,Sea,62.38,1,1
67.3,70.8,2.0,36.3,0.79,0.78,2659.5,Road,57.54,0,1
40.9,24.4,9.7,19.2,0.92,0.65,1081.4,Air,57.13,0,1
38.4,80.7,4.9,38.7,0.18,0.72,478.3,Air,75.88,1,2
17.7,85.2,3.1,111.3,0.48,0.11,3701.6,Rail,49.71,0,1
62.0,25.8,6.0,79.9,0.74,0.94,278.3,Road,60.46,1,1
66.0,40.3,7.7,139.7,0.77,0.22,1994.4,Road,58.81,0,1
8.0,96.6,3.3,119.2,0.17,0.2,4889.5,Sea,77.52,1,2
82.3,60.8,1.8,38.0,0.42,0.63,1748.9,Sea,70.76,1,2
88.7,42.5,9.5,61.9,0.2,0.6,263.7,Rail,90.42,1,2
98.9,66.6,9.9,119.6,0.62,0.33,3856.4,Road,85.62,1,2
34.5,39.5,2.8,109.1,0.58,0.35,121.9,Rail,42.51,0,1
60.7,99.2,4.8,55.6,0.11,0.67,937.4,Road,86.86,1,2
12.1,3.1,0.3,89.9,0.45,0.23,121.0,Rail,21.97,0,0
42.0,13.8,8.1,89.2,0.35,0.28,974.1,Sea,72.2,1,2
85.9,77.3,0.4,128.0,0.83,0.34,4847.5,Rail,51.25,0,1
72.1,81.4,7.7,14.8,0.93,1.0,1243.1,Road,78.17,1,2
51.5,53.5,2.8,46.2,0.45,0.79,2141.5,Rail,60.28,1,1
83.9,29.5,9.4,105.9,0.32,0.1,3227.0,Rail,75.03,1,2
83.1,70.9,2.5,97.5,0.81,0.17,2764.0,Rail,53.31,0,1
90.9,18.0,10.0,57.1,0.98,0.23,881.4,Road,61.05,1,1
20.1,23.9,1.4,125.4,0.39,0.61,589.5,Road,39.51,0,0
22.9,79.0,9.0,109.0,0.14,0.52,2182.3,Rail,81.6,1,2
97.6,69.5,1.6,91.1,0.75,0.56,2256.1,Sea,74.91,1,2
50.7,54.3,8.3,44.4,0.76,0.39,571.7,Air,62.83,1,1
64.9,17.2,2.9,51.3,0.4,0.24,1202.8,Rail,47.87,0,1
90.6,84.2,4.4,97.3,0.61,0.39,2254.7,Road,72.69,1,2
54.4,7.2,5.2,139.4,0.17,0.88,4766.7,Rail,64.95,1,1
14.9,65.8,9.0,124.7,0.71,0.55,538.4,Sea,81.53,1,2
38.5,74.9,1.7,39.6,0.74,0.57,4166.9,Rail,48.46,0,1
51.7,29.0,9.5,110.7,0.28,0.7,4328.6,Rail,76.97,1,2
47.5,77.2,2.1,135.7,0.81,0.15,2776.6,Road,44.5,0,1
99.4,2.6,6.5,25.0,0.13,0.31,3750.5,Rail,71.61,1,2
23.2,93.4,7.1,101.7,0.83,0.2,3977.0,Air,57.57,0,1
76.2,38.0,8.2,23.2,0.88,0.36,4053.8,Road,61.66,1,1
3.1,83.9,9.8,12.6,0.15,0.12,1556.2,Road,73.99,1,2
36.5,31.9,0.6,140.8,0.9,0.95,3523.1,Rail,35.69,0,0
9.7,70.7,7.8,39.6,0.76,0.97,226.3,Rail,64.24,1,1
56.8,56.8,3.8,117.5,0.4,0.8,1898.9,Air,66.81,1,2
28.5,44.9,7.0,85.7,0.13,0.69,4732.7,Road,71.69,1,2
62.3,99.2,2.8,95.1,0.95,0.44,3684.4,Rail,56.49,0,1
58.8,79.8,9.4,32.0,0.44,0.41,1047.4,Road,83.03,1,2
51.5,12.9,7.5,111.9,0.69,0.87,4096.9,Sea,76.25,1,2
84.5,97.6,4.1,56.7,0.32,0.22,2813.9,Sea,86.62,1,2
44.0,46.9,9.7,91.6,0.95,0.78,3588.7,Sea,78.41,1,2
75.3,63.7,7.9,64.6,0.27,0.92,3775.0,Road,90.27,1,2
42.7,11.8,7.2,35.7,0.28,0.21,395.1,Rail,56.24,0,1
95.8,98.7,8.3,29.9,0.89,0.18,1243.5,Road,79.07,1,2
16.0,47.6,6.5,63.9,0.18,0.92,3844.0,Air,69.72,1,2
73.5,46.0,4.7,13.0,0.86,0.64,357.4,Rail,57.18,0,1
6.5,29.9,2.9,139.2,0.24,0.78,1819.7,Rail,48.28,0,1
15.9,38.7,1.1,49.8,0.73,0.66,347.0,Rail,33.51,0,0
53.0,76.5,4.1,101.2,0.44,0.87,1062.4,Rail,71.67,1,2
45.3,9.3,4.7,87.5,0.41,0.98,171.9,Air,57.29,0,1
96.0,27.8,9.4,108.5,0.78,0.58,231.5,Rail,73.51,1,2
0.1,34.3,6.2,121.4,0.74,0.88,4363.3,Sea,65.0,1,1
59.7,25.1,0.5,127.7,0.42,0.78,2017.7,Air,48.93,0,1
31.8,21.4,0.2,100.5,0.22,0.9,1002.7,Rail,46.94,0,1
48.5,99.9,8.4,63.2,0.43,0.82,2827.4,Road,88.92,1,2
55.5,81.6,5.9,77.2,0.68,0.11,2923.7,Air,61.73,1,1
54.0,21.8,5.6,60.4,0.1,0.94,2076.0,Rail,72.49,1,2
96.0,89.6,3.6,137.4,0.87,0.73,2055.2,Air,71.17,1,2
98.7,39.4,7.2,54.3,0.95,0.14,1342.3,Rail,59.26,0,1
50.5,8.0,8.3,46.9,0.89,0.18,1988.5,Road,45.04,0,1
40.2,59.5,9.0,84.4,0.68,0.37,3881.6,Air,65.28,1,2
72.3,53.1,4.4,24.6,0.51,0.96,1460.3,Sea,74.92,1,2
51.9,45.8,0.8,128.8,0.17,0.31,532.4,Rail,52.3,0,1
73.6,18.2,8.7,142.1,0.75,0.73,415.9,Road,66.15,1,2
38.3,76.1,6.8,58.0,0.46,0.22,1885.8,Road,66.05,1,2
46.6,51.9,7.2,27.3,0.36,0.18,4035.6,Air,64.77,1,1
8.1,82.1,9.4,48.6,0.4,0.61,1843.4,Rail,75.13,1,2
65.7,19.2,2.3,67.3,0.13,0.52,717.9,Sea,67.82,1,2
82.0,97.6,8.1,122.7,0.59,0.86,3117.2,Rail,92.31,1,2
17.8,67.4,4.3,139.7,0.79,0.84,2883.2,Road,52.26,0,1
95.1,48.9,9.4,107.0,0.84,0.99,2997.9,Road,83.01,1,2
98.2,75.6,3.3,135.1,0.84,0.82,2553.2,Road,69.58,1,2
57.6,59.7,5.8,35.9,0.17,0.91,4794.3,Road,81.19,1,2
7.9,42.4,6.6,134.6,0.94,0.62,4294.4,Road,43.32,0,1
79.5,77.7,0.4,88.4,0.88,0.79,1769.6,Air,55.42,0,1
46.7,33.7,6.4,71.3,0.2,0.54,2659.7,Rail,67.47,1,2
86.5,2.6,6.9,71.9,0.17,0.41,2667.5,Rail,69.95,1,2
81.0,79.2,8.3,137.8,0.88,0.47,3712.4,Sea,95.57,1,2
58.6,29.9,3.3,60.2,0.94,0.31,1831.5,Air,38.02,0,0
3.5,61.0,7.2,32.5,0.58,0.88,3681.2,Road,61.31,1,1
59.2,89.3,8.2,90.1,0.5,0.48,1951.3,Rail,81.53,1,2
76.2,26.0,8.2,26.6,0.73,0.41,4540.9,Road,63.09,1,1
65.5,89.4,2.4,106.0,0.73,0.96,1394.9,Road,66.96,1,2
65.4,18.0,9.5,12.1,0.72,0.22,1607.8,Rail,59.85,0,1
76.6,24.9,7.3,65.9,0.9,0.48,2040.2,Road,56.93,0,1
52.9,56.0,6.9,117.6,0.63,0.97,1772.7,Rail,71.83,1,2
76.5,53.4,8.1,66.0,0.32,0.45,4788.4,Road,80.56,1,2
22.2,88.2,7.8,113.1,0.8,0.8,2963.1,Road,68.31,1,2
40.7,23.7,2.1,104.9,0.65,0.71,1431.7,Sea,57.51,0,1
65.9,96.0,6.1,100.4,0.71,0.47,1905.2,Road,73.08,1,2
16.4,58.2,8.2,66.6,0.6,0.93,2313.9,Rail,67.07,1,2
76.6,62.9,6.7,133.2,0.6,0.83,3419.3,Road,77.3,1,2
58.6,1.4,5.8,59.5,0.53,0.11,2149.6,Air,45.88,0,1
73.1,99.6,2.7,62.4,0.39,0.41,3677.1,Rail,72.86,1,2
86.1,34.7,7.8,104.1,0.3,0.31,4216.5,Rail,75.8,1,2
96.8,48.5,0.5,110.5,0.26,0.25,1286.9,Rail,60.09,1,1
28.9,4.4,6.9,53.5,0.95,0.32,3888.3,Sea,42.99,0,1
79.4,47.3,7.7,117.1,0.96,0.49,2230.5,Road,63.22,1,1
36.0,9.0,9.3,121.1,0.93,0.39,1451.2,Rail,46.56,0,1
48.5,96.6,7.4,18.0,0.91,0.93,3093.6,Road,74.59,1,2
61.2,84.1,5.2,74.0,0.19,0.15,4832.2,Road,74.48,1,2
23.7,71.5,2.0,99.1,0.46,0.39,4157.7,Rail,49.16,0,1
21.2,53.9,4.0,45.1,0.91,0.52,838.9,Road,40.68,0,1
59.2,79.1,0.9,99.4,0.3,0.25,1327.1,Sea,73.6,1,2
70.0,17.3,4.4,35.4,0.93,0.27,4082.3,Road,40.93,0,1
95.5,11.7,1.5,13.4,0.98,0.19,3845.1,Road,34.76,0,0
56.8,1.9,1.5,88.7,0.94,0.82,3016.2,Rail,33.13,0,0
59.2,50.1,2.0,20.8,0.55,0.11,1876.3,Road,46.06,0,1
41.4,68.7,7.0,71.6,0.65,0.81,3623.2,Road,69.32,1,2
78.4,32.3,3.0,69.3,0.93,0.7,1810.3,Rail,48.87,0,1
73.6,2.4,6.8,137.7,0.71,0.73,4018.6,Road,57.49,0,1
19.0,6.7,7.9,27.9,0.96,0.79,4066.3,Sea,47.36,0,1
38.4,15.6,9.5,78.1,0.6,0.18,2987.1,Air,54.72,0,1
13.5,44.9,0.8,115.7,0.66,0.23,2362.6,Air,29.01,0,0
10.9,43.0,0.2,26.0,0.46,0.6,2234.6,Road,36.62,0,0
93.2,13.6,4.3,96.7,0.32,0.23,1046.6,Sea,74.4,1,2
66.5,81.3,1.5,138.6,0.12,0.42,1226.6,Sea,90.65,1,2
89.5,64.7,2.3,14.0,0.34,0.67,2452.0,Road,72.32,1,2
57.4,46.4,9.7,73.8,0.43,0.13,833.8,Road,71.14,1,2
25.7,72.8,10.0,124.9,0.73,0.58,4665.0,Road,70.15,1,2
26.1,96.8,9.9,36.1,0.48,0.41,1060.6,Rail,79.3,1,2
24.4,5.8,9.1,93.1,0.27,0.67,4957.6,Sea,77.01,1,2
31.6,99.5,9.8,86.6,0.37,0.62,3487.5,Road,87.24,1,2
20.5,98.3,1.8,102.9,0.42,0.47,3372.9,Road,56.81,0,1
14.1,13.6,0.3,108.2,0.37,0.49,469.9,Rail,31.0,0,0
89.9,90.0,3.4,90.9,0.19,0.49,3388.1,Road,82.74,1,2
57.4,73.1,5.7,113.6,0.36,0.77,2302.3,Air,77.21,1,2
22.0,20.8,4.6,42.3,0.42,0.2,4421.5,Rail,41.88,0,1
57.2,80.6,9.9,127.3,0.91,0.45,1280.6,Road,73.08,1,2
24.7,13.8,2.0,132.4,0.18,0.54,1969.8,Sea,64.19,1,1
68.3,14.8,2.1,42.1,0.11,0.19,3350.4,Air,52.09,0,1
88.6,15.7,8.2,142.7,0.75,0.24,4959.6,Sea,81.74,1,2
16.4,70.3,4.2,115.7,0.41,0.88,4753.9,Road,62.34,1,1
55.1,1.9,4.5,25.2,0.88,0.54,919.9,Sea,42.85,0,1
36.9,51.0,6.8,63.0,0.34,0.68,2217.5,Rail,69.2,1,2
82.5,43.1,8.6,13.0,0.37,0.26,1978.1,Rail,76.67,1,2
4.8,17.4,10.0,71.7,0.9,0.68,2062.6,Road,48.38,0,1
69.6,8.1,9.9,102.8,0.52,0.11,3332.5,Rail,62.65,1,1
64.5,35.5,8.5,59.9,0.1,0.43,1901.3,Rail,79.33,1,2
78.0,33.1,1.6,33.1,0.33,0.87,3138.9,Sea,67.08,1,2
55.2,97.3,1.5,138.4,0.76,0.24,855.4,Sea,72.78,1,2
44.5,19.6,7.3,32.2,0.71,0.11,4212.7,Rail,46.66,0,1
25.4,49.3,5.6,140.4,0.98,0.36,696.1,Sea,62.64,1,1
87.8,49.0,8.2,100.4,0.96,0.14,1962.3,Air,61.74,1,1
89.4,49.0,1.7,30.1,0.83,0.47,4329.6,Sea,55.62,0,1
49.8,94.8,9.4,123.0,0.8,0.5,2326.9,Sea,95.29,1,2
90.6,36.6,0.2,127.9,0.49,0.8,3902.5,Air,57.27,0,1
4.0,8.8,1.9,31.7,0.22,0.9,3840.6,Road,42.07,0,1
84.3,8.1,4.9,88.9,0.91,0.28,4527.9,Sea,57.51,0,1
80.6,85.1,9.6,128.8,0.84,0.86,2969.1,Rail,87.13,1,2
82.1,57.2,8.5,114.0,0.62,0.4,1732.8,Sea,93.04,1,2
64.6,20.7,6.9,39.3,0.96,0.5,4623.3,Road,50.46,0,1
56.8,85.5,7.9,24.8,0.94,0.37,294.9,Air,66.37,1,2
83.3,77.3,3.2,88.8,0.68,0.64,1366.0,Sea,80.74,1,2
76.9,37.5,6.9,75.6,0.46,0.86,3219.6,Road,75.62,1,2
93.7,51.6,8.6,139.9,0.8,0.37,3859.2,Rail,72.49,1,2
82.1,63.7,6.7,68.9,0.77,0.31,1904.0,Rail,66.99,1,2
33.1,23.1,8.5,31.0,0.76,0.37,334.0,Rail,50.99,0,1
15.1,64.7,7.5,62.1,0.38,0.57,351.8,Road,66.66,1,2
15.9,60.5,3.6,18.4,0.61,0.92,3656.7,Rail,53.49,0,1
85.7,37.8,6.8,74.3,0.28,0.71,2244.3,Rail,79.74,1,2
73.8,60.4,4.9,142.6,0.92,0.16,2069.6,Rail,52.59,0,1
98.6,29.3,9.0,104.0,0.52,0.17,3535.0,Road,73.47,1,2
89.4,56.7,1.5,62.5,0.97,0.89,1115.3,Sea,64.69,1,1
92.5,57.9,9.4,131.5,0.92,0.85,2501.8,Rail,80.35,1,2
68.2,98.4,4.3,51.3,0.86,0.95,1637.2,Road,72.54,1,2
28.9,11.2,4.6,79.2,0.62,0.4,2184.1,Road,39.09,0,0
48.0,7.5,8.0,120.4,0.72,0.54,2376.5,Rail,52.84,0,1
3.2,28.9,3.3,104.0,0.65,0.73,1171.7,Sea,53.26,0,1
64.1,30.5,1.4,18.7,0.17,0.38,757.7,Road,54.21,0,1
23.3,96.6,8.4,129.5,0.64,0.33,407.9,Rail,69.02,1,2
92.4,99.9,6.2,94.8,0.26,0.27,4852.4,Road,89.29,1,2
34.4,72.0,9.4,142.4,0.7,0.87,4400.1,Rail,75.5,1,2
48.2,14.1,8.7,131.7,0.77,0.8,1546.1,Rail,59.57,0,1
43.6,57.0,0.9,73.3,0.65,0.52,266.3,Road,44.32,0,1
47.1,87.5,7.8,113.1,0.98,0.9,2286.6,Sea,87.75,1,2
91.3,46.3,3.0,111.5,0.32,0.99,4997.4,Air,75.24,1,2
52.2,54.6,5.9,17.0,0.7,0.21,2513.2,Sea,57.62,0,1
65.3,58.9,3.8,81.4,0.43,0.39,4967.4,Road,62.49,1,1
72.5,66.4,8.2,69.3,0.35,0.88,3315.9,Air,88.6,1,2
78.7,62.9,8.9,44.4,0.47,0.69,1914.7,Road,85.66,1,2
14.9,50.7,4.5,19.1,1.0,0.64,620.7,Road,39.47,0,0
4.8,35.2,2.5,93.6,0.7,0.6,3603.5,Rail,34.02,0,0
33.5,37.7,3.6,67.9,0.69,0.52,3666.1,Road,44.19,0,1
9.6,32.8,2.5,14.9,0.49,0.76,612.1,Rail,42.04,0,1
73.3,77.9,7.0,141.7,0.45,0.14,3920.0,Air,74.66,1,2
85.6,46.9,2.5,143.4,0.52,0.62,135.7,Road,62.04,1,1
59.1,10.5,9.0,133.1,0.71,0.68,464.1,Road,61.76,1,1
34.2,28.4,2.2,52.8,0.35,0.43,4219.0,Rail,44.8,0,1
30.1,18.8,0.4,102.5,0.38,0.55,2767.3,Rail,37.21,0,0
51.6,8.5,8.7,117.8,0.86,0.25,3025.8,Rail,48.41,0,1
87.6,31.2,3.7,32.7,0.81,0.82,4228.6,Road,57.98,0,1
15.5,3.9,2.2,75.9,0.83,0.6,775.1,Sea,36.04,0,0
79.8,35.3,6.3,109.4,0.83,0.6,3266.6,Sea,77.16,1,2
22.6,1.0,8.7,51.4,0.45,0.91,3447.1,Rail,59.41,0,1
22.0,61.8,3.9,24.9,0.55,0.49,968.0,Rail,51.08,0,1
18.6,35.0,1.6,84.6,0.12,0.54,3061.7,Air,48.3,0,1
15.1,0.3,7.0,66.2,0.62,0.52,4427.5,Sea,51.99,0,1
7.8,81.4,5.2,71.6,0.25,0.32,2730.0,Road,61.62,1,1
88.9,9.2,6.0,121.3,0.43,0.32,2468.4,Rail,61.59,1,1
10.8,41.3,5.5,65.6,0.88,0.78,4800.1,Road,44.24,0,1
23.6,1.5,2.7,89.0,0.43,0.18,4545.6,Rail,31.27,0,0
78.3,85.5,8.9,128.0,0.53,0.79,2168.3,Sea,110.44,1,2
8.6,26.1,6.6,97.1,0.39,0.51,915.1,Rail,51.39,0,1
18.9,71.6,5.6,108.6,0.84,0.12,2395.8,Road,45.38,0,1
23.0,18.3,3.4,97.0,0.33,0.29,1687.7,Road,41.77,0,1
65.0,95.5,4.1,62.7,0.1,0.87,1715.4,Sea,97.24,1,2
75.2,81.8,5.5,26.7,0.24,0.84,3452.2,Road,87.25,1,2
67.8,5.7,4.4,62.9,0.95,0.12,2302.5,Air,34.6,0,0
51.0,9.8,6.3,92.1,0.33,0.96,4630.2,Road,65.1,1,2
99.6,13.6,8.8,15.8,0.27,0.24,2427.4,Rail,76.46,1,2
70.2,51.3,8.1,118.6,0.51,0.85,1038.1,Rail,79.72,1,2
27.5,94.2,2.4,129.2,0.32,0.88,1956.1,Road,67.64,1,2
85.8,59.3,3.8,16.1,0.45,0.7,1755.6,Sea,74.2,1,2
53.9,25.6,9.7,85.4,0.26,0.42,3064.6,Sea,86.45,1,2
82.8,47.1,2.9,136.5,0.89,0.47,1154.4,Rail,51.13,0,1
0.7,21.9,1.8,74.2,0.25,0.62,1887.8,Rail,39.13,0,0
76.0,94.6,4.4,127.4,0.23,0.87,3339.8,Rail,87.83,1,2
60.3,90.2,9.1,37.8,0.81,0.94,1779.7,Road,83.78,1,2
74.1,95.5,6.3,23.2,0.71,0.98,4581.1,Air,83.29,1,2
72.0,97.4,6.9,124.1,0.51,0.27,337.0,Sea,98.04,1,2
14.3,10.8,2.5,74.4,0.48,0.63,3948.5,Rail,36.43,0,0
81.7,95.6,1.5,56.4,0.27,0.1,867.8,Sea,77.09,1,2
2.2,61.8,9.9,84.6,0.85,0.96,3596.9,Air,64.01,1,1
45.6,27.9,2.9,108.6,0.73,0.85,4526.4,Road,46.68,0,1
25.5,49.6,7.1,76.0,0.64,0.13,128.9,Road,51.0,0,1
58.6,8.6,6.8,58.0,0.27,0.5,1427.8,Road,62.83,1,1
74.2,27.0,1.3,130.9,0.8,0.12,4117.7,Rail,35.97,0,0
91.5,65.8,5.9,94.1,0.48,0.96,4520.9,Air,84.28,1,2
8.3,28.0,1.1,93.4,0.78,0.14,1724.7,Road,19.89,0,0
58.2,33.4,4.0,90.4,0.91,0.98,2375.4,Air,51.75,0,1
35.5,69.0,5.3,58.6,0.55,0.71,4926.7,Road,63.93,1,1
25.4,32.0,7.8,138.0,0.77,0.58,3619.2,Rail,52.09,0,1
8.2,3.0,1.0,137.3,0.34,0.26,2094.9,Rail,26.33,0,0
22.8,58.5,9.3,105.5,0.42,0.64,1271.6,Road,72.38,1,2
46.2,89.8,0.8,64.4,0.82,0.96,448.5,Road,55.21,0,1
0.6,82.1,3.4,49.4,0.13,0.76,4837.2,Rail,64.13,1,1
58.6,36.6,4.7,139.5,0.8,0.62,1308.7,Air,52.39,0,1
10.4,18.0,3.5,62.3,0.41,0.43,2775.5,Sea,48.24,0,1
57.5,13.6,0.9,56.8,0.99,0.72,2708.7,Rail,31.55,0,0
37.7,33.4,5.1,136.8,0.94,0.95,2179.9,Road,48.71,0,1
77.4,13.6,2.5,47.6,0.58,0.82,3984.3,Road,52.93,0,1
43.9,64.8,6.7,50.0,0.18,0.86,4526.2,Rail,80.77,1,2
94.3,97.5,9.4,65.2,0.74,0.95,1601.1,Road,96.84,1,2
32.6,6.5,6.4,136.9,0.19,0.43,4761.2,Rail,55.66,0,1
54.3,36.6,1.3,33.4,0.2,0.35,4797.8,Air,51.94,0,1
73.2,98.8,4.2,93.4,0.41,1.0,1164.6,Rail,85.37,1,2
21.9,2.1,1.3,95.2,0.78,0.12,1717.4,Rail,17.1,0,0
1.7,5.2,4.5,108.3,0.32,0.16,3929.0,Rail,34.59,0,0
78.5,36.6,9.5,48.1,0.93,0.56,3999.3,Sea,74.69,1,2
29.3,34.7,3.0,51.5,0.48,0.1,4692.9,Air,39.59,0,0
16.0,78.0,0.7,44.3,0.77,0.3,4162.2,Air,35.88,0,0
59.3,39.6,4.6,76.2,0.27,0.47,1993.7,Rail,63.8,1,1
37.3,37.8,8.8,69.9,0.4,0.76,2905.5,Road,71.53,1,2
26.6,61.8,1.4,95.4,0.47,0.84,1414.8,Rail,51.94,0,1
70.7,71.2,7.4,106.0,0.29,0.4,2415.8,Road,81.32,1,2
96.8,99.8,4.1,119.1,0.92,0.15,3744.1,Road,65.81,1,2
52.7,39.6,4.5,71.6,0.9,0.54,1584.4,Sea,57.9,0,1
77.6,45.6,7.6,94.0,0.46,0.27,4906.0,Sea,85.35,1,2
84.2,7.9,9.7,41.3,0.97,0.13,1793.3,Road,54.93,0,1
48.4,38.4,2.9,103.6,0.2,0.35,1808.4,Rail,55.7,0,1
50.6,11.8,4.0,142.0,0.1,0.48,4843.0,Road,57.29,0,1
71.8,60.7,0.6,121.8,0.82,0.31,3604.1,Sea,62.29,1,1
92.5,65.4,3.5,61.2,0.29,0.47,1018.8,Road,74.73,1,2
81.7,86.1,2.4,76.1,0.79,0.19,3801.3,Rail,57.25,0,1
78.2,10.2,7.5,28.5,0.76,0.87,1815.3,Air,63.78,1,1
77.6,40.4,6.9,76.9,0.93,0.66,3984.2,Road,61.95,1,1
47.0,49.9,3.3,75.3,0.31,0.3,843.4,Sea,67.11,1,2
86.1,64.7,6.3,69.1,0.96,0.63,2196.3,Road,67.03,1,2
35.8,97.5,8.3,65.9,0.18,0.57,2653.0,Road,87.2,1,2
60.8,4.1,8.4,13.5,0.85,0.68,4733.8,Road,55.39,0,1
13.7,78.5,7.9,25.9,0.46,0.72,1271.1,Sea,74.98,1,2
65.0,11.1,3.5,41.0,0.13,0.68,4847.5,Road,61.61,1,1
75.0,44.4,4.8,63.2,0.44,0.15,1693.7,Air,60.42,1,1
41.1,34.0,6.5,96.8,0.87,0.52,3105.9,Road,49.43,0,1
51.3,79.2,3.8,26.0,0.62,0.81,1021.1,Sea,69.41,1,2
1.6,73.6,6.6,115.8,0.1,0.73,4865.8,Sea,89.47,1,2
90.4,86.0,7.8,72.0,0.67,0.82,2349.9,Road,88.05,1,2
81.4,86.2,0.9,26.5,0.19,0.68,630.7,Road,75.29,1,2
73.4,36.0,4.0,108.2,0.5,0.73,4437.0,Road,62.83,1,1
6.8,53.3,6.2,12.2,0.24,0.74,2215.6,Road,63.81,1,1
21.8,10.0,4.1,123.8,0.69,0.35,3448.0,Rail,33.33,0,0
98.9,41.5,6.0,129.2,0.95,0.64,433.3,Rail,63.85,1,1
45.9,64.0,5.6,97.9,0.12,0.13,4444.5,Rail,68.18,1,2
87.7,95.0,8.9,123.5,0.17,0.77,1178.9,Road,104.82,1,2
67.8,32.3,5.3,60.6,0.8,0.48,2116.8,Sea,62.29,1,1
81.0,87.3,8.5,131.8,0.19,0.96,391.7,Rail,102.3,1,2
61.0,79.7,1.1,30.0,0.91,0.56,4743.0,Rail,48.89,0,1
19.1,51.7,6.0,68.4,0.87,0.44,719.3,Rail,45.46,0,1
51.4,10.2,4.4,61.8,1.0,0.18,3117.3,Road,31.33,0,0
84.1,88.3,7.9,125.0,0.29,0.53,3556.1,Air,92.56,1,2
91.0,10.4,4.9,17.9,0.79,0.29,1577.3,Sea,52.4,0,1
70.7,99.7,7.6,74.7,0.7,0.38,3476.5,Air,78.71,1,2
67.2,61.7,2.8,86.0,0.48,0.95,3483.0,Sea,80.71,1,2
62.9,68.2,6.3,94.2,0.44,0.35,3055.0,Rail,70.71,1,2
56.7,44.5,0.3,51.8,0.78,0.37,2163.9,Rail,37.48,0,0
89.0,29.0,1.5,138.0,0.43,0.53,707.6,Sea,76.92,1,2
76.9,49.0,7.5,133.2,0.13,0.76,3052.6,Rail,87.28,1,2
71.8,82.3,0.2,73.8,0.61,0.39,378.8,Rail,54.82,0,1
41.0,59.5,0.0,127.0,0.89,0.27,972.0,Road,31.99,0,0
46.2,7.1,9.4,63.4,0.14,0.69,4321.6,Road,73.51,1,2
43.5,60.9,1.2,24.8,0.32,0.15,332.2,Sea,52.63,0,1
99.8,6.2,2.4,34.5,0.21,0.67,1524.5,Rail,63.42,1,1
92.2,6.0,2.2,114.3,0.3,0.81,2410.1,Sea,77.84,1,2
10.6,62.3,5.0,46.9,0.19,0.68,3226.9,Rail,63.72,1,1
47.1,7.1,9.8,125.5,0.88,0.5,4652.5,Road,53.32,0,1
26.6,69.0,0.7,130.8,0.28,0.75,4333.3,Air,55.4,0,1
29.9,73.7,8.8,40.6,0.3,0.12,2599.0,Road,71.56,1,2
1.6,10.7,5.8,13.1,0.61,0.61,2840.6,Sea,41.14,0,1
13.2,53.3,6.7,65.4,0.73,0.58,3736.2,Rail,52.21,0,1
58.9,95.6,7.8,13.0,0.83,0.99,2632.4,Road,81.06,1,2
65.9,30.3,8.7,44.9,0.86,0.76,3745.4,Sea,71.76,1,2
95.4,27.6,8.7,78.1,0.2,0.43,4128.4,Road,83.36,1,2
82.5,44.4,7.4,72.0,0.31,0.52,1776.6,Road,78.92,1,2
25.1,82.0,3.6,95.9,0.2,0.18,942.6,Rail,60.35,1,1
53.3,65.9,8.1,15.8,0.84,0.25,1593.9,Road,61.85,1,1
19.6,44.5,3.2,74.5,0.54,0.76,1994.9,Road,48.67,0,1
46.6,65.4,6.5,67.0,0.74,0.77,4657.5,Road,65.57,1,2
76.8,68.8,4.8,43.9,0.58,0.38,412.2,Road,67.24,1,2
76.0,0.7,9.0,102.7,0.27,0.68,4245.0,Road,74.46,1,2
77.2,51.7,0.4,55.0,0.26,0.61,2698.0,Road,61.07,1,1
20.7,10.2,3.8,77.4,0.17,0.31,611.1,Rail,44.37,0,1
42.3,22.9,0.0,37.5,0.56,0.74,1124.7,Rail,38.4,0,0
70.4,85.1,3.1,35.7,0.18,0.45,1460.8,Rail,75.24,1,2
10.4,68.2,0.4,87.2,0.42,0.45,2209.1,Rail,42.31,0,1
33.5,47.5,1.3,23.9,0.61,0.67,4891.6,Sea,47.6,0,1
60.8,43.0,2.2,134.2,0.83,0.32,567.6,Sea,62.02,1,1
51.4,29.2,2.6,140.5,0.95,0.78,170.6,Rail,41.11,0,1
7.3,42.4,0.8,30.0,0.32,0.12,2142.9,Sea,38.07,0,0
71.6,15.7,9.2,35.0,0.42,0.28,153.7,Air,68.15,1,2
37.5,55.9,1.7,80.0,0.35,0.8,567.9,Rail,56.83,0,1
93.4,45.6,1.5,48.0,0.16,0.89,1973.5,Road,73.76,1,2
27.5,84.7,5.8,46.4,0.62,0.66,3086.2,Rail,64.77,1,1
98.1,26.6,5.2,101.8,0.79,0.89,2240.2,Road,65.45,1,2
87.8,99.2,5.7,114.2,0.89,0.22,1778.5,Sea,86.84,1,2
74.1,92.3,1.8,76.7,0.53,0.68,3498.5,Road,68.94,1,2
22.1,55.5,5.0,46.0,0.28,0.71,2610.3,Rail,63.01,1,1
66.9,66.2,0.0,130.8,0.84,0.86,847.9,Air,50.17,0,1
15.4,95.9,4.4,104.7,0.74,0.31,2115.6,Sea,67.81,1,2
60.2,31.1,6.6,100.0,0.79,0.18,4721.8,Road,50.78,0,1
69.7,3.6,3.2,95.2,0.19,0.31,2798.7,Road,52.79,0,1
33.1,26.9,0.0,129.3,0.52,0.64,1632.9,Road,36.7,0,0
99.4,8.1,6.8,35.7,0.11,0.96,1282.1,Road,84.01,1,2
8.7,78.3,2.5,91.5,0.94,0.42,1561.2,Road,37.0,0,0
60.1,28.3,5.6,78.9,0.54,0.45,3996.4,Rail,57.25,0,1
72.1,13.3,1.9,77.7,0.21,0.61,2946.6,Road,55.81,0,1
14.4,97.8,3.7,28.3,0.65,0.55,1015.2,Road,56.11,0,1
90.0,2.4,6.9,35.3,0.83,0.23,970.0,Sea,56.79,0,1
56.3,98.5,7.0,83.8,0.28,0.48,853.2,Rail,84.99,1,2
96.4,66.0,2.8,46.8,0.72,0.93,3985.7,Sea,77.02,1,2
46.2,53.9,9.5,136.9,0.21,0.34,3959.8,Rail,78.33,1,2
94.4,64.2,6.7,37.9,0.69,0.85,1440.9,Road,80.36,1,2
56.9,94.2,6.3,84.9,0.73,0.41,1738.9,Road,69.69,1,2
22.0,9.5,9.0,67.5,0.64,0.82,3980.3,Sea,66.18,1,2
44.1,66.0,2.8,86.1,0.93,0.71,4349.2,Air,48.43,0,1
44.7,45.4,0.8,75.6,0.51,0.69,1287.0,Rail,47.48,0,1
88.5,84.3,6.0,45.7,0.54,0.29,1376.7,Rail,77.07,1,2
52.4,44.1,1.7,137.3,0.23,0.18,1897.0,Road,51.17,0,1
81.4,41.1,2.9,28.4,0.47,0.77,4023.6,Rail,64.25,1,1
82.1,93.1,3.4,25.7,0.79,0.95,434.6,Road,73.52,1,2
50.7,79.8,9.7,137.4,0.11,0.68,4219.1,Sea,114.62,1,2
10.0,22.1,8.4,68.3,0.33,0.96,4008.4,Rail,64.23,1,1
80.5,46.8,5.8,70.5,0.41,0.13,1970.8,Sea,76.46,1,2
94.0,71.0,8.1,42.8,1.0,0.75,1374.8,Rail,76.97,1,2
97.6,23.8,4.8,80.9,0.99,0.58,1484.3,Sea,65.77,1,2
26.1,72.5,3.8,42.0,0.56,0.62,3539.3,Rail,56.28,0,1
14.3,80.4,0.3,137.3,0.71,0.31,2896.5,Rail,36.5,0,0
14.6,79.1,8.7,25.2,0.46,0.74,2533.1,Road,74.17,1,2
68.3,8.8,6.2,59.1,0.12,0.51,3790.8,Road,67.6,1,2
94.2,34.9,2.1,79.4,0.43,0.87,1696.3,Sea,77.76,1,2
8.3,99.0,9.0,126.5,0.18,0.53,3637.9,Sea,101.03,1,2
46.2,74.6,2.7,16.6,0.21,0.69,2892.7,Air,68.44,1,2
71.5,79.9,7.3,85.7,0.27,0.27,585.3,Sea,94.76,1,2
80.9,69.0,7.7,29.2,0.94,0.89,4609.7,Road,75.32,1,2
45.7,87.4,8.0,24.4,0.72,0.44,4108.5,Air,70.84,1,2
0.5,72.2,7.8,136.3,0.77,0.99,890.6,Sea,82.67,1,2
13.1,57.9,7.2,15.8,0.28,0.49,545.7,Road,64.78,1,1
8.0,63.4,5.8,46.9,0.8,0.38,1498.9,Rail,45.92,0,1
53.3,48.6,5.1,135.9,0.54,0.73,293.4,Sea,83.68,1,2
71.7,13.5,0.9,61.5,0.88,0.22,4493.0,Road,30.47,0,0
74.5,22.4,0.2,60.6,0.42,0.27,3845.4,Air,43.21,0,1
32.9,12.6,1.2,52.8,0.27,0.13,4604.4,Rail,34.97,0,0
22.4,78.1,6.9,45.2,0.97,0.23,1345.9,Road,49.89,0,1
48.8,45.3,0.3,36.9,0.81,0.7,331.4,Rail,39.84,0,0
49.7,38.5,4.8,43.7,0.98,0.6,662.9,Road,45.96,0,1
87.1,25.4,2.0,16.2,0.9,0.93,650.5,Road,50.54,0,1
85.8,13.5,1.7,58.7,0.73,0.8,159.4,Road,48.8,0,1
16.7,42.4,2.9,18.5,0.45,0.86,838.3,Rail,50.26,0,1
7.0,31.5,6.0,93.6,0.66,0.54,1329.9,Road,44.29,0,1
44.5,19.9,3.8,117.1,0.63,0.24,2966.3,Sea,57.61,0,1
58.3,24.3,3.5,32.6,0.2,0.67,4949.7,Sea,66.12,1,2
93.6,87.2,2.2,118.1,0.59,0.92,4386.8,Road,75.94,1,2
88.2,33.5,4.7,19.0,0.75,0.71,1463.3,Sea,64.47,1,1
81.2,87.3,7.8,68.2,0.15,0.96,4651.9,Road,101.23,1,2
94.9,88.6,3.8,123.4,0.81,0.77,4597.4,Rail,73.77,1,2
70.3,60.7,1.4,105.0,0.24,0.27,3102.0,Road,60.1,1,1
16.0,88.5,5.7,64.4,0.63,0.92,3582.8,Rail,66.33,1,2
88.7,92.3,8.1,106.0,0.11,0.82,788.8,Air,104.27,1,2
70.0,22.4,5.8,23.7,0.59,0.44,3248.7,Road,57.31,0,1
76.8,84.6,0.4,37.1,0.15,0.25,4433.4,Sea,72.31,1,2
55.1,96.7,5.2,112.2,0.12,0.63,2090.0,Sea,101.94,1,2
81.8,52.0,2.1,75.6,0.62,0.29,2196.1,Sea,64.95,1,1
9.9,87.9,4.9,55.2,0.29,0.92,169.6,Road,70.66,1,2
70.2,61.4,3.3,23.4,0.61,0.64,4100.2,Rail,61.91,1,1
43.4,83.1,2.1,63.4,0.7,0.12,3055.7,Road,47.31,0,1
19.4,22.2,3.0,52.7,0.55,0.52,4107.6,Rail,38.45,0,0
40.2,20.6,1.1,29.6,0.19,0.81,1634.0,Air,50.85,0,1
86.1,82.2,7.0,80.1,0.78,0.59,1018.2,Rail,77.32,1,2
22.9,73.7,2.3,31.8,0.45,0.59,3967.2,Road,53.63,0,1
64.2,88.5,1.2,129.4,0.75,0.75,2359.2,Rail,59.12,0,1
76.2,2.7,7.9,143.3,0.67,0.6,2250.5,Sea,82.34,1,2
32.9,62.2,0.2,32.4,0.39,0.68,4693.6,Road,49.82,0,1
26.5,44.0,5.1,29.5,0.95,0.15,3339.8,Road,36.32,0,0
69.1,33.9,4.0,75.7,0.65,0.67,2800.5,Road,56.63,0,1
8.9,85.6,2.4,141.2,0.28,0.3,3459.7,Sea,74.78,1,2
55.7,32.1,4.0,70.9,0.31,0.81,1847.2,Air,63.22,1,1
87.8,37.9,2.3,65.6,0.33,0.49,2421.1,Rail,62.39,1,1
60.4,24.1,1.2,138.1,0.84,0.29,1107.6,Road,33.14,0,0
37.5,97.3,4.3,71.9,0.72,0.16,3866.6,Air,56.02,0,1
77.1,63.2,8.9,117.4,0.19,0.34,1218.7,Road,87.12,1,2
36.5,72.6,5.9,69.6,0.53,0.88,3087.2,Rail,69.97,1,2
25.1,98.2,5.6,104.5,0.72,0.7,3483.3,Air,65.17,1,2
8.8,55.1,6.7,133.4,0.56,0.51,2911.8,Air,54.6,0,1
86.9,47.2,4.5,97.7,0.26,0.4,1805.9,Road,71.48,1,2
64.2,47.3,8.5,140.1,0.23,0.39,4552.1,Air,78.57,1,2
47.3,72.1,3.2,108.8,0.98,0.47,4770.0,Rail,47.07,0,1
64.4,90.8,3.3,20.3,0.31,0.12,4144.4,Rail,67.77,1,2
16.1,77.6,2.4,17.2,0.14,0.68,3958.9,Sea,64.87,1,1
2.7,52.5,0.9,31.0,0.49,0.41,2473.7,Road,35.44,0,0
80.5,26.3,3.2,30.9,0.86,0.6,1215.0,Sea,53.44,0,1
90.4,83.9,8.3,15.7,0.7,0.56,206.8,Air,84.31,1,2
10.0,83.0,7.8,61.4,0.3,0.45,4197.1,Sea,80.11,1,2
42.6,22.2,9.1,143.0,0.47,0.68,3760.9,Road,67.03,1,2
90.5,68.7,5.9,89.1,0.63,0.91,1672.8,Road,80.24,1,2
81.0,55.5,2.1,109.6,0.66,0.96,1960.4,Road,63.43,1,1
40.3,21.9,2.8,71.8,0.7,0.33,1123.8,Sea,47.04,0,1
9.5,29.1,2.2,35.3,0.73,0.85,3113.8,Sea,41.29,0,1
32.3,72.9,0.6,58.4,0.16,0.13,1944.4,Rail,50.87,0,1
81.2,95.0,5.0,41.5,0.21,0.35,1993.9,Road,84.08,1,2
23.6,64.9,7.2,84.8,0.27,0.33,2208.8,Sea,79.55,1,2
93.1,97.4,7.3,73.7,0.34,0.27,3406.7,Sea,101.29,1,2
36.4,54.6,7.7,124.6,0.42,0.27,4016.9,Road,64.34,1,1
85.3,85.5,1.1,39.9,0.76,0.34,1314.5,Rail,56.9,0,1
42.7,97.4,4.0,87.6,0.71,0.74,1139.1,Rail,65.46,1,2
53.3,2.9,6.6,14.7,0.97,0.47,2116.6,Sea,43.91,0,1
79.6,4.2,1.5,117.4,0.59,0.91,2741.9,Air,49.46,0,1
31.5,25.1,5.1,85.9,0.39,0.84,3033.2,Road,57.09,0,1
1.1,28.3,3.4,20.4,0.69,0.32,1087.1,Air,30.03,0,0
17.4,55.6,5.2,119.7,0.58,0.87,3804.6,Sea,75.4,1,2
37.6,50.0,9.3,20.2,0.41,0.88,855.2,Rail,77.62,1,2
95.6,83.5,6.0,68.9,0.22,0.57,3398.8,Rail,90.85,1,2
92.7,55.3,6.5,126.3,0.22,0.27,3523.7,Sea,98.84,1,2
95.9,27.6,0.4,19.7,0.39,0.57,525.2,Sea,58.58,0,1
88.3,21.9,5.5,45.5,0.47,0.12,128.4,Rail,59.28,0,1
76.0,29.2,1.4,52.7,0.93,0.11,980.2,Road,33.96,0,0
1.5,14.1,7.3,84.8,0.48,0.55,3715.4,Rail,47.08,0,1
44.1,60.7,6.7,76.8,0.49,0.92,1847.0,Road,72.95,1,2
96.7,24.2,1.6,123.5,0.6,0.22,3825.5,Air,48.32,0,1
11.1,86.6,3.4,130.3,0.5,0.43,4234.6,Road,53.54,0,1
73.0,96.5,6.3,58.0,0.46,0.54,3193.9,Rail,82.81,1,2
74.2,39.0,3.4,130.8,0.84,0.58,1274.1,Air,51.27,0,1
21.4,93.0,2.1,63.8,0.66,0.84,3954.7,Rail,56.12,0,1
92.8,87.0,1.9,114.9,0.66,0.24,846.8,Rail,62.79,1,1
21.5,51.7,4.8,89.1,0.43,0.12,4941.4,Rail,48.65,0,1
94.4,18.2,3.6,119.4,0.46,0.76,3707.5,Road,63.75,1,1
60.1,58.2,3.3,92.3,0.62,0.87,883.1,Sea,75.82,1,2
0.8,77.4,9.7,117.2,0.13,0.46,1704.0,Rail,77.56,1,2
61.2,12.4,5.2,88.6,0.6,0.96,1521.9,Rail,58.28,0,1
55.5,93.6,5.2,27.5,0.1,0.57,3747.0,Rail,84.07,1,2
65.6,75.8,8.1,116.1,0.98,0.72,4821.9,Rail,71.16,1,2
52.3,83.3,5.1,103.5,0.79,0.55,292.2,Rail,62.63,1,1
59.4,56.8,0.4,114.5,0.5,0.29,1721.2,Rail,47.17,0,1
59.2,24.4,7.8,24.7,0.47,0.39,2394.9,Rail,63.28,1,1
82.9,3.0,7.3,103.0,0.81,0.96,2519.1,Sea,77.93,1,2
66.1,46.7,4.0,114.3,0.79,0.57,4060.5,Sea,71.23,1,2
27.5,8.0,0.6,60.8,0.41,0.96,2401.4,Rail,39.76,0,0
4.9,18.4,1.5,137.7,0.64,0.41,4490.2,Air,25.29,0,0
40.4,47.2,9.2,101.4,0.91,0.99,2935.4,Rail,66.48,1,2
65.4,51.9,6.3,19.8,0.95,0.68,1945.8,Road,59.7,0,1
22.5,50.7,8.0,100.2,0.93,0.83,508.9,Road,56.56,0,1
97.3,52.4,1.9,13.9,0.18,0.2,2892.4,Road,66.67,1,2
98.8,29.5,5.1,33.9,0.68,0.9,2330.7,Rail,68.78,1,2
45.6,62.1,5.3,63.1,0.31,0.12,3293.0,Rail,61.9,1,1
96.3,36.0,3.6,55.6,0.62,0.16,2081.1,Road,55.8,0,1
74.4,47.8,4.6,107.2,0.13,0.42,2386.1,Rail,72.54,1,2
65.6,30.7,5.6,51.7,0.88,0.37,3455.7,Road,49.43,0,1
75.9,12.4,0.6,114.8,0.8,0.26,4771.3,Rail,32.82,0,0
68.2,13.5,6.0,48.3,0.34,0.8,3442.6,Road,66.86,1,2
82.9,79.0,0.5,84.8,0.63,0.47,2495.5,Rail,58.35,0,1
2.3,61.8,8.8,95.7,0.97,0.9,4118.2,Sea,70.84,1,2
90.2,2.0,4.3,135.8,0.96,0.13,1593.6,Road,38.99,0,0
24.2,82.4,4.9,15.8,0.74,0.41,3277.5,Air,53.9,0,1
54.6,0.1,2.8,52.9,0.32,0.26,1443.3,Rail,43.25,0,1
85.5,13.7,9.7,38.8,0.65,0.49,2559.7,Road,70.24,1,2
33.2,8.4,3.2,103.3,0.53,1.0,1202.3,Rail,46.79,0,1
98.7,37.2,4.1,74.0,0.69,0.89,894.4,Sea,78.41,1,2
19.0,16.0,5.2,82.9,0.9,0.68,2861.0,Rail,36.87,0,0
21.1,29.4,7.0,22.6,0.75,0.29,530.5,Sea,47.72,0,1
50.7,18.7,3.2,86.3,0.11,0.68,2038.4,Sea,72.39,1,2
7.7,80.1,9.7,51.7,0.47,0.3,4553.2,Road,68.68,1,2
1.6,12.9,4.3,114.2,0.18,0.16,3629.6,Sea,56.53,0,1
66.5,9.5,2.6,59.9,0.15,0.72,778.7,Road,58.69,0,1
46.0,25.8,3.2,16.9,0.27,0.81,3538.0,Road,58.02,0,1
71.1,33.9,8.0,20.5,0.9,0.35,1112.5,Air,58.08,0,1
95.6,36.4,5.0,52.4,0.83,0.26,3930.5,Road,55.86,0,1
94.3,2.9,4.4,55.2,0.59,0.83,3200.4,Road,59.99,0,1
74.8,39.6,0.3,102.2,0.85,0.22,2435.0,Rail,36.37,0,0
43.1,26.4,8.6,50.7,0.91,0.97,1287.0,Air,59.99,0,1
45.5,55.5,6.5,113.4,0.18,0.11,2361.6,Rail,66.96,1,2
46.2,21.4,9.4,85.1,0.91,0.62,2479.5,Road,56.58,0,1
85.8,76.0,0.8,52.2,0.12,0.63,3803.9,Rail,74.26,1,2
81.6,72.5,7.8,45.8,0.86,0.54,2305.5,Air,73.63,1,2
70.6,8.5,7.1,54.7,0.62,0.78,2412.9,Road,62.34,1,1
65.3,26.9,5.3,53.0,0.12,0.65,4323.6,Air,70.68,1,2
28.0,39.2,1.8,89.9,0.43,0.97,4601.5,Road,51.14,0,1
52.6,19.0,0.5,115.5,0.19,0.17,3328.4,Road,42.17,0,1
33.9,42.5,3.9,41.4,0.57,0.46,924.7,Road,48.51,0,1
57.7,77.3,7.8,115.5,0.47,0.54,1099.8,Road,78.73,1,2
91.5,1.2,3.6,16.8,0.27,0.73,3309.5,Air,63.32,1,1
55.2,6.7,8.1,53.6,0.82,0.15,2754.0,Sea,54.44,0,1
99.8,82.4,9.3,57.8,0.61,0.82,4267.6,Road,95.38,1,2
49.9,59.9,3.8,17.8,0.79,0.21,4043.5,Road,47.17,0,1
17.1,26.8,4.4,83.3,0.43,0.1,4627.6,Rail,39.89,0,0
98.0,98.8,2.4,19.1,0.54,0.52,713.0,Road,75.68,1,2
17.0,55.4,3.6,98.0,0.32,0.29,1902.0,Rail,50.28,0,1
57.7,71.9,4.2,98.4,0.11,0.96,896.5,Sea,96.54,1,2
72.6,89.4,9.2,35.7,0.95,0.71,2774.0,Rail,79.72,1,2
48.4,37.8,2.3,22.6,0.89,0.85,389.4,Road,43.85,0,1
4.3,7.7,7.8,23.5,0.17,0.94,3295.6,Road,61.11,1,1
62.9,98.7,3.7,47.2,0.28,0.18,4654.1,Road,72.23,1,2
98.6,28.8,0.0,115.6,0.74,0.63,4869.6,Air,47.69,0,1
68.2,66.7,7.2,88.6,0.34,0.53,4288.5,Sea,93.06,1,2
61.2,11.5,3.5,90.1,0.71,0.73,673.5,Rail,46.82,0,1
59.0,35.0,3.3,76.7,0.35,0.71,2296.9,Rail,60.51,1,1
36.1,27.6,9.7,91.9,0.31,0.89,3152.3,Road,75.46,1,2
28.8,96.3,1.4,137.8,0.22,0.49,2053.9,Road,62.36,1,1
72.9,10.2,3.8,125.1,0.24,0.22,187.8,Rail,54.44,0,1
29.2,1.8,9.1,16.7,0.87,0.79,2196.1,Road,50.13,0,1
91.3,59.7,8.6,62.0,0.92,0.16,3848.6,Road,68.16,1,2
19.3,45.7,7.6,113.4,0.72,0.41,321.9,Road,52.31,0,1
97.4,48.4,1.1,139.9,0.76,0.88,480.7,Road,58.96,0,1
43.9,42.6,5.6,36.3,0.94,1.0,2789.1,Sea,60.51,1,1
9.5,2.6,7.5,94.0,0.61,0.56,1792.9,Sea,57.63,0,1
3.9,25.0,5.3,130.5,0.19,0.8,2781.8,Sea,74.86,1,2
83.1,86.6,2.4,61.5,0.99,0.13,2199.0,Air,51.71,0,1
51.7,72.6,7.7,61.1,0.7,0.89,1224.5,Sea,84.2,1,2
19.5,76.1,5.8,25.5,0.93,0.32,3257.4,Rail,47.68,0,1
26.4,92.2,2.9,57.1,0.27,0.19,4738.6,Rail,59.44,0,1
9.8,36.0,8.8,135.5,0.97,0.31,2995.5,Road,43.35,0,1
25.8,29.4,0.5,119.3,0.94,0.68,3414.0,Road,26.93,0,0
8.1,83.7,5.8,42.9,0.16,0.81,1937.7,Sea,79.91,1,2
41.6,91.4,5.7,138.9,0.15,0.37,3964.0,Rail,77.19,1,2
47.6,87.7,5.0,25.9,0.25,0.27,294.6,Road,71.88,1,2
56.0,67.1,9.8,143.1,0.27,0.89,2066.4,Sea,113.33,1,2
56.8,7.2,3.4,72.9,0.37,0.65,3600.6,Road,51.85,0,1
30.1,22.6,3.8,42.8,0.81,0.72,465.1,Rail,40.01,0,1
87.1,92.9,5.3,37.4,0.21,0.12,4634.6,Sea,88.25,1,2
31.8,69.2,8.4,108.6,0.16,0.77,4350.2,Road,82.96,1,2
58.2,46.2,4.9,93.0,0.6,0.33,3761.6,Road,55.85,0,1
31.4,66.8,7.4,139.6,0.6,0.73,1221.8,Road,67.67,1,2
82.8,89.8,8.7,135.6,0.66,0.87,436.8,Rail,90.73,1,2
99.8,71.3,3.7,122.4,0.78,0.14,2234.3,Rail,61.25,1,1
17.1,43.0,9.4,46.8,0.18,0.23,1909.3,Road,67.12,1,2
95.5,96.4,6.5,120.4,0.63,0.34,434.3,Rail,81.73,1,2
7.1,70.9,9.9,108.4,0.53,0.3,2907.2,Rail,65.15,1,2
80.5,79.9,0.1,130.2,0.43,0.92,4827.2,Air,68.44,1,2
94.3,15.6,4.7,73.3,0.18,0.66,3562.8,Rail,71.99,1,2
65.1,63.8,0.2,41.8,0.58,0.99,4446.7,Road,58.28,0,1
32.7,82.8,3.9,123.9,0.13,0.11,264.5,Rail,63.97,1,1
19.4,62.7,7.8,93.0,0.97,0.27,1213.0,Road,48.63,0,1
82.0,8.2,5.6,75.6,0.9,0.86,3739.9,Road,54.87,0,1
9.8,7.2,5.4,94.6,0.91,0.6,3585.9,Rail,31.69,0,0
47.9,34.6,2.2,130.5,0.36,0.56,611.0,Road,51.49,0,1
79.8,57.9,8.1,29.3,0.26,0.86,4901.4,Road,90.25,1,2
82.6,80.4,8.0,38.3,0.19,0.92,1705.2,Sea,104.68,1,2
35.0,74.8,1.7,27.9,0.5,0.52,1639.5,Rail,52.81,0,1
52.6,2.8,0.4,90.3,0.14,0.31,2882.9,Rail,41.33,0,1
14.8,28.6,9.4,35.2,0.78,0.18,4330.8,Sea,52.57,0,1
57.5,84.1,7.4,21.1,0.55,0.83,2505.9,Road,81.11,1,2
47.0,41.4,3.0,91.4,0.74,0.49,3229.6,Road,44.82,0,1
90.8,2.4,1.6,47.4,0.74,0.19,4490.3,Air,37.62,0,0
46.5,77.2,5.8,92.3,0.56,0.32,642.6,Rail,64.03,1,1
63.5,56.8,8.8,92.0,0.77,0.66,3608.5,Air,72.39,1,2
36.8,13.7,1.9,48.2,0.95,0.57,4976.1,Rail,28.21,0,0
28.2,48.7,1.0,126.5,0.11,0.97,2356.9,Sea,78.11,1,2
12.8,5.2,0.4,93.8,0.32,0.54,4564.4,Road,30.97,0,0
50.4,90.5,3.5,92.3,0.91,0.19,688.2,Sea,64.7,1,1
52.8,23.6,4.0,128.5,0.73,0.49,3046.9,Road,45.36,0,1
39.5,83.5,9.6,134.7,0.61,0.22,3767.0,Sea,92.75,1,2
55.8,75.7,2.9,120.4,0.59,0.34,4937.1,Road,56.82,0,1
58.7,47.0,7.4,87.9,0.46,0.69,4057.9,Rail,72.4,1,2
12.1,16.3,8.2,82.7,0.64,0.8,849.5,Sea,65.01,1,2
26.4,89.2,4.3,54.8,0.67,0.51,3536.1,Sea,65.89,1,2
86.0,21.1,1.9,30.8,0.43,0.94,342.0,Sea,65.59,1,2
48.3,18.2,5.1,113.6,0.44,0.57,2778.5,Air,54.44,0,1
34.7,22.0,5.4,124.4,0.31,0.25,4416.5,Air,51.42,0,1
7.1,29.2,7.4,63.0,0.62,0.48,1419.4,Road,48.09,0,1
50.9,38.9,2.1,127.9,0.56,0.5,1409.6,Road,47.25,0,1
64.1,99.1,7.5,106.5,0.51,0.35,4399.6,Rail,80.74,1,2
56.6,66.3,2.9,132.0,0.65,0.54,517.9,Sea,76.15,1,2
78.6,8.2,0.9,122.5,0.68,0.69,1429.9,Rail,42.71,0,1
28.0,7.8,3.2,15.7,0.46,0.69,4003.5,Rail,42.48,0,1
5.1,6.1,1.4,45.9,0.82,0.17,588.4,Road,13.94,0,0
58.0,46.4,9.7,97.9,0.17,0.57,3085.5,Road,84.47,1,2
23.1,39.7,7.6,119.8,0.46,0.15,219.1,Road,54.1,0,1
18.3,86.7,3.6,126.2,0.64,0.28,1984.7,Sea,69.12,1,2
64.9,38.6,4.2,112.4,0.23,0.6,3880.2,Rail,66.69,1,2
53.4,43.4,3.6,26.3,0.3,0.56,4099.6,Rail,60.9,1,1
85.5,63.5,2.8,19.4,0.66,0.83,3532.0,Air,66.69,1,2
77.2,79.2,9.9,95.9,0.58,0.46,1109.9,Air,86.06,1,2
45.3,81.0,1.4,52.1,0.29,0.76,3693.0,Road,64.97,1,1
30.9,73.1,1.7,124.6,0.48,0.34,3538.3,Sea,68.12,1,2
97.7,49.1,1.9,108.5,0.82,0.25,4305.6,Rail,50.75,0,1
67.5,93.9,7.8,138.6,0.59,0.77,4601.3,Rail,85.51,1,2
98.9,41.9,5.6,33.4,0.8,0.41,4327.5,Rail,63.09,1,1
58.1,44.1,1.2,142.7,0.34,0.92,3335.3,Air,59.47,0,1
23.4,85.4,2.9,70.8,0.18,0.65,3834.8,Rail,66.04,1,2
67.2,34.0,5.0,56.3,0.36,0.92,4413.8,Road,70.06,1,2
90.6,39.2,8.4,92.7,0.16,0.73,2376.5,Rail,89.56,1,2
63.6,21.8,1.8,127.1,0.4,0.97,1963.5,Sea,75.3,1,2
46.6,1.8,0.8,138.8,0.66,0.41,1127.8,Road,29.0,0,0
22.1,73.4,9.1,83.1,0.39,0.92,1401.1,Road,80.4,1,2
71.8,2.7,4.7,66.8,0.26,0.75,2767.0,Road,62.3,1,1
31.3,52.6,9.9,53.5,0.16,0.36,748.8,Road,77.21,1,2
43.5,97.5,1.1,77.3,0.45,0.18,4005.4,Rail,55.18,0,1
67.0,60.1,2.9,113.5,0.97,0.87,952.0,Road,54.33,0,1
48.7,3.0,1.8,16.7,0.69,0.69,1885.0,Rail,36.3,0,0
56.3,69.2,8.4,110.7,0.82,0.51,838.8,Rail,68.76,1,2
21.1,76.5,1.1,30.3,0.68,0.73,4272.9,Road,46.41,0,1
81.9,32.7,7.6,114.0,0.73,0.36,4047.5,Sea,80.97,1,2
15.2,4.9,4.8,22.7,0.62,0.5,1815.7,Road,36.37,0,0
17.3,30.3,8.6,30.9,0.61,0.81,2197.3,Sea,64.23,1,1
5.9,3.4,1.0,104.8,0.58,0.82,4467.5,Road,28.13,0,0
70.7,32.9,1.5,95.8,0.45,0.57,648.0,Road,52.6,0,1
93.2,79.0,8.5,48.1,0.66,0.24,4750.7,Rail,80.84,1,2
7.0,91.1,5.1,80.5,0.82,0.43,1283.5,Road,50.72,0,1
17.7,41.5,3.1,118.9,0.68,0.79,3293.1,Road,44.02,0,1
37.3,91.5,3.0,76.5,0.28,0.14,2097.3,Air,61.43,1,1
28.3,85.9,4.0,60.5,0.36,0.71,2462.7,Rail,67.32,1,2
63.0,45.7,5.0,63.1,0.73,0.82,561.7,Air,61.16,1,1
4.0,89.5,0.5,35.6,0.18,0.6,3033.3,Air,54.48,0,1
58.3,51.3,0.5,113.9,0.65,0.37,4279.6,Road,43.12,0,1
55.2,68.1,5.2,75.0,0.64,0.66,2332.3,Road,65.33,1,2
4.1,0.7,3.0,65.1,0.21,0.62,3781.4,Road,39.26,0,0
37.6,63.9,5.7,81.7,0.38,0.89,1718.6,Rail,71.31,1,2
92.1,65.6,8.4,97.1,0.27,0.81,3015.1,Road,94.82,1,2
19.3,31.7,2.9,54.3,0.77,0.53,627.6,Road,35.12,0,0
93.0,82.8,6.4,104.0,0.91,0.72,4418.9,Sea,91.85,1,2
73.1,24.6,5.4,28.4,0.84,0.25,4718.7,Rail,48.32,0,1
25.9,57.9,2.6,118.0,0.52,0.61,4585.7,Road,49.85,0,1
0.8,50.6,6.3,49.1,0.31,0.14,2336.2,Road,51.31,0,1
42.3,46.5,9.5,37.2,0.64,0.41,677.0,Road,65.81,1,2
59.9,2.1,8.0,141.6,0.41,0.25,2467.0,Road,58.06,0,1
10.8,96.8,0.6,127.2,0.14,0.28,2924.2,Sea,73.42,1,2
6.3,74.4,2.2,99.2,0.51,0.76,2877.9,Sea,65.12,1,2
4.5,2.5,3.5,84.9,0.56,0.44,3317.3,Air,29.59,0,0
75.8,36.8,8.4,52.4,0.94,0.17,1282.2,Air,57.37,0,1
77.0,33.3,6.2,95.7,0.5,0.97,456.1,Rail,73.29,1,2
66.5,34.2,6.4,49.2,0.33,0.78,2132.3,Road,72.95,1,2
71.7,54.0,5.5,71.1,0.58,0.99,3301.7,Rail,73.51,1,2
34.7,1.6,2.1,87.0,0.28,0.22,1469.9,Road,36.82,0,0
11.9,18.9,1.3,43.4,0.77,0.96,3737.8,Rail,31.59,0,0
13.6,16.2,2.0,92.6,0.6,0.15,3966.7,Sea,39.61,0,0
31.5,25.7,5.2,44.1,0.19,0.44,1394.3,Road,56.56,0,1
37.4,85.1,7.3,31.7,0.59,0.65,3113.5,Sea,77.1,1,2
90.8,4.2,9.7,117.8,0.36,0.54,284.6,Road,77.01,1,2
37.7,28.9,9.9,103.0,0.27,0.49,2375.6,Road,71.98,1,2
43.6,91.2,0.6,49.4,0.18,0.58,1326.3,Road,64.84,1,1
43.0,82.8,9.9,108.8,0.93,0.33,3829.3,Rail,67.86,1,2
72.9,60.5,3.6,36.7,0.82,0.1,2682.7,Road,50.24,0,1
2.9,25.3,10.0,109.0,0.84,0.23,3374.3,Rail,44.33,0,1
44.7,65.7,7.0,13.1,0.16,0.21,1866.6,Road,72.88,1,2
86.9,80.7,8.0,14.2,0.99,0.37,3265.2,Rail,71.55,1,2
87.3,33.4,8.5,22.3,0.97,0.55,339.1,Road,64.66,1,1
74.0,5.4,1.6,70.6,0.76,0.86,1358.3,Road,43.54,0,1
40.1,98.8,4.3,35.8,0.93,0.68,1808.3,Sea,64.99,1,1
25.1,36.4,2.6,111.6,0.87,0.75,2378.4,Road,37.89,0,0
9.1,84.5,1.1,139.1,0.74,0.54,3943.8,Road,41.18,0,1
48.2,19.7,1.9,73.7,0.46,0.48,1700.0,Air,43.38,0,1
85.7,85.5,0.7,90.5,0.68,0.58,3819.1,Sea,75.14,1,2
34.8,93.0,3.9,56.7,0.77,0.31,2810.3,Rail,53.99,0,1
51.4,60.7,2.2,67.0,0.38,0.8,3355.6,Road,62.1,1,1
32.8,82.0,4.6,94.7,0.5,0.78,3225.0,Rail,66.62,1,2
40.3,88.1,4.3,82.9,0.99,0.81,1405.7,Road,57.39,0,1
14.0,83.5,6.1,52.9,0.74,0.42,2086.6,Sea,63.25,1,1
69.4,93.7,9.6,44.9,0.59,0.42,4967.3,Rail,85.99,1,2
4.9,25.9,9.5,93.1,0.19,0.21,405.2,Road,59.68,0,1
97.4,11.9,8.8,132.6,0.54,0.63,1679.8,Sea,94.61,1,2
38.4,87.6,2.7,17.7,0.15,0.54,2122.0,Road,69.04,1,2
27.1,98.3,8.9,22.9,0.78,0.23,1848.5,Rail,66.94,1,2
59.0,16.1,0.6,39.5,0.17,0.28,2199.5,Rail,45.7,0,1
90.3,70.5,6.5,101.9,0.75,0.22,4196.7,Road,69.33,1,2
88.4,54.5,6.5,22.3,0.43,0.67,4890.7,Rail,79.42,1,2
92.5,23.6,1.1,130.0,0.15,0.27,4282.1,Sea,77.17,1,2
9.4,71.3,5.8,62.8,0.28,0.68,1563.0,Sea,75.23,1,2
22.7,65.5,1.3,32.3,0.66,0.54,2572.5,Rail,42.71,0,1
7.3,41.7,9.6,101.3,0.74,0.29,3098.5,Road,51.95,0,1
9.3,1.7,4.7,141.2,0.74,0.12,139.7,Road,25.3,0,0
18.8,83.0,8.1,108.8,0.66,0.19,688.8,Road,61.15,1,1
12.0,22.3,4.9,68.8,0.5,0.4,3237.1,Air,41.98,0,1
33.2,69.3,1.9,132.1,0.51,0.64,2893.0,Road,53.06,0,1
40.9,99.8,1.2,57.3,0.11,0.18,3262.4,Rail,63.54,1,1
33.9,93.1,3.4,35.0,0.33,0.56,4263.4,Sea,72.61,1,2
40.8,48.5,9.4,141.1,0.71,0.76,1979.1,Rail,69.02,1,2
86.8,8.4,0.4,107.4,0.62,0.89,583.3,Sea,63.98,1,1
82.8,89.3,3.4,43.3,0.77,0.85,2947.6,Road,71.61,1,2
96.3,1.2,5.1,93.1,0.17,0.22,4178.2,Rail,63.82,1,1
78.8,31.5,5.1,96.9,0.68,0.99,1237.4,Rail,65.75,1,2
84.2,72.9,2.2,65.2,0.15,0.99,2036.6,Rail,81.96,1,2
69.4,78.9,4.0,105.5,0.26,0.61,476.4,Road,76.64,1,2
17.4,57.6,0.6,57.0,1.0,0.63,2371.1,Rail,30.05,0,0
93.7,32.3,7.8,67.4,0.81,0.35,1665.0,Rail,64.99,1,1
20.9,11.6,9.3,143.5,0.63,0.35,3325.1,Sea,71.97,1,2
67.8,49.5,5.1,141.2,0.57,0.31,2025.7,Road,60.01,1,1
23.0,61.1,7.5,25.8,0.84,0.54,3533.5,Rail,55.8,0,1
9.0,97.8,6.1,85.8,0.42,0.87,970.8,Sea,85.43,1,2
19.6,97.5,3.0,39.8,0.18,0.51,3865.2,Air,66.27,1,2
23.2,81.7,7.9,49.5,0.82,0.58,2001.4,Road,63.09,1,1
38.0,11.7,4.6,102.9,0.52,0.94,2456.8,Road,52.19,0,1
6.9,92.3,9.3,110.6,0.91,0.39,1149.1,Road,60.76,1,1
58.6,44.0,6.1,54.7,0.52,0.81,3783.5,Road,67.91,1,2
79.9,8.5,3.3,85.8,0.58,0.53,1528.2,Rail,50.61,0,1
76.4,70.1,8.8,98.8,0.77,0.7,4491.9,Road,79.41,1,2
83.7,71.6,6.2,81.0,0.24,0.26,2038.5,Road,80.27,1,2
97.9,10.5,3.9,12.3,0.18,0.42,2486.3,Road,65.63,1,2
99.6,6.3,7.1,26.3,0.34,0.78,2364.6,Sea,80.09,1,2
41.0,95.9,8.6,24.7,0.9,0.54,3057.3,Sea,74.32,1,2
50.2,67.0,0.2,62.9,0.87,0.39,3012.5,Rail,39.07,0,0
49.8,26.2,3.0,69.7,0.21,0.73,2912.9,Road,58.72,0,1
64.2,51.4,2.2,54.8,0.98,0.55,930.4,Air,44.46,0,1
24.6,64.4,3.2,87.3,0.32,0.65,1479.9,Rail,58.44,0,1
77.3,47.5,8.4,24.7,0.83,0.78,2803.5,Road,72.26,1,2
12.7,20.7,4.2,142.7,0.77,0.31,4984.4,Sea,52.59,0,1
95.1,6.8,3.4,65.0,0.86,0.5,1963.9,Road,46.67,0,1
12.5,81.9,5.8,17.9,0.9,0.93,1760.0,Sea,60.06,1,1
74.3,60.5,2.6,109.9,0.28,0.76,1918.1,Rail,70.62,1,2
39.7,3.9,6.6,40.8,0.63,0.2,4163.9,Rail,42.78,0,1
63.4,83.6,0.3,17.8,0.17,0.18,3310.2,Sea,63.81,1,1
31.4,49.3,3.5,43.0,0.18,0.77,4536.6,Road,62.83,1,1
12.0,44.9,4.8,15.4,0.72,0.68,663.3,Sea,48.24,0,1
93.8,3.2,5.3,75.8,0.64,0.71,3764.7,Road,59.8,0,1
51.0,91.8,0.6,30.4,0.71,0.56,2202.2,Sea,57.87,0,1
30.1,14.2,8.3,126.8,0.1,0.73,4220.9,Road,69.36,1,2
62.4,63.7,3.9,108.4,0.18,0.93,1251.7,Road,77.51,1,2
25.8,13.1,4.5,129.0,0.19,0.48,742.3,Rail,50.79,0,1
4.0,71.7,9.5,54.1,0.29,1.0,3708.1,Air,80.29,1,2
79.4,63.6,7.1,125.2,0.55,0.56,1340.0,Road,76.8,1,2
99.6,7.3,7.0,121.4,0.63,0.31,2501.1,Road,61.83,1,1
95.6,18.0,5.6,23.1,0.58,0.78,1234.0,Road,67.3,1,2
88.0,76.4,9.5,96.7,0.43,0.7,3321.7,Road,94.41,1,2
74.7,89.3,9.9,129.0,0.58,0.51,2739.5,Sea,108.24,1,2
16.2,36.8,3.5,115.3,0.48,0.79,2764.6,Rail,48.73,0,1
15.6,45.2,5.9,105.8,0.72,0.94,3556.2,Road,53.85,0,1
15.0,27.7,0.2,78.1,0.89,0.16,306.3,Road,16.4,0,0
46.0,96.9,7.7,135.2,0.6,0.89,273.2,Sea,102.58,1,2
47.6,32.0,8.8,126.8,0.67,0.5,599.5,Road,61.96,1,1
57.8,8.1,5.6,94.2,0.81,0.57,2292.8,Road,46.61,0,1
22.7,23.8,1.7,19.0,0.8,0.13,1782.7,Road,23.7,0,0
4.0,48.1,4.1,126.1,0.84,0.29,1417.4,Sea,52.58,0,1
10.1,34.6,6.3,132.9,0.35,0.73,4425.4,Air,57.37,0,1
6.9,48.0,8.7,21.4,0.3,0.47,4443.9,Sea,67.47,1,2
79.3,65.8,6.3,89.8,0.81,0.41,1245.7,Road,66.08,1,2
13.5,31.3,7.3,28.2,0.77,0.17,4123.8,Road,41.27,0,1
75.0,46.3,5.1,76.0,0.25,0.75,2563.0,Sea,86.95,1,2
10.7,82.1,5.3,55.6,0.24,0.24,4147.9,Sea,69.81,1,2
49.6,90.5,2.1,73.8,0.19,0.45,1608.2,Road,68.23,1,2
28.8,74.7,4.5,64.4,0.35,0.3,2267.6,Sea,69.76,1,2
65.1,13.9,4.6,136.9,0.74,0.66,1062.7,Road,50.06,0,1
14.6,65.7,0.6,123.7,0.88,0.57,4743.9,Air,33.27,0,0
58.9,91.7,8.4,89.4,1.0,0.29,1742.1,Air,67.11,1,2
57.2,75.5,6.2,58.7,0.87,0.21,1986.4,Sea,67.15,1,2
40.3,9.1,0.7,38.8,0.98,0.54,3258.5,Rail,22.89,0,0
48.2,62.1,9.1,53.7,0.23,0.56,823.3,Rail,82.56,1,2
14.7,26.5,5.9,14.7,0.43,0.23,314.0,Rail,45.58,0,1
81.1,97.4,4.0,33.1,0.28,0.5,2401.0,Road,82.04,1,2
60.5,43.8,1.7,23.7,0.36,0.99,2089.0,Rail,62.03,1,1
11.9,14.8,3.1,94.5,0.2,0.43,4131.5,Sea,56.58,0,1
91.8,36.6,4.2,68.9,0.88,0.72,333.1,Road,58.67,0,1
62.3,27.0,6.0,36.0,0.15,0.26,380.3,Road,65.49,1,2
17.2,82.6,9.2,89.0,0.48,0.9,3592.9,Sea,92.45,1,2
22.4,64.0,0.2,69.3,0.21,0.42,3370.8,Rail,48.29,0,1
20.4,27.3,3.4,135.8,0.51,0.32,1489.2,Road,39.2,0,0
22.5,79.5,2.7,89.5,0.34,0.64,1188.2,Road,59.9,0,1
21.0,15.3,8.1,98.5,0.7,0.65,2848.1,Sea,65.38,1,2
74.6,20.7,4.4,97.7,0.91,0.36,3154.8,Rail,44.67,0,1
59.1,10.0,6.8,52.0,0.19,0.47,4259.5,Rail,64.81,1,1
23.3,59.1,6.7,128.3,0.13,0.39,1882.7,Rail,68.25,1,2
93.2,4.5,0.4,94.6,0.52,0.9,1003.6,Sea,65.36,1,2
1.2,70.3,3.1,140.7,0.16,0.64,465.9,Sea,78.82,1,2
68.6,20.5,9.1,138.7,0.23,0.87,1741.4,Sea,102.61,1,2
54.3,65.6,7.3,89.5,0.7,0.53,1734.3,Sea,80.88,1,2
53.1,61.7,9.1,21.5,0.8,0.11,4864.2,Road,62.97,1,1
55.1,13.0,5.9,105.2,0.51,0.27,1404.3,Air,51.29,0,1
48.7,4.5,6.6,13.1,0.67,0.79,4476.6,Road,53.3,0,1
94.6,4.0,9.4,103.1,0.92,0.26,4186.9,Road,58.73,0,1
61.9,14.5,8.1,74.7,0.53,0.87,3185.5,Rail,68.41,1,2
45.9,53.9,3.1,84.6,0.99,0.37,966.5,Air,40.05,0,1
86.0,55.3,6.0,129.8,0.13,0.27,430.0,Road,79.27,1,2
89.0,31.2,0.5,103.9,0.26,0.22,550.6,Road,53.33,0,1
77.4,5.8,9.0,73.3,0.37,0.68,101.7,Road,73.8,1,2
57.4,71.4,8.8,122.0,0.69,0.88,3621.1,Rail,79.57,1,2
4.3,16.5,2.7,54.0,0.18,0.62,2154.5,Air,42.79,0,1
91.0,71.3,2.4,130.0,0.64,0.52,4149.6,Air,64.51,1,1
81.8,16.9,6.8,26.2,0.53,0.5,2325.3,Sea,68.16,1,2
93.4,11.4,0.0,131.9,0.21,0.48,3988.2,Road,53.26,0,1
13.5,83.6,4.1,92.8,0.72,0.93,3534.6,Rail,57.53,0,1
96.1,63.0,3.0,125.7,0.46,1.0,1097.0,Road,77.26,1,2
96.6,6.9,0.6,99.0,0.88,0.7,1225.0,Rail,41.22,0,1
45.3,8.5,3.0,128.2,0.15,0.72,322.4,Air,54.57,0,1
7.4,20.5,3.3,111.5,0.24,0.96,2754.6,Sea,67.18,1,2
62.2,58.5,8.2,16.6,0.58,0.1,2207.9,Rail,66.74,1,2
62.6,89.4,8.1,36.7,0.91,0.3,4417.4,Rail,69.08,1,2
53.1,98.4,8.7,69.3,0.91,0.88,331.6,Rail,79.52,1,2
32.8,26.5,1.2,130.4,0.15,0.73,4997.3,Rail,50.79,0,1
7.2,68.8,1.9,142.9,0.29,0.15,3454.1,Road,44.94,0,1
56.2,85.4,1.6,32.1,0.8,0.17,4264.2,Rail,47.85,0,1
31.4,20.2,6.1,137.2,0.38,0.45,1234.7,Rail,53.59,0,1
10.0,47.1,2.8,57.2,0.81,0.91,4932.2,Air,40.91,0,1
19.0,93.4,8.1,40.4,0.8,0.67,202.1,Road,67.49,1,2
79.1,43.8,9.4,25.9,0.62,0.91,1667.7,Road,82.14,1,2
80.6,60.6,0.2,24.8,0.8,0.47,3032.8,Sea,51.71,0,1
76.8,44.7,4.7,135.3,0.76,0.17,2348.1,Rail,52.98,0,1
7.6,56.0,9.8,62.3,0.7,0.37,4159.5,Air,58.09,0,1
11.1,93.6,5.6,137.9,0.7,0.79,4228.6,Road,62.29,1,1
23.3,7.0,7.9,78.8,0.78,0.57,605.0,Road,45.43,0,1
97.9,22.5,5.4,63.4,0.28,0.79,3667.8,Sea,85.49,1,2
27.5,49.2,7.4,115.0,0.34,0.64,3333.6,Air,67.53,1,2
93.5,23.8,1.6,73.1,0.27,0.87,4267.5,Road,65.44,1,2
65.9,55.6,6.7,80.6,0.23,0.27,1499.0,Rail,73.62,1,2
2.7,15.2,8.1,127.9,0.83,0.38,4668.5,Rail,38.71,0,0
48.7,75.4,7.3,113.2,0.98,0.82,479.3,Rail,65.87,1,2
83.6,58.7,3.1,116.3,0.13,0.44,4694.4,Sea,90.69,1,2
6.4,40.0,3.3,96.2,0.68,0.42,4436.2,Road,35.86,0,0
61.0,74.6,9.8,33.4,0.6,0.68,1249.8,Rail,83.33,1,2
32.0,83.7,9.2,26.9,0.25,0.61,107.3,Rail,84.37,1,2
20.0,97.4,5.2,110.8,0.37,0.3,460.9,Road,65.17,1,2
52.8,90.4,6.9,109.7,0.2,0.33,4167.9,Road,81.5,1,2
79.6,96.1,8.1,72.2,0.67,0.53,2171.4,Rail,84.52,1,2
77.9,71.9,5.9,59.6,0.87,0.57,3362.2,Road,66.78,1,2
17.4,14.1,0.7,130.7,0.8,0.66,3463.5,Air,24.97,0,0
34.8,1.5,4.8,57.8,0.27,0.82,3483.3,Road,54.01,0,1
34.8,45.1,8.4,46.6,0.13,0.94,171.8,Road,81.26,1,2
82.4,70.0,3.2,109.9,0.56,0.76,492.4,Rail,70.22,1,2
49.6,32.7,5.0,32.9,0.62,0.79,1552.7,Road,57.12,0,1
37.5,70.5,2.1,97.5,0.3,0.92,3683.1,Air,64.6,1,1
80.5,24.3,8.2,117.9,0.21,0.36,2563.0,Air,76.13,1,2
89.1,50.1,2.0,105.2,0.9,0.6,2551.0,Rail,52.47,0,1
32.4,47.4,7.4,56.1,0.37,0.91,1532.4,Rail,71.61,1,2
98.5,70.5,6.4,99.9,0.56,0.65,3600.0,Sea,97.27,1,2
53.6,66.2,9.4,69.1,0.52,0.73,1694.1,Road,80.85,1,2
6.2,43.6,5.9,75.4,0.95,0.31,2748.5,Rail,36.02,0,0
36.6,20.2,6.9,107.8,0.45,0.12,3600.5,Sea,66.7,1,2
54.4,75.2,9.9,96.8,0.92,0.14,3086.7,Road,66.31,1,2
82.6,65.8,3.3,50.4,0.41,0.18,1377.8,Air,64.29,1,1
70.9,7.1,2.4,44.4,0.92,0.65,2833.7,Rail,38.45,0,0
20.0,47.0,3.5,126.7,0.1,0.36,1884.8,Sea,73.91,1,2
42.4,59.0,6.9,124.1,0.3,0.38,311.2,Rail,69.31,1,2
9.8,91.3,4.7,65.0,0.45,0.41,1003.5,Sea,69.3,1,2
87.7,78.4,6.2,126.2,0.88,0.4,3558.3,Sea,88.25,1,2
0.4,6.1,9.7,76.6,0.86,0.94,2528.9,Air,48.46,0,1
26.1,86.4,5.4,124.2,0.36,0.43,1254.8,Road,66.7,1,2
76.2,33.5,6.6,36.0,0.56,0.56,354.6,Air,66.78,1,2
2.2,89.6,1.6,113.0,0.59,0.68,2243.5,Sea,65.08,1,2
72.1,38.2,3.2,66.3,0.99,0.98,1672.4,Rail,52.43,0,1
65.4,87.0,8.1,78.1,0.41,0.76,1943.3,Rail,88.64,1,2
44.5,24.6,0.0,85.0,0.96,0.64,1477.8,Rail,27.95,0,0
14.1,47.6,6.1,101.6,0.55,0.37,4891.6,Rail,50.53,0,1
30.9,58.8,7.6,26.0,0.69,0.9,4077.6,Sea,70.49,1,2
19.9,49.5,3.3,45.2,0.71,0.76,1638.4,Rail,45.94,0,1
0.6,43.1,3.0,107.2,0.63,0.21,2732.6,Road,32.28,0,0
36.8,14.5,2.1,12.1,0.67,0.74,2872.6,Rail,38.71,0,0
90.2,88.7,7.6,61.7,0.91,0.14,1149.6,Rail,71.98,1,2
48.0,51.0,9.8,55.2,0.47,0.86,3891.1,Road,80.22,1,2
60.1,83.3,7.0,77.4,0.7,0.83,4342.0,Road,76.87,1,2
94.1,51.0,7.7,141.7,0.32,0.81,3101.6,Rail,88.5,1,2
45.1,49.7,3.2,110.9,0.75,0.62,4342.8,Sea,65.32,1,2
58.3,8.1,7.1,138.5,0.99,0.22,2988.9,Road,41.38,0,1
9.2,4.3,6.3,42.5,0.83,0.96,2882.4,Road,40.8,0,1
13.4,45.7,1.4,102.7,0.19,0.53,2629.5,Road,47.16,0,1
58.4,6.9,6.6,106.5,0.68,0.54,2053.1,Rail,52.17,0,1
4.8,50.9,9.3,139.7,0.46,0.66,2833.8,Sea,86.2,1,2
3.6,25.9,5.0,143.5,0.45,0.42,4760.1,Road,42.31,0,1
10.5,64.5,8.7,88.2,0.45,0.7,4395.7,Rail,69.01,1,2
23.3,38.4,9.0,60.6,0.72,0.71,2436.2,Air,60.05,1,1
9.8,32.1,0.8,111.4,0.15,0.95,932.4,Rail,48.45,0,1
25.6,97.0,8.3,57.1,0.45,0.25,2150.4,Rail,73.0,1,2
73.9,57.1,5.3,35.7,0.17,0.57,3528.1,Road,78.09,1,2
41.6,12.0,6.4,92.5,0.92,0.63,719.2,Air,44.19,0,1
66.4,83.1,1.2,105.9,0.15,0.75,1743.2,Rail,73.31,1,2
76.5,85.8,1.2,64.7,0.22,0.14,4136.1,Rail,65.82,1,2
32.8,93.0,7.2,143.8,0.42,0.26,2354.4,Sea,93.03,1,2
89.4,0.7,8.3,51.0,0.66,0.14,2465.0,Rail,57.93,0,1
86.2,75.7,9.8,42.8,0.57,0.56,1918.7,Rail,89.0,1,2
41.3,76.7,9.3,108.2,0.55,0.87,3366.8,Sea,97.93,1,2
82.5,18.0,8.1,14.0,0.12,0.69,1503.8,Road,81.83,1,2
33.7,49.0,9.7,81.2,0.69,0.58,383.9,Road,66.19,1,2
72.3,42.7,7.1,62.5,0.44,0.11,4546.7,Road,65.78,1,2
97.1,11.2,9.9,24.6,0.74,0.22,676.0,Rail,66.64,1,2
31.2,98.3,3.7,60.9,0.48,0.63,3600.5,Rail,66.08,1,2
57.3,73.9,0.5,86.6,0.85,0.32,2532.9,Sea,55.93,0,1
36.0,11.7,7.2,83.4,0.28,0.98,3827.3,Road,66.3,1,2
49.7,56.0,2.3,142.6,0.72,0.46,3663.3,Road,47.4,0,1
21.8,52.3,3.7,40.5,0.92,0.37,3179.4,Rail,37.27,0,0
42.8,49.1,2.8,117.2,0.21,0.59,469.7,Road,59.89,0,1
64.5,50.0,0.1,126.3,0.95,0.21,1485.3,Road,33.19,0,0
34.5,3.3,5.0,22.5,0.49,0.57,2196.6,Road,45.95,0,1
28.9,65.4,0.8,14.0,0.47,0.9,214.8,Road,52.68,0,1
33.1,84.7,2.2,30.2,0.21,0.31,4839.4,Road,60.6,1,1
31.2,79.6,4.1,21.8,0.9,0.31,1130.7,Road,47.07,0,1
16.0,22.0,5.1,132.7,0.69,0.14,4963.2,Air,34.64,0,0
90.6,36.7,7.5,22.1,0.88,0.9,1148.1,Rail,70.9,1,2
95.6,78.2,2.1,77.2,0.74,0.81,3535.2,Road,68.35,1,2
26.5,65.1,4.9,143.2,0.51,0.48,2528.6,Road,56.94,0,1
61.7,77.6,6.8,62.7,0.52,0.55,1509.7,Road,75.56,1,2
31.5,82.2,6.1,47.9,0.86,0.22,3666.2,Air,53.5,0,1
58.0,92.4,1.6,131.7,0.53,0.78,2851.1,Road,65.96,1,2
29.3,12.1,8.3,75.8,0.24,0.2,3337.3,Air,57.35,0,1
6.1,20.8,0.2,111.5,0.42,0.55,2750.5,Road,29.95,0,0
15.0,97.0,4.4,70.8,0.84,0.12,493.9,Sea,57.64,0,1
52.3,89.9,3.0,76.5,0.12,0.45,4857.5,Rail,73.09,1,2
24.9,54.2,1.0,126.9,0.56,0.43,3109.7,Sea,59.44,0,1
48.4,60.3,7.6,131.6,0.4,0.18,3870.2,Sea,87.44,1,2
91.0,17.4,8.7,42.9,0.45,0.34,1051.8,Road,71.9,1,2
4.1,28.1,5.4,86.7,0.35,0.41,3074.5,Road,46.62,0,1
81.5,37.6,5.7,137.9,0.77,0.12,3416.6,Sea,75.18,1,2
48.7,33.3,5.6,135.1,0.95,0.28,2277.1,Road,42.73,0,1
15.4,76.4,3.6,129.6,0.42,0.81,1728.4,Rail,60.3,1,1
23.2,95.2,5.2,128.8,0.51,0.73,3431.6,Rail,68.45,1,2
99.1,73.8,5.5,137.3,0.73,0.45,4818.7,Road,73.32,1,2
34.8,86.6,10.0,128.0,0.52,0.69,3148.4,Rail,82.53,1,2
6.5,68.7,3.3,89.0,0.59,0.89,3150.0,Air,52.38,0,1
58.6,8.8,7.8,130.9,0.6,0.78,1692.6,Air,61.89,1,1
19.2,54.6,2.8,76.5,0.68,0.56,1092.4,Rail,43.16,0,1
89.8,39.4,3.0,26.8,0.48,0.95,4413.5,Sea,72.65,1,2
35.5,59.8,0.4,56.9,0.23,0.51,372.4,Road,51.78,0,1
61.8,70.2,1.5,46.1,0.45,0.72,3422.3,Road,61.91,1,1
85.2,96.2,4.0,27.0,0.88,0.65,2972.3,Rail,70.27,1,2
98.4,11.8,8.1,96.6,0.37,0.44,3517.8,Road,74.36,1,2
95.8,90.4,5.3,37.9,0.61,0.76,4288.2,Road,83.62,1,2
11.2,68.4,4.4,36.5,0.18,0.7,3972.3,Sea,69.63,1,2
33.8,51.9,8.4,52.2,0.74,0.11,2408.7,Sea,62.58,1,1
64.3,40.7,7.5,44.0,0.45,0.14,1991.3,Rail,64.38,1,1
12.4,71.6,4.2,84.7,0.26,0.9,2036.1,Road,65.41,1,2
38.3,33.9,9.9,14.1,0.81,0.12,2488.1,Sea,56.51,0,1
95.0,71.3,8.0,70.3,0.98,0.44,3624.5,Sea,83.01,1,2
19.1,73.8,4.1,98.9,0.36,0.44,3926.1,Air,58.27,0,1
49.7,18.2,8.1,36.8,0.19,0.21,2005.5,Rail,64.82,1,1
5.0,30.3,5.7,31.8,0.28,0.58,2074.6,Rail,52.46,0,1
64.0,23.4,0.6,131.6,0.77,0.27,4866.1,Sea,53.0,0,1
59.3,81.0,7.2,120.2,0.33,0.56,4314.5,Rail,81.77,1,2
83.5,12.6,4.0,45.7,0.27,0.49,1228.4,Road,61.53,1,1
87.2,6.5,7.2,122.2,0.8,0.38,2330.0,Sea,74.22,1,2
21.2,28.7,4.7,129.0,0.44,0.39,4697.4,Rail,46.53,0,1
85.9,36.0,2.9,27.1,0.51,0.18,586.7,Road,54.06,0,1
98.0,43.1,3.0,111.3,0.97,0.91,4775.7,Air,58.57,0,1
88.5,68.3,1.8,81.1,0.66,0.46,4857.0,Sea,72.14,1,2
86.4,33.0,8.9,108.0,0.35,0.92,523.7,Road,86.68,1,2
57.2,87.3,9.5,106.0,0.28,0.23,1337.5,Road,86.23,1,2
65.5,80.8,7.0,73.0,0.54,0.42,199.5,Air,75.41,1,2
78.8,39.4,0.8,14.1,0.81,0.94,4460.8,Road,50.62,0,1
17.8,87.4,4.9,99.9,0.24,0.85,750.7,Road,72.6,1,2
97.7,76.8,0.8,90.1,0.57,0.78,1508.4,Road,68.26,1,2
29.8,76.1,3.1,76.4,0.71,0.41,4646.1,Sea,60.78,1,1
51.5,76.3,0.4,103.3,0.2,0.13,1984.6,Road,55.16,0,1
54.8,23.9,10.0,86.6,0.76,0.31,1994.6,Road,60.07,1,1
83.7,11.7,4.3,58.4,0.87,0.92,1670.7,Rail,53.85,0,1
46.6,64.0,2.8,116.8,0.73,0.68,4588.9,Air,52.83,0,1
41.4,58.0,0.8,109.7,0.22,0.13,4932.8,Rail,48.63,0,1
35.4,66.3,1.4,89.0,0.33,0.23,4329.3,Road,49.85,0,1
88.4,47.6,2.3,80.1,0.27,0.66,1268.7,Rail,68.94,1,2
85.2,11.0,4.4,97.2,0.9,0.44,3261.3,Rail,46.47,0,1
42.9,81.1,1.4,92.8,0.69,0.92,2290.7,Road,56.82,0,1
41.6,96.9,0.9,39.3,0.57,0.29,4192.7,Sea,58.47,0,1
18.9,73.6,6.8,33.4,0.57,0.27,4187.3,Road,58.37,0,1
50.3,39.8,5.9,45.6,0.79,0.45,2826.4,Road,52.3,0,1
34.0,74.7,1.8,59.5,0.48,0.87,4365.5,Sea,67.72,1,2
40.6,18.3,5.1,125.4,0.31,0.38,1482.4,Rail,52.85,0,1
19.6,98.7,2.4,26.6,0.67,0.31,3095.5,Road,49.67,0,1
61.5,70.3,0.9,100.5,0.88,0.72,4785.9,Rail,49.29,0,1
43.6,67.6,7.2,27.1,0.52,0.13,1930.6,Road,63.15,1,1
90.6,40.6,5.3,61.3,0.42,0.49,4371.8,Sea,79.58,1,2
42.6,78.5,6.0,64.5,0.11,0.99,3060.3,Road,85.33,1,2
78.8,80.0,1.5,106.6,0.99,0.39,2764.3,Road,50.31,0,1
59.5,61.2,7.5,129.6,0.41,0.64,2826.9,Rail,76.94,1,2
89.9,97.7,7.7,96.4,0.89,0.52,4429.3,Rail,80.59,1,2
86.0,53.3,5.0,131.3,0.58,0.9,3509.5,Sea,93.52,1,2
86.4,37.2,8.7,61.9,0.14,0.14,2003.9,Road,80.61,1,2
97.8,17.3,9.9,111.8,0.42,0.81,1585.9,Road,85.18,1,2
10.8,52.8,4.4,87.8,0.32,0.48,4691.7,Rail,53.29,0,1
27.7,15.7,6.9,112.6,0.46,0.12,3378.0,Road,46.99,0,1
0.0,56.1,0.2,101.8,0.47,0.65,4092.6,Sea,52.93,0,1
80.6,50.9,0.7,58.3,0.67,0.65,955.1,Road,52.98,0,1
69.7,73.5,5.0,84.2,0.67,0.64,4349.7,Air,68.75,1,2
93.1,95.8,1.7,141.1,0.75,0.84,4068.8,Sea,92.31,1,2
70.8,50.3,0.2,98.0,0.89,0.5,4132.1,Road,41.16,0,1
5.9,34.1,0.6,103.0,0.59,0.67,132.4,Road,32.16,0,0
21.7,5.5,1.0,41.8,0.35,0.12,3216.5,Rail,27.97,0,0
9.3,13.0,9.3,85.6,0.93,0.77,2475.0,Air,46.78,0,1
1.6,32.1,6.8,46.4,0.85,0.15,1393.2,Air,34.57,0,0
27.2,48.3,7.9,111.6,0.46,0.88,4775.8,Road,69.15,1,2
57.9,6.1,1.7,109.1,0.48,0.68,4523.8,Rail,44.2,0,1
87.1,83.1,3.3,115.9,0.5,0.47,2066.8,Rail,71.89,1,2
66.4,16.1,1.1,12.3,0.46,0.71,4125.7,Sea,49.91,0,1
18.5,34.2,8.7,102.0,0.94,0.3,2663.8,Rail,45.16,0,1
48.1,28.3,4.5,35.5,0.29,0.58,4141.6,Rail,59.09,0,1
22.9,93.5,8.9,13.6,0.71,0.76,3084.5,Rail,74.29,1,2
59.6,55.7,6.5,119.3,0.25,0.18,4304.8,Air,69.68,1,2
60.0,15.3,9.2,127.7,0.13,0.17,843.6,Road,70.63,1,2
35.5,16.6,7.0,125.0,0.18,0.91,3668.7,Rail,68.25,1,2
16.7,99.9,5.5,12.5,0.13,0.86,1435.3,Air,80.15,1,2
71.7,48.5,0.1,15.8,0.83,0.4,1590.8,Rail,40.62,0,1
29.9,57.6,3.2,110.5,0.99,0.71,1954.4,Road,42.28,0,1
92.9,73.2,6.2,129.0,0.95,0.64,580.8,Road,71.09,1,2
39.4,66.3,10.0,20.6,0.12,0.75,3628.6,Rail,89.59,1,2
0.8,8.5,5.2,107.3,0.83,0.38,4903.3,Rail,27.68,0,0
54.0,23.5,6.6,89.2,0.4,0.52,1967.4,Sea,75.34,1,2
51.1,52.9,9.3,67.3,0.18,0.36,132.3,Road,80.06,1,2
35.3,53.2,1.2,107.3,0.46,0.81,2006.8,Air,51.18,0,1
13.0,39.5,5.3,124.3,0.57,0.3,225.8,Sea,63.03,1,1
67.8,72.1,7.9,113.9,0.51,0.91,2975.3,Road,84.46,1,2
29.9,31.9,3.8,91.3,0.2,0.87,3643.8,Sea,73.77,1,2
4.5,39.1,5.9,33.6,0.94,0.77,1594.0,Air,41.44,0,1
91.5,97.1,7.1,24.8,0.92,0.97,975.3,Air,84.85,1,2
16.1,4.0,7.6,56.6,0.73,0.59,291.1,Road,43.61,0,1
15.0,35.4,2.6,57.7,0.35,0.38,4386.5,Rail,42.58,0,1
14.6,40.6,2.0,72.7,0.7,0.73,2569.4,Rail,38.43,0,0
24.1,21.3,9.2,53.0,0.26,0.99,424.8,Rail,72.43,1,2
23.2,63.0,0.2,71.5,0.39,0.57,1759.6,Road,46.17,0,1
13.9,28.9,8.0,143.4,0.95,0.36,2240.6,Sea,63.05,1,1
76.4,31.9,2.2,64.1,0.12,0.22,2030.4,Road,58.97,0,1
72.3,1.0,7.6,58.1,0.38,0.83,4333.2,Rail,69.08,1,2
4.0,31.3,5.4,73.9,0.53,0.39,2145.8,Rail,42.41,0,1
12.4,93.0,5.0,106.2,0.85,0.77,1467.0,Rail,56.53,0,1
79.4,85.7,3.4,126.7,0.89,0.95,2178.4,Road,68.55,1,2
53.2,60.8,9.2,60.5,0.71,0.13,1919.7,Road,65.47,1,2
21.0,48.6,1.8,112.2,0.42,0.19,477.5,Rail,40.05,0,1
79.0,35.0,0.5,17.8,0.98,0.22,4946.9,Rail,33.93,0,0
74.2,51.3,5.5,90.1,0.12,0.66,2356.5,Air,79.82,1,2
72.7,0.8,1.0,123.7,0.97,0.97,1067.5,Rail,36.83,0,0
8.5,80.3,5.8,35.9,0.95,0.46,2399.3,Rail,47.54,0,1
75.3,21.6,5.2,91.4,0.45,0.64,2713.7,Road,63.09,1,1
40.1,42.8,6.7,138.9,0.27,0.65,2058.2,Road,68.73,1,2
21.6,89.5,8.7,30.6,0.82,0.68,1785.7,Road,68.54,1,2
46.2,0.8,3.6,126.4,0.71,0.61,3547.3,Rail,38.93,0,0
29.8,37.2,5.9,108.8,0.68,0.98,3392.6,Rail,57.3,0,1
87.2,22.3,5.0,54.3,0.83,0.34,1627.6,Air,51.82,0,1
51.6,98.6,1.8,120.0,0.3,0.2,2813.1,Rail,63.44,1,1
69.8,64.9,3.9,105.2,0.26,0.3,771.2,Road,68.25,1,2
8.6,83.6,5.1,107.4,0.92,0.42,2484.4,Road,46.83,0,1
31.6,75.2,0.8,124.8,0.53,0.81,2543.1,Road,53.1,0,1
68.5,8.3,2.1,54.2,0.72,0.73,1034.6,Road,43.55,0,1
28.0,87.9,4.5,131.9,0.36,0.53,1031.6,Air,66.55,1,2
57.5,25.1,6.3,39.8,0.55,0.8,789.8,Sea,68.77,1,2
27.8,70.3,6.2,49.5,0.31,0.27,4341.1,Road,64.53,1,1
25.4,74.8,2.4,61.7,0.65,0.97,3707.9,Road,55.58,0,1
21.9,96.1,9.6,103.8,0.24,0.4,1077.5,Sea,98.65,1,2
22.9,29.9,2.7,21.9,0.23,0.62,4203.0,Road,49.77,0,1
74.7,82.4,4.7,45.2,0.72,0.15,1639.0,Rail,62.63,1,1
3.5,57.5,5.4,68.3,0.46,0.36,1790.3,Road,50.24,0,1
24.8,92.2,3.6,58.7,0.87,0.21,406.1,Sea,55.1,0,1
90.9,42.1,5.5,137.5,0.41,0.66,3655.8,Rail,74.31,1,2
32.2,69.5,3.8,33.0,0.43,0.23,1205.8,Road,54.64,0,1
37.9,18.7,5.1,19.6,0.3,0.36,2314.0,Air,52.54,0,1
78.9,90.2,5.9,69.1,0.82,0.51,824.4,Rail,72.19,1,2
70.5,97.8,1.2,29.8,0.95,0.91,3909.9,Rail,60.56,1,1
2.6,29.3,7.1,79.4,0.43,0.17,2496.4,Road,45.95,0,1
10.6,90.3,7.4,18.8,0.49,0.57,4702.2,Road,68.92,1,2
42.9,5.2,0.8,133.8,0.38,0.72,1200.9,Road,40.69,0,1
50.0,81.5,0.5,51.3,0.1,0.86,333.9,Rail,69.57,1,2
16.6,47.0,7.5,54.9,0.81,0.34,1755.8,Sea,56.42,0,1
25.0,97.0,9.5,75.3,0.42,0.12,2701.5,Road,75.38,1,2
78.2,26.0,3.9,45.5,0.96,0.18,2950.5,Road,41.45,0,1
38.9,5.3,8.9,46.6,0.21,0.56,4149.8,Rail,66.03,1,2
79.1,53.3,8.5,126.0,0.76,0.95,2864.8,Road,78.89,1,2
74.7,72.7,2.0,128.5,0.91,0.64,871.6,Rail,54.72,0,1
37.3,47.7,6.0,19.5,0.69,0.68,3050.5,Rail,57.05,0,1
84.0,45.0,0.2,39.5,0.63,0.76,967.6,Rail,53.33,0,1
61.7,21.7,8.8,80.7,0.46,0.39,4128.3,Air,66.66,1,2
2.9,50.0,5.2,143.3,0.49,0.51,561.8,Road,49.17,0,1
19.6,90.8,9.6,137.4,0.67,0.3,857.7,Air,68.99,1,2
20.6,42.4,3.5,110.1,0.52,0.67,2118.4,Rail,48.35,0,1
0.9,74.0,0.2,71.9,0.99,0.95,1131.3,Road,33.91,0,0
69.8,77.5,2.9,128.5,0.51,0.35,2808.4,Road,62.89,1,1
71.9,57.8,3.3,86.1,0.91,0.85,3707.2,Sea,70.46,1,2
81.7,33.4,4.9,28.7,0.34,0.91,3570.4,Road,73.75,1,2
48.5,62.2,1.5,54.3,0.7,0.88,845.7,Rail,53.06,0,1
33.3,51.2,6.8,131.8,0.97,0.27,4278.7,Sea,66.0,1,2
66.8,83.2,0.8,141.0,0.98,0.55,1336.9,Air,48.53,0,1
75.3,26.5,2.3,125.6,0.42,0.34,767.7,Rail,51.94,0,1
77.7,19.3,0.1,53.4,0.43,0.49,2166.1,Air,46.01,0,1
52.0,22.8,5.4,127.1,0.24,0.79,288.1,Rail,65.69,1,2
26.1,27.8,2.1,17.4,0.18,0.39,906.9,Air,46.38,0,1
9.2,60.9,6.0,113.5,0.33,0.88,2976.2,Sea,82.36,1,2
49.9,56.5,5.6,136.3,0.56,0.25,148.8,Road,58.25,0,1
32.7,12.8,7.9,47.1,0.67,0.31,2291.5,Rail,47.86,0,1
93.0,97.2,7.0,13.9,0.18,0.61,3919.7,Rail,98.12,1,2
98.2,3.3,0.5,118.8,0.66,0.3,1390.0,Road,39.74,0,0
2.0,70.2,5.2,52.7,0.45,0.22,4188.7,Air,50.66,0,1
92.2,8.4,8.6,32.4,0.18,0.49,4813.9,Road,78.8,1,2
49.9,9.9,0.7,28.2,0.12,0.38,3140.2,Road,44.58,0,1
70.9,78.0,9.5,17.3,0.86,0.48,4429.2,Road,76.52,1,2
18.1,51.3,9.9,136.7,0.85,0.21,4166.2,Rail,54.09,0,1
87.2,32.9,4.2,103.1,0.91,0.79,3279.6,Sea,72.28,1,2
14.9,69.1,3.2,66.3,0.9,0.91,1791.5,Road,46.46,0,1
74.1,84.8,8.5,106.9,0.98,0.35,1802.6,Rail,70.94,1,2
75.3,43.5,8.7,105.6,0.36,0.74,4217.3,Road,82.74,1,2
3.3,31.2,8.2,120.2,0.41,0.71,976.7,Road,58.79,0,1
58.8,72.4,8.1,47.2,0.67,0.87,4301.5,Road,78.34,1,2
64.4,64.0,6.8,117.8,0.47,0.92,1467.0,Rail,79.68,1,2
76.8,25.7,0.3,28.1,0.66,0.29,4048.1,Road,39.6,0,0
66.2,49.9,5.8,47.2,0.34,0.86,3553.0,Road,75.65,1,2
5.3,5.4,2.8,133.1,0.86,0.23,2035.6,Rail,18.0,0,0
48.0,16.4,6.0,53.1,0.69,0.22,440.1,Rail,44.87,0,1
82.3,23.5,3.0,132.5,0.6,0.69,1956.1,Rail,55.83,0,1
60.0,24.5,2.9,81.5,0.68,0.43,810.6,Rail,44.18,0,1
15.2,5.6,2.6,57.7,0.18,0.34,1941.8,Rail,38.51,0,0
17.0,96.3,3.8,69.9,0.56,0.76,1004.6,Rail,62.02,1,1
31.3,47.0,3.7,16.5,0.89,0.97,4935.8,Sea,50.39,0,1
51.1,99.7,8.6,55.5,0.61,0.37,4149.1,Road,78.83,1,2
33.0,32.5,4.1,26.9,0.28,0.96,4278.2,Rail,60.93,1,1
19.2,45.6,3.6,123.8,0.16,0.34,3333.5,Sea,71.89,1,2
61.1,60.5,2.5,127.7,0.9,0.7,1632.7,Rail,50.88,0,1
82.0,15.7,5.5,117.3,0.92,0.8,2507.5,Road,54.8,0,1
61.3,94.4,3.6,16.9,0.94,0.31,4743.2,Road,56.04,0,1
14.9,23.1,9.8,23.7,0.78,0.37,3495.0,Rail,49.81,0,1
4.2,18.6,4.7,65.7,0.39,0.98,4851.9,Sea,59.66,0,1
59.1,14.3,0.0,68.8,0.63,0.38,2724.7,Sea,43.57,0,1
97.9,66.1,3.5,139.6,0.53,0.46,197.6,Rail,70.24,1,2
18.9,34.0,1.9,107.8,0.87,0.76,2094.6,Sea,49.88,0,1
60.8,53.1,3.5,83.1,0.65,0.69,3449.9,Road,58.24,0,1
47.2,45.1,2.5,86.6,0.72,0.88,4534.6,Rail,50.91,0,1
83.4,14.7,2.2,102.6,0.53,0.57,4334.2,Sea,66.7,1,2
5.9,75.8,2.0,100.6,0.7,0.39,3016.2,Air,39.74,0,0
43.8,25.1,9.2,142.1,0.57,0.85,3892.2,Sea,89.6,1,2
30.0,9.1,0.3,141.9,0.91,0.55,3201.8,Sea,42.61,0,1
24.4,37.8,7.8,129.9,0.32,0.57,3435.2,Sea,84.1,1,2
74.0,94.1,1.2,106.4,0.61,0.93,2610.5,Road,69.41,1,2
20.4,35.5,0.5,85.5,0.18,0.44,1493.3,Road,42.5,0,1
36.3,66.0,3.4,25.7,0.27,0.81,4279.1,Sea,70.06,1,2
89.2,77.9,6.5,143.3,0.45,0.99,2634.8,Air,89.83,1,2
77.0,73.2,9.9,118.2,0.59,0.57,1387.6,Sea,103.73,1,2
67.7,57.9,2.6,113.5,0.61,0.52,2936.6,Road,56.81,0,1
36.7,13.0,2.6,86.7,0.13,0.29,3919.0,Air,46.38,0,1
66.1,95.7,1.5,27.8,0.72,0.45,1620.3,Rail,58.6,0,1
16.0,78.5,8.2,27.3,0.84,0.28,2997.4,Rail,56.36,0,1
62.2,97.2,8.0,82.6,0.24,0.5,3522.4,Air,90.12,1,2
21.8,52.0,4.7,72.9,0.66,0.48,2969.8,Sea,59.14,0,1
16.6,23.0,3.4,104.1,0.93,0.68,4764.1,Rail,32.07,0,0
73.6,91.3,2.2,126.0,0.64,0.69,2993.7,Road,67.29,1,2
81.7,23.7,4.6,14.2,0.23,0.96,2972.8,Rail,73.83,1,2
84.5,8.4,8.1,89.6,0.19,0.39,3508.3,Rail,73.54,1,2
7.0,2.8,6.9,71.7,0.28,0.18,917.5,Rail,43.9,0,1
13.0,2.0,4.9,37.2,0.37,0.86,1874.4,Sea,52.72,0,1
90.1,23.9,5.4,51.4,0.41,0.13,3369.7,Rail,61.18,1,1
38.9,21.3,5.7,135.2,0.56,0.19,1500.6,Sea,66.21,1,2
72.7,91.3,7.6,109.0,0.69,0.42,2752.9,Road,77.94,1,2
33.7,35.9,1.2,132.0,0.25,0.48,2924.2,Air,46.81,0,1
20.9,4.6,5.2,56.5,0.6,0.71,3350.8,Road,42.65,0,1
94.8,79.2,2.2,49.0,0.68,0.84,2439.5,Road,70.72,1,2
21.6,71.9,9.1,46.3,0.46,0.94,1504.8,Sea,85.17,1,2
62.2,18.9,9.2,81.1,0.53,0.11,4835.2,Rail,61.18,1,1
33.6,44.5,1.9,97.9,0.77,0.3,3362.9,Rail,35.63,0,0
92.7,35.3,8.7,109.8,0.84,0.36,976.9,Rail,67.72,1,2
81.5,77.6,7.3,30.3,0.47,0.72,1978.6,Road,85.83,1,2
26.0,58.9,5.1,45.1,0.34,0.96,2394.4,Rail,67.25,1,2
41.1,18.6,7.4,59.2,0.57,0.14,3322.3,Air,49.83,0,1
54.0,78.8,0.8,16.1,0.55,0.14,3732.7,Road,48.85,0,1
4.0,58.0,9.3,106.7,0.64,0.93,4890.1,Sea,82.69,1,2
31.0,83.1,6.0,31.8,0.42,0.79,1345.4,Rail,72.97,1,2
65.9,88.0,0.2,64.2,0.83,0.76,3278.6,Road,54.51,0,1
6.6,84.2,3.8,138.9,0.61,0.97,1176.1,Rail,58.54,0,1
30.5,15.9,4.1,101.7,0.6,0.31,1441.8,Road,38.42,0,0
65.7,90.0,8.8,92.0,0.32,0.82,390.5,Rail,94.42,1,2
23.4,13.3,7.3,21.0,0.55,0.31,4391.5,Road,46.99,0,1
22.8,17.7,0.9,21.4,0.92,0.32,4790.3,Road,19.52,0,0
20.1,83.8,0.2,96.7,0.6,0.53,3662.7,Rail,44.67,0,1
80.2,80.9,0.4,53.7,0.2,0.68,2408.5,Sea,79.52,1,2
76.9,40.3,0.3,51.3,0.57,0.34,3477.2,Road,46.09,0,1
72.4,17.5,3.3,56.4,0.27,0.57,4522.3,Sea,67.62,1,2
82.2,21.5,2.6,97.0,0.92,0.22,4472.1,Rail,38.89,0,0
13.0,97.4,8.0,32.2,0.58,0.94,872.9,Rail,76.28,1,2
67.6,6.9,6.9,137.0,0.76,0.75,3761.5,Rail,56.5,0,1
48.8,36.8,1.6,138.3,0.15,0.98,644.9,Road,62.02,1,1
30.9,63.4,5.8,104.3,0.47,0.32,4445.6,Road,59.03,0,1
37.9,77.4,9.4,138.5,0.64,0.23,3765.8,Sea,90.3,1,2
50.7,68.1,5.9,59.9,0.2,0.2,2609.1,Rail,70.47,1,2
41.0,35.9,4.5,36.5,0.15,0.97,3012.3,Road,68.58,1,2
15.0,23.4,8.1,36.1,0.93,0.12,3354.3,Road,37.42,0,0
57.3,76.3,8.3,82.7,0.2,0.1,436.9,Road,79.96,1,2
4.7,42.4,3.8,36.7,0.57,0.74,3353.5,Rail,45.12,0,1
23.5,11.6,1.8,36.3,0.95,0.98,288.1,Rail,30.1,0,0
76.9,97.6,8.2,126.5,0.11,0.62,2032.0,Air,99.89,1,2
29.4,77.8,7.8,58.9,0.87,0.66,1212.2,Road,63.24,1,1
93.8,63.1,6.8,105.6,0.29,0.65,715.0,Road,87.35,1,2
83.8,33.2,4.5,134.0,0.94,0.34,368.7,Rail,49.4,0,1
38.4,82.2,1.7,49.1,0.55,0.33,249.0,Road,51.61,0,1
89.9,23.9,7.8,73.8,0.23,0.19,997.1,Road,73.89,1,2
17.0,4.6,2.1,100.2,0.56,0.52,1848.4,Road,30.51,0,0
19.8,38.3,2.5,37.5,0.67,0.26,1306.5,Rail,34.52,0,0
83.8,69.5,1.6,91.1,0.65,0.38,1553.3,Sea,71.27,1,2
82.4,94.4,8.8,141.8,0.76,0.53,2364.3,Air,84.48,1,2
74.7,26.1,4.9,140.4,0.99,0.82,1429.3,Rail,52.34,0,1
79.0,7.7,1.2,98.4,0.4,0.77,3100.6,Rail,51.85,0,1
56.2,23.9,7.6,65.1,0.66,0.79,1112.0,Road,63.24,1,1
7.7,74.4,5.5,41.2,0.16,0.12,1208.8,Sea,66.09,1,2
89.4,51.7,7.6,124.1,0.57,0.86,1344.6,Road,81.73,1,2
13.1,70.3,6.6,100.0,0.98,0.3,4688.9,Sea,60.89,1,1
17.1,98.2,7.7,118.4,0.5,0.35,3376.9,Sea,87.24,1,2
79.3,50.7,1.3,129.3,0.79,0.76,1681.8,Road,53.06,0,1
5.1,8.9,1.4,139.7,0.45,0.6,3690.8,Rail,30.57,0,0
49.1,87.3,5.0,27.0,0.96,0.32,4184.5,Sea,59.11,0,1
26.7,11.5,7.9,67.8,0.45,0.77,4634.2,Rail,58.54,0,1
34.0,40.3,6.6,91.9,0.83,0.61,482.0,Sea,65.65,1,2
38.8,98.5,7.9,26.9,0.81,0.95,4214.3,Road,77.27,1,2
17.4,35.8,3.6,26.0,0.24,0.42,4226.0,Rail,49.56,0,1
80.5,50.5,0.3,12.3,0.86,0.91,4115.0,Rail,50.89,0,1
28.6,97.7,1.1,98.2,0.74,0.85,2578.5,Road,54.31,0,1
40.9,52.7,2.9,94.0,0.25,0.16,4508.6,Air,53.19,0,1
7.5,94.3,9.2,70.1,0.32,0.21,3316.9,Rail,73.18,1,2
9.8,32.5,7.3,38.7,0.4,0.24,2023.2,Sea,56.98,0,1
59.6,10.1,6.0,52.6,0.11,0.38,1896.7,Road,63.42,1,1
42.4,34.4,9.0,97.1,0.63,0.75,3845.8,Road,66.68,1,2
48.9,89.0,0.0,70.1,0.71,0.8,4268.1,Air,53.77,0,1
59.9,33.8,5.2,140.4,0.43,0.82,1198.7,Sea,86.59,1,2
85.3,79.3,7.0,99.1,0.39,0.96,4182.5,Road,91.77,1,2
23.6,31.6,0.3,78.6,0.76,0.57,3352.7,Rail,29.1,0,0
4.3,99.4,7.2,17.2,0.39,0.28,3474.0,Road,67.12,1,2
49.7,22.5,6.6,102.1,0.18,0.83,180.8,Sea,86.07,1,2
57.0,2.3,6.1,87.1,0.59,0.32,3580.4,Road,48.12,0,1
4.4,80.1,9.6,95.6,0.81,0.48,759.5,Road,61.76,1,1
13.2,48.3,1.8,63.6,0.64,0.11,2165.3,Road,31.58,0,0
87.6,78.9,9.7,81.3,0.73,0.74,4292.7,Road,88.6,1,2
1.3,57.0,9.2,133.8,0.8,0.85,2460.6,Road,59.82,0,1
79.7,43.5,8.0,40.5,0.94,0.11,4134.3,Air,58.03,0,1
70.0,52.9,9.2,39.8,0.83,0.35,4559.7,Air,67.81,1,2
95.4,67.8,9.6,15.5,0.5,0.56,4944.6,Sea,93.02,1,2
22.8,43.4,5.5,54.9,0.36,0.23,4685.3,Road,52.68,0,1
21.8,72.7,4.2,122.8,0.11,0.19,4492.0,Road,61.31,1,1
53.4,14.0,3.1,45.8,0.44,0.59,2345.7,Road,49.01,0,1
48.4,68.2,2.3,123.2,0.29,0.88,4093.4,Sea,85.44,1,2
65.8,63.3,5.0,86.4,0.69,0.78,2965.2,Road,66.9,1,2
68.6,86.6,7.8,36.1,0.45,0.46,2628.9,Road,82.77,1,2
5.6,30.6,3.8,29.1,0.82,0.33,1387.5,Road,29.72,0,0
59.4,27.0,8.2,102.4,1.0,0.9,230.3,Road,59.9,0,1
68.4,68.2,5.0,42.3,0.81,0.8,4885.3,Road,65.8,1,2
40.6,19.5,2.4,134.7,0.79,0.83,1994.6,Road,39.94,0,0
89.3,93.7,6.1,119.3,0.52,0.93,3145.5,Rail,90.17,1,2
45.9,71.3,9.3,120.2,0.45,0.91,2604.6,Road,84.62,1,2
77.5,71.6,1.7,18.4,0.19,0.48,3752.8,Road,69.73,1,2
9.7,91.7,5.1,43.9,0.65,0.79,1266.9,Rail,61.32,1,1
94.2,55.7,0.7,67.6,0.39,0.93,1231.7,Sea,79.08,1,2
48.5,95.0,7.7,44.3,0.54,0.17,2436.9,Road,72.98,1,2
18.9,27.7,8.8,55.1,0.57,0.79,210.3,Road,60.54,1,1
10.7,35.9,1.8,31.1,0.58,0.7,3510.7,Road,38.07,0,0
49.7,78.7,1.4,28.1,0.45,0.6,4134.4,Rail,59.11,0,1
19.2,60.0,0.3,60.4,0.45,0.67,3853.6,Road,44.67,0,1
23.8,56.3,7.3,132.6,0.19,0.98,4779.4,Road,76.93,1,2
5.0,49.6,0.4,128.2,0.44,0.89,2083.7,Road,42.34,0,1
92.5,61.8,9.7,82.9,0.81,0.99,837.7,Road,87.27,1,2
39.6,48.7,2.4,103.8,0.39,0.76,4596.1,Air,56.0,0,1
80.4,84.9,6.0,55.0,0.5,0.11,1895.1,Rail,73.21,1,2
79.9,48.8,6.6,31.1,0.51,0.41,4344.7,Sea,75.08,1,2
75.5,14.3,1.6,20.0,0.79,0.18,2872.7,Rail,35.13,0,0
81.0,25.4,1.6,71.3,0.43,0.55,3456.0,Rail,53.66,0,1
2.4,90.6,0.2,74.8,0.25,0.3,3878.2,Air,46.84,0,1
71.3,68.6,7.5,68.7,0.13,0.34,2397.2,Road,84.43,1,2
79.5,17.8,1.3,83.6,0.79,0.2,2129.4,Air,36.47,0,0
38.5,48.5,3.0,80.8,0.51,0.68,3559.0,Rail,53.39,0,1
51.5,63.0,5.1,104.3,0.5,0.93,1029.0,Rail,70.45,1,2
81.9,53.0,7.6,124.7,0.39,0.7,3783.3,Rail,82.38,1,2
92.4,98.9,2.7,127.0,0.15,0.69,3244.2,Sea,106.73,1,2
41.9,51.4,7.5,51.8,0.77,0.93,2880.3,Air,65.57,1,2
33.2,92.9,3.7,95.0,0.8,0.44,4310.8,Rail,54.37,0,1
19.4,84.3,6.6,139.4,0.95,0.9,4169.2,Rail,60.71,1,1
22.7,59.8,4.1,85.6,0.49,0.73,1809.3,Air,56.82,0,1
31.8,38.8,8.8,96.3,0.24,0.17,1723.9,Rail,65.85,1,2
2.8,99.7,3.3,120.6,0.46,0.74,1486.3,Sea,77.98,1,2
83.1,9.4,7.2,29.1,0.45,0.18,2832.9,Rail,61.22,1,1
86.8,84.3,6.0,34.8,0.59,0.74,1507.1,Sea,87.31,1,2
10.6,62.7,8.2,131.1,0.26,0.32,2010.9,Rail,65.98,1,2
82.5,58.1,8.9,136.7,0.42,0.11,1788.9,Road,77.91,1,2
61.9,99.4,9.2,44.0,0.94,0.64,1130.8,Road,78.96,1,2
29.1,31.5,6.4,22.4,0.86,0.72,4481.2,Road,48.64,0,1
17.6,3.0,3.1,118.0,0.21,0.93,2187.3,Road,48.28,0,1
85.2,74.9,0.7,42.3,0.14,0.12,2476.7,Rail,65.38,1,2
85.4,9.3,2.2,100.0,0.62,0.99,3321.2,Rail,54.65,0,1
50.4,30.1,1.7,30.9,0.88,0.79,3469.6,Sea,44.66,0,1
95.2,99.8,2.0,62.2,0.59,0.96,733.8,Road,79.25,1,2
58.2,36.3,9.4,76.3,0.4,0.33,868.0,Rail,71.75,1,2
47.3,47.5,5.0,59.4,0.99,0.55,4670.8,Rail,47.07,0,1
18.5,30.7,4.3,94.0,0.1,0.6,2735.2,Rail,56.74,0,1
15.9,96.1,2.3,125.2,0.17,0.68,2318.7,Road,65.65,1,2
22.4,27.1,5.0,86.4,0.14,0.61,3598.5,Rail,58.07,0,1
90.8,64.0,9.9,84.7,0.18,0.65,2943.0,Road,98.51,1,2
23.5,7.2,2.1,77.5,0.57,0.98,1745.9,Road,39.4,0,0
90.7,5.6,2.9,138.7,0.36,0.21,2640.8,Rail,51.82,0,1
75.7,2.6,7.6,14.6,0.96,0.42,1143.5,Sea,51.87,0,1
51.6,88.3,9.3,26.1,0.81,0.72,3345.7,Rail,78.49,1,2
38.7,7.2,5.3,67.4,0.28,0.84,2535.0,Road,57.79,0,1
20.5,34.0,7.7,122.9,0.42,0.73,3450.9,Road,62.25,1,1
64.5,48.7,0.2,134.9,0.88,0.72,3238.5,Road,42.45,0,1
97.3,39.5,6.4,136.9,0.25,0.83,2529.5,Road,84.53,1,2
88.7,28.8,0.4,43.3,0.73,0.94,3950.1,Sea,57.9,0,1
29.2,78.3,9.9,67.4,0.61,0.58,3776.1,Road,75.16,1,2
98.5,92.3,5.5,100.2,0.6,0.29,2005.7,Sea,93.69,1,2
79.8,73.3,1.6,123.8,0.67,0.88,2919.2,Sea,83.34,1,2
67.5,5.6,8.6,100.6,0.43,0.94,3831.3,Air,72.33,1,2
10.4,63.1,7.2,130.9,0.66,0.94,4188.0,Rail,62.29,1,1
78.9,48.6,3.4,40.1,0.78,0.7,2500.3,Sea,64.07,1,1
10.8,98.2,0.4,84.7,0.57,0.7,4108.8,Road,49.75,0,1
49.8,62.9,6.5,77.6,0.5,0.25,1209.1,Rail,63.77,1,1
78.0,15.4,6.4,125.2,0.17,0.19,135.2,Rail,65.98,1,2
12.6,11.9,3.1,28.2,0.12,0.36,429.7,Rail,43.02,0,1
89.7,14.1,6.4,90.7,0.38,0.28,4451.5,Road,65.11,1,2
91.5,28.4,1.7,101.2,0.13,0.4,1203.2,Rail,62.82,1,1
62.7,78.0,9.2,32.7,0.96,0.47,2175.4,Rail,70.86,1,2
72.2,65.0,3.7,112.6,0.12,0.57,2638.8,Sea,92.85,1,2
42.5,54.3,1.5,92.8,0.96,0.56,117.1,Road,38.3,0,0
35.7,65.6,8.6,35.7,0.7,0.96,4781.8,Road,73.14,1,2
77.8,79.6,3.9,131.4,0.2,0.89,1556.9,Road,84.45,1,2
16.0,13.6,6.8,124.0,0.33,0.43,3583.6,Road,50.96,0,1
56.5,73.3,6.2,18.1,0.98,0.9,3227.0,Sea,67.68,1,2
50.1,77.5,1.7,39.4,0.1,0.12,4207.5,Rail,61.27,1,1
74.5,96.5,4.2,62.3,0.12,0.87,4946.6,Rail,90.2,1,2
84.9,92.3,8.3,82.6,0.9,0.14,2144.5,Rail,73.82,1,2
64.5,90.7,1.9,85.5,0.55,0.31,3991.9,Rail,60.53,1,1
93.3,75.9,5.0,31.0,0.16,0.29,2313.1,Road,82.43,1,2
43.4,14.8,5.2,26.7,0.83,0.38,3916.3,Sea,44.23,0,1
84.3,72.4,8.8,135.1,0.47,0.41,270.6,Sea,105.38,1,2
18.8,50.5,6.1,109.4,0.5,0.71,875.6,Air,58.91,0,1
0.4,32.4,8.7,28.3,0.87,0.55,1372.8,Rail,45.74,0,1
63.0,28.2,8.8,129.3,0.12,0.96,1953.1,Rail,85.39,1,2
17.8,62.4,4.4,46.1,0.89,0.84,2799.6,Rail,48.47,0,1
97.8,38.5,0.9,62.7,0.8,0.75,4869.9,Road,53.14,0,1
6.4,46.6,8.9,96.7,0.28,0.99,1833.0,Rail,72.84,1,2
55.9,25.5,1.8,97.5,0.46,0.77,1270.7,Road,50.88,0,1
87.0,39.2,5.4,79.3,0.62,0.2,2004.6,Air,60.26,1,1
59.1,47.4,1.3,29.6,0.31,0.56,3600.2,Road,56.09,0,1
48.8,43.0,9.6,52.6,0.34,0.28,1006.1,Road,72.54,1,2
50.1,21.2,0.1,75.5,0.57,0.15,4336.7,Rail,31.27,0,0
15.5,15.4,3.3,132.7,0.64,1.0,4594.7,Rail,41.65,0,1
43.4,96.9,9.8,58.5,0.43,0.92,1960.6,Sea,101.47,1,2
93.6,14.6,1.8,117.3,0.96,0.66,1919.7,Road,43.23,0,1
3.5,14.5,7.2,13.2,0.25,0.7,3169.3,Sea,57.4,0,1
65.1,92.9,6.3,53.7,0.4,0.36,769.7,Rail,78.86,1,2
64.9,38.7,0.1,45.2,0.79,0.16,2888.7,Road,33.87,0,0
92.6,4.4,8.8,125.5,0.66,0.82,854.7,Road,71.63,1,2
11.4,42.5,0.2,38.8,0.2,0.62,3246.9,Sea,49.19,0,1
69.9,71.1,7.1,130.3,0.35,0.52,4325.2,Road,80.39,1,2
84.1,60.8,4.5,81.4,0.54,0.7,102.3,Road,71.74,1,2
11.1,59.6,0.7,120.6,0.51,0.54,1818.0,Sea,58.19,0,1
27.4,99.8,4.7,58.0,0.45,0.46,3459.9,Road,66.57,1,2
56.6,42.8,6.7,53.2,0.11,0.75,2193.1,Road,78.6,1,2
0.7,19.8,0.6,27.3,0.32,0.58,2394.5,Road,32.42,0,0
10.2,40.3,9.1,95.3,0.28,0.25,3136.5,Air,61.78,1,1
4.8,74.9,3.3,32.7,0.13,0.74,2664.2,Rail,62.51,1,1
0.3,55.9,2.0,98.0,0.45,0.44,1840.9,Rail,40.31,0,1
57.9,49.0,8.4,20.8,0.17,0.79,2171.0,Road,84.74,1,2
51.8,40.7,4.1,31.3,0.18,0.98,2694.3,Rail,70.65,1,2
47.4,97.3,8.6,138.6,0.95,0.56,4422.0,Sea,92.43,1,2
97.1,66.3,3.0,109.3,0.66,0.77,4982.6,Rail,70.02,1,2
55.1,73.7,5.8,26.9,0.55,0.59,1034.4,Road,69.76,1,2
95.1,51.9,9.8,63.3,0.32,0.97,3121.1,Rail,97.65,1,2
60.0,54.4,3.6,30.0,0.33,0.61,1586.7,Sea,69.73,1,2
63.7,29.3,5.0,75.7,0.4,0.49,3217.7,Road,60.71,1,1
11.1,22.0,8.1,135.7,0.17,0.42,3864.5,Road,59.6,0,1
42.1,73.5,6.3,55.5,0.72,0.29,4418.1,Sea,67.64,1,2
84.3,5.9,7.9,113.2,0.36,0.43,2336.3,Sea,85.65,1,2
84.7,97.2,3.6,27.7,0.94,0.64,2539.4,Rail,67.41,1,2
83.3,87.6,4.1,57.3,0.41,0.15,1081.2,Sea,80.74,1,2
62.5,79.8,0.3,50.3,0.84,0.52,1414.3,Rail,48.26,0,1
46.0,66.5,8.0,36.7,0.3,0.38,574.4,Air,75.31,1,2
70.5,65.2,5.6,49.7,0.98,0.94,4716.7,Road,65.17,1,2
35.6,74.4,5.6,116.2,0.42,0.71,2128.4,Road,69.42,1,2
30.8,91.5,3.3,85.3,0.95,0.72,1314.8,Road,52.55,0,1
78.2,51.8,8.9,111.2,0.84,0.69,4605.5,Road,73.72,1,2
32.0,16.9,7.1,71.5,0.28,0.73,2925.4,Road,62.35,1,1
16.6,8.6,0.6,56.8,0.93,0.36,3164.4,Road,15.25,0,0
97.6,52.8,7.6,118.7,0.18,0.69,3441.4,Road,91.26,1,2
51.8,65.1,0.4,103.2,0.27,0.52,2739.2,Road,56.41,0,1
28.2,87.4,3.4,76.6,0.6,0.66,4279.4,Rail,59.02,0,1
44.9,90.5,4.6,119.9,0.89,0.51,2058.8,Rail,57.95,0,1
16.1,70.8,6.5,24.7,0.46,0.81,2770.6,Road,66.87,1,2
28.8,90.8,6.7,32.9,0.25,0.43,3107.6,Road,75.4,1,2
44.2,91.4,5.0,105.3,0.13,0.87,3083.7,Rail,83.77,1,2
19.1,29.5,3.3,72.3,0.78,0.3,651.6,Road,31.92,0,0
69.3,37.6,6.0,132.1,0.7,0.88,3496.7,Air,65.48,1,2
14.0,83.2,6.8,106.5,0.58,0.54,3161.7,Sea,79.53,1,2
86.7,98.8,2.9,12.4,0.25,0.44,2883.1,Sea,82.25,1,2
70.3,13.2,6.0,118.6,0.28,0.49,2563.2,Road,64.08,1,1
52.9,84.6,5.0,84.4,0.66,0.73,2876.9,Road,68.89,1,2
82.6,25.3,0.7,97.9,1.0,0.32,611.3,Sea,48.58,0,1
5.4,59.7,8.5,138.5,0.22,0.69,2299.0,Road,71.53,1,2
68.8,49.0,9.1,136.9,0.95,0.61,2603.2,Sea,87.85,1,2
18.6,67.3,6.1,62.7,0.94,0.11,4771.1,Sea,52.15,0,1
28.6,89.3,8.0,56.5,0.89,0.2,1415.9,Road,59.26,0,1
39.8,40.9,5.9,48.7,0.58,0.35,4321.6,Air,53.73,0,1
52.8,72.4,5.2,84.3,0.51,0.72,4936.2,Sea,82.56,1,2
75.7,54.2,6.5,80.5,0.16,0.34,1896.8,Road,77.91,1,2
21.6,53.6,6.0,112.9,0.16,0.88,4340.0,Rail,71.04,1,2
57.7,88.9,7.1,88.4,0.27,0.24,3474.8,Road,79.66,1,2
26.7,79.2,6.2,110.5,0.54,0.1,4414.2,Rail,58.24,0,1
15.3,37.9,9.7,30.0,0.52,0.95,4122.8,Rail,68.82,1,2
91.4,47.3,6.2,77.5,0.4,0.37,2353.6,Rail,73.83,1,2
47.0,13.8,4.2,65.1,0.77,0.55,4046.1,Rail,41.76,0,1
19.2,2.5,0.5,48.5,0.17,0.6,3432.9,Road,36.71,0,0
82.5,41.8,7.6,116.1,0.86,0.44,4061.7,Rail,63.96,1,1
31.9,52.6,1.1,125.2,0.13,0.15,3058.2,Road,48.53,0,1
13.0,54.0,5.5,65.6,0.93,0.6,3421.4,Rail,44.12,0,1
6.1,99.1,0.1,100.6,0.77,1.0,195.9,Air,47.25,0,1
33.4,33.2,7.1,36.5,0.67,0.74,1581.6,Rail,57.47,0,1
84.9,56.5,1.8,86.8,0.24,0.48,3585.3,Sea,80.07,1,2
43.2,52.1,3.5,63.2,0.38,0.81,3235.7,Sea,71.43,1,2
17.4,57.4,7.4,91.1,0.54,0.88,3532.3,Air,65.63,1,2
29.7,83.2,6.0,14.5,0.79,0.59,1221.2,Road,60.27,1,1
12.0,15.5,2.1,64.0,0.29,0.74,2022.9,Rail,42.09,0,1
67.9,37.8,3.4,81.1,0.85,0.79,3193.4,Air,52.09,0,1
17.7,55.1,4.5,140.5,0.82,0.33,3572.3,Sea,62.06,1,1
44.4,6.3,3.9,141.5,0.66,0.51,2861.2,Rail,40.73,0,1
3.5,35.0,6.3,78.6,0.71,0.92,358.8,Road,49.4,0,1
65.5,38.1,4.2,35.6,0.29,0.73,599.4,Road,67.22,1,2
30.0,14.7,5.9,52.1,0.35,0.5,3788.7,Road,52.5,0,1
18.1,95.0,2.5,59.0,0.73,0.33,1606.3,Road,47.49,0,1
70.2,32.9,10.0,41.7,0.15,0.21,444.0,Sea,86.41,1,2
46.6,63.7,7.7,110.5,0.53,0.98,3055.3,Road,77.12,1,2
69.3,91.1,3.9,19.3,0.54,1.0,3401.8,Sea,81.4,1,2
45.0,47.6,9.7,71.7,0.39,0.58,4199.1,Road,76.06,1,2
16.3,9.2,7.1,135.2,0.49,0.1,2296.6,Rail,41.95,0,1
58.8,46.6,4.5,113.9,0.95,0.27,4346.8,Road,45.42,0,1
88.7,25.4,2.1,42.7,0.9,0.35,2206.9,Road,42.68,0,1
79.1,70.6,5.8,19.8,0.31,0.51,2523.3,Sea,82.77,1,2
40.8,38.2,3.4,114.2,0.97,0.75,4330.4,Sea,59.06,0,1
84.3,84.8,0.4,28.2,0.6,0.37,2851.5,Road,59.25,0,1
3.4,68.1,3.4,12.5,0.18,0.39,1576.3,Road,54.6,0,1
76.8,91.0,0.2,17.5,0.52,0.26,1256.7,Rail,58.46,0,1
69.8,38.8,5.4,93.6,0.46,0.6,4174.6,Rail,65.75,1,2
72.4,78.7,0.6,29.0,0.96,0.42,3737.3,Road,46.68,0,1
13.8,81.6,0.9,39.1,0.73,0.21,4188.8,Road,36.46,0,0
0.8,5.8,9.4,17.3,0.8,0.52,4786.4,Rail,42.53,0,1
31.4,18.8,5.8,83.5,0.71,0.7,2541.7,Rail,47.86,0,1
30.9,73.8,9.1,23.2,0.45,0.53,4595.1,Road,75.01,1,2
59.2,59.5,0.7,42.8,0.23,0.75,1019.5,Road,62.46,1,1
32.9,15.5,9.9,75.3,0.52,0.58,1511.6,Air,62.39,1,1
17.5,74.5,7.6,14.5,0.43,0.52,1303.9,Road,67.98,1,2
95.5,80.7,8.2,79.9,0.16,0.26,1392.1,Sea,105.35,1,2
65.6,51.9,9.1,33.7,0.45,0.46,2451.2,Road,77.45,1,2
32.6,97.2,9.4,91.9,0.6,0.24,581.1,Sea,88.12,1,2
58.2,32.6,7.1,46.0,0.61,0.18,3867.0,Rail,56.53,0,1
55.2,76.2,6.1,119.7,1.0,0.13,1103.4,Road,53.28,0,1
80.3,97.1,1.2,102.2,0.44,0.23,4664.2,Air,65.34,1,2
74.8,8.0,1.1,86.1,0.38,0.12,134.8,Sea,54.18,0,1
21.2,67.6,3.1,96.2,0.65,0.86,3172.4,Rail,52.95,0,1
49.3,18.4,4.1,143.9,0.71,0.49,1146.3,Rail,43.9,0,1
35.9,17.9,9.9,64.9,0.15,0.26,4419.2,Road,68.28,1,2
19.9,29.9,6.4,57.7,0.14,0.2,1226.7,Road,56.29,0,1
82.5,79.7,6.5,86.0,0.33,0.88,4647.6,Road,89.88,1,2
4.3,69.0,5.5,21.7,0.29,0.15,3377.3,Rail,54.7,0,1
23.0,78.9,1.3,21.4,0.91,0.72,1769.0,Road,42.56,0,1
84.4,0.8,5.5,92.6,0.91,0.86,378.5,Road,52.69,0,1
70.7,25.5,2.6,108.1,0.64,0.97,1862.7,Road,55.53,0,1
43.5,52.2,5.7,110.7,0.9,0.3,4347.3,Road,48.01,0,1
23.7,55.0,3.0,101.0,0.17,0.6,326.1,Road,58.27,0,1
33.8,60.6,5.1,110.9,0.4,0.32,4010.0,Sea,75.48,1,2
72.1,45.7,6.2,59.5,0.35,0.61,2774.3,Sea,82.65,1,2
71.4,44.3,4.7,113.8,0.19,0.36,1080.0,Sea,85.65,1,2
32.4,92.5,0.2,41.3,0.62,0.86,4876.3,Rail,54.1,0,1
80.5,67.7,1.6,53.8,0.62,0.82,322.2,Sea,71.74,1,2
74.5,58.5,6.1,16.7,0.52,0.75,533.7,Road,74.71,1,2
40.8,6.6,2.0,128.9,0.92,0.61,1491.1,Rail,29.21,0,0
75.2,76.4,2.0,103.0,0.58,0.78,4145.9,Air,66.22,1,2
8.9,78.7,6.9,134.1,0.59,0.91,4070.6,Road,66.47,1,2
39.8,99.7,4.2,54.7,0.1,0.16,3379.8,Rail,72.52,1,2
72.6,21.4,7.3,127.9,0.5,0.16,3722.4,Road,60.01,1,1
32.4,62.2,0.9,85.7,0.26,0.21,1727.7,Road,47.99,0,1
9.6,44.1,7.8,117.6,0.57,0.63,4437.9,Air,57.13,0,1
16.3,60.4,5.8,80.8,0.65,0.3,1679.9,Road,49.91,0,1
59.7,68.6,5.3,14.7,0.72,0.84,1051.0,Sea,69.55,1,2
99.3,72.4,8.1,77.4,0.71,0.22,1085.6,Sea,89.25,1,2
93.2,32.1,9.5,112.5,0.35,0.18,509.8,Rail,78.6,1,2
38.1,72.3,6.5,140.0,0.57,0.49,4956.0,Road,65.23,1,2
19.0,21.8,1.3,93.1,0.62,0.73,239.7,Sea,48.72,0,1
72.8,0.3,6.2,105.3,0.86,0.74,2517.2,Road,51.39,0,1
85.7,92.2,0.0,131.7,0.38,0.21,1024.7,Sea,82.92,1,2
88.1,87.3,3.3,113.8,0.24,0.18,2986.5,Road,75.41,1,2
25.9,66.4,7.0,122.2,0.7,0.1,1940.5,Rail,53.19,0,1
52.0,79.2,8.7,107.2,0.79,0.2,109.1,Road,67.21,1,2
14.8,40.9,3.6,83.4,0.97,0.93,2326.8,Road,39.5,0,0
0.2,11.2,2.4,105.4,0.52,0.39,4100.9,Rail,28.07,0,0
12.9,67.1,1.6,30.3,0.76,0.24,4104.5,Rail,34.39,0,0
82.3,71.4,4.9,26.7,0.55,0.83,869.3,Air,76.6,1,2
49.6,86.5,4.5,63.5,0.22,0.75,386.0,Air,78.09,1,2
25.7,29.2,5.0,29.2,0.93,0.97,2429.5,Rail,45.04,0,1
99.3,81.8,2.6,66.1,0.66,0.14,3260.5,Road,63.68,1,1
32.6,81.2,4.7,131.5,0.13,0.23,3221.2,Road,67.73,1,2
53.3,12.7,3.5,115.6,0.5,0.74,1404.0,Sea,67.9,1,2
59.4,19.0,9.8,48.5,0.31,0.4,1341.8,Road,72.39,1,2
19.0,24.1,1.9,134.6,0.9,0.63,4941.8,Road,28.4,0,0
19.2,50.2,1.2,21.2,0.53,0.66,996.8,Road,42.67,0,1
95.6,16.8,8.1,79.9,0.52,0.24,2256.7,Road,68.09,1,2
49.4,21.0,7.7,33.4,0.39,0.46,3144.9,Road,63.03,1,1
30.5,21.9,8.2,56.1,0.14,0.15,3397.7,Sea,69.78,1,2
15.1,15.3,5.0,62.1,0.35,0.39,4649.1,Road,44.45,0,1
4.0,6.5,2.2,68.3,0.6,0.89,4404.5,Road,32.56,0,0
94.2,24.4,9.1,102.7,0.39,0.23,933.0,Road,75.5,1,2
23.3,39.3,7.9,99.3,0.15,0.44,594.8,Sea,82.27,1,2
46.1,63.5,7.5,82.4,0.81,0.89,2067.9,Sea,80.35,1,2
3.7,6.1,0.4,47.5,0.6,0.75,3902.1,Sea,31.81,0,0
79.5,25.8,4.9,59.1,0.27,0.43,4149.5,Road,65.63,1,2
28.3,39.2,3.4,37.2,0.6,0.67,1865.0,Air,47.15,0,1
95.7,38.5,3.4,20.5,0.72,0.9,1528.4,Sea,67.36,1,2
81.6,87.8,1.3,58.7,0.69,0.92,580.8,Road,67.54,1,2
84.9,13.0,8.8,87.0,0.68,0.37,3639.3,Rail,64.66,1,1
20.5,13.3,2.4,81.3,0.24,0.39,2893.7,Rail,40.57,0,1
19.1,10.1,0.5,97.5,0.13,0.7,3865.8,Road,41.02,0,1
61.1,43.5,4.6,48.1,0.24,0.39,4801.9,Road,64.86,1,1
12.1,2.7,5.4,73.2,0.59,0.42,2463.9,Road,36.72,0,0
96.0,4.6,3.6,139.5,0.61,0.35,1975.9,Rail,50.85,0,1
9.6,99.0,3.7,58.3,0.7,0.17,3616.8,Road,48.13,0,1
70.1,31.1,3.9,69.8,0.51,0.5,1431.5,Rail,56.92,0,1
16.4,55.4,6.8,23.1,0.96,0.64,3067.6,Road,49.23,0,1
62.1,9.5,2.6,30.6,0.48,0.89,1115.2,Rail,51.83,0,1
86.7,44.9,9.4,96.8,0.56,0.85,2809.7,Road,84.84,1,2
20.6,44.6,3.8,137.6,0.61,0.45,1876.9,Road,44.11,0,1
12.8,77.4,4.2,135.1,0.69,0.98,2717.5,Sea,77.88,1,2
63.1,87.5,1.5,85.7,0.12,0.11,4551.3,Road,65.81,1,2
9.7,35.2,4.6,76.0,0.58,0.76,2659.5,Rail,47.16,0,1
86.9,13.7,7.0,140.1,0.82,0.67,1407.4,Road,60.57,1,1
88.6,23.4,3.4,85.3,0.36,0.54,3718.7,Sea,75.1,1,2
76.8,37.5,1.9,135.1,0.41,0.35,4678.3,Rail,54.29,0,1
38.6,13.4,7.7,120.6,0.55,0.42,1495.3,Rail,53.64,0,1
40.4,14.1,5.9,80.3,0.41,0.13,2956.1,Road,48.1,0,1
21.3,13.2,4.9,42.5,0.26,0.86,3636.5,Road,54.69,0,1
64.6,19.7,3.9,79.5,0.67,0.86,3445.8,Road,53.89,0,1
7.6,30.7,2.9,108.8,0.96,0.31,673.1,Rail,23.78,0,0
75.6,66.6,1.2,109.4,0.46,0.9,4991.8,Sea,82.43,1,2
19.8,47.3,2.7,123.8,0.53,0.99,305.6,Road,51.31,0,1
91.2,56.0,2.7,73.9,0.17,0.64,4065.3,Air,75.42,1,2
74.1,54.7,3.4,78.2,0.44,0.69,183.1,Air,66.74,1,2
42.0,96.7,2.7,16.2,0.55,0.14,1497.5,Road,56.15,0,1
29.9,52.5,0.2,68.0,0.3,0.7,2334.8,Road,49.24,0,1
24.6,58.2,2.9,119.1,0.98,0.24,2268.9,Sea,51.63,0,1
69.1,76.7,0.1,92.9,0.12,0.68,983.1,Rail,68.86,1,2
89.5,64.2,7.4,16.6,0.88,0.68,2534.5,Rail,73.72,1,2
94.5,11.6,1.9,46.6,0.63,0.27,4187.6,Sea,52.5,0,1
96.7,7.0,1.2,100.5,0.44,0.33,4667.4,Rail,48.48,0,1
94.0,5.4,6.3,103.3,0.4,0.27,4182.9,Rail,62.84,1,1
71.2,36.8,9.5,104.2,0.14,0.1,3893.4,Sea,94.18,1,2
19.5,23.8,9.2,62.4,0.28,0.81,1676.1,Road,68.65,1,2
33.5,86.2,5.5,90.4,0.53,0.58,2866.3,Air,66.93,1,2
38.4,89.4,3.5,83.3,0.86,0.58,2331.3,Rail,54.54,0,1
65.9,44.6,2.2,124.8,0.82,0.17,351.3,Rail,41.26,0,1
44.4,51.4,3.8,29.7,0.6,0.6,1906.7,Air,54.33,0,1
34.7,19.1,0.4,37.5,0.35,0.53,1344.3,Road,38.97,0,0
35.7,7.4,5.9,132.2,0.45,0.73,1068.6,Road,53.22,0,1
55.7,26.7,9.1,52.0,0.12,0.57,4450.8,Rail,78.4,1,2
74.9,25.0,6.7,115.0,0.79,0.85,1675.2,Road,62.92,1,1
26.8,58.4,6.2,132.1,0.89,0.45,2848.8,Road,49.52,0,1
54.7,31.1,2.8,74.3,0.25,0.81,586.1,Rail,60.84,1,1
17.0,15.3,4.4,63.5,0.85,0.28,3951.4,Road,29.44,0,0
99.9,92.6,9.5,62.1,0.72,0.2,303.9,Road,86.65,1,2
53.0,5.1,7.4,79.3,0.95,0.34,1719.7,Rail,43.14,0,1
22.6,65.0,0.6,55.3,0.31,0.52,1640.6,Sea,57.03,0,1
63.4,32.8,1.9,128.6,0.77,0.98,610.7,Road,50.13,0,1
27.4,65.8,4.4,75.5,0.63,0.67,812.4,Road,55.71,0,1
67.2,44.8,8.4,15.2,0.97,0.11,1827.2,Road,55.5,0,1
23.0,97.7,9.1,54.8,0.72,0.76,4879.2,Road,75.81,1,2
13.1,17.0,3.3,55.6,0.53,0.1,3026.7,Rail,30.68,0,0
25.1,15.6,1.8,112.6,0.72,0.49,2642.6,Sea,46.71,0,1
56.7,29.2,1.2,116.5,1.0,0.28,1367.9,Rail,29.46,0,0
45.6,24.1,0.8,125.9,0.81,0.46,3402.4,Air,31.48,0,0
75.1,73.0,1.6,133.6,0.95,0.34,4863.0,Rail,48.16,0,1
25.4,51.0,1.0,121.0,0.97,0.65,1387.7,Rail,32.71,0,0
65.8,44.3,5.0,49.1,0.83,0.14,1183.9,Sea,56.31,0,1
37.4,41.7,7.6,60.9,0.29,0.23,4815.3,Air,63.59,1,1
47.0,58.8,3.0,86.5,0.83,0.2,4343.0,Sea,55.64,0,1
91.7,99.3,5.1,21.1,0.17,0.9,2146.3,Road,97.44,1,2
79.4,63.5,8.8,112.6,0.45,0.43,2731.9,Air,82.47,1,2
25.0,83.0,9.2,75.1,0.98,0.67,4201.5,Road,65.17,1,2
70.4,62.6,3.5,134.2,0.56,0.87,2195.5,Road,67.91,1,2
12.2,82.6,7.3,105.3,0.58,0.99,3989.5,Sea,86.9,1,2
99.8,53.5,0.7,106.1,0.75,0.72,1396.3,Rail,57.42,0,1
88.9,9.1,5.7,35.9,0.37,0.36,1571.5,Road,62.88,1,1
84.7,41.4,5.9,138.5,0.14,0.98,2655.6,Sea,106.3,1,2
64.0,95.9,5.5,140.2,0.29,0.65,1149.3,Sea,104.96,1,2
19.9,77.5,1.7,89.9,0.81,0.99,4194.3,Sea,62.49,1,1
49.7,68.3,6.7,38.8,0.43,0.34,549.1,Rail,68.86,1,2
45.8,15.9,2.3,22.9,0.21,0.77,1210.4,Road,53.65,0,1
41.4,8.4,9.2,114.6,0.67,0.45,3643.5,Sea,72.09,1,2
65.3,26.6,0.9,95.4,0.57,0.67,2640.3,Sea,60.77,1,1
73.9,74.0,6.8,32.8,0.5,0.67,238.5,Air,79.78,1,2
27.1,65.6,3.9,118.3,0.31,0.29,2318.5,Rail,56.44,0,1
66.2,6.5,3.3,35.2,0.77,0.92,886.6,Rail,47.66,0,1
36.4,6.3,3.0,37.0,0.6,0.84,2220.7,Road,42.37,0,1
1.7,30.4,3.7,87.0,0.98,0.21,3174.7,Road,22.69,0,0
15.8,97.0,2.3,77.9,0.88,0.86,1107.8,Rail,51.14,0,1
64.9,14.9,8.4,94.6,0.31,0.56,2076.7,Sea,84.92,1,2
81.3,41.2,6.3,81.2,0.58,0.77,1230.8,Road,71.49,1,2
6.2,62.7,7.4,121.8,0.58,0.29,2002.3,Rail,54.37,0,1
15.7,57.8,2.3,12.6,0.23,1.0,776.0,Rail,59.47,0,1
46.0,36.6,2.1,63.8,0.83,0.51,2737.3,Road,38.8,0,0
10.7,21.1,4.3,120.2,0.4,0.78,1140.9,Rail,47.46,0,1
65.0,93.1,7.1,84.4,0.23,0.87,4185.6,Road,93.12,1,2
3.4,4.3,9.7,142.5,0.32,0.3,3583.3,Sea,73.96,1,2
10.7,11.5,3.7,141.3,0.98,0.68,245.2,Road,27.36,0,0
72.9,10.8,8.6,138.6,0.61,0.58,3416.4,Air,65.27,1,2
82.7,47.6,9.3,141.4,0.12,0.11,153.4,Air,84.26,1,2
25.7,69.5,0.1,82.9,0.57,0.37,460.2,Sea,52.62,0,1
45.8,48.7,7.1,78.5,0.98,0.21,4722.4,Sea,60.42,1,1
57.9,67.7,4.3,80.0,0.18,0.47,3659.9,Road,71.71,1,2
2.2,83.2,5.9,12.9,0.44,0.35,2301.2,Sea,60.23,1,1
70.9,3.1,5.3,40.4,0.46,0.99,267.6,Road,62.76,1,1
6.0,95.0,8.7,36.5,0.24,0.97,4346.7,Sea,90.4,1,2
18.1,79.6,1.9,29.5,0.48,0.64,2717.9,Road,52.51,0,1
73.3,19.5,6.9,44.6,0.2,0.48,4986.3,Rail,71.11,1,2
83.1,59.2,2.5,142.5,0.73,0.89,3031.2,Sea,84.77,1,2
71.1,48.0,8.3,12.4,0.94,0.63,194.1,Rail,65.97,1,2
91.6,33.6,8.7,75.1,0.47,0.35,1237.6,Rail,76.0,1,2
98.7,92.0,2.1,122.2,0.98,0.83,2037.1,Rail,67.09,1,2
81.2,64.5,3.6,60.6,0.6,0.4,2553.0,Sea,72.1,1,2
61.7,43.6,5.3,52.5,0.13,0.36,4574.5,Air,69.37,1,2
5.4,77.7,0.7,72.2,0.25,0.88,4665.0,Sea,65.48,1,2
90.0,41.8,5.1,118.4,0.19,0.29,4505.2,Rail,72.69,1,2
28.7,97.8,6.0,48.0,0.73,0.29,1639.8,Road,60.64,1,1
39.1,59.4,9.1,128.5,0.76,0.91,207.8,Rail,71.68,1,2
52.1,9.9,3.7,47.0,0.46,0.77,1358.5,Road,51.54,0,1
88.4,57.9,2.4,62.3,0.85,0.21,1774.9,Sea,60.12,1,1
80.3,65.8,5.3,64.0,0.89,0.12,988.2,Sea,66.66,1,2
50.3,15.4,8.2,99.1,0.34,0.27,4869.0,Sea,76.4,1,2
87.9,74.7,5.7,28.1,0.87,1.0,4395.6,Road,75.98,1,2
85.2,67.8,8.6,47.7,0.82,0.93,1704.1,Rail,82.46,1,2
34.5,6.8,1.8,28.3,0.47,0.31,877.3,Rail,33.63,0,0
28.2,39.2,8.7,30.4,0.43,0.61,2254.3,Road,66.29,1,2
39.3,94.7,5.6,70.3,0.98,0.62,4890.7,Rail,60.05,1,1
76.7,13.4,2.8,93.5,0.47,0.79,4227.9,Air,56.14,0,1
62.8,50.0,0.9,90.5,0.37,0.4,3764.9,Rail,52.75,0,1
12.0,77.8,0.8,110.2,0.65,0.16,3010.0,Air,36.03,0,0
31.9,10.6,6.7,97.8,0.89,0.55,3609.2,Sea,56.67,0,1
87.7,81.6,9.5,116.7,0.66,0.38,1302.7,Rail,85.03,1,2
93.2,55.2,7.2,129.9,0.9,0.82,3481.4,Road,73.67,1,2
13.5,38.8,7.4,90.0,0.82,0.34,1890.0,Rail,44.81,0,1
97.4,10.8,2.0,139.3,0.9,0.46,303.3,Rail,42.49,0,1
62.7,41.7,3.1,45.3,0.8,0.26,3924.5,Road,44.37,0,1
79.9,62.5,8.0,111.8,0.64,0.13,2910.1,Road,70.51,1,2
82.8,75.3,5.0,101.8,0.15,0.15,699.6,Rail,78.05,1,2
14.5,46.9,0.2,90.7,0.42,0.92,719.9,Sea,57.94,0,1
62.1,49.7,2.6,27.9,0.15,0.17,1402.8,Rail,59.71,0,1
13.8,73.8,8.8,63.2,0.93,0.5,4126.6,Road,57.63,0,1
43.7,39.1,8.2,95.1,0.95,0.53,4006.3,Road,54.48,0,1
35.6,11.0,1.9,116.9,0.24,0.81,4015.1,Rail,48.45,0,1
84.6,88.4,2.5,14.5,0.66,0.13,622.9,Sea,63.19,1,1
14.8,91.0,9.4,40.7,0.84,0.58,3333.2,Rail,67.37,1,2
85.1,38.6,4.0,131.5,0.17,0.78,2432.4,Road,75.46,1,2
35.6,98.6,1.4,16.4,0.97,0.1,799.7,Road,40.01,0,1
6.1,39.5,5.0,28.7,0.65,0.31,4395.5,Sea,44.18,0,1
66.4,74.5,4.7,114.1,0.43,0.36,4144.7,Road,69.04,1,2
99.5,50.4,9.7,89.1,0.61,0.55,2019.7,Rail,84.72,1,2
88.9,97.1,6.5,139.5,0.61,0.65,3991.3,Road,85.39,1,2
92.4,92.1,4.5,133.5,0.21,0.15,2873.7,Road,81.89,1,2
36.2,74.8,3.7,104.5,0.61,0.85,4325.4,Road,61.31,1,1
20.5,95.9,6.1,29.5,0.7,0.84,1382.0,Rail,67.49,1,2
86.6,13.3,5.3,49.6,0.31,0.93,1429.0,Rail,72.19,1,2
3.1,82.0,6.7,62.4,0.13,0.86,2145.3,Road,76.16,1,2
94.8,33.2,5.5,37.2,0.56,0.21,1087.5,Rail,62.71,1,1
37.2,79.5,9.1,131.4,0.18,0.62,3207.0,Rail,86.33,1,2
69.9,79.9,0.0,58.3,0.34,0.15,1155.8,Sea,65.18,1,2
38.4,69.7,5.6,70.1,0.54,0.82,1567.6,Road,67.67,1,2
62.2,40.7,7.9,80.6,0.14,0.98,761.8,Rail,85.62,1,2
33.4,9.7,0.9,141.2,0.92,0.25,4548.5,Sea,40.26,0,1
31.7,75.5,0.9,79.3,0.43,0.66,1499.0,Air,53.85,0,1
35.9,28.8,0.9,71.5,0.51,0.76,1024.6,Air,42.6,0,1
78.9,19.4,9.4,13.2,0.6,0.24,2275.5,Air,66.32,1,2
20.5,3.7,8.5,23.5,0.56,0.3,855.0,Sea,50.36,0,1
43.7,84.3,1.1,112.7,0.29,0.44,978.9,Sea,76.4,1,2
30.4,45.6,6.5,41.3,0.23,0.27,2846.4,Road,61.72,1,1
8.3,49.8,5.8,83.6,0.26,0.39,1432.2,Rail,56.31,0,1
72.7,58.5,1.3,26.1,0.43,1.0,3853.8,Road,65.97,1,2
88.2,70.4,5.3,128.6,0.74,0.95,2364.2,Road,76.14,1,2
24.6,46.7,0.4,61.0,0.7,0.1,2124.0,Sea,37.27,0,0
37.5,83.9,0.1,24.1,0.65,0.8,2423.5,Air,51.35,0,1
88.5,67.6,2.9,34.2,0.25,0.64,3912.1,Road,76.02,1,2
88.6,77.1,9.2,49.8,0.18,0.81,145.6,Rail,101.55,1,2
71.6,19.2,5.6,37.7,0.26,0.54,514.3,Road,66.01,1,2
47.0,86.0,0.3,109.7,0.82,0.47,2520.4,Road,45.82,0,1
15.5,83.0,0.3,67.2,0.81,0.1,2946.5,Rail,31.95,0,0
59.6,76.0,1.2,104.5,0.71,0.43,399.0,Rail,51.16,0,1
38.4,4.8,2.7,28.1,0.91,0.74,2790.6,Air,32.24,0,0
31.9,86.0,1.5,60.8,0.14,0.83,1997.1,Sea,77.01,1,2
82.8,42.4,2.2,95.1,0.68,0.21,2668.7,Air,49.05,0,1
41.6,92.8,1.6,32.8,0.84,0.17,690.4,Road,44.75,0,1
50.9,16.7,7.8,83.5,0.57,0.84,4225.3,Rail,63.59,1,1
41.6,8.2,4.0,27.1,0.47,0.39,1372.1,Air,43.6,0,1
70.4,19.4,6.7,44.6,0.71,0.86,1147.9,Road,62.66,1,1
21.5,1.8,3.1,103.8,0.74,0.99,4805.1,Rail,36.38,0,0
65.9,62.7,4.5,23.8,0.71,0.24,1212.0,Sea,60.1,1,1
51.7,4.3,6.1,35.2,0.96,0.35,4709.3,Sea,43.65,0,1
76.3,86.9,0.7,123.5,0.97,0.79,1348.8,Sea,73.89,1,2
52.2,62.8,2.5,136.5,0.67,0.43,2771.7,Sea,71.53,1,2
36.6,11.0,9.6,143.7,0.97,0.13,3769.0,Air,43.6,0,1
11.5,8.0,8.6,114.3,0.93,0.55,1221.2,Sea,57.59,0,1
51.5,29.5,9.3,92.1,0.3,0.43,3218.0,Road,71.93,1,2
31.2,32.4,0.4,62.4,0.76,0.21,4972.8,Sea,35.71,0,0
89.9,13.7,5.6,90.5,0.39,0.25,3965.6,Road,61.88,1,1
24.9,17.1,2.8,41.4,0.82,0.39,4389.2,Rail,29.16,0,0
79.8,67.2,8.4,87.2,0.37,0.84,1813.6,Rail,90.42,1,2
46.5,48.4,6.0,37.3,0.31,0.24,3922.1,Rail,62.5,1,1
1.3,58.7,1.9,42.9,0.97,0.55,4402.2,Sea,35.96,0,0
26.8,72.0,0.7,119.9,0.34,0.58,481.8,Road,51.87,0,1
91.7,80.8,7.0,62.5,0.73,0.19,2566.3,Sea,83.05,1,2
30.9,23.3,9.3,48.4,0.15,0.6,4913.8,Air,71.64,1,2
58.7,76.1,3.2,127.2,0.55,0.56,3587.0,Rail,62.98,1,1
58.0,10.0,4.3,127.9,0.56,0.72,492.6,Sea,70.91,1,2
66.0,5.4,7.3,50.1,0.78,0.82,3829.0,Road,57.66,0,1
95.1,50.9,5.9,17.0,0.72,0.85,414.5,Rail,74.12,1,2
74.0,72.5,6.2,40.6,0.67,0.57,1497.6,Sea,77.95,1,2
56.1,96.6,2.6,41.8,0.36,0.6,2491.1,Rail,71.23,1,2
91.3,42.6,1.1,76.7,0.49,0.67,1377.4,Road,59.47,0,1
77.4,41.6,4.7,74.9,0.64,0.98,237.3,Rail,67.65,1,2
25.4,59.9,5.5,69.4,0.46,0.17,2252.3,Air,54.05,0,1
23.6,93.5,7.7,21.4,0.89,0.6,3734.3,Sea,67.26,1,2
85.0,68.6,0.8,100.9,0.92,0.13,1693.0,Sea,59.77,0,1
12.3,80.6,1.9,28.9,0.56,0.76,2978.2,Road,51.29,0,1
18.2,51.9,2.3,110.8,0.21,0.81,1572.3,Rail,56.38,0,1
70.1,68.2,5.5,33.7,0.32,0.12,421.5,Rail,69.79,1,2
18.4,11.9,4.1,89.2,0.95,0.86,4774.3,Rail,34.05,0,0
85.8,45.8,7.1,123.0,0.82,0.46,2627.6,Road,65.53,1,2
19.8,87.3,8.6,38.3,0.75,0.37,4855.2,Rail,64.33,1,1
27.2,16.3,6.2,111.9,0.44,0.21,4936.9,Rail,46.78,0,1
52.4,79.1,8.7,45.5,0.42,0.2,3658.2,Rail,76.52,1,2
60.6,92.2,6.6,99.2,0.6,0.41,638.6,Road,74.09,1,2
55.8,91.8,5.9,135.3,0.61,0.46,3021.5,Rail,71.19,1,2
46.8,96.7,5.4,52.6,0.64,0.99,4550.7,Sea,83.67,1,2
7.2,17.7,5.0,120.7,0.62,0.93,3951.7,Rail,44.86,0,1
58.8,93.0,1.7,29.2,0.39,0.95,4448.1,Sea,77.04,1,2
75.7,70.5,4.9,104.3,0.26,0.39,270.4,Road,75.64,1,2
46.8,99.9,7.8,42.6,0.97,0.3,3967.6,Sea,71.48,1,2
28.7,93.5,5.5,52.7,0.18,0.2,3163.0,Rail,70.34,1,2
13.6,67.5,4.3,53.4,0.84,0.47,4910.9,Sea,52.34,0,1
32.7,91.1,9.4,106.3,0.28,0.42,2806.4,Rail,83.5,1,2
92.2,26.6,0.2,99.3,0.96,0.38,2058.1,Road,37.05,0,0
36.9,79.7,1.3,33.7,0.55,0.16,3785.1,Air,46.61,0,1
73.5,52.6,9.0,123.3,0.4,0.43,1467.3,Sea,98.29,1,2
29.6,80.1,1.2,52.7,0.93,0.86,4640.7,Sea,53.59,0,1
12.2,89.9,5.6,52.0,0.41,0.67,2109.8,Air,67.11,1,2
87.7,71.3,9.2,35.5,0.58,0.88,1571.9,Air,91.11,1,2
20.9,55.3,6.9,35.7,0.82,0.15,3694.4,Road,46.39,0,1
8.1,3.3,4.4,80.8,0.77,0.33,4565.0,Road,26.65,0,0
38.4,53.1,0.8,61.2,0.91,0.34,702.8,Rail,32.71,0,0
85.2,18.8,2.0,66.5,0.43,0.59,1531.1,Sea,65.23,1,2
9.6,86.9,7.1,63.5,0.28,0.96,342.8,Rail,77.54,1,2
16.1,64.7,6.9,102.4,0.49,0.98,2199.5,Rail,68.38,1,2
71.7,24.7,5.9,23.0,0.71,0.9,536.1,Rail,62.27,1,1
34.8,39.4,5.2,52.4,0.34,0.49,3958.6,Road,58.11,0,1
56.7,32.1,2.9,138.6,0.71,0.87,563.7,Road,51.16,0,1
37.2,92.4,6.4,75.5,0.25,0.9,3499.3,Road,83.82,1,2
97.5,94.1,9.5,29.2,0.99,0.63,3582.7,Rail,85.85,1,2
86.1,83.9,6.6,78.2,0.59,0.41,1770.8,Rail,78.54,1,2
77.2,33.2,8.8,122.6,0.17,0.52,3383.0,Rail,82.61,1,2
66.9,75.8,7.2,59.6,0.21,0.59,1681.7,Road,85.91,1,2
50.3,58.7,7.5,83.6,0.63,0.65,1178.7,Road,68.69,1,2
40.6,31.9,1.3,132.7,0.6,0.32,1546.3,Rail,36.82,0,0
0.6,92.9,1.0,85.4,0.47,0.26,4129.1,Road,43.38,0,1
68.3,45.1,3.2,98.8,0.65,0.59,4763.4,Road,55.63,0,1
56.4,25.1,3.8,14.8,0.19,0.42,1693.7,Rail,58.22,0,1
9.8,22.5,6.4,118.1,0.21,0.78,2421.3,Sea,76.37,1,2
69.5,64.7,4.0,121.6,0.36,0.5,1650.2,Road,68.86,1,2
52.9,65.0,3.2,90.7,0.84,0.31,1166.7,Road,47.67,0,1
33.7,94.3,9.9,24.1,0.32,0.44,584.5,Road,85.55,1,2
22.9,11.4,5.9,140.7,0.76,0.78,1811.2,Rail,43.92,0,1
63.8,18.9,0.6,102.3,0.62,0.12,2937.8,Sea,49.26,0,1
19.4,21.7,0.2,70.6,0.41,0.76,2716.5,Road,37.15,0,0
50.9,38.9,7.3,127.6,0.21,0.29,670.2,Air,68.57,1,2
73.6,51.6,4.6,65.8,0.76,0.62,3907.1,Road,60.52,1,1
79.2,46.0,8.9,96.7,0.49,0.43,3152.2,Road,77.32,1,2
42.2,92.1,7.4,41.6,0.65,0.68,1935.8,Air,74.88,1,2
40.2,68.1,7.9,129.9,0.5,0.18,4217.8,Sea,85.58,1,2
53.0,80.3,2.2,81.8,0.72,0.12,2596.5,Road,48.51,0,1
33.4,85.0,3.5,43.2,0.15,0.77,1119.6,Rail,72.77,1,2
86.6,51.9,6.8,23.3,0.14,0.51,4612.9,Rail,84.02,1,2
66.0,62.0,8.4,130.7,0.34,0.49,2412.2,Road,81.27,1,2
36.6,31.7,8.1,38.1,0.82,0.3,1900.8,Air,50.3,0,1
17.5,76.2,3.4,142.7,0.48,0.83,4281.1,Rail,58.86,0,1
97.7,65.8,5.9,30.8,0.98,0.34,3691.7,Sea,68.87,1,2
96.2,53.2,0.0,72.8,0.8,0.82,1479.4,Sea,65.55,1,2
23.3,24.0,9.3,82.0,0.65,0.33,1166.5,Rail,53.42,0,1
27.6,88.2,2.8,44.5,0.33,0.45,1464.6,Road,60.81,1,1
28.6,27.8,1.2,143.1,0.34,0.16,1680.5,Rail,36.8,0,0
34.4,49.9,7.8,88.2,0.41,0.53,1684.7,Air,67.12,1,2
31.5,70.8,7.1,87.4,0.86,0.75,2565.5,Sea,74.74,1,2
1.1,18.0,3.7,127.4,0.82,0.62,3066.8,Air,29.71,0,0
77.4,92.1,4.0,88.8,0.76,0.77,1356.8,Road,71.81,1,2
57.2,11.7,7.0,75.0,0.57,0.6,2243.1,Road,58.05,0,1
8.0,75.1,0.2,74.9,0.43,0.9,3434.1,Sea,60.49,1,1
97.2,85.0,9.5,106.3,0.76,0.99,2313.9,Rail,94.88,1,2
33.4,64.1,9.3,58.1,0.4,0.77,2886.1,Road,78.85,1,2
85.8,8.6,4.0,79.4,0.8,0.5,378.6,Rail,48.18,0,1
94.0,5.9,7.5,54.7,0.24,0.53,4040.8,Road,74.36,1,2
1.6,74.0,5.7,130.0,0.66,0.68,2074.5,Road,54.55,0,1
96.2,69.2,7.0,39.1,0.19,0.29,4252.0,Air,87.06,1,2
37.2,96.6,9.1,88.0,0.6,0.38,2218.5,Road,76.42,1,2
10.0,85.0,4.3,54.3,0.19,0.48,3004.8,Road,64.2,1,1
56.7,7.2,4.3,85.0,0.91,0.26,699.8,Road,35.11,0,0
4.0,38.1,8.4,80.8,0.46,0.14,2588.7,Rail,51.16,0,1
30.3,60.4,0.2,73.1,0.67,0.6,1677.0,Rail,40.54,0,1
83.5,10.4,2.6,71.6,0.41,0.51,1347.4,Road,53.65,0,1
79.3,23.9,1.4,70.2,0.59,0.85,4570.4,Road,52.95,0,1
97.2,14.4,9.0,66.3,0.75,0.63,1978.6,Road,70.64,1,2
2.9,60.2,5.6,30.8,0.41,0.83,4161.6,Sea,64.57,1,1
55.2,70.8,0.4,134.5,0.29,0.42,4146.4,Rail,56.76,0,1
10.4,18.3,4.2,141.0,0.72,0.68,3860.5,Road,36.77,0,0
91.0,86.0,8.3,73.1,0.22,0.62,3444.4,Rail,97.86,1,2
3.7,28.8,0.9,70.6,0.84,0.86,1869.9,Road,27.86,0,0
92.3,86.4,3.0,65.1,0.6,0.68,2412.5,Rail,73.77,1,2
30.2,65.9,8.9,40.8,0.23,0.13,4868.1,Road,72.04,1,2
66.8,69.5,0.6,22.1,0.52,0.6,1147.5,Road,56.99,0,1
44.3,35.8,10.0,15.1,0.42,0.68,3306.9,Road,74.59,1,2
60.7,86.1,3.1,86.4,0.24,0.75,3758.1,Sea,89.12,1,2
41.8,62.6,0.4,105.5,0.14,0.71,905.6,Road,59.5,0,1
71.5,46.8,1.6,24.2,0.5,0.94,2532.4,Road,60.91,1,1
17.6,19.5,6.4,76.5,0.69,0.5,789.5,Rail,43.88,0,1
31.6,6.3,1.3,34.5,0.9,0.13,2697.0,Road,17.87,0,0
23.5,96.2,7.6,32.5,0.4,0.15,2925.8,Air,70.09,1,2
30.9,97.0,3.9,109.0,0.37,0.32,908.9,Road,64.24,1,1
16.9,54.6,9.0,133.7,0.58,0.13,2557.9,Rail,57.32,0,1
61.3,41.6,0.8,131.6,0.61,0.32,470.4,Road,42.65,0,1
45.0,81.7,4.0,49.5,0.23,0.18,4547.2,Rail,65.54,1,2
39.9,40.7,5.9,46.1,0.17,0.3,4985.8,Sea,70.02,1,2
86.2,43.4,8.5,79.0,0.26,0.2,4865.6,Rail,79.17,1,2
60.0,89.6,5.4,139.9,0.65,0.16,2911.1,Road,64.49,1,1
54.4,32.4,7.5,17.8,0.45,0.15,4670.1,Road,60.25,1,1
67.5,26.3,6.3,135.1,0.18,0.52,2883.5,Road,70.44,1,2
62.2,94.3,2.9,31.8,0.8,0.33,4647.6,Sea,62.49,1,1
65.0,8.3,4.0,57.6,0.67,0.98,2187.2,Road,53.4,0,1
63.0,12.7,8.4,48.6,0.85,0.18,4904.7,Air,50.6,0,1
28.3,48.1,1.1,103.0,0.38,0.18,4846.5,Sea,56.04,0,1
70.7,97.0,9.7,109.5,0.61,0.74,4669.5,Road,91.75,1,2
51.0,90.8,6.3,112.5,0.73,0.43,2686.9,Road,67.44,1,2
77.7,79.7,4.2,22.3,0.93,0.16,3789.4,Rail,56.24,0,1
33.4,67.8,8.7,22.7,0.15,0.68,841.3,Road,82.88,1,2
52.6,57.1,5.7,131.4,0.93,0.64,4172.2,Air,56.07,0,1
74.9,58.4,7.0,117.0,0.27,0.6,3141.4,Road,81.56,1,2
34.6,62.0,1.0,133.2,0.47,0.57,2029.1,Air,49.1,0,1
70.9,21.1,8.3,103.4,0.21,0.55,4896.1,Rail,75.78,1,2
75.8,2.3,9.1,19.6,0.89,0.7,862.1,Rail,60.08,1,1
54.8,24.2,0.9,102.7,0.35,0.4,4351.6,Rail,44.66,0,1
21.0,80.0,2.3,131.3,0.65,0.52,1343.1,Road,48.73,0,1
93.7,3.4,4.1,55.8,0.52,0.44,4061.7,Sea,63.32,1,1
47.1,76.4,5.1,26.2,0.89,0.43,4996.9,Road,55.39,0,1
86.3,56.7,9.1,22.8,0.14,0.44,2350.5,Sea,94.57,1,2
90.8,60.9,10.0,26.7,0.47,0.11,4236.9,Sea,86.72,1,2
7.6,13.5,7.5,24.4,0.33,0.15,4884.1,Rail,46.65,0,1
42.6,57.4,7.4,89.9,0.33,0.5,4423.8,Rail,71.37,1,2
41.3,5.7,7.8,43.0,0.58,0.13,2068.9,Road,47.75,0,1
47.9,79.5,1.7,17.5,0.32,0.94,3706.4,Rail,68.07,1,2
19.2,77.6,4.2,132.1,0.57,0.92,4980.0,Road,61.13,1,1
93.6,71.5,7.7,102.0,0.22,0.52,178.6,Road,91.57,1,2
15.0,2.4,9.0,128.0,0.93,0.33,2252.6,Road,38.17,0,0
11.9,15.5,9.3,76.8,0.84,0.83,1788.6,Sea,62.6,1,1
25.4,21.0,0.0,128.0,0.18,0.73,3154.1,Sea,62.28,1,1
8.0,51.2,9.2,106.0,0.83,0.88,4846.9,Sea,75.72,1,2
40.2,81.5,9.5,110.7,0.79,0.89,1067.4,Sea,94.02,1,2
22.8,17.3,0.0,57.6,0.16,0.62,4132.9,Road,40.26,0,1
47.8,51.3,0.1,60.4,0.54,0.93,2605.0,Sea,59.46,0,1
57.0,84.3,2.7,135.8,0.24,0.67,1970.7,Rail,72.57,1,2
51.4,37.4,0.6,79.7,0.15,0.3,4109.9,Road,49.68,0,1
88.6,45.7,6.2,140.9,0.7,0.34,4243.6,Air,64.62,1,1
89.3,50.3,4.5,69.6,0.51,0.43,3606.3,Rail,66.87,1,2
59.4,69.1,2.3,131.8,0.62,0.9,420.6,Road,62.3,1,1
52.8,32.5,7.9,31.3,0.23,0.99,4363.9,Road,79.16,1,2
38.7,43.1,1.7,39.4,0.48,0.57,4191.1,Rail,47.2,0,1
69.1,74.8,7.7,104.3,0.22,0.15,1455.6,Rail,80.89,1,2
21.5,42.2,9.7,126.9,0.55,0.11,3049.4,Road,58.0,0,1
26.9,66.4,5.8,77.4,0.47,0.89,4548.5,Sea,79.13,1,2
55.1,27.5,8.3,98.6,0.99,0.32,1489.5,Road,50.58,0,1
60.4,91.2,1.0,88.1,0.12,0.93,2140.5,Road,76.94,1,2
71.8,80.3,3.0,45.9,0.37,0.14,487.6,Rail,65.07,1,2
96.0,91.6,6.9,126.0,0.65,0.15,1958.2,Road,78.62,1,2
4.9,12.4,7.0,122.3,0.66,0.68,2075.5,Sea,62.42,1,1
63.8,52.2,1.2,64.2,0.6,0.75,4215.0,Road,53.68,0,1
50.8,9.6,9.2,14.1,0.87,0.32,155.3,Road,50.64,0,1
39.2,2.5,9.5,43.4,0.77,0.76,2611.6,Rail,56.04,0,1
9.1,84.8,0.3,13.1,0.94,0.28,1560.3,Rail,30.13,0,0
69.8,28.1,8.1,140.5,0.71,0.29,3125.5,Road,60.46,1,1
73.5,65.5,1.4,118.3,0.34,0.4,422.1,Rail,61.48,1,1
16.3,63.6,1.2,115.7,0.61,0.1,2220.8,Road,34.91,0,0
69.6,87.8,7.0,119.4,0.79,0.43,4009.3,Rail,72.14,1,2
3.6,43.3,0.8,60.4,0.85,0.66,1109.3,Sea,36.99,0,0
15.5,98.3,4.5,24.0,0.18,0.99,2988.5,Road,77.3,1,2
20.3,39.0,3.8,95.3,0.5,0.5,2156.9,Road,46.31,0,1
96.6,93.7,6.8,99.0,0.31,0.23,2362.9,Road,88.62,1,2
55.5,99.4,8.0,76.3,0.85,0.92,1947.5,Rail,80.24,1,2
50.7,3.5,2.1,143.1,0.16,0.7,1513.0,Rail,51.31,0,1
98.1,48.2,1.8,77.6,0.43,0.63,750.3,Sea,77.56,1,2
15.9,22.1,9.1,64.4,0.21,0.18,1458.2,Road,59.19,0,1
97.4,48.3,0.1,40.7,0.69,0.19,4951.8,Air,47.11,0,1
23.4,69.9,5.6,59.2,0.11,0.95,4745.2,Air,76.74,1,2
66.3,3.7,5.9,91.4,0.85,0.71,308.0,Sea,63.3,1,1
76.4,80.1,8.2,43.4,0.56,0.86,719.9,Rail,87.48,1,2
1.0,15.3,2.2,65.4,0.47,0.17,4238.9,Road,26.38,0,0
73.3,46.7,9.5,45.9,0.43,0.95,962.4,Road,86.97,1,2
50.7,47.8,0.7,135.3,0.39,0.64,2037.5,Air,51.63,0,1
51.9,53.2,3.0,126.2,0.38,0.74,540.9,Road,61.98,1,1
31.6,4.2,2.5,27.9,0.95,0.49,444.3,Sea,28.93,0,0
90.6,41.5,2.2,132.7,0.51,0.16,3108.8,Road,54.11,0,1
19.1,15.3,1.7,101.7,0.18,0.74,4110.1,Road,45.19,0,1
37.9,32.2,1.9,80.2,0.52,0.61,918.3,Rail,44.29,0,1
4.2,7.1,7.7,19.7,0.75,0.28,2925.8,Rail,36.45,0,0
44.3,50.8,9.7,74.5,0.62,0.47,3594.4,Sea,80.43,1,2
91.6,43.5,7.7,91.1,0.85,0.82,4854.1,Road,72.84,1,2
24.3,47.3,2.5,117.7,0.44,0.77,4991.5,Rail,50.94,0,1
78.6,58.7,2.5,16.1,0.9,0.9,1769.8,Road,57.93,0,1
3.8,15.0,7.3,76.5,0.71,0.3,1328.5,Road,38.53,0,0
82.0,99.9,3.3,100.0,0.59,0.63,3137.2,Rail,74.98,1,2
31.3,79.4,8.0,93.5,0.78,1.0,956.8,Sea,86.22,1,2
6.2,36.8,0.1,63.1,0.17,0.51,1678.7,Rail,39.44,0,0
33.3,71.4,3.8,101.0,0.33,0.2,2945.4,Rail,57.21,0,1
56.1,36.5,3.8,124.4,0.44,0.47,308.8,Rail,55.86,0,1
92.9,93.0,3.3,17.5,0.65,0.9,2265.9,Sea,81.11,1,2
32.9,94.8,7.2,31.1,0.24,0.47,1588.6,Rail,79.45,1,2
37.4,99.8,6.7,122.6,0.99,0.45,558.2,Sea,79.91,1,2
69.5,24.9,10.0,55.4,0.95,0.12,639.6,Rail,56.41,0,1
2.0,13.0,6.1,62.7,0.49,0.58,1779.0,Rail,43.56,0,1
70.4,28.6,8.3,103.0,0.91,1.0,701.7,Sea,82.53,1,2
3.8,25.1,2.4,142.8,0.88,0.31,3394.0,Road,21.92,0,0
94.5,49.3,6.5,108.6,0.43,0.78,750.3,Sea,97.74,1,2
99.4,3.7,4.8,59.6,0.59,0.24,1197.9,Sea,63.05,1,1
74.5,53.9,8.5,68.8,0.14,0.43,2086.4,Sea,95.98,1,2
43.9,14.7,8.8,98.6,0.56,0.62,4063.4,Road,61.47,1,1
18.0,20.0,2.5,78.5,0.56,0.3,2787.3,Road,32.61,0,0
4.3,3.4,0.6,73.8,0.85,0.42,3365.1,Air,13.8,0,0
82.9,72.8,5.4,80.6,0.17,0.9,1996.7,Road,89.4,1,2
77.3,13.6,3.4,102.1,0.64,0.17,1740.7,Road,44.29,0,1
91.8,58.8,7.1,65.2,0.84,0.9,3653.4,Rail,76.34,1,2
26.7,88.3,0.1,34.3,0.47,0.35,1959.5,Sea,52.57,0,1
41.7,28.2,6.9,89.3,0.6,0.19,3211.4,Air,50.84,0,1
91.1,4.3,5.4,59.1,0.69,0.53,2955.7,Rail,55.75,0,1
36.9,47.4,3.2,77.0,0.16,0.35,4894.0,Sea,68.65,1,2
27.2,38.9,5.7,141.6,0.51,0.97,1367.0,Rail,60.59,1,1
58.5,46.2,9.3,41.6,0.31,0.33,190.7,Rail,76.45,1,2
47.3,4.5,8.9,89.9,0.92,0.88,2660.4,Rail,54.72,0,1
20.5,37.3,8.7,119.9,0.95,0.97,1317.2,Sea,74.53,1,2
88.0,5.5,2.4,62.8,0.79,0.43,4838.9,Road,42.2,0,1
63.9,92.4,4.0,97.5,0.21,0.43,3633.1,Sea,91.96,1,2
26.9,48.7,0.7,52.5,1.0,0.9,1446.1,Road,34.56,0,0
63.3,94.9,1.3,39.2,0.15,0.53,3012.2,Road,72.75,1,2
95.2,11.2,2.4,70.4,0.94,0.74,851.6,Air,46.16,0,1
18.2,37.0,8.8,113.8,0.31,0.52,4343.5,Air,65.38,1,2
62.8,47.4,1.2,86.0,0.3,0.45,1725.4,Rail,55.52,0,1
99.8,99.0,3.5,122.4,0.6,0.94,4619.0,Road,84.29,1,2
49.3,13.0,0.3,50.8,0.63,0.5,1986.9,Sea,40.84,0,1
76.6,73.9,2.6,120.8,0.55,0.61,284.6,Rail,65.77,1,2
70.8,94.9,8.0,135.6,0.87,0.79,1678.2,Rail,80.44,1,2
49.4,52.9,9.3,61.9,0.11,0.71,3886.0,Air,86.27,1,2
42.4,94.4,4.1,134.3,0.36,0.97,3142.4,Rail,77.11,1,2
67.7,23.2,2.8,128.4,0.8,0.77,3980.5,Road,47.64,0,1
59.4,28.8,5.7,22.4,0.58,0.79,3401.2,Rail,61.52,1,1
47.9,3.8,0.3,103.9,0.24,0.46,3148.5,Rail,39.61,0,0
12.0,60.9,3.3,119.0,0.5,0.47,1363.8,Road,47.83,0,1
77.7,57.3,7.9,62.0,0.14,0.17,3153.7,Road,81.34,1,2
80.0,65.5,0.2,57.8,0.27,0.76,4691.8,Air,66.5,1,2
33.2,87.5,2.8,127.2,0.7,0.13,3749.3,Road,48.02,0,1
31.2,57.9,1.9,70.0,0.25,0.23,844.3,Rail,50.4,0,1
46.8,17.0,3.5,101.5,0.59,0.82,2383.7,Sea,64.34,1,1
35.1,3.0,0.7,74.9,0.59,0.27,4100.4,Road,26.08,0,0
77.6,5.8,4.3,54.5,0.2,0.3,523.1,Road,58.13,0,1
95.7,62.8,4.7,121.2,0.94,0.86,652.3,Air,68.21,1,2
9.3,70.3,1.0,76.6,0.66,0.45,582.9,Road,38.04,0,0
14.0,29.9,8.2,46.6,0.84,0.5,1591.0,Road,47.18,0,1
37.6,78.1,7.3,140.0,0.58,0.59,2575.8,Road,69.97,1,2
45.2,32.8,2.6,31.5,0.78,0.3,3080.0,Sea,42.14,0,1
25.5,65.5,1.4,29.1,0.58,0.78,1775.4,Rail,49.3,0,1
89.9,90.7,10.0,131.0,0.56,0.72,858.6,Road,96.94,1,2
73.8,19.6,0.3,131.2,0.26,0.77,1483.0,Sea,73.9,1,2
87.5,83.7,5.2,112.6,0.13,0.36,804.7,Rail,85.6,1,2
35.1,0.9,7.4,31.9,0.32,0.25,3251.6,Road,51.94,0,1
88.4,78.3,9.4,111.2,0.27,0.9,2784.0,Road,101.64,1,2
91.6,25.0,5.2,34.6,0.7,0.42,876.5,Sea,63.82,1,1
91.7,0.9,5.8,19.9,0.27,0.17,2469.1,Road,61.23,1,1
0.5,1.2,8.9,54.0,0.22,0.57,2904.3,Rail,55.27,0,1
47.3,45.0,4.1,105.7,0.87,0.86,1437.6,Sea,67.28,1,2
71.0,11.1,3.7,55.2,0.37,0.36,989.2,Sea,60.99,1,1
78.0,50.1,8.9,106.6,0.87,0.15,4238.9,Sea,80.3,1,2
21.9,81.4,7.3,135.6,0.82,0.9,1608.1,Sea,85.97,1,2
60.2,62.6,6.7,89.0,0.84,0.38,2139.5,Rail,60.42,1,1
46.0,77.9,1.6,16.8,0.26,0.66,4978.3,Rail,64.2,1,1
67.0,52.8,4.3,17.6,0.12,0.26,2284.3,Air,68.59,1,2
73.9,65.9,4.0,33.1,0.38,0.6,1959.2,Sea,76.27,1,2
45.8,62.2,9.1,100.5,0.84,0.51,1723.8,Road,66.13,1,2
3.3,16.9,0.5,52.8,0.99,0.98,1205.4,Road,21.49,0,0
62.0,39.4,9.8,61.0,0.53,0.26,3237.4,Road,70.62,1,2
99.5,69.5,9.1,58.6,0.25,0.66,3728.3,Sea,107.03,1,2
80.0,70.3,6.4,60.3,0.32,0.84,1079.0,Rail,86.2,1,2
22.4,19.8,4.3,93.6,0.87,0.2,2885.6,Sea,43.54,0,1
69.8,56.1,7.7,89.1,0.2,0.63,3661.5,Road,83.98,1,2
41.5,9.5,8.3,126.6,0.4,0.72,2950.4,Rail,63.59,1,1
30.4,75.8,1.7,142.3,0.85,0.83,4716.7,Road,47.85,0,1
41.5,72.4,8.8,122.9,0.35,0.56,2876.8,Road,79.43,1,2
67.0,77.1,1.5,114.0,0.6,0.51,696.5,Rail,58.0,0,1
70.9,12.6,4.1,61.0,0.33,0.73,4845.4,Road,60.59,1,1
6.7,31.7,2.0,132.8,0.15,0.91,3727.3,Rail,50.59,0,1
74.1,31.3,5.4,60.1,0.41,0.45,3942.4,Air,64.11,1,1
87.5,16.8,9.3,20.4,0.11,0.5,2742.7,Air,83.62,1,2
69.1,4.1,3.4,79.1,0.93,0.37,1622.1,Sea,47.96,0,1
38.9,68.2,8.2,46.8,0.24,0.68,4877.8,Road,80.5,1,2
85.1,59.4,5.1,76.0,0.65,0.18,3956.6,Road,62.95,1,1
46.6,38.5,8.1,101.9,0.96,0.38,811.1,Air,52.43,0,1
62.5,36.3,9.0,125.8,0.93,0.35,1854.6,Road,58.72,0,1
18.3,29.5,4.3,45.1,0.2,0.62,4503.4,Road,54.31,0,1
1.6,11.5,4.0,133.5,0.77,0.61,3026.0,Sea,49.99,0,1
63.2,30.1,2.1,143.0,0.46,0.46,684.3,Rail,50.05,0,1
18.4,57.5,8.9,38.6,0.17,0.63,660.7,Air,75.74,1,2
5.1,1.7,7.4,57.8,0.72,0.24,725.7,Road,34.55,0,0
18.8,15.4,4.6,106.4,0.93,0.24,285.9,Road,27.72,0,0
73.9,46.7,3.9,60.9,0.28,0.61,2749.0,Rail,69.0,1,2
26.3,19.2,1.0,41.2,0.22,0.73,3430.1,Rail,44.9,0,1
62.2,18.3,2.0,65.3,0.37,0.63,2304.7,Rail,51.44,0,1
69.2,35.1,2.8,105.0,0.24,0.33,2511.8,Road,58.52,0,1
22.0,37.5,8.8,14.2,0.27,0.19,488.6,Sea,64.53,1,1
61.1,25.5,6.7,100.3,0.47,0.93,1762.0,Rail,68.96,1,2
27.0,13.3,1.8,130.9,0.2,0.5,3406.4,Road,43.05,0,1
68.7,52.0,3.5,142.4,0.18,0.18,2104.9,Rail,63.94,1,1
23.5,56.6,1.9,45.6,0.51,0.76,1210.6,Road,49.36,0,1
46.2,33.8,2.9,110.4,0.46,0.12,2491.1,Rail,44.09,0,1
27.9,86.5,1.6,34.1,0.77,0.75,785.7,Road,50.13,0,1
99.4,85.7,8.2,42.7,0.79,0.18,2127.0,Sea,85.37,1,2
66.1,97.8,0.6,99.1,0.57,0.74,2952.6,Road,64.62,1,1
11.2,53.4,4.5,120.0,0.87,0.91,1047.4,Rail,46.47,0,1
94.9,66.7,2.9,24.4,0.19,0.59,4394.4,Road,78.21,1,2
68.6,97.7,4.0,62.8,0.2,0.14,1901.0,Rail,75.68,1,2
55.2,87.3,8.9,126.4,0.51,0.48,376.2,Road,81.99,1,2
32.8,79.1,4.6,111.5,0.95,0.23,568.6,Sea,63.11,1,1
42.6,84.5,4.4,18.8,0.58,0.46,3902.5,Rail,62.32,1,1
65.4,61.4,4.2,65.8,0.45,0.53,4948.7,Rail,66.0,1,2
21.2,88.3,1.4,65.3,0.28,0.18,369.3,Rail,52.44,0,1
44.4,87.5,5.6,98.6,0.98,0.64,1303.9,Sea,74.64,1,2
66.4,59.4,2.8,24.1,0.41,0.15,3915.6,Road,56.8,0,1
53.6,34.7,6.1,59.9,0.34,0.77,1157.5,Rail,68.35,1,2
89.5,49.5,6.6,131.6,0.44,0.7,4058.1,Rail,79.17,1,2
28.6,0.3,8.1,22.6,0.66,0.41,3575.9,Sea,49.54,0,1
91.7,96.8,7.0,28.4,0.16,0.17,2377.6,Rail,91.92,1,2
68.9,33.2,6.2,90.9,0.2,0.83,558.7,Sea,89.96,1,2
34.2,52.3,7.7,60.2,0.99,0.74,1425.7,Road,56.05,0,1
14.7,83.6,6.6,14.0,0.43,0.42,1613.5,Sea,66.98,1,2
29.5,17.1,3.4,44.4,0.61,0.37,4870.6,Rail,37.2,0,0
22.7,90.5,1.1,86.1,0.43,0.47,4645.4,Sea,65.86,1,2
91.1,17.0,7.5,121.6,0.1,0.97,293.7,Air,86.57,1,2
50.9,11.0,2.2,97.5,0.78,0.43,4173.3,Road,33.99,0,0
67.4,71.3,8.6,12.7,0.53,0.29,2607.8,Road,76.55,1,2
6.7,40.3,7.0,40.2,0.54,0.79,2717.2,Road,56.16,0,1
94.8,35.8,4.5,31.0,0.57,0.73,3352.8,Road,67.98,1,2
88.6,45.3,9.6,72.4,0.28,0.24,4645.6,Road,83.98,1,2
50.3,42.6,7.5,52.7,0.84,0.84,4519.3,Road,62.23,1,1
94.9,6.6,4.8,85.4,0.82,0.63,3396.7,Road,53.7,0,1
52.7,4.1,3.0,37.9,0.33,0.37,3140.4,Air,45.48,0,1
85.8,41.8,2.6,104.3,0.85,0.41,980.9,Road,49.75,0,1
62.8,9.3,2.6,67.1,0.95,0.82,346.5,Rail,39.38,0,0
30.3,23.2,4.6,59.1,0.11,0.39,4114.1,Air,55.28,0,1
74.1,85.4,1.9,102.6,0.7,0.72,1556.2,Rail,63.85,1,1
30.7,25.9,7.1,104.0,0.75,0.11,2984.8,Road,43.44,0,1
31.8,92.2,8.3,25.2,0.5,0.35,4237.1,Sea,77.5,1,2
77.3,44.2,0.8,128.4,0.16,0.33,4430.7,Air,58.71,0,1
57.2,58.5,7.4,100.3,0.23,0.89,3298.7,Rail,83.92,1,2
57.0,22.7,5.1,56.4,0.97,0.96,757.0,Rail,50.35,0,1
43.3,1.9,0.8,77.3,0.58,0.89,3024.5,Road,37.72,0,0
27.0,44.8,3.0,36.5,0.71,0.31,2103.3,Road,38.91,0,0
67.2,63.4,8.8,32.6,0.53,0.38,376.5,Sea,81.41,1,2
98.7,19.3,7.2,130.6,0.57,0.82,4941.6,Sea,93.76,1,2
16.5,91.7,4.0,87.5,0.28,0.11,1616.1,Road,58.86,0,1
13.5,18.8,7.1,99.9,0.34,0.98,2681.8,Rail,60.7,1,1
35.7,75.0,2.6,121.3,0.41,0.86,4102.2,Sea,81.5,1,2
65.4,58.1,1.8,117.7,0.39,0.16,2575.2,Road,54.1,0,1
75.5,5.9,9.2,26.9,0.18,0.46,1275.7,Sea,79.16,1,2
47.2,45.4,3.3,114.2,0.73,0.71,972.9,Road,50.46,0,1
1.5,13.3,2.1,56.7,0.17,0.17,4615.0,Road,33.45,0,0
36.9,35.7,6.0,71.6,0.59,0.71,2176.5,Road,57.02,0,1
89.9,51.3,8.8,14.9,0.47,0.71,1481.7,Rail,85.68,1,2
44.2,34.2,7.6,75.0,0.53,0.6,2591.8,Sea,74.28,1,2
8.3,25.8,4.4,51.4,0.72,0.45,1206.5,Road,35.64,0,0
14.3,45.2,6.4,75.5,0.64,0.2,1524.2,Sea,57.34,0,1
60.5,61.7,2.0,127.4,0.93,0.27,3811.6,Road,42.41,0,1
41.5,87.1,5.1,111.2,0.97,0.83,3961.1,Road,60.73,1,1
1.9,57.8,8.4,67.8,0.99,0.91,1644.2,Road,53.98,0,1
83.5,25.1,9.3,50.9,0.5,0.65,391.9,Air,77.5,1,2
50.5,93.4,7.3,46.2,0.43,0.32,1951.8,Rail,76.94,1,2
78.5,17.7,3.9,94.6,0.48,0.58,3420.0,Road,57.37,0,1
82.9,25.2,2.7,59.2,0.29,0.29,4553.6,Rail,57.17,0,1
16.8,10.9,3.2,75.7,0.5,0.41,3720.5,Sea,46.55,0,1
88.5,61.5,7.5,49.7,0.67,0.66,938.7,Road,78.26,1,2
36.0,15.2,1.9,82.5,0.73,0.41,2530.1,Air,31.65,0,0
18.4,11.4,4.0,15.5,0.18,0.96,1650.5,Sea,56.83,0,1
37.7,78.8,9.6,64.1,0.87,0.97,3569.0,Sea,85.42,1,2
97.5,71.3,9.2,119.9,0.35,0.26,4854.6,Rail,89.75,1,2
91.4,87.3,9.2,39.0,0.73,0.5,803.6,Rail,86.52,1,2
95.1,56.6,0.5,67.6,0.82,0.68,1582.5,Road,54.28,0,1
0.3,25.7,9.3,72.5,0.48,0.8,2898.4,Road,59.51,0,1
23.1,73.6,1.9,140.1,0.33,0.6,1053.2,Road,55.49,0,1
72.7,47.5,7.5,121.8,0.25,0.34,2038.2,Road,76.54,1,2
79.6,47.8,1.9,80.3,0.92,0.97,4097.4,Road,54.09,0,1
52.0,19.3,3.9,38.7,0.22,0.71,1785.1,Road,59.64,0,1
33.1,75.2,4.1,85.5,0.44,0.29,969.1,Road,57.82,0,1
34.2,86.5,5.0,90.7,0.88,0.75,1740.8,Sea,73.03,1,2
53.7,41.7,8.9,74.1,0.66,0.71,3766.4,Road,69.95,1,2
0.3,20.9,6.4,50.8,0.22,0.2,1521.3,Sea,54.46,0,1
69.1,14.0,2.0,118.8,0.65,0.44,3116.7,Rail,41.88,0,1
57.2,12.4,4.3,56.8,0.83,0.99,4076.5,Air,49.29,0,1
50.9,32.8,1.4,64.8,0.78,0.66,936.2,Rail,40.77,0,1
19.9,79.2,3.4,56.2,0.87,0.92,4200.3,Rail,52.05,0,1
17.5,91.7,4.2,131.8,0.73,0.52,2162.6,Rail,54.58,0,1
10.4,80.2,3.1,95.3,0.74,0.49,3600.8,Rail,45.95,0,1
91.3,37.9,7.7,20.4,0.56,0.38,4458.0,Rail,72.01,1,2
86.9,63.5,0.1,43.0,0.3,0.56,4664.8,Sea,70.4,1,2
58.0,13.6,9.3,104.9,0.49,0.21,1880.2,Sea,77.5,1,2
27.2,75.6,5.2,76.7,0.13,0.65,4942.2,Air,72.72,1,2
75.8,66.7,8.0,81.4,0.84,0.85,2790.5,Rail,76.46,1,2
14.8,46.6,1.9,35.9,0.99,0.74,3881.4,Air,32.18,0,0
81.1,75.6,3.5,123.2,0.64,0.45,2127.5,Rail,65.44,1,2
81.6,70.8,9.7,110.7,0.69,0.59,1703.0,Road,83.57,1,2
28.6,89.9,5.4,78.5,0.46,0.78,3409.4,Road,71.06,1,2
49.0,49.3,3.6,58.3,0.39,0.26,920.5,Sea,63.16,1,1
61.4,81.4,10.0,89.9,0.84,0.3,4541.2,Rail,74.14,1,2
20.3,61.9,6.9,27.3,0.29,0.98,4486.4,Road,73.8,1,2
33.7,71.0,8.1,73.0,0.83,0.12,4820.2,Rail,56.6,0,1
59.9,14.8,1.9,24.5,0.66,0.13,1956.9,Rail,34.88,0,0
55.1,34.0,0.1,134.2,0.32,0.71,1233.8,Air,50.43,0,1
44.0,22.8,9.1,46.4,0.74,0.51,1844.3,Rail,58.32,0,1
23.0,12.0,3.0,62.2,0.87,0.26,2778.1,Air,24.87,0,0
53.7,51.9,7.6,89.0,0.34,0.11,293.6,Road,67.55,1,2
37.1,14.9,4.3,42.8,0.36,0.83,2591.3,Rail,54.4,0,1
20.7,20.7,8.8,51.8,0.13,0.98,217.5,Sea,80.92,1,2
30.2,48.1,2.6,130.9,0.14,0.71,4018.5,Air,59.53,0,1
23.7,57.5,5.3,121.9,0.77,0.84,2311.5,Rail,54.46,0,1
37.9,24.9,3.7,38.0,0.16,0.3,1337.4,Sea,57.93,0,1
96.4,13.1,6.9,65.7,0.17,0.96,349.4,Rail,83.15,1,2
93.7,76.0,5.4,73.6,0.74,0.55,3025.1,Rail,73.31,1,2
66.2,73.5,7.4,100.4,0.64,0.29,2462.5,Road,70.31,1,2
74.7,23.8,4.4,110.7,0.56,0.6,4223.5,Sea,74.47,1,2
39.3,73.0,7.8,134.3,0.63,0.28,4607.9,Air,65.05,1,2
77.5,22.4,5.1,82.9,0.75,0.94,2631.3,Sea,73.04,1,2
84.8,62.6,1.2,109.2,0.63,0.52,1541.1,Road,57.34,0,1
79.9,70.2,7.3,125.8,0.93,0.32,1006.1,Road,66.16,1,2
19.4,34.6,4.3,124.8,0.31,0.64,377.1,Road,53.18,0,1
82.1,26.5,7.8,128.9,0.66,0.34,2240.2,Sea,83.62,1,2
81.3,58.5,9.1,54.5,0.31,0.92,2523.0,Sea,101.37,1,2
71.4,3.8,9.1,98.7,0.91,0.45,1142.7,Rail,55.12,0,1
84.5,97.9,7.8,102.7,0.86,0.23,453.9,Rail,76.0,1,2
84.2,5.5,1.2,42.5,0.95,0.9,3724.8,Air,40.6,0,1
57.6,93.0,9.6,134.5,0.17,0.42,2785.5,Rail,93.67,1,2
67.6,99.3,5.2,104.8,0.89,0.68,4416.3,Rail,70.44,1,2
34.7,12.3,9.1,32.9,0.21,0.87,3970.5,Road,71.92,1,2
11.4,55.9,6.9,25.5,0.94,0.55,546.3,Air,47.2,0,1
53.6,68.9,2.1,105.3,0.9,0.93,3239.9,Air,53.39,0,1
52.3,80.4,6.3,83.8,0.77,0.78,4519.9,Road,69.42,1,2
79.6,4.8,3.7,113.7,0.12,0.44,3347.2,Road,60.65,1,1
19.1,36.6,0.2,54.0,0.16,0.21,2920.9,Sea,46.63,0,1
84.9,21.8,8.5,48.7,0.84,0.86,4519.1,Road,69.04,1,2
79.1,88.7,9.8,41.8,0.96,0.7,2920.9,Road,82.75,1,2
72.8,97.2,5.3,20.3,0.39,0.73,4712.3,Sea,87.56,1,2
18.3,64.7,3.2,39.3,0.4,0.25,3702.0,Rail,48.97,0,1
32.1,62.4,2.1,95.9,0.55,0.13,972.5,Road,43.36,0,1
41.9,45.2,2.5,49.3,0.12,0.32,460.9,Rail,56.25,0,1
0.0,20.8,8.4,53.8,0.6,0.98,4281.9,Road,55.11,0,1
20.0,20.1,1.6,38.5,0.54,0.52,3169.9,Rail,34.09,0,0
66.4,42.8,9.3,75.5,0.39,0.7,3723.0,Road,81.03,1,2
57.5,14.3,4.3,81.8,0.7,0.21,318.8,Road,41.42,0,1
94.6,37.6,6.6,140.7,0.13,0.7,411.7,Air,85.06,1,2
17.0,68.8,4.2,76.7,0.41,0.89,4459.4,Rail,62.25,1,1
51.7,88.3,10.0,104.6,0.26,0.7,1130.1,Road,93.95,1,2
2.0,55.4,3.7,79.7,0.7,0.41,3951.7,Air,39.13,0,0
58.2,53.8,3.8,130.7,0.32,0.37,389.0,Road,61.95,1,1
10.5,19.3,8.7,55.9,0.53,0.19,3437.6,Sea,56.49,0,1
8.9,80.9,1.2,103.0,0.24,0.97,4401.7,Road,59.47,0,1
44.0,58.7,1.8,52.4,0.35,0.35,3089.4,Road,52.42,0,1
33.7,95.7,9.8,119.7,0.79,0.12,4870.7,Rail,68.66,1,2
45.1,64.9,0.9,51.6,0.52,0.98,1933.7,Rail,57.04,0,1
2.8,59.5,0.4,36.3,1.0,0.89,237.3,Rail,30.31,0,0
7.5,29.1,7.6,134.5,0.25,0.82,3700.4,Sea,82.97,1,2
7.2,60.5,4.7,130.5,0.34,0.48,2609.1,Rail,54.48,0,1
12.9,66.7,5.3,98.6,0.85,0.6,3429.6,Air,48.48,0,1
43.1,29.0,5.2,43.8,0.19,0.85,4718.1,Road,66.52,1,2
44.1,5.9,8.8,53.4,0.44,0.76,1333.2,Rail,64.31,1,1
32.4,68.6,3.8,106.9,0.31,0.15,1117.6,Sea,72.18,1,2
10.5,50.0,8.0,31.0,0.69,0.74,2109.0,Road,57.9,0,1
86.0,39.0,5.7,58.9,0.74,0.61,2960.1,Sea,72.99,1,2
62.8,71.8,1.5,143.1,0.69,0.26,4327.8,Rail,49.85,0,1
63.1,73.6,7.2,98.0,0.35,0.6,2957.1,Rail,81.18,1,2
31.1,32.4,0.9,23.9,0.2,0.62,4095.2,Road,48.07,0,1
89.3,5.8,2.5,123.7,0.28,0.19,3026.3,Road,52.25,0,1
30.5,20.6,5.6,15.3,0.64,0.59,3902.5,Air,47.25,0,1
65.0,92.2,4.5,140.3,0.83,0.17,4070.5,Road,59.65,0,1
91.8,29.4,5.2,140.4,0.22,0.17,4982.3,Rail,67.82,1,2
99.4,15.2,5.0,55.4,0.42,0.71,3443.7,Rail,68.89,1,2
20.5,87.3,5.5,84.7,0.33,0.86,510.8,Road,73.18,1,2
86.8,3.9,2.9,23.9,0.26,0.49,4151.1,Rail,57.37,0,1
71.3,80.8,4.1,54.5,0.55,0.47,3236.0,Air,68.7,1,2
7.3,77.5,7.4,97.4,0.48,0.51,1228.6,Sea,78.7,1,2
17.6,56.6,8.7,86.2,0.7,0.62,2604.7,Sea,74.28,1,2
51.0,63.6,0.3,16.1,0.55,0.92,4221.5,Rail,54.64,0,1
50.9,16.5,3.9,41.8,0.94,0.48,1032.3,Rail,37.49,0,0
78.5,56.7,3.8,140.5,0.87,0.9,3258.4,Road,62.03,1,1
43.3,54.3,5.4,114.1,0.38,0.16,4826.1,Sea,75.56,1,2
71.7,17.9,0.0,109.7,0.69,0.14,2881.8,Road,32.34,0,0
99.5,74.2,3.0,70.4,0.69,0.5,4930.4,Road,67.76,1,2
95.1,3.7,6.2,32.0,0.64,0.7,4352.6,Sea,67.51,1,2
54.2,35.5,2.3,115.3,0.63,0.84,2010.4,Road,51.01,0,1
76.9,65.1,0.6,32.2,0.18,0.25,738.3,Sea,66.23,1,2
34.2,80.0,2.3,130.3,0.93,0.69,3871.3,Air,47.59,0,1
78.2,56.7,8.4,19.5,0.61,0.86,3827.8,Road,81.69,1,2
63.7,92.0,2.7,108.3,0.47,0.55,4079.0,Air,68.59,1,2
43.1,36.7,4.6,58.8,0.83,0.14,283.5,Road,40.08,0,1
48.3,96.6,1.2,87.3,0.33,0.74,4861.9,Sea,80.66,1,2
45.0,23.1,7.3,26.0,0.14,0.91,1345.0,Rail,74.01,1,2
65.2,48.1,4.3,19.6,0.39,0.42,2766.3,Sea,65.66,1,2
70.4,91.8,1.9,128.2,0.63,0.73,855.8,Road,66.26,1,2
48.9,55.0,9.7,140.2,0.93,0.14,1160.2,Sea,79.94,1,2
86.2,64.0,8.4,117.9,0.77,0.6,820.7,Sea,95.15,1,2
94.6,92.0,3.7,84.3,0.42,0.29,4619.2,Road,76.61,1,2
67.7,94.3,1.2,79.9,0.81,0.66,2047.5,Rail,58.69,0,1
19.1,22.2,6.2,136.3,0.95,0.27,2118.7,Road,34.34,0,0
17.8,79.2,7.8,35.8,0.48,0.33,4207.0,Sea,71.07,1,2
99.9,95.7,8.8,123.9,0.99,0.29,993.3,Road,79.76,1,2
52.4,3.8,4.2,138.3,0.48,0.61,4655.8,Sea,69.6,1,2
66.2,50.2,2.1,84.0,0.87,0.13,278.2,Rail,40.76,0,1
50.7,84.3,2.1,37.9,0.33,0.77,4559.4,Rail,68.33,1,2
66.2,42.0,0.2,70.3,0.42,0.62,2411.4,Road,51.4,0,1
45.8,48.9,7.9,88.6,0.88,0.6,1352.2,Road,59.48,0,1
87.3,95.5,5.1,46.1,0.13,0.93,4985.6,Rail,96.56,1,2
27.8,68.4,9.3,132.7,0.35,0.31,1884.2,Road,72.77,1,2
99.5,61.9,1.7,85.5,0.76,0.74,3334.3,Sea,75.43,1,2
61.8,77.9,3.1,43.5,0.59,0.72,2075.9,Sea,71.83,1,2
8.9,79.3,8.6,54.2,0.61,0.56,4188.8,Road,65.9,1,2
45.6,77.7,6.2,97.3,0.4,0.11,4230.1,Rail,66.04,1,2
39.7,23.7,3.6,129.2,0.61,0.42,1376.7,Air,42.63,0,1
93.4,0.5,2.7,58.2,0.39,0.13,1797.0,Road,48.81,0,1
29.7,55.8,5.8,18.1,0.16,0.14,3285.1,Road,62.06,1,1
46.6,4.5,3.9,31.7,0.11,0.69,4182.3,Road,56.86,0,1
72.3,0.2,2.6,12.0,0.35,0.34,3958.5,Rail,47.3,0,1
8.9,99.5,3.8,112.7,0.65,0.22,2471.6,Rail,50.5,0,1
18.6,58.1,7.1,44.7,0.28,0.63,4930.0,Rail,67.67,1,2
65.6,69.1,4.2,112.6,0.71,0.87,769.5,Rail,66.49,1,2
10.1,98.9,4.7,133.1,0.51,0.47,3466.2,Sea,80.86,1,2
28.7,41.0,6.7,43.7,0.67,0.62,2268.3,Road,54.84,0,1
41.6,88.4,4.8,118.9,0.49,0.69,145.0,Rail,70.05,1,2
22.0,72.6,9.5,63.5,0.82,0.21,2387.9,Road,59.95,0,1
32.8,31.7,0.7,96.4,0.17,0.77,4808.8,Rail,50.45,0,1
24.0,8.4,6.7,112.7,0.16,0.63,3606.5,Rail,58.66,0,1
77.6,63.4,8.6,73.0,0.96,0.99,492.8,Sea,87.85,1,2
24.2,97.9,2.7,35.0,0.38,0.17,2469.9,Sea,62.0,1,1
78.7,55.4,4.1,13.2,0.33,0.95,3369.7,Air,76.82,1,2
24.8,95.5,3.8,13.2,0.73,0.41,4140.0,Road,54.44,0,1
6.3,7.9,9.1,79.3,0.74,0.52,116.6,Sea,56.98,0,1
88.9,93.5,3.2,125.2,0.27,0.27,2224.2,Air,77.41,1,2
72.4,93.8,5.5,77.5,0.22,0.99,1395.1,Air,92.36,1,2
21.3,39.5,1.6,46.4,0.84,0.34,3479.8,Road,29.31,0,0
30.4,10.0,0.4,30.4,0.92,0.29,639.0,Rail,17.65,0,0
23.1,96.5,6.6,55.5,0.32,0.11,3434.3,Sea,76.78,1,2
73.8,87.8,5.5,129.9,0.25,0.75,926.3,Road,86.88,1,2
1.3,95.9,0.9,76.0,0.73,0.12,2463.6,Rail,35.45,0,0
96.3,28.4,9.6,28.4,0.7,0.28,563.4,Rail,71.56,1,2
37.4,31.4,4.3,43.4,0.7,0.14,4202.5,Road,39.7,0,0
28.6,49.8,4.8,143.5,0.75,0.56,3769.2,Road,48.64,0,1
78.4,58.3,4.7,82.7,0.76,0.69,1576.7,Road,64.76,1,1
32.2,58.6,5.1,25.2,0.8,0.75,1013.4,Sea,57.91,0,1
57.0,21.1,4.8,58.2,0.16,0.44,3902.8,Sea,70.38,1,2
40.8,2.9,8.4,17.5,0.97,0.23,1185.6,Road,40.1,0,1
62.7,92.4,4.7,16.6,0.46,0.59,1738.4,Rail,75.09,1,2
10.0,74.5,5.6,118.8,0.43,0.12,1116.0,Road,53.81,0,1
38.5,11.9,3.1,16.8,0.32,0.41,1512.4,Air,44.99,0,1
90.2,61.7,5.4,119.9,0.3,0.92,2402.4,Road,85.46,1,2
97.6,19.1,6.1,13.8,0.56,0.82,4099.9,Road,70.67,1,2
11.5,4.0,7.4,100.0,0.56,0.44,3824.0,Road,43.65,0,1
65.9,17.1,8.4,118.4,0.3,0.68,883.9,Sea,91.46,1,2
41.2,72.4,6.4,46.9,0.53,0.45,2542.2,Rail,66.12,1,2
35.6,49.3,1.4,51.9,0.59,0.68,110.2,Road,45.97,0,1
2.0,29.1,1.0,136.9,0.42,0.91,414.3,Road,38.79,0,0
11.3,74.8,5.9,45.4,0.78,0.69,3167.3,Road,55.09,0,1
23.3,47.6,2.6,31.0,0.81,0.47,2628.3,Rail,37.3,0,0
46.2,36.4,7.9,38.2,0.25,0.14,4682.1,Sea,70.88,1,2
66.8,7.7,9.3,30.0,0.67,0.32,4015.4,Sea,64.08,1,1
55.3,11.8,4.3,20.4,0.71,0.42,1188.0,Road,43.01,0,1
43.0,27.1,6.1,115.3,1.0,0.73,2917.3,Rail,46.9,0,1
62.4,27.1,6.9,39.6,0.85,0.36,4879.6,Road,52.25,0,1
43.1,21.1,7.7,109.1,0.89,0.87,2888.8,Rail,55.01,0,1
36.3,10.2,4.9,15.2,0.79,0.88,1603.0,Road,44.78,0,1
97.5,61.7,0.5,39.7,0.59,0.6,2815.8,Sea,66.67,1,2
84.4,49.1,1.9,36.7,0.5,0.8,413.6,Road,63.4,1,1
10.2,63.5,0.5,27.2,0.47,0.63,548.2,Sea,46.7,0,1
66.6,47.4,5.2,110.7,0.84,0.64,3954.0,Air,57.46,0,1
99.5,60.4,5.8,105.7,0.42,0.61,4251.5,Road,81.09,1,2
61.8,86.1,0.2,121.1,0.7,0.66,1028.6,Rail,54.96,0,1
22.4,5.2,3.0,97.2,0.46,0.49,470.1,Air,36.83,0,0
67.0,55.9,9.2,84.8,0.1,0.65,1889.5,Road,90.68,1,2
18.6,29.5,0.5,138.2,0.42,0.38,3582.0,Road,33.72,0,0
82.0,19.6,4.8,68.0,0.22,0.74,4557.1,Rail,70.64,1,2
52.7,27.7,6.7,108.6,0.13,0.49,1569.5,Rail,69.38,1,2
27.2,86.8,2.9,37.9,0.29,0.63,2490.6,Rail,64.51,1,1
34.7,86.1,9.0,117.1,0.99,0.88,988.8,Air,70.5,1,2
71.7,11.8,1.5,106.6,0.22,0.15,1098.9,Rail,46.91,0,1
11.6,89.3,6.9,53.9,0.71,0.97,1156.8,Rail,67.79,1,2
90.6,74.5,4.2,138.9,0.98,0.91,2357.7,Road,67.86,1,2
12.0,3.3,2.5,127.8,0.61,0.56,1715.6,Road,29.53,0,0
41.3,75.8,4.5,115.2,0.91,0.71,439.8,Rail,55.57,0,1
76.4,1.5,5.5,78.8,0.59,0.55,610.1,Air,54.46,0,1
78.3,45.5,2.3,85.9,0.46,0.81,3224.3,Sea,76.58,1,2
9.7,26.1,9.2,123.5,0.57,0.23,3174.8,Rail,50.69,0,1
27.6,54.4,1.1,92.9,0.28,0.39,3927.0,Rail,47.48,0,1
35.0,82.2,5.6,78.7,0.84,0.72,3435.7,Sea,72.74,1,2
91.5,4.8,4.8,55.2,0.2,0.78,3865.4,Road,70.27,1,2
46.2,31.7,8.6,78.6,0.16,0.83,4830.3,Road,78.89,1,2
90.0,45.8,4.5,13.4,0.88,0.4,1072.2,Road,56.31,0,1
85.6,79.0,6.0,127.4,0.82,0.57,3772.6,Rail,72.13,1,2
3.9,40.0,9.2,98.6,0.86,0.31,4737.6,Sea,61.63,1,1
69.8,11.6,0.5,107.3,0.1,0.63,274.2,Rail,53.62,0,1
88.0,4.8,5.2,75.4,0.35,0.76,1709.9,Road,66.46,1,2
36.6,61.3,9.2,139.8,0.3,0.11,4808.4,Rail,71.34,1,2
48.4,5.9,1.0,105.8,0.16,0.11,4992.0,Road,39.2,0,0
23.5,82.0,8.8,142.3,0.74,0.48,1598.1,Road,66.65,1,2
52.2,81.5,0.2,142.7,1.0,0.47,4268.7,Sea,62.6,1,1
35.3,99.3,8.2,78.2,0.92,0.6,348.0,Road,69.32,1,2
71.8,48.0,8.7,127.4,0.75,0.46,2287.8,Sea,88.33,1,2
23.7,35.7,0.1,80.1,0.13,0.72,1777.4,Rail,47.8,0,1
51.1,95.9,2.2,40.1,0.73,0.38,2993.0,Sea,61.91,1,1
46.9,80.2,4.2,16.3,0.65,0.27,4353.3,Road,57.34,0,1
40.3,23.7,4.6,59.2,0.79,0.8,651.0,Road,46.84,0,1
25.1,82.6,6.3,105.9,0.97,0.33,3533.2,Road,51.38,0,1
71.3,85.9,0.8,38.9,0.78,0.69,3467.9,Road,57.46,0,1
22.2,86.1,0.2,89.8,0.76,0.16,3879.2,Sea,49.53,0,1
90.1,83.2,1.9,66.4,0.77,0.81,2668.2,Air,67.02,1,2
60.8,30.1,7.9,114.9,0.27,0.31,1248.5,Rail,69.24,1,2
98.2,33.3,3.2,126.8,0.26,0.46,278.2,Road,67.86,1,2
91.8,88.9,7.2,81.7,0.93,0.7,4860.4,Air,78.87,1,2
14.6,24.9,4.0,90.6,0.19,0.2,358.3,Rail,45.23,0,1
78.3,42.2,6.7,23.2,0.95,0.29,2946.2,Sea,59.34,0,1
17.6,8.2,0.1,107.6,0.45,0.45,1554.9,Rail,27.26,0,0
94.0,73.6,0.5,18.8,0.11,0.37,3628.0,Rail,71.26,1,2
68.3,56.4,7.3,81.4,0.49,0.39,320.7,Road,71.75,1,2
18.8,68.5,9.4,30.9,0.67,0.12,3643.0,Road,59.96,0,1
17.0,31.7,1.3,57.5,0.65,0.58,1412.2,Air,33.65,0,0
74.8,72.4,3.7,80.8,0.29,0.26,2981.7,Road,69.41,1,2
61.8,55.8,7.9,118.4,0.53,0.98,1947.4,Sea,97.48,1,2
13.3,97.8,1.2,12.2,0.59,0.22,1072.0,Road,44.99,0,1
50.3,0.4,3.0,42.0,0.33,0.95,1724.8,Air,52.88,0,1
82.7,65.5,2.4,101.2,0.39,0.79,3378.2,Rail,71.54,1,2
14.9,23.3,5.1,41.5,0.66,0.37,155.2,Road,38.86,0,0
1.4,14.0,1.5,26.8,0.54,0.62,2589.4,Road,29.11,0,0
13.3,56.5,5.1,89.1,0.31,0.59,969.2,Rail,58.83,0,1
18.5,39.2,6.6,37.5,0.86,0.11,2990.8,Road,39.24,0,0
63.2,51.4,4.9,35.6,0.63,0.79,4090.6,Road,64.49,1,1
33.7,25.6,1.2,79.8,0.99,0.88,2656.8,Road,31.73,0,0
10.5,77.2,0.3,83.9,0.49,0.94,2102.7,Air,49.67,0,1
39.6,63.9,9.8,81.2,0.6,0.16,3019.6,Road,68.0,1,2
58.7,58.3,7.0,122.7,0.19,0.65,1299.0,Road,80.35,1,2
30.6,71.1,8.7,21.0,0.39,0.89,101.0,Air,80.06,1,2
58.3,75.9,0.0,29.3,0.92,0.52,3672.5,Road,43.39,0,1
91.2,55.6,8.1,50.4,0.73,0.2,4144.6,Rail,70.6,1,2
40.2,13.6,9.3,67.1,0.16,0.28,3508.6,Road,66.71,1,2
94.2,26.2,2.1,21.2,0.74,0.79,4709.0,Road,54.88,0,1
86.0,10.3,2.9,34.5,0.51,0.37,546.4,Sea,55.57,0,1
2.2,16.3,6.0,105.0,0.84,0.92,509.2,Road,40.13,0,1
66.9,7.8,1.7,71.8,0.62,0.14,2340.0,Rail,35.4,0,0
34.0,52.9,0.3,135.6,0.99,0.56,3222.6,Sea,51.48,0,1
25.4,70.8,7.8,57.3,0.39,0.88,2744.8,Rail,75.94,1,2
73.7,14.6,8.2,139.0,0.75,0.99,1859.1,Road,67.52,1,2
72.9,4.6,6.1,88.3,0.4,0.33,1857.0,Road,57.52,0,1
68.8,45.5,4.6,44.9,0.54,0.88,2208.5,Road,66.93,1,2
3.8,97.0,5.8,14.3,0.88,0.2,250.6,Sea,50.98,0,1
59.3,60.1,4.0,138.7,0.58,0.36,3121.4,Air,57.72,0,1
59.5,81.2,2.6,101.7,0.66,0.77,1365.0,Rail,62.93,1,1
96.7,20.2,0.9,94.2,0.8,0.81,1389.8,Road,49.21,0,1
78.0,92.7,2.8,51.8,0.78,0.93,4133.6,Sea,78.28,1,2
36.1,43.5,5.5,77.7,0.84,0.25,3190.8,Road,44.05,0,1
63.7,29.9,0.3,12.8,0.62,0.98,2809.2,Air,48.37,0,1
89.0,52.3,8.5,83.7,0.59,0.62,1926.5,Sea,92.98,1,2
81.4,79.8,5.1,45.0,0.9,0.23,2379.9,Road,61.37,1,1
43.4,78.8,5.7,95.0,0.93,0.59,4101.0,Sea,72.53,1,2
92.5,38.3,2.5,15.0,0.22,0.89,1949.6,Sea,75.42,1,2
97.4,17.6,9.9,136.5,0.5,0.38,1565.6,Road,76.53,1,2
76.9,14.7,4.4,115.4,0.15,0.43,1944.2,Road,63.74,1,1
17.6,27.1,2.0,140.8,0.22,0.19,1730.9,Rail,39.58,0,0
74.7,92.9,9.5,40.4,0.35,0.34,3375.8,Sea,97.9,1,2
40.3,21.3,0.1,49.0,0.38,0.62,4864.7,Air,40.49,0,1
24.4,62.6,9.6,49.3,0.64,0.73,258.5,Air,70.55,1,2
11.5,26.0,3.2,21.5,0.58,0.7,3239.5,Air,39.89,0,0
10.2,83.4,7.4,111.8,0.15,0.28,2400.1,Sea,87.93,1,2
40.3,69.2,3.3,50.4,0.11,0.2,4794.0,Sea,70.02,1,2
56.2,85.1,6.1,70.4,0.83,0.97,1897.6,Road,72.23,1,2
67.8,45.7,5.7,83.0,0.2,0.26,388.2,Road,69.42,1,2
86.6,57.5,8.3,97.0,0.25,0.75,2211.0,Air,90.79,1,2
14.5,23.3,6.0,79.6,0.94,0.28,885.2,Road,33.03,0,0
31.4,11.9,8.8,25.9,0.86,0.31,1173.7,Rail,45.37,0,1
3.3,89.2,8.3,85.9,0.95,0.2,4452.3,Rail,52.39,0,1
66.5,28.4,4.3,19.1,0.88,0.93,2619.0,Rail,53.5,0,1
2.3,73.1,5.7,44.4,0.88,0.91,4554.1,Rail,52.64,0,1
4.6,21.0,8.2,114.3,0.31,0.22,1913.2,Rail,51.71,0,1
59.8,40.7,9.0,58.7,0.81,0.71,3595.4,Rail,67.58,1,2
19.4,98.8,0.9,120.4,0.45,0.65,3989.6,Rail,55.66,0,1
65.8,10.7,8.1,54.9,0.91,0.3,281.2,Rail,50.08,0,1
35.6,23.2,5.4,20.5,0.53,0.36,4604.5,Road,47.89,0,1
25.9,73.4,6.1,58.5,0.82,0.58,289.2,Road,56.4,0,1
76.1,10.9,3.9,88.3,0.97,0.5,182.8,Air,41.42,0,1
74.1,84.7,0.7,83.2,0.94,0.42,3934.8,Rail,49.77,0,1
6.1,2.5,9.5,124.3,0.32,0.48,1462.3,Air,54.58,0,1
72.4,50.3,9.4,103.2,0.6,0.64,2329.1,Road,78.4,1,2
94.6,37.7,2.0,69.8,0.4,0.1,1419.8,Road,55.62,0,1
47.4,12.9,3.9,112.9,0.54,0.75,3749.2,Road,49.42,0,1
53.2,64.4,5.9,33.3,0.16,0.34,2096.8,Air,73.16,1,2
33.8,96.5,5.6,79.1,0.49,0.93,2917.7,Road,76.23,1,2
76.4,58.9,1.2,37.9,0.62,0.92,3707.4,Road,60.83,1,1
76.5,19.9,0.1,103.1,0.69,0.17,2004.3,Sea,50.06,0,1
89.2,9.8,9.8,54.5,0.58,0.49,471.5,Road,71.94,1,2
72.3,80.0,9.8,116.6,0.11,0.5,4412.4,Rail,97.32,1,2
98.0,84.8,5.5,44.0,0.47,0.55,2191.4,Air,83.87,1,2
97.0,61.1,4.4,131.7,0.61,0.17,2672.9,Rail,65.14,1,2
40.8,0.8,9.6,88.6,0.94,0.57,4871.7,Air,49.25,0,1
72.2,9.8,4.7,86.9,0.94,0.57,1480.7,Road,44.61,0,1
1.8,69.1,4.7,143.0,0.22,0.83,783.2,Road,63.87,1,1
38.6,29.7,1.2,39.1,0.63,0.86,3321.3,Rail,43.05,0,1
40.8,27.7,3.7,43.6,0.45,0.19,1571.5,Air,44.52,0,1
83.1,37.6,6.5,123.9,0.81,0.57,4279.6,Rail,62.94,1,1
27.3,80.0,7.3,101.2,0.95,0.31,4376.5,Sea,69.96,1,2
21.4,78.9,10.0,98.7,0.61,0.4,580.8,Road,70.72,1,2
46.2,26.2,7.9,124.8,0.71,0.68,4920.8,Sea,78.12,1,2
22.7,75.7,6.8,135.4,0.98,0.22,3832.6,Sea,69.09,1,2
17.5,27.2,1.8,89.6,0.65,0.9,400.4,Rail,38.88,0,0
47.4,17.6,3.6,45.1,0.79,0.94,4943.6,Rail,46.45,0,1
27.3,91.0,7.3,47.4,0.51,0.32,328.3,Rail,68.42,1,2
12.2,42.9,4.8,127.7,0.68,0.34,806.8,Road,41.27,0,1
25.5,62.6,7.6,31.5,0.88,0.25,1349.9,Air,51.8,0,1
74.7,15.2,6.6,67.2,0.88,0.47,3197.7,Rail,52.46,0,1
10.9,10.5,4.7,33.2,0.62,0.18,4535.5,Rail,31.48,0,0
9.5,74.6,3.4,102.3,0.99,0.19,1271.4,Rail,34.24,0,0
40.9,75.4,1.6,99.8,0.49,0.32,1925.1,Air,51.32,0,1
16.2,66.2,4.4,130.6,0.37,0.35,725.8,Air,54.86,0,1
38.7,44.7,6.7,63.6,0.51,0.97,2883.1,Road,67.9,1,2
91.6,86.2,0.7,42.3,0.55,0.12,3789.1,Road,59.68,0,1
14.8,6.0,3.2,60.1,0.93,0.74,2419.0,Sea,36.71,0,0
71.8,80.0,1.3,104.0,0.15,1.0,1519.3,Road,78.11,1,2
7.6,27.8,2.9,24.7,0.56,0.62,1609.7,Road,37.96,0,0
77.8,90.5,8.1,23.0,0.23,0.53,4209.7,Air,93.39,1,2
93.5,20.3,4.0,137.0,0.21,0.92,4088.6,Rail,73.89,1,2
77.8,12.2,8.7,23.4,0.9,0.56,3408.5,Sea,63.04,1,1
88.2,30.4,7.3,139.1,0.54,0.29,2977.7,Road,67.58,1,2
74.2,32.2,3.7,107.7,0.16,0.54,1189.0,Road,66.71,1,2
27.5,65.7,1.6,75.7,0.51,0.37,4275.6,Road,45.81,0,1
23.0,15.5,0.0,20.3,0.7,0.9,2982.6,Road,30.59,0,0
90.0,30.3,4.2,68.6,0.21,0.46,4325.0,Road,69.54,1,2
3.1,60.5,5.0,130.4,0.46,0.11,1088.2,Sea,65.79,1,2
54.0,28.5,4.5,95.8,0.99,0.9,3178.2,Air,47.82,0,1
33.6,39.7,3.7,55.8,0.85,0.13,3443.6,Air,35.07,0,0
91.2,13.2,7.3,76.3,0.51,0.64,2610.5,Road,69.88,1,2
16.5,11.1,0.9,92.3,0.73,0.13,231.2,Road,18.32,0,0
36.8,74.1,1.1,43.7,0.4,0.82,2316.1,Sea,64.85,1,1
9.8,6.7,5.5,111.0,0.88,0.59,2733.1,Rail,32.36,0,0
93.8,96.6,0.3,99.2,0.92,0.25,3098.3,Sea,69.26,1,2
33.6,71.0,4.0,98.3,0.61,0.51,1775.6,Sea,70.28,1,2
37.2,78.5,2.0,113.1,0.11,0.88,4277.7,Air,70.33,1,2
6.1,48.5,2.1,109.2,0.83,0.54,2983.1,Road,32.32,0,0
10.2,22.0,4.8,81.2,0.58,0.45,4700.9,Road,39.86,0,0
93.3,93.5,5.4,125.8,0.19,0.98,3009.8,Rail,97.83,1,2
64.6,97.7,4.1,77.1,0.15,0.66,3144.7,Rail,83.98,1,2
61.3,97.2,1.3,56.0,0.54,0.38,4155.4,Air,60.79,1,1
78.9,34.4,4.7,49.7,0.71,0.59,4084.3,Road,58.52,0,1
63.0,36.7,8.0,28.1,0.56,0.77,2478.5,Sea,75.75,1,2
25.4,32.7,6.8,109.7,0.35,0.87,310.4,Road,64.22,1,1
91.3,13.5,5.2,16.4,0.8,0.82,3927.7,Road,59.01,0,1
24.6,60.9,1.4,118.5,0.17,0.23,3651.1,Road,49.89,0,1
82.1,76.6,6.1,124.5,0.27,0.6,4607.0,Road,85.16,1,2
28.1,86.8,5.0,94.6,0.78,0.58,2198.3,Rail,57.98,0,1
